grid_id,modelo_id,modelo,cenario,horizonte,ano_inicio,ano_fim,tr_anos,n_historico,n_futuro,q_historico_modelo_mm,q_futuro_modelo_mm,fator_mudanca_diaria,p24_ancorada_idf_mm,metodo_historico,metodo_futuro,erro_historico,erro_futuro,peso_rea,serie_observada_anual_usada
6931,1,ACCESS-CM2,ssp126,2040_2059,2040,2059,25,65,20,41.679241,41.211896,0.988787,222.509339,gev_mle,gev_mle,,,,False
6931,1,ACCESS-CM2,ssp126,2040_2059,2040,2059,50,65,20,43.839513,45.966727,1.048523,258.290077,gev_mle,gev_mle,,,,False
6931,1,ACCESS-CM2,ssp126,2060_2100,2060,2100,25,65,41,41.679241,54.934163,1.318022,296.597959,gev_mle,gev_mle,,,,False
6931,1,ACCESS-CM2,ssp126,2060_2100,2060,2100,50,65,41,43.839513,61.458712,1.401902,345.340563,gev_mle,gev_mle,,,,False
6931,1,ACCESS-CM2,ssp245,2040_2059,2040,2059,25,65,20,41.679241,54.866992,1.316411,296.235295,gev_mle,gev_mle,,,,False
6931,1,ACCESS-CM2,ssp245,2040_2059,2040,2059,50,65,20,43.839513,65.080534,1.484518,365.691822,gev_mle,gev_mle,,,,False
6931,1,ACCESS-CM2,ssp245,2060_2100,2060,2100,25,65,41,41.679241,44.733804,1.073287,241.524660,gev_mle,gev_mle,,,,False
6931,1,ACCESS-CM2,ssp245,2060_2100,2060,2100,50,65,41,43.839513,49.554705,1.130366,278.451162,gev_mle,gev_mle,,,,False
6931,1,ACCESS-CM2,ssp370,2040_2059,2040,2059,25,65,20,41.679241,50.553963,1.212929,272.948590,gev_mle,gev_mle,,,,False
6931,1,ACCESS-CM2,ssp370,2040_2059,2040,2059,50,65,20,43.839513,54.497553,1.243115,306.225352,gev_mle,gev_mle,,,,False
6931,1,ACCESS-CM2,ssp370,2060_2100,2060,2100,25,65,41,41.679241,47.393438,1.137099,255.884430,gev_mle,gev_mle,,,,False
6931,1,ACCESS-CM2,ssp370,2060_2100,2060,2100,50,65,41,43.839513,51.699970,1.179301,290.505548,gev_mle,gev_mle,,,,False
6931,1,ACCESS-CM2,ssp585,2040_2059,2040,2059,25,65,20,41.679241,54.808658,1.315011,295.920338,gev_mle,gev_mle,,,,False
6931,1,ACCESS-CM2,ssp585,2040_2059,2040,2059,50,65,20,43.839513,65.416008,1.492170,367.576870,gev_mle,gev_mle,,,,False
6931,1,ACCESS-CM2,ssp585,2060_2100,2060,2100,25,65,41,41.679241,54.674780,1.311799,295.197512,gev_mle,gev_mle,,,,False
6931,1,ACCESS-CM2,ssp585,2060_2100,2060,2100,50,65,41,43.839513,65.202614,1.487302,366.377797,gev_mle,gev_mle,,,,False
6931,14,ACCESS-ESM1-5,ssp126,2040_2059,2040,2059,25,65,40,44.264743,32.557572,0.735519,165.515824,gev_mle,gev_mle,,,,False
6931,14,ACCESS-ESM1-5,ssp126,2040_2059,2040,2059,50,65,40,47.397988,33.320995,0.703004,173.176087,gev_mle,gev_mle,,,,False
6931,14,ACCESS-ESM1-5,ssp126,2060_2100,2060,2100,25,65,82,44.264743,37.328257,0.843295,189.768980,gev_mle,gev_mle,,,,False
6931,14,ACCESS-ESM1-5,ssp126,2060_2100,2060,2100,50,65,82,47.397988,39.175039,0.826513,203.600759,gev_mle,gev_mle,,,,False
6931,14,ACCESS-ESM1-5,ssp245,2040_2059,2040,2059,25,65,20,44.264743,48.118477,1.087061,244.624177,gev_mle,gev_mle,,,,False
6931,14,ACCESS-ESM1-5,ssp245,2040_2059,2040,2059,50,65,20,47.397988,53.985969,1.138993,280.576218,gev_mle,gev_mle,,,,False
6931,14,ACCESS-ESM1-5,ssp245,2060_2100,2060,2100,25,65,41,44.264743,34.270089,0.774207,174.221899,gev_mle,gev_mle,,,,False
6931,14,ACCESS-ESM1-5,ssp245,2060_2100,2060,2100,50,65,41,47.397988,35.882858,0.757054,186.490617,gev_mle,gev_mle,,,,False
6931,14,ACCESS-ESM1-5,ssp370,2040_2059,2040,2059,25,65,20,44.264743,37.328389,0.843298,189.769651,gev_mle,gev_mle,,,,False
6931,14,ACCESS-ESM1-5,ssp370,2040_2059,2040,2059,50,65,20,47.397988,40.408459,0.852535,210.011098,gev_mle,gev_mle,,,,False
6931,14,ACCESS-ESM1-5,ssp370,2060_2100,2060,2100,25,65,41,44.264743,34.660838,0.783035,176.208384,gev_mle,gev_mle,,,,False
6931,14,ACCESS-ESM1-5,ssp370,2060_2100,2060,2100,50,65,41,47.397988,36.220306,0.764174,188.244405,gev_mle,gev_mle,,,,False
6931,14,ACCESS-ESM1-5,ssp585,2040_2059,2040,2059,25,65,20,44.264743,36.303342,0.820141,184.558524,gev_mle,gev_mle,,,,False
6931,14,ACCESS-ESM1-5,ssp585,2040_2059,2040,2059,50,65,20,47.397988,37.832526,0.798188,196.623443,gev_mle,gev_mle,,,,False
6931,14,ACCESS-ESM1-5,ssp585,2060_2100,2060,2100,25,65,41,44.264743,37.238952,0.841278,189.314970,gev_mle,gev_mle,,,,False
6931,14,ACCESS-ESM1-5,ssp585,2060_2100,2060,2100,50,65,41,47.397988,39.922896,0.842291,207.487527,gev_mle,gev_mle,,,,False
6931,30,BCC-CSM2-MR,ssp126,2040_2059,2040,2059,25,65,40,43.721338,45.519835,1.041135,234.289423,gev_mle,gev_mle,,,,False
6931,30,BCC-CSM2-MR,ssp126,2040_2059,2040,2059,50,65,40,45.490332,47.673263,1.047987,258.158029,gev_mle,gev_mle,,,,False
6931,30,BCC-CSM2-MR,ssp126,2060_2100,2060,2100,25,65,82,43.721338,56.081060,1.282693,288.647778,gev_mle,gev_mle,,,,False
6931,30,BCC-CSM2-MR,ssp126,2060_2100,2060,2100,50,65,82,45.490332,66.900938,1.470663,362.278836,gev_mle,gev_mle,,,,False
6931,30,BCC-CSM2-MR,ssp245,2040_2059,2040,2059,25,65,20,43.721338,42.993485,0.983352,221.286369,gev_mle,gev_mle,,,,False
6931,30,BCC-CSM2-MR,ssp245,2040_2059,2040,2059,50,65,20,45.490332,45.635719,1.003196,247.124417,gev_mle,gev_mle,,,,False
6931,30,BCC-CSM2-MR,ssp245,2060_2100,2060,2100,25,65,41,43.721338,43.880197,1.003633,225.850252,gev_mle,gev_mle,,,,False
6931,30,BCC-CSM2-MR,ssp245,2060_2100,2060,2100,50,65,41,45.490332,49.019017,1.077570,265.445492,gev_mle,gev_mle,,,,False
6931,30,BCC-CSM2-MR,ssp370,2040_2059,2040,2059,25,65,20,43.721338,43.562992,0.996378,224.217602,gev_mle,gev_mle,,,,False
6931,30,BCC-CSM2-MR,ssp370,2040_2059,2040,2059,50,65,20,45.490332,47.528254,1.044799,257.372782,gev_mle,gev_mle,,,,False
6931,30,BCC-CSM2-MR,ssp370,2060_2100,2060,2100,25,65,41,43.721338,40.926440,0.936075,210.647340,gev_mle,gev_mle,,,,False
6931,30,BCC-CSM2-MR,ssp370,2060_2100,2060,2100,50,65,41,45.490332,45.076626,0.990906,244.096843,gev_mle,gev_mle,,,,False
6931,30,BCC-CSM2-MR,ssp585,2040_2059,2040,2059,25,65,20,43.721338,38.278431,0.875509,197.018103,gev_mle,gev_mle,,,,False
6931,30,BCC-CSM2-MR,ssp585,2040_2059,2040,2059,50,65,20,45.490332,40.664676,0.893919,220.205456,gev_mle,gev_mle,,,,False
6931,30,BCC-CSM2-MR,ssp585,2060_2100,2060,2100,25,65,41,43.721338,42.294143,0.967357,217.686870,gev_mle,gev_mle,,,,False
6931,30,BCC-CSM2-MR,ssp585,2060_2100,2060,2100,50,65,41,45.490332,47.179272,1.037127,255.482991,gev_mle,gev_mle,,,,False
6931,46,CESM2-WACCM,ssp126,2040_2059,2040,2059,25,65,0,44.922683,,,,gev_mle,nao_determinado,,n_insuficiente,,False
6931,46,CESM2-WACCM,ssp126,2040_2059,2040,2059,50,65,0,47.722399,,,,gev_mle,nao_determinado,,n_insuficiente,,False
6931,46,CESM2-WACCM,ssp126,2060_2100,2060,2100,25,65,0,44.922683,,,,gev_mle,nao_determinado,,n_insuficiente,,False
6931,46,CESM2-WACCM,ssp126,2060_2100,2060,2100,50,65,0,47.722399,,,,gev_mle,nao_determinado,,n_insuficiente,,False
6931,46,CESM2-WACCM,ssp245,2040_2059,2040,2059,25,65,20,44.922683,53.107690,1.182202,266.034019,gev_mle,gev_mle,,,,False
6931,46,CESM2-WACCM,ssp245,2040_2059,2040,2059,50,65,20,47.722399,64.395758,1.349382,332.402942,gev_mle,gev_mle,,,,False
6931,46,CESM2-WACCM,ssp245,2060_2100,2060,2100,25,65,41,44.922683,54.136210,1.205097,271.186218,gev_mle,gev_mle,,,,False
6931,46,CESM2-WACCM,ssp245,2060_2100,2060,2100,50,65,41,47.722399,63.566375,1.332003,328.121765,gev_mle,gev_mle,,,,False
6931,46,CESM2-WACCM,ssp370,2040_2059,2040,2059,25,65,0,44.922683,,,,gev_mle,nao_determinado,,n_insuficiente,,False
6931,46,CESM2-WACCM,ssp370,2040_2059,2040,2059,50,65,0,47.722399,,,,gev_mle,nao_determinado,,n_insuficiente,,False
6931,46,CESM2-WACCM,ssp370,2060_2100,2060,2100,25,65,0,44.922683,,,,gev_mle,nao_determinado,,n_insuficiente,,False
6931,46,CESM2-WACCM,ssp370,2060_2100,2060,2100,50,65,0,47.722399,,,,gev_mle,nao_determinado,,n_insuficiente,,False
6931,46,CESM2-WACCM,ssp585,2040_2059,2040,2059,25,65,20,44.922683,50.332298,1.120421,252.131164,gev_mle,gev_mle,,,,False
6931,46,CESM2-WACCM,ssp585,2040_2059,2040,2059,50,65,20,47.722399,59.980683,1.256866,309.612866,gev_mle,gev_mle,,,,False
6931,46,CESM2-WACCM,ssp585,2060_2100,2060,2100,25,65,41,44.922683,55.489845,1.235230,277.967025,gev_mle,gev_mle,,,,False
6931,46,CESM2-WACCM,ssp585,2060_2100,2060,2100,50,65,41,47.722399,62.033678,1.299886,320.210175,gev_mle,gev_mle,,,,False
6931,53,CESM2,ssp126,2040_2059,2040,2059,25,65,40,46.427950,42.055065,0.905814,203.837575,gev_mle,gev_mle,,,,False
6931,53,CESM2,ssp126,2040_2059,2040,2059,50,65,40,49.460727,45.260008,0.915070,225.415615,gev_mle,gev_mle,,,,False
6931,53,CESM2,ssp126,2060_2100,2060,2100,25,65,82,46.427950,49.810607,1.072858,241.428075,gev_mle,gev_mle,,,,False
6931,53,CESM2,ssp126,2060_2100,2060,2100,50,65,82,49.460727,56.790413,1.148192,282.842325,gev_mle,gev_mle,,,,False
6931,53,CESM2,ssp245,2040_2059,2040,2059,25,65,20,46.427950,53.398240,1.150131,258.817051,gev_mle,gev_mle,,,,False
6931,53,CESM2,ssp245,2040_2059,2040,2059,50,65,20,49.460727,58.934892,1.191549,293.522815,gev_mle,gev_mle,,,,False
6931,53,CESM2,ssp245,2060_2100,2060,2100,25,65,41,46.427950,45.644674,0.983129,221.236126,gev_mle,gev_mle,,,,False
6931,53,CESM2,ssp245,2060_2100,2060,2100,50,65,41,49.460727,49.143355,0.993583,244.756468,gev_mle,gev_mle,,,,False
6931,53,CESM2,ssp370,2040_2059,2040,2059,25,65,20,46.427950,59.706521,1.286004,289.392790,gev_mle,gev_mle,,,,False
6931,53,CESM2,ssp370,2040_2059,2040,2059,50,65,20,49.460727,67.521199,1.365148,336.286566,gev_mle,gev_mle,,,,False
6931,53,CESM2,ssp370,2060_2100,2060,2100,25,65,41,46.427950,43.736947,0.942039,211.989526,gev_mle,gev_mle,,,,False
6931,53,CESM2,ssp370,2060_2100,2060,2100,50,65,41,49.460727,47.911775,0.968683,238.622630,gev_mle,gev_mle,,,,False
6931,53,CESM2,ssp585,2040_2059,2040,2059,25,65,20,46.427950,40.096707,0.863633,194.345572,gev_mle,gev_mle,,,,False
6931,53,CESM2,ssp585,2040_2059,2040,2059,50,65,20,49.460727,41.213805,0.833263,205.263666,gev_mle,gev_mle,,,,False
6931,53,CESM2,ssp585,2060_2100,2060,2100,25,65,41,46.427950,61.282108,1.319940,297.029537,gev_mle,gev_mle,,,,False
6931,53,CESM2,ssp585,2060_2100,2060,2100,50,65,41,49.460727,74.144889,1.499066,369.275582,gev_mle,gev_mle,,,,False
6931,69,CMCC-CM2-SR5,ssp126,2040_2059,2040,2059,25,65,20,44.958706,55.303045,1.230085,276.809312,gev_mle,gev_mle,,,,False
6931,69,CMCC-CM2-SR5,ssp126,2040_2059,2040,2059,50,65,20,48.312805,65.400831,1.353696,333.465477,gev_mle,gev_mle,,,,False
6931,69,CMCC-CM2-SR5,ssp126,2060_2100,2060,2100,25,65,41,44.958706,68.770525,1.529638,344.218326,gev_mle,gev_mle,,,,False
6931,69,CMCC-CM2-SR5,ssp126,2060_2100,2060,2100,50,65,41,48.312805,90.200929,1.867019,459.916106,gev_mle,gev_mle,,,,False
6931,69,CMCC-CM2-SR5,ssp245,2040_2059,2040,2059,25,65,20,44.958706,59.673164,1.327288,298.683145,gev_mle,gev_mle,,,,False
6931,69,CMCC-CM2-SR5,ssp245,2040_2059,2040,2059,50,65,20,48.312805,70.122811,1.451433,357.541887,gev_mle,gev_mle,,,,False
6931,69,CMCC-CM2-SR5,ssp245,2060_2100,2060,2100,25,65,41,44.958706,63.520518,1.412864,317.940375,gev_mle,gev_mle,,,,False
6931,69,CMCC-CM2-SR5,ssp245,2060_2100,2060,2100,50,65,41,48.312805,78.394038,1.622635,399.715183,gev_mle,gev_mle,,,,False
6931,69,CMCC-CM2-SR5,ssp370,2040_2059,2040,2059,25,65,20,44.958706,45.719136,1.016914,228.838803,gev_mle,gev_mle,,,,False
6931,69,CMCC-CM2-SR5,ssp370,2040_2059,2040,2059,50,65,20,48.312805,49.825713,1.031315,254.051128,gev_mle,gev_mle,,,,False
6931,69,CMCC-CM2-SR5,ssp370,2060_2100,2060,2100,25,65,41,44.958706,69.678129,1.549825,348.761175,gev_mle,gev_mle,,,,False
6931,69,CMCC-CM2-SR5,ssp370,2060_2100,2060,2100,50,65,41,48.312805,88.788945,1.837793,452.716689,gev_mle,gev_mle,,,,False
6931,69,CMCC-CM2-SR5,ssp585,2040_2059,2040,2059,25,65,20,44.958706,69.682827,1.549930,348.784688,gev_mle,gev_mle,,,,False
6931,69,CMCC-CM2-SR5,ssp585,2040_2059,2040,2059,50,65,20,48.312805,89.825041,1.859239,457.999533,gev_mle,gev_mle,,,,False
6931,69,CMCC-CM2-SR5,ssp585,2060_2100,2060,2100,25,65,41,44.958706,56.806423,1.263524,284.334198,gev_mle,gev_mle,,,,False
6931,69,CMCC-CM2-SR5,ssp585,2060_2100,2060,2100,50,65,41,48.312805,70.498144,1.459202,359.455631,gev_mle,gev_mle,,,,False
6931,82,CMCC-ESM2,ssp126,2040_2059,2040,2059,25,65,20,52.119847,66.612044,1.278055,287.604107,gev_mle,gev_mle,,,,False
6931,82,CMCC-ESM2,ssp126,2040_2059,2040,2059,50,65,20,57.177272,83.777270,1.465220,360.938026,gev_mle,gev_mle,,,,False
6931,82,CMCC-ESM2,ssp126,2060_2100,2060,2100,25,65,41,52.119847,46.869513,0.899264,202.363770,gev_mle,gev_mle,,,,False
6931,82,CMCC-ESM2,ssp126,2060_2100,2060,2100,50,65,41,57.177272,55.467022,0.970089,238.968843,gev_mle,gev_mle,,,,False
6931,82,CMCC-ESM2,ssp245,2040_2059,2040,2059,25,65,20,52.119847,38.667153,0.741889,166.949268,gev_mle,gev_mle,,,,False
6931,82,CMCC-ESM2,ssp245,2040_2059,2040,2059,50,65,20,57.177272,39.930945,0.698371,172.034687,gev_mle,gev_mle,,,,False
6931,82,CMCC-ESM2,ssp245,2060_2100,2060,2100,25,65,41,52.119847,45.952720,0.881674,198.405424,gev_mle,gev_mle,,,,False
6931,82,CMCC-ESM2,ssp245,2060_2100,2060,2100,50,65,41,57.177272,50.975443,0.891533,219.617754,gev_mle,gev_mle,,,,False
6931,82,CMCC-ESM2,ssp370,2040_2059,2040,2059,25,65,20,52.119847,40.274318,0.772725,173.888361,gev_mle,gev_mle,,,,False
6931,82,CMCC-ESM2,ssp370,2040_2059,2040,2059,50,65,20,57.177272,44.505998,0.778386,191.745411,gev_mle,gev_mle,,,,False
6931,82,CMCC-ESM2,ssp370,2060_2100,2060,2100,25,65,41,52.119847,47.409728,0.909629,204.696203,gev_mle,gev_mle,,,,False
6931,82,CMCC-ESM2,ssp370,2060_2100,2060,2100,50,65,41,57.177272,51.619817,0.902803,222.393911,gev_mle,gev_mle,,,,False
6931,82,CMCC-ESM2,ssp585,2040_2059,2040,2059,25,65,20,52.119847,38.767965,0.743823,167.384531,gev_mle,gev_mle,,,,False
6931,82,CMCC-ESM2,ssp585,2040_2059,2040,2059,50,65,20,57.177272,40.985470,0.716814,176.577904,gev_mle,gev_mle,,,,False
6931,82,CMCC-ESM2,ssp585,2060_2100,2060,2100,25,65,41,52.119847,55.435019,1.063607,239.346192,gev_mle,gev_mle,,,,False
6931,82,CMCC-ESM2,ssp585,2060_2100,2060,2100,50,65,41,57.177272,70.638172,1.235424,304.330785,gev_mle,gev_mle,,,,False
6931,95,CNRM-CM6-1,ssp126,2040_2059,2040,2059,25,65,20,44.264743,43.068266,0.972970,218.949970,gev_mle,gev_mle,,,,False
6931,95,CNRM-CM6-1,ssp126,2040_2059,2040,2059,50,65,20,47.397988,45.326141,0.956288,235.569307,gev_mle,gev_mle,,,,False
6931,95,CNRM-CM6-1,ssp126,2060_2100,2060,2100,25,65,41,44.264743,44.555007,1.006557,226.508250,gev_mle,gev_mle,,,,False
6931,95,CNRM-CM6-1,ssp126,2060_2100,2060,2100,50,65,41,47.397988,47.174627,0.995288,245.176273,gev_mle,gev_mle,,,,False
6931,95,CNRM-CM6-1,ssp245,2040_2059,2040,2059,25,65,20,44.264743,61.848398,1.397238,314.424200,gev_mle,gev_mle,,,,False
6931,95,CNRM-CM6-1,ssp245,2040_2059,2040,2059,50,65,20,47.397988,69.187896,1.459722,359.583772,gev_mle,gev_mle,,,,False
6931,95,CNRM-CM6-1,ssp245,2060_2100,2060,2100,25,65,41,44.264743,52.883416,1.194707,268.848121,gev_mle,gev_mle,,,,False
6931,95,CNRM-CM6-1,ssp245,2060_2100,2060,2100,50,65,41,47.397988,59.376233,1.252716,308.590535,gev_mle,gev_mle,,,,False
6931,95,CNRM-CM6-1,ssp370,2040_2059,2040,2059,25,65,20,44.264743,51.926454,1.173088,263.983131,gev_mle,gev_mle,,,,False
6931,95,CNRM-CM6-1,ssp370,2040_2059,2040,2059,50,65,20,47.397988,56.936597,1.201245,295.911241,gev_mle,gev_mle,,,,False
6931,95,CNRM-CM6-1,ssp370,2060_2100,2060,2100,25,65,41,44.264743,44.527022,1.005925,226.365977,gev_mle,gev_mle,,,,False
6931,95,CNRM-CM6-1,ssp370,2060_2100,2060,2100,50,65,41,47.397988,46.875124,0.988969,243.619690,gev_mle,gev_mle,,,,False
6931,95,CNRM-CM6-1,ssp585,2040_2059,2040,2059,25,65,20,44.264743,51.322974,1.159455,260.915164,gev_mle,gev_mle,,,,False
6931,95,CNRM-CM6-1,ssp585,2040_2059,2040,2059,50,65,20,47.397988,56.431329,1.190585,293.285262,gev_mle,gev_mle,,,,False
6931,95,CNRM-CM6-1,ssp585,2060_2100,2060,2100,25,65,41,44.264743,43.642401,0.985940,221.868755,gev_mle,gev_mle,,,,False
6931,95,CNRM-CM6-1,ssp585,2060_2100,2060,2100,50,65,41,47.397988,47.982850,1.012339,249.376769,gev_mle,gev_mle,,,,False
6931,108,CNRM-ESM2-1,ssp126,2040_2059,2040,2059,25,65,20,57.152473,53.328345,0.933089,209.975457,gev_mle,gev_mle,,,,False
6931,108,CNRM-ESM2-1,ssp126,2040_2059,2040,2059,50,65,20,67.561112,58.893831,0.871712,214.735022,gev_mle,gev_mle,,,,False
6931,108,CNRM-ESM2-1,ssp126,2060_2100,2060,2100,25,65,41,57.152473,70.742628,1.237788,278.542592,gev_mle,gev_mle,,,,False
6931,108,CNRM-ESM2-1,ssp126,2060_2100,2060,2100,50,65,41,67.561112,88.467308,1.309441,322.563995,gev_mle,gev_mle,,,,False
6931,108,CNRM-ESM2-1,ssp245,2040_2059,2040,2059,25,65,20,57.152473,54.106079,0.946697,213.037711,gev_mle,gev_mle,,,,False
6931,108,CNRM-ESM2-1,ssp245,2040_2059,2040,2059,50,65,20,67.561112,59.512464,0.880869,216.990646,gev_mle,gev_mle,,,,False
6931,108,CNRM-ESM2-1,ssp245,2060_2100,2060,2100,25,65,41,57.152473,62.773572,1.098353,247.165169,gev_mle,gev_mle,,,,False
6931,108,CNRM-ESM2-1,ssp245,2060_2100,2060,2100,50,65,41,67.561112,73.273191,1.084547,267.164153,gev_mle,gev_mle,,,,False
6931,108,CNRM-ESM2-1,ssp370,2040_2059,2040,2059,25,65,20,57.152473,70.318170,1.230361,276.871330,gev_mle,gev_mle,,,,False
6931,108,CNRM-ESM2-1,ssp370,2040_2059,2040,2059,50,65,20,67.561112,90.378719,1.337733,329.533263,gev_mle,gev_mle,,,,False
6931,108,CNRM-ESM2-1,ssp370,2060_2100,2060,2100,25,65,41,57.152473,53.315584,0.932866,209.925209,gev_mle,gev_mle,,,,False
6931,108,CNRM-ESM2-1,ssp370,2060_2100,2060,2100,50,65,41,67.561112,58.742997,0.869479,214.185062,gev_mle,gev_mle,,,,False
6931,108,CNRM-ESM2-1,ssp585,2040_2059,2040,2059,25,65,20,57.152473,74.842849,1.309529,294.686836,gev_mle,gev_mle,,,,False
6931,108,CNRM-ESM2-1,ssp585,2040_2059,2040,2059,50,65,20,67.561112,93.725243,1.387266,341.735149,gev_mle,gev_mle,,,,False
6931,108,CNRM-ESM2-1,ssp585,2060_2100,2060,2100,25,65,41,57.152473,56.759733,0.993128,223.486231,gev_mle,gev_mle,,,,False
6931,108,CNRM-ESM2-1,ssp585,2060_2100,2060,2100,50,65,41,67.561112,66.402799,0.982855,242.113756,gev_mle,gev_mle,,,,False
6931,121,CanESM5,ssp126,2040_2059,2040,2059,25,65,40,47.508877,49.519512,1.042321,234.556268,gev_mle,gev_mle,,,,False
6931,121,CanESM5,ssp126,2040_2059,2040,2059,50,65,40,50.999891,56.747350,1.112696,274.098212,gev_mle,gev_mle,,,,False
6931,121,CanESM5,ssp126,2060_2100,2060,2100,25,65,82,47.508877,43.835458,0.922679,207.632932,gev_mle,gev_mle,,,,False
6931,121,CanESM5,ssp126,2060_2100,2060,2100,50,65,82,50.999891,45.597525,0.894071,220.242885,gev_mle,gev_mle,,,,False
6931,121,CanESM5,ssp245,2040_2059,2040,2059,25,65,20,47.508877,43.367609,0.912832,205.416895,gev_mle,gev_mle,,,,False
6931,121,CanESM5,ssp245,2040_2059,2040,2059,50,65,20,50.999891,47.921013,0.939630,231.465684,gev_mle,gev_mle,,,,False
6931,121,CanESM5,ssp245,2060_2100,2060,2100,25,65,41,47.508877,44.586676,0.938491,211.191183,gev_mle,gev_mle,,,,False
6931,121,CanESM5,ssp245,2060_2100,2060,2100,50,65,41,50.999891,49.324784,0.967155,238.246106,gev_mle,gev_mle,,,,False
6931,121,CanESM5,ssp370,2040_2059,2040,2059,25,65,20,47.508877,39.674518,0.835097,187.924041,gev_mle,gev_mle,,,,False
6931,121,CanESM5,ssp370,2040_2059,2040,2059,50,65,20,50.999891,42.140669,0.826289,203.545751,gev_mle,gev_mle,,,,False
6931,121,CanESM5,ssp370,2060_2100,2060,2100,25,65,41,47.508877,41.699579,0.877722,197.516034,gev_mle,gev_mle,,,,False
6931,121,CanESM5,ssp370,2060_2100,2060,2100,50,65,41,50.999891,46.039345,0.902734,222.376942,gev_mle,gev_mle,,,,False
6931,121,CanESM5,ssp585,2040_2059,2040,2059,25,65,20,47.508877,38.746035,0.815554,183.526147,gev_mle,gev_mle,,,,False
6931,121,CanESM5,ssp585,2040_2059,2040,2059,50,65,20,50.999891,40.238522,0.788992,194.358097,gev_mle,gev_mle,,,,False
6931,121,CanESM5,ssp585,2060_2100,2060,2100,25,65,41,47.508877,35.960378,0.756919,170.331487,gev_mle,gev_mle,,,,False
6931,121,CanESM5,ssp585,2060_2100,2060,2100,50,65,41,50.999891,38.579390,0.756460,186.344239,gev_mle,gev_mle,,,,False
6931,137,EC-Earth3-Veg-LR,ssp126,2040_2059,2040,2059,25,65,20,55.260027,66.583233,1.204908,271.143523,gev_mle,gev_mle,,,,False
6931,137,EC-Earth3-Veg-LR,ssp126,2040_2059,2040,2059,50,65,20,63.243468,79.170868,1.251843,308.375309,gev_mle,gev_mle,,,,False
6931,137,EC-Earth3-Veg-LR,ssp126,2060_2100,2060,2100,25,65,41,55.260027,60.957695,1.103107,248.234931,gev_mle,gev_mle,,,,False
6931,137,EC-Earth3-Veg-LR,ssp126,2060_2100,2060,2100,50,65,41,63.243468,69.407487,1.097465,270.346352,gev_mle,gev_mle,,,,False
6931,137,EC-Earth3-Veg-LR,ssp245,2040_2059,2040,2059,25,65,20,55.260027,73.566307,1.331275,299.580342,gev_mle,gev_mle,,,,False
6931,137,EC-Earth3-Veg-LR,ssp245,2040_2059,2040,2059,50,65,20,63.243468,85.567125,1.352980,333.289117,gev_mle,gev_mle,,,,False
6931,137,EC-Earth3-Veg-LR,ssp245,2060_2100,2060,2100,25,65,41,55.260027,64.188299,1.161568,261.390752,gev_mle,gev_mle,,,,False
6931,137,EC-Earth3-Veg-LR,ssp245,2060_2100,2060,2100,50,65,41,63.243468,74.958921,1.185244,291.969521,gev_mle,gev_mle,,,,False
6931,137,EC-Earth3-Veg-LR,ssp370,2040_2059,2040,2059,25,65,20,55.260027,63.403108,1.147359,258.193262,gev_mle,gev_mle,,,,False
6931,137,EC-Earth3-Veg-LR,ssp370,2040_2059,2040,2059,50,65,20,63.243468,72.239832,1.142250,281.378503,gev_mle,gev_mle,,,,False
6931,137,EC-Earth3-Veg-LR,ssp370,2060_2100,2060,2100,25,65,41,55.260027,52.016548,0.941305,211.824348,gev_mle,gev_mle,,,,False
6931,137,EC-Earth3-Veg-LR,ssp370,2060_2100,2060,2100,50,65,41,63.243468,54.681229,0.864615,212.986687,gev_mle,gev_mle,,,,False
6931,137,EC-Earth3-Veg-LR,ssp585,2040_2059,2040,2059,25,65,20,55.260027,49.221150,0.890719,200.440791,gev_mle,gev_mle,,,,False
6931,137,EC-Earth3-Veg-LR,ssp585,2040_2059,2040,2059,50,65,20,63.243468,54.225436,0.857408,211.211344,gev_mle,gev_mle,,,,False
6931,137,EC-Earth3-Veg-LR,ssp585,2060_2100,2060,2100,25,65,41,55.260027,64.317860,1.163913,261.918360,gev_mle,gev_mle,,,,False
6931,137,EC-Earth3-Veg-LR,ssp585,2060_2100,2060,2100,50,65,41,63.243468,75.972845,1.201276,295.918815,gev_mle,gev_mle,,,,False
6931,150,EC-Earth3,ssp126,2040_2059,2040,2059,25,65,20,45.870048,42.299633,0.922162,207.516607,gev_mle,gev_mle,,,,False
6931,150,EC-Earth3,ssp126,2040_2059,2040,2059,50,65,20,48.707280,44.398044,0.911528,224.543157,gev_mle,gev_mle,,,,False
6931,150,EC-Earth3,ssp126,2060_2100,2060,2100,25,65,41,45.870048,55.147801,1.202262,270.548081,gev_mle,gev_mle,,,,False
6931,150,EC-Earth3,ssp126,2060_2100,2060,2100,50,65,41,48.707280,62.648592,1.286226,316.845326,gev_mle,gev_mle,,,,False
6931,150,EC-Earth3,ssp245,2040_2059,2040,2059,25,65,20,45.870048,42.186167,0.919689,206.959958,gev_mle,gev_mle,,,,False
6931,150,EC-Earth3,ssp245,2040_2059,2040,2059,50,65,20,48.707280,43.072660,0.884317,217.840028,gev_mle,gev_mle,,,,False
6931,150,EC-Earth3,ssp245,2060_2100,2060,2100,25,65,41,45.870048,57.688067,1.257641,283.010300,gev_mle,gev_mle,,,,False
6931,150,EC-Earth3,ssp245,2060_2100,2060,2100,50,65,41,48.707280,68.140801,1.398986,344.622178,gev_mle,gev_mle,,,,False
6931,150,EC-Earth3,ssp370,2040_2059,2040,2059,25,65,20,45.870048,66.808100,1.456465,327.752019,gev_mle,gev_mle,,,,False
6931,150,EC-Earth3,ssp370,2040_2059,2040,2059,50,65,20,48.707280,83.436472,1.713019,421.980052,gev_mle,gev_mle,,,,False
6931,150,EC-Earth3,ssp370,2060_2100,2060,2100,25,65,41,45.870048,48.308812,1.053167,236.996871,gev_mle,gev_mle,,,,False
6931,150,EC-Earth3,ssp370,2060_2100,2060,2100,50,65,41,48.707280,51.960303,1.066787,262.789291,gev_mle,gev_mle,,,,False
6931,150,EC-Earth3,ssp585,2040_2059,2040,2059,25,65,20,45.870048,37.253633,0.812156,182.761572,gev_mle,gev_mle,,,,False
6931,150,EC-Earth3,ssp585,2040_2059,2040,2059,50,65,20,48.707280,38.264518,0.785602,193.522844,gev_mle,gev_mle,,,,False
6931,150,EC-Earth3,ssp585,2060_2100,2060,2100,25,65,41,45.870048,50.750630,1.106400,248.976119,gev_mle,gev_mle,,,,False
6931,150,EC-Earth3,ssp585,2060_2100,2060,2100,50,65,41,48.707280,56.818556,1.166531,287.359912,gev_mle,gev_mle,,,,False
6931,163,FGOALS-g3,ssp126,2040_2059,2040,2059,25,65,20,35.184395,41.421280,1.177263,264.922514,gev_mle,gev_mle,,,,False
6931,163,FGOALS-g3,ssp126,2040_2059,2040,2059,50,65,20,36.574596,45.125287,1.233788,303.927713,gev_mle,gev_mle,,,,False
6931,163,FGOALS-g3,ssp126,2060_2100,2060,2100,25,65,41,35.184395,41.934845,1.191859,268.207180,gev_mle,gev_mle,,,,False
6931,163,FGOALS-g3,ssp126,2060_2100,2060,2100,50,65,41,36.574596,47.492253,1.298504,319.869697,gev_mle,gev_mle,,,,False
6931,163,FGOALS-g3,ssp245,2040_2059,2040,2059,25,65,20,35.184395,39.648570,1.126879,253.584604,gev_mle,gev_mle,,,,False
6931,163,FGOALS-g3,ssp245,2040_2059,2040,2059,50,65,20,36.574596,44.354229,1.212706,298.734482,gev_mle,gev_mle,,,,False
6931,163,FGOALS-g3,ssp245,2060_2100,2060,2100,25,65,41,35.184395,45.338954,1.288610,289.979202,gev_mle,gev_mle,,,,False
6931,163,FGOALS-g3,ssp245,2060_2100,2060,2100,50,65,41,36.574596,52.560391,1.437074,354.004606,gev_mle,gev_mle,,,,False
6931,163,FGOALS-g3,ssp370,2040_2059,2040,2059,25,65,20,35.184395,37.498171,1.065761,239.831070,gev_mle,gev_mle,,,,False
6931,163,FGOALS-g3,ssp370,2040_2059,2040,2059,50,65,20,36.574596,39.671520,1.084674,267.195513,gev_mle,gev_mle,,,,False
6931,163,FGOALS-g3,ssp370,2060_2100,2060,2100,25,65,41,35.184395,40.587472,1.153565,259.589640,gev_mle,gev_mle,,,,False
6931,163,FGOALS-g3,ssp370,2060_2100,2060,2100,50,65,41,36.574596,45.478792,1.243453,306.308642,gev_mle,gev_mle,,,,False
6931,163,FGOALS-g3,ssp585,2040_2059,2040,2059,25,65,20,35.184395,51.532025,1.464627,329.588891,gev_mle,gev_mle,,,,False
6931,163,FGOALS-g3,ssp585,2040_2059,2040,2059,50,65,20,36.574596,68.833470,1.882002,463.607007,gev_mle,gev_mle,,,,False
6931,163,FGOALS-g3,ssp585,2060_2100,2060,2100,25,65,41,35.184395,38.504124,1.094352,246.264947,gev_mle,gev_mle,,,,False
6931,163,FGOALS-g3,ssp585,2060_2100,2060,2100,50,65,41,36.574596,42.805559,1.170363,288.303887,gev_mle,gev_mle,,,,False
6931,176,GFDL-CM4,ssp126,2040_2059,2040,2059,25,65,0,47.747840,,,,gev_mle,nao_determinado,,n_insuficiente,,False
6931,176,GFDL-CM4,ssp126,2040_2059,2040,2059,50,65,0,51.769937,,,,gev_mle,nao_determinado,,n_insuficiente,,False
6931,176,GFDL-CM4,ssp126,2060_2100,2060,2100,25,65,0,47.747840,,,,gev_mle,nao_determinado,,n_insuficiente,,False
6931,176,GFDL-CM4,ssp126,2060_2100,2060,2100,50,65,0,51.769937,,,,gev_mle,nao_determinado,,n_insuficiente,,False
6931,176,GFDL-CM4,ssp245,2040_2059,2040,2059,25,65,20,47.747840,39.062657,0.818103,184.099877,gev_mle,gev_mle,,,,False
6931,176,GFDL-CM4,ssp245,2040_2059,2040,2059,50,65,20,51.769937,40.001309,0.772674,190.338408,gev_mle,gev_mle,,,,False
6931,176,GFDL-CM4,ssp245,2060_2100,2060,2100,25,65,41,47.747840,52.145937,1.092111,245.760563,gev_mle,gev_mle,,,,False
6931,176,GFDL-CM4,ssp245,2060_2100,2060,2100,50,65,41,51.769937,57.943919,1.119258,275.714811,gev_mle,gev_mle,,,,False
6931,176,GFDL-CM4,ssp370,2040_2059,2040,2059,25,65,0,47.747840,,,,gev_mle,nao_determinado,,n_insuficiente,,False
6931,176,GFDL-CM4,ssp370,2040_2059,2040,2059,50,65,0,51.769937,,,,gev_mle,nao_determinado,,n_insuficiente,,False
6931,176,GFDL-CM4,ssp370,2060_2100,2060,2100,25,65,0,47.747840,,,,gev_mle,nao_determinado,,n_insuficiente,,False
6931,176,GFDL-CM4,ssp370,2060_2100,2060,2100,50,65,0,51.769937,,,,gev_mle,nao_determinado,,n_insuficiente,,False
6931,176,GFDL-CM4,ssp585,2040_2059,2040,2059,25,65,20,47.747840,55.716206,1.166884,262.587020,gev_mle,gev_mle,,,,False
6931,176,GFDL-CM4,ssp585,2040_2059,2040,2059,50,65,20,51.769937,64.282515,1.241696,305.875777,gev_mle,gev_mle,,,,False
6931,176,GFDL-CM4,ssp585,2060_2100,2060,2100,25,65,41,47.747840,49.403808,1.034682,232.837077,gev_mle,gev_mle,,,,False
6931,176,GFDL-CM4,ssp585,2060_2100,2060,2100,50,65,41,51.769937,56.460663,1.090607,268.657026,gev_mle,gev_mle,,,,False
6931,183,GFDL-CM4_gr2,ssp126,2040_2059,2040,2059,25,65,0,48.306104,,,,gev_mle,nao_determinado,,n_insuficiente,,False
6931,183,GFDL-CM4_gr2,ssp126,2040_2059,2040,2059,50,65,0,52.862835,,,,gev_mle,nao_determinado,,n_insuficiente,,False
6931,183,GFDL-CM4_gr2,ssp126,2060_2100,2060,2100,25,65,0,48.306104,,,,gev_mle,nao_determinado,,n_insuficiente,,False
6931,183,GFDL-CM4_gr2,ssp126,2060_2100,2060,2100,50,65,0,52.862835,,,,gev_mle,nao_determinado,,n_insuficiente,,False
6931,183,GFDL-CM4_gr2,ssp245,2040_2059,2040,2059,25,65,20,48.306104,43.025104,0.890676,200.431221,gev_mle,gev_mle,,,,False
6931,183,GFDL-CM4_gr2,ssp245,2040_2059,2040,2059,50,65,20,52.862835,45.760710,0.865650,213.241715,gev_mle,gev_mle,,,,False
6931,183,GFDL-CM4_gr2,ssp245,2060_2100,2060,2100,25,65,41,48.306104,50.561629,1.046692,235.539907,gev_mle,gev_mle,,,,False
6931,183,GFDL-CM4_gr2,ssp245,2060_2100,2060,2100,50,65,41,52.862835,54.617301,1.033189,254.512809,gev_mle,gev_mle,,,,False
6931,183,GFDL-CM4_gr2,ssp370,2040_2059,2040,2059,25,65,0,48.306104,,,,gev_mle,nao_determinado,,n_insuficiente,,False
6931,183,GFDL-CM4_gr2,ssp370,2040_2059,2040,2059,50,65,0,52.862835,,,,gev_mle,nao_determinado,,n_insuficiente,,False
6931,183,GFDL-CM4_gr2,ssp370,2060_2100,2060,2100,25,65,0,48.306104,,,,gev_mle,nao_determinado,,n_insuficiente,,False
6931,183,GFDL-CM4_gr2,ssp370,2060_2100,2060,2100,50,65,0,52.862835,,,,gev_mle,nao_determinado,,n_insuficiente,,False
6931,183,GFDL-CM4_gr2,ssp585,2040_2059,2040,2059,25,65,20,48.306104,55.263334,1.144024,257.442666,gev_mle,gev_mle,,,,False
6931,183,GFDL-CM4_gr2,ssp585,2040_2059,2040,2059,50,65,20,52.862835,62.690761,1.185914,292.134570,gev_mle,gev_mle,,,,False
6931,183,GFDL-CM4_gr2,ssp585,2060_2100,2060,2100,25,65,41,48.306104,44.129492,0.913539,205.575980,gev_mle,gev_mle,,,,False
6931,183,GFDL-CM4_gr2,ssp585,2060_2100,2060,2100,50,65,41,52.862835,48.494527,0.917365,225.981110,gev_mle,gev_mle,,,,False
6931,190,GFDL-ESM4,ssp126,2040_2059,2040,2059,25,65,20,43.674720,79.252700,1.814613,408.347014,gev_mle,gev_mle,,,,False
6931,190,GFDL-ESM4,ssp126,2040_2059,2040,2059,50,65,20,45.895880,103.902611,2.263877,557.676865,gev_mle,gev_mle,,,,False
6931,190,GFDL-ESM4,ssp126,2060_2100,2060,2100,25,65,41,43.674720,47.463963,1.086761,244.556557,gev_mle,gev_mle,,,,False
6931,190,GFDL-ESM4,ssp126,2060_2100,2060,2100,50,65,41,45.895880,51.809512,1.128849,278.077385,gev_mle,gev_mle,,,,False
6931,190,GFDL-ESM4,ssp245,2040_2059,2040,2059,25,65,20,43.674720,41.728032,0.955428,215.002356,gev_mle,gev_mle,,,,False
6931,190,GFDL-ESM4,ssp245,2040_2059,2040,2059,50,65,20,45.895880,44.606528,0.971907,239.416779,gev_mle,gev_mle,,,,False
6931,190,GFDL-ESM4,ssp245,2060_2100,2060,2100,25,65,41,43.674720,39.105908,0.895390,201.491948,gev_mle,gev_mle,,,,False
6931,190,GFDL-ESM4,ssp245,2060_2100,2060,2100,50,65,41,45.895880,41.298822,0.899837,221.663316,gev_mle,gev_mle,,,,False
6931,190,GFDL-ESM4,ssp370,2040_2059,2040,2059,25,65,20,43.674720,44.208367,1.012219,227.782204,gev_mle,gev_mle,,,,False
6931,190,GFDL-ESM4,ssp370,2040_2059,2040,2059,50,65,20,45.895880,47.830004,1.042142,256.718152,gev_mle,gev_mle,,,,False
6931,190,GFDL-ESM4,ssp370,2060_2100,2060,2100,25,65,41,43.674720,45.445781,1.040551,234.157938,gev_mle,gev_mle,,,,False
6931,190,GFDL-ESM4,ssp370,2060_2100,2060,2100,50,65,41,45.895880,48.882007,1.065063,262.364574,gev_mle,gev_mle,,,,False
6931,190,GFDL-ESM4,ssp585,2040_2059,2040,2059,25,65,20,43.674720,53.695507,1.229441,276.664388,gev_mle,gev_mle,,,,False
6931,190,GFDL-ESM4,ssp585,2040_2059,2040,2059,50,65,20,45.895880,61.110423,1.331501,327.998194,gev_mle,gev_mle,,,,False
6931,190,GFDL-ESM4,ssp585,2060_2100,2060,2100,25,65,41,43.674720,49.036722,1.122771,252.660147,gev_mle,gev_mle,,,,False
6931,190,GFDL-ESM4,ssp585,2060_2100,2060,2100,50,65,41,45.895880,53.900875,1.174416,289.302360,gev_mle,gev_mle,,,,False
6931,203,GISS-E2-1-G,ssp126,2040_2059,2040,2059,25,65,20,45.110430,53.588707,1.187945,267.326345,gev_mle,gev_mle,,,,False
6931,203,GISS-E2-1-G,ssp126,2040_2059,2040,2059,50,65,20,47.412581,60.964344,1.285826,316.746758,gev_mle,gev_mle,,,,False
6931,203,GISS-E2-1-G,ssp126,2060_2100,2060,2100,25,65,41,45.110430,49.622337,1.100019,247.540176,gev_mle,gev_mle,,,,False
6931,203,GISS-E2-1-G,ssp126,2060_2100,2060,2100,50,65,41,47.412581,54.529211,1.150100,283.312334,gev_mle,gev_mle,,,,False
6931,203,GISS-E2-1-G,ssp245,2040_2059,2040,2059,25,65,20,45.110430,38.739479,0.858770,193.251228,gev_mle,gev_mle,,,,False
6931,203,GISS-E2-1-G,ssp245,2040_2059,2040,2059,50,65,20,47.412581,38.938465,0.821269,202.308948,gev_mle,gev_mle,,,,False
6931,203,GISS-E2-1-G,ssp245,2060_2100,2060,2100,25,65,41,45.110430,51.971479,1.152095,259.258833,gev_mle,gev_mle,,,,False
6931,203,GISS-E2-1-G,ssp245,2060_2100,2060,2100,50,65,41,47.412581,60.122898,1.268079,312.374934,gev_mle,gev_mle,,,,False
6931,203,GISS-E2-1-G,ssp370,2040_2059,2040,2059,25,65,20,45.110430,44.649514,0.989782,222.733334,gev_mle,gev_mle,,,,False
6931,203,GISS-E2-1-G,ssp370,2040_2059,2040,2059,50,65,20,47.412581,47.077625,0.992935,244.596826,gev_mle,gev_mle,,,,False
6931,203,GISS-E2-1-G,ssp370,2060_2100,2060,2100,25,65,41,45.110430,58.431055,1.295289,291.482319,gev_mle,gev_mle,,,,False
6931,203,GISS-E2-1-G,ssp370,2060_2100,2060,2100,50,65,41,47.412581,68.327800,1.441132,355.004377,gev_mle,gev_mle,,,,False
6931,203,GISS-E2-1-G,ssp585,2040_2059,2040,2059,25,65,20,45.110430,63.876071,1.415993,318.644687,gev_mle,gev_mle,,,,False
6931,203,GISS-E2-1-G,ssp585,2040_2059,2040,2059,50,65,20,47.412581,75.462303,1.591609,392.072451,gev_mle,gev_mle,,,,False
6931,203,GISS-E2-1-G,ssp585,2060_2100,2060,2100,25,65,41,45.110430,53.593311,1.188047,267.349316,gev_mle,gev_mle,,,,False
6931,203,GISS-E2-1-G,ssp585,2060_2100,2060,2100,50,65,41,47.412581,60.548389,1.277053,314.585618,gev_mle,gev_mle,,,,False
6931,216,HadGEM3-GC31-LL,ssp126,2040_2059,2040,2059,25,65,20,43.667654,56.642979,1.297138,291.898375,gev_mle,gev_mle,,,,False
6931,216,HadGEM3-GC31-LL,ssp126,2040_2059,2040,2059,50,65,20,46.576185,67.048995,1.439555,354.615915,gev_mle,gev_mle,,,,False
6931,216,HadGEM3-GC31-LL,ssp126,2060_2100,2060,2100,25,65,41,43.667654,65.282590,1.494987,336.420897,gev_mle,gev_mle,,,,False
6931,216,HadGEM3-GC31-LL,ssp126,2060_2100,2060,2100,50,65,41,46.576185,77.197383,1.657443,408.289794,gev_mle,gev_mle,,,,False
6931,216,HadGEM3-GC31-LL,ssp245,2040_2059,2040,2059,25,65,20,43.667654,57.879043,1.325444,298.268186,gev_mle,gev_mle,,,,False
6931,216,HadGEM3-GC31-LL,ssp245,2040_2059,2040,2059,50,65,20,46.576185,66.892990,1.436206,353.790816,gev_mle,gev_mle,,,,False
6931,216,HadGEM3-GC31-LL,ssp245,2060_2100,2060,2100,25,65,41,43.667654,46.138462,1.056582,237.765426,gev_mle,gev_mle,,,,False
6931,216,HadGEM3-GC31-LL,ssp245,2060_2100,2060,2100,50,65,41,46.576185,51.439639,1.104419,272.059480,gev_mle,gev_mle,,,,False
6931,216,HadGEM3-GC31-LL,ssp370,2040_2059,2040,2059,25,65,0,43.667654,,,,gev_mle,nao_determinado,,n_insuficiente,,False
6931,216,HadGEM3-GC31-LL,ssp370,2040_2059,2040,2059,50,65,0,46.576185,,,,gev_mle,nao_determinado,,n_insuficiente,,False
6931,216,HadGEM3-GC31-LL,ssp370,2060_2100,2060,2100,25,65,0,43.667654,,,,gev_mle,nao_determinado,,n_insuficiente,,False
6931,216,HadGEM3-GC31-LL,ssp370,2060_2100,2060,2100,50,65,0,46.576185,,,,gev_mle,nao_determinado,,n_insuficiente,,False
6931,216,HadGEM3-GC31-LL,ssp585,2040_2059,2040,2059,25,65,20,43.667654,61.967865,1.419079,319.339116,gev_mle,gev_mle,,,,False
6931,216,HadGEM3-GC31-LL,ssp585,2040_2059,2040,2059,50,65,20,46.576185,73.184692,1.571290,387.067049,gev_mle,gev_mle,,,,False
6931,216,HadGEM3-GC31-LL,ssp585,2060_2100,2060,2100,25,65,41,43.667654,70.522890,1.614992,363.425747,gev_mle,gev_mle,,,,False
6931,216,HadGEM3-GC31-LL,ssp585,2060_2100,2060,2100,50,65,41,46.576185,93.613232,2.009895,495.111700,gev_mle,gev_mle,,,,False
6931,226,HadGEM3-GC31-MM,ssp126,2040_2059,2040,2059,25,65,20,51.776325,46.175396,0.891825,200.689593,gev_mle,gev_mle,,,,False
6931,226,HadGEM3-GC31-MM,ssp126,2040_2059,2040,2059,50,65,20,56.929359,48.809191,0.857364,211.200618,gev_mle,gev_mle,,,,False
6931,226,HadGEM3-GC31-MM,ssp126,2060_2100,2060,2100,25,65,41,51.776325,82.602731,1.595376,359.011724,gev_mle,gev_mle,,,,False
6931,226,HadGEM3-GC31-MM,ssp126,2060_2100,2060,2100,50,65,41,56.929359,99.885921,1.754559,432.213022,gev_mle,gev_mle,,,,False
6931,226,HadGEM3-GC31-MM,ssp245,2040_2059,2040,2059,25,65,0,51.776325,,,,gev_mle,nao_determinado,,n_insuficiente,,False
6931,226,HadGEM3-GC31-MM,ssp245,2040_2059,2040,2059,50,65,0,56.929359,,,,gev_mle,nao_determinado,,n_insuficiente,,False
6931,226,HadGEM3-GC31-MM,ssp245,2060_2100,2060,2100,25,65,0,51.776325,,,,gev_mle,nao_determinado,,n_insuficiente,,False
6931,226,HadGEM3-GC31-MM,ssp245,2060_2100,2060,2100,50,65,0,56.929359,,,,gev_mle,nao_determinado,,n_insuficiente,,False
6931,226,HadGEM3-GC31-MM,ssp370,2040_2059,2040,2059,25,65,0,51.776325,,,,gev_mle,nao_determinado,,n_insuficiente,,False
6931,226,HadGEM3-GC31-MM,ssp370,2040_2059,2040,2059,50,65,0,56.929359,,,,gev_mle,nao_determinado,,n_insuficiente,,False
6931,226,HadGEM3-GC31-MM,ssp370,2060_2100,2060,2100,25,65,0,51.776325,,,,gev_mle,nao_determinado,,n_insuficiente,,False
6931,226,HadGEM3-GC31-MM,ssp370,2060_2100,2060,2100,50,65,0,56.929359,,,,gev_mle,nao_determinado,,n_insuficiente,,False
6931,226,HadGEM3-GC31-MM,ssp585,2040_2059,2040,2059,25,65,20,51.776325,72.142035,1.393340,313.546975,gev_mle,gev_mle,,,,False
6931,226,HadGEM3-GC31-MM,ssp585,2040_2059,2040,2059,50,65,20,56.929359,96.741496,1.699325,418.606887,gev_mle,gev_mle,,,,False
6931,226,HadGEM3-GC31-MM,ssp585,2060_2100,2060,2100,25,65,41,51.776325,49.274622,0.951682,214.159591,gev_mle,gev_mle,,,,False
6931,226,HadGEM3-GC31-MM,ssp585,2060_2100,2060,2100,50,65,41,56.929359,56.621773,0.994597,245.006180,gev_mle,gev_mle,,,,False
6931,233,IITM-ESM,ssp126,2040_2059,2040,2059,25,65,20,48.434291,50.466101,1.041950,234.472684,gev_mle,gev_mle,,,,False
6931,233,IITM-ESM,ssp126,2040_2059,2040,2059,50,65,20,52.127261,53.597679,1.028208,253.285860,gev_mle,gev_mle,,,,False
6931,233,IITM-ESM,ssp126,2060_2100,2060,2100,25,65,40,48.434291,57.304789,1.183145,266.246202,gev_mle,gev_mle,,,,False
6931,233,IITM-ESM,ssp126,2060_2100,2060,2100,50,65,40,52.127261,65.174618,1.250298,307.994851,gev_mle,gev_mle,,,,False
6931,233,IITM-ESM,ssp245,2040_2059,2040,2059,25,65,20,48.434291,57.405287,1.185220,266.713128,gev_mle,gev_mle,,,,False
6931,233,IITM-ESM,ssp245,2040_2059,2040,2059,50,65,20,52.127261,64.624878,1.239752,305.396950,gev_mle,gev_mle,,,,False
6931,233,IITM-ESM,ssp245,2060_2100,2060,2100,25,65,40,48.434291,51.498444,1.063264,239.269094,gev_mle,gev_mle,,,,False
6931,233,IITM-ESM,ssp245,2060_2100,2060,2100,50,65,40,52.127261,58.543989,1.123097,276.660572,gev_mle,gev_mle,,,,False
6931,233,IITM-ESM,ssp370,2040_2059,2040,2059,25,65,20,48.434291,68.514399,1.414585,318.327646,gev_mle,gev_mle,,,,False
6931,233,IITM-ESM,ssp370,2040_2059,2040,2059,50,65,20,52.127261,82.865441,1.589676,391.596146,gev_mle,gev_mle,,,,False
6931,233,IITM-ESM,ssp370,2060_2100,2060,2100,25,65,39,48.434291,55.854172,1.153195,259.506429,gev_mle,gev_mle,,,,False
6931,233,IITM-ESM,ssp370,2060_2100,2060,2100,50,65,39,52.127261,64.639674,1.240036,305.466872,gev_mle,gev_mle,,,,False
6931,233,IITM-ESM,ssp585,2040_2059,2040,2059,25,65,20,48.434291,52.730068,1.088693,244.991399,gev_mle,gev_mle,,,,False
6931,233,IITM-ESM,ssp585,2040_2059,2040,2059,50,65,20,52.127261,57.610003,1.105180,272.246846,gev_mle,gev_mle,,,,False
6931,233,IITM-ESM,ssp585,2060_2100,2060,2100,25,65,40,48.434291,52.611509,1.086245,244.440555,gev_mle,gev_mle,,,,False
6931,233,IITM-ESM,ssp585,2060_2100,2060,2100,50,65,40,52.127261,57.517288,1.103401,271.808704,gev_mle,gev_mle,,,,False
6931,246,INM-CM4-8,ssp126,2040_2059,2040,2059,25,65,20,39.954665,36.952662,0.924865,208.124730,gev_mle,gev_mle,,,,False
6931,246,INM-CM4-8,ssp126,2040_2059,2040,2059,50,65,20,41.763315,39.060222,0.935276,230.393177,gev_mle,gev_mle,,,,False
6931,246,INM-CM4-8,ssp126,2060_2100,2060,2100,25,65,41,39.954665,39.852933,0.997454,224.459632,gev_mle,gev_mle,,,,False
6931,246,INM-CM4-8,ssp126,2060_2100,2060,2100,50,65,41,41.763315,41.834319,1.001700,246.755932,gev_mle,gev_mle,,,,False
6931,246,INM-CM4-8,ssp245,2040_2059,2040,2059,25,65,20,39.954665,41.125665,1.029308,231.627910,gev_mle,gev_mle,,,,False
6931,246,INM-CM4-8,ssp245,2040_2059,2040,2059,50,65,20,41.763315,44.413102,1.063448,261.966651,gev_mle,gev_mle,,,,False
6931,246,INM-CM4-8,ssp245,2060_2100,2060,2100,25,65,41,39.954665,38.737675,0.969541,218.178277,gev_mle,gev_mle,,,,False
6931,246,INM-CM4-8,ssp245,2060_2100,2060,2100,50,65,41,41.763315,40.343216,0.965997,237.960800,gev_mle,gev_mle,,,,False
6931,246,INM-CM4-8,ssp370,2040_2059,2040,2059,25,65,20,39.954665,46.269218,1.158043,260.597422,gev_mle,gev_mle,,,,False
6931,246,INM-CM4-8,ssp370,2040_2059,2040,2059,50,65,20,41.763315,52.032481,1.245890,306.908866,gev_mle,gev_mle,,,,False
6931,246,INM-CM4-8,ssp370,2060_2100,2060,2100,25,65,41,39.954665,42.626160,1.066863,240.078994,gev_mle,gev_mle,,,,False
6931,246,INM-CM4-8,ssp370,2060_2100,2060,2100,50,65,41,41.763315,45.729120,1.094959,269.729063,gev_mle,gev_mle,,,,False
6931,246,INM-CM4-8,ssp585,2040_2059,2040,2059,25,65,20,39.954665,39.248479,0.982325,221.055222,gev_mle,gev_mle,,,,False
6931,246,INM-CM4-8,ssp585,2040_2059,2040,2059,50,65,20,41.763315,40.912411,0.979626,241.318144,gev_mle,gev_mle,,,,False
6931,246,INM-CM4-8,ssp585,2060_2100,2060,2100,25,65,41,39.954665,40.269432,1.007878,226.805437,gev_mle,gev_mle,,,,False
6931,246,INM-CM4-8,ssp585,2060_2100,2060,2100,50,65,41,41.763315,43.686202,1.046042,257.679097,gev_mle,gev_mle,,,,False
6931,259,INM-CM5-0,ssp126,2040_2059,2040,2059,25,65,20,42.578332,41.321170,0.970474,218.388326,gev_mle,gev_mle,,,,False
6931,259,INM-CM5-0,ssp126,2040_2059,2040,2059,50,65,20,45.663752,44.776366,0.980567,241.550043,gev_mle,gev_mle,,,,False
6931,259,INM-CM5-0,ssp126,2060_2100,2060,2100,25,65,41,42.578332,38.272113,0.898864,202.273620,gev_mle,gev_mle,,,,False
6931,259,INM-CM5-0,ssp126,2060_2100,2060,2100,50,65,41,45.663752,38.276972,0.838235,206.488487,gev_mle,gev_mle,,,,False
6931,259,INM-CM5-0,ssp245,2040_2059,2040,2059,25,65,20,42.578332,38.896455,0.913527,205.573357,gev_mle,gev_mle,,,,False
6931,259,INM-CM5-0,ssp245,2040_2059,2040,2059,50,65,20,45.663752,41.312828,0.904718,222.865681,gev_mle,gev_mle,,,,False
6931,259,INM-CM5-0,ssp245,2060_2100,2060,2100,25,65,41,42.578332,40.396708,0.948762,213.502412,gev_mle,gev_mle,,,,False
6931,259,INM-CM5-0,ssp245,2060_2100,2060,2100,50,65,41,45.663752,42.784478,0.936946,230.804626,gev_mle,gev_mle,,,,False
6931,259,INM-CM5-0,ssp370,2040_2059,2040,2059,25,65,20,42.578332,38.383857,0.901488,202.864205,gev_mle,gev_mle,,,,False
6931,259,INM-CM5-0,ssp370,2040_2059,2040,2059,50,65,20,45.663752,40.007030,0.876122,215.821441,gev_mle,gev_mle,,,,False
6931,259,INM-CM5-0,ssp370,2060_2100,2060,2100,25,65,41,42.578332,41.212336,0.967918,217.813123,gev_mle,gev_mle,,,,False
6931,259,INM-CM5-0,ssp370,2060_2100,2060,2100,50,65,41,45.663752,45.363662,0.993428,244.718261,gev_mle,gev_mle,,,,False
6931,259,INM-CM5-0,ssp585,2040_2059,2040,2059,25,65,20,42.578332,51.412702,1.207485,271.723524,gev_mle,gev_mle,,,,False
6931,259,INM-CM5-0,ssp585,2040_2059,2040,2059,50,65,20,45.663752,61.025203,1.336404,329.205820,gev_mle,gev_mle,,,,False
6931,259,INM-CM5-0,ssp585,2060_2100,2060,2100,25,65,41,42.578332,39.254806,0.921943,207.467295,gev_mle,gev_mle,,,,False
6931,259,INM-CM5-0,ssp585,2060_2100,2060,2100,50,65,41,45.663752,41.383654,0.906269,223.247756,gev_mle,gev_mle,,,,False
6931,272,IPSL-CM6A-LR,ssp126,2040_2059,2040,2059,25,65,20,40.549768,47.362330,1.168005,262.839199,gev_mle,gev_mle,,,,False
6931,272,IPSL-CM6A-LR,ssp126,2040_2059,2040,2059,50,65,20,42.839239,51.769340,1.208456,297.687598,gev_mle,gev_mle,,,,False
6931,272,IPSL-CM6A-LR,ssp126,2060_2100,2060,2100,25,65,41,40.549768,59.357919,1.463829,329.409216,gev_mle,gev_mle,,,,False
6931,272,IPSL-CM6A-LR,ssp126,2060_2100,2060,2100,50,65,41,42.839239,72.348933,1.688847,416.025780,gev_mle,gev_mle,,,,False
6931,272,IPSL-CM6A-LR,ssp245,2040_2059,2040,2059,25,65,20,40.549768,82.727868,2.040156,459.101707,gev_mle,gev_mle,,,,False
6931,272,IPSL-CM6A-LR,ssp245,2040_2059,2040,2059,50,65,20,42.839239,123.416950,2.880932,709.680584,gev_mle,gev_mle,,,,False
6931,272,IPSL-CM6A-LR,ssp245,2060_2100,2060,2100,25,65,41,40.549768,73.406635,1.810285,407.373140,gev_mle,gev_mle,,,,False
6931,272,IPSL-CM6A-LR,ssp245,2060_2100,2060,2100,50,65,41,42.839239,95.397492,2.226872,548.561178,gev_mle,gev_mle,,,,False
6931,272,IPSL-CM6A-LR,ssp370,2040_2059,2040,2059,25,65,20,40.549768,106.048828,2.615276,588.522335,gev_mle,gev_mle,,,,False
6931,272,IPSL-CM6A-LR,ssp370,2040_2059,2040,2059,50,65,20,42.839239,168.883392,3.942259,971.124827,gev_mle,gev_mle,,,,False
6931,272,IPSL-CM6A-LR,ssp370,2060_2100,2060,2100,25,65,41,40.549768,105.750421,2.607917,586.866316,gev_mle,gev_mle,,,,False
6931,272,IPSL-CM6A-LR,ssp370,2060_2100,2060,2100,50,65,41,42.839239,149.521162,3.490285,859.786808,gev_mle,gev_mle,,,,False
6931,272,IPSL-CM6A-LR,ssp585,2040_2059,2040,2059,25,65,20,40.549768,59.194980,1.459811,328.504980,gev_mle,gev_mle,,,,False
6931,272,IPSL-CM6A-LR,ssp585,2040_2059,2040,2059,50,65,20,42.839239,70.414752,1.643698,404.903718,gev_mle,gev_mle,,,,False
6931,272,IPSL-CM6A-LR,ssp585,2060_2100,2060,2100,25,65,41,40.549768,87.033044,2.146327,482.993462,gev_mle,gev_mle,,,,False
6931,272,IPSL-CM6A-LR,ssp585,2060_2100,2060,2100,50,65,41,42.839239,110.940974,2.589705,637.940374,gev_mle,gev_mle,,,,False
6931,285,KACE-1-0-G,ssp126,2040_2059,2040,2059,25,65,20,37.419255,38.812924,1.037245,233.413873,gev_mle,gev_mle,,,,False
6931,285,KACE-1-0-G,ssp126,2040_2059,2040,2059,50,65,20,39.184986,40.250038,1.027180,253.032596,gev_mle,gev_mle,,,,False
6931,285,KACE-1-0-G,ssp126,2060_2100,2060,2100,25,65,41,37.419255,77.808006,2.079357,467.923219,gev_mle,gev_mle,,,,False
6931,285,KACE-1-0-G,ssp126,2060_2100,2060,2100,50,65,41,39.184986,106.992564,2.730448,672.610692,gev_mle,gev_mle,,,,False
6931,285,KACE-1-0-G,ssp245,2040_2059,2040,2059,25,65,20,37.419255,50.862150,1.359251,305.875733,gev_mle,gev_mle,,,,False
6931,285,KACE-1-0-G,ssp245,2040_2059,2040,2059,50,65,20,39.184986,55.741268,1.422516,350.418491,gev_mle,gev_mle,,,,False
6931,285,KACE-1-0-G,ssp245,2060_2100,2060,2100,25,65,41,37.419255,65.929000,1.761900,396.485031,gev_mle,gev_mle,,,,False
6931,285,KACE-1-0-G,ssp245,2060_2100,2060,2100,50,65,41,39.184986,78.283558,1.997795,492.131008,gev_mle,gev_mle,,,,False
6931,285,KACE-1-0-G,ssp370,2040_2059,2040,2059,25,65,0,37.419255,,,,gev_mle,nao_determinado,,n_insuficiente,,False
6931,285,KACE-1-0-G,ssp370,2040_2059,2040,2059,50,65,0,39.184986,,,,gev_mle,nao_determinado,,n_insuficiente,,False
6931,285,KACE-1-0-G,ssp370,2060_2100,2060,2100,25,65,0,37.419255,,,,gev_mle,nao_determinado,,n_insuficiente,,False
6931,285,KACE-1-0-G,ssp370,2060_2100,2060,2100,50,65,0,39.184986,,,,gev_mle,nao_determinado,,n_insuficiente,,False
6931,285,KACE-1-0-G,ssp585,2040_2059,2040,2059,25,65,20,37.419255,60.289820,1.611198,362.572029,gev_mle,gev_mle,,,,False
6931,285,KACE-1-0-G,ssp585,2040_2059,2040,2059,50,65,20,39.184986,69.892636,1.783659,439.381322,gev_mle,gev_mle,,,,False
6931,285,KACE-1-0-G,ssp585,2060_2100,2060,2100,25,65,41,37.419255,45.972256,1.228572,276.468801,gev_mle,gev_mle,,,,False
6931,285,KACE-1-0-G,ssp585,2060_2100,2060,2100,50,65,41,39.184986,49.236033,1.256503,309.523214,gev_mle,gev_mle,,,,False
6931,295,KIOST-ESM,ssp126,2040_2059,2040,2059,25,65,20,48.594104,56.578679,1.164312,262.008077,gev_mle,gev_mle,,,,False
6931,295,KIOST-ESM,ssp126,2040_2059,2040,2059,50,65,20,54.449623,65.480295,1.202585,296.241308,gev_mle,gev_mle,,,,False
6931,295,KIOST-ESM,ssp126,2060_2100,2060,2100,25,65,41,48.594104,58.578327,1.205462,271.268172,gev_mle,gev_mle,,,,False
6931,295,KIOST-ESM,ssp126,2060_2100,2060,2100,50,65,41,54.449623,69.994817,1.285497,316.665587,gev_mle,gev_mle,,,,False
6931,295,KIOST-ESM,ssp245,2040_2059,2040,2059,25,65,20,48.594104,44.339143,0.912439,205.328470,gev_mle,gev_mle,,,,False
6931,295,KIOST-ESM,ssp245,2040_2059,2040,2059,50,65,20,54.449623,46.883875,0.861051,212.108703,gev_mle,gev_mle,,,,False
6931,295,KIOST-ESM,ssp245,2060_2100,2060,2100,25,65,41,48.594104,48.625121,1.000638,225.176244,gev_mle,gev_mle,,,,False
6931,295,KIOST-ESM,ssp245,2060_2100,2060,2100,50,65,41,54.449623,51.705394,0.949601,233.921878,gev_mle,gev_mle,,,,False
6931,295,KIOST-ESM,ssp370,2040_2059,2040,2059,25,65,0,48.594104,,,,gev_mle,nao_determinado,,n_insuficiente,,False
6931,295,KIOST-ESM,ssp370,2040_2059,2040,2059,50,65,0,54.449623,,,,gev_mle,nao_determinado,,n_insuficiente,,False
6931,295,KIOST-ESM,ssp370,2060_2100,2060,2100,25,65,0,48.594104,,,,gev_mle,nao_determinado,,n_insuficiente,,False
6931,295,KIOST-ESM,ssp370,2060_2100,2060,2100,50,65,0,54.449623,,,,gev_mle,nao_determinado,,n_insuficiente,,False
6931,295,KIOST-ESM,ssp585,2040_2059,2040,2059,25,65,20,48.594104,75.616945,1.556093,350.171665,gev_mle,gev_mle,,,,False
6931,295,KIOST-ESM,ssp585,2040_2059,2040,2059,50,65,20,54.449623,96.112192,1.765158,434.823964,gev_mle,gev_mle,,,,False
6931,295,KIOST-ESM,ssp585,2060_2100,2060,2100,25,65,41,48.594104,56.609527,1.164946,262.150927,gev_mle,gev_mle,,,,False
6931,295,KIOST-ESM,ssp585,2060_2100,2060,2100,50,65,41,54.449623,63.063345,1.158196,285.306714,gev_mle,gev_mle,,,,False
6931,305,MIROC-ES2L,ssp126,2040_2059,2040,2059,25,65,20,46.889892,44.865911,0.956835,215.319176,gev_mle,gev_mle,,,,False
6931,305,MIROC-ES2L,ssp126,2040_2059,2040,2059,50,65,20,50.766312,51.524402,1.014933,250.015659,gev_mle,gev_mle,,,,False
6931,305,MIROC-ES2L,ssp126,2060_2100,2060,2100,25,65,41,46.889892,44.039011,0.939201,211.350739,gev_mle,gev_mle,,,,False
6931,305,MIROC-ES2L,ssp126,2060_2100,2060,2100,50,65,41,50.766312,47.690638,0.939415,231.412804,gev_mle,gev_mle,,,,False
6931,305,MIROC-ES2L,ssp245,2040_2059,2040,2059,25,65,20,46.889892,36.126065,0.770445,173.375158,gev_mle,gev_mle,,,,False
6931,305,MIROC-ES2L,ssp245,2040_2059,2040,2059,50,65,20,50.766312,37.216524,0.733095,180.588485,gev_mle,gev_mle,,,,False
6931,305,MIROC-ES2L,ssp245,2060_2100,2060,2100,25,65,41,46.889892,40.784730,0.869798,195.732889,gev_mle,gev_mle,,,,False
6931,305,MIROC-ES2L,ssp245,2060_2100,2060,2100,50,65,41,50.766312,43.507977,0.857025,211.116968,gev_mle,gev_mle,,,,False
6931,305,MIROC-ES2L,ssp370,2040_2059,2040,2059,25,65,20,46.889892,34.541328,0.736648,165.769737,gev_mle,gev_mle,,,,False
6931,305,MIROC-ES2L,ssp370,2040_2059,2040,2059,50,65,20,50.766312,35.066692,0.690747,170.156698,gev_mle,gev_mle,,,,False
6931,305,MIROC-ES2L,ssp370,2060_2100,2060,2100,25,65,41,46.889892,41.561465,0.886363,199.460576,gev_mle,gev_mle,,,,False
6931,305,MIROC-ES2L,ssp370,2060_2100,2060,2100,50,65,41,50.766312,45.024330,0.886894,218.474879,gev_mle,gev_mle,,,,False
6931,305,MIROC-ES2L,ssp585,2040_2059,2040,2059,25,65,20,46.889892,44.711653,0.953546,214.578866,gev_mle,gev_mle,,,,False
6931,305,MIROC-ES2L,ssp585,2040_2059,2040,2059,50,65,20,50.766312,51.824993,1.020854,251.474241,gev_mle,gev_mle,,,,False
6931,305,MIROC-ES2L,ssp585,2060_2100,2060,2100,25,65,41,46.889892,40.466926,0.863020,194.207696,gev_mle,gev_mle,,,,False
6931,305,MIROC-ES2L,ssp585,2060_2100,2060,2100,50,65,41,50.766312,43.223144,0.851414,209.734852,gev_mle,gev_mle,,,,False
6931,318,MIROC6,ssp126,2040_2059,2040,2059,25,65,20,40.361519,33.705080,0.835080,187.920129,gev_mle,gev_mle,,,,False
6931,318,MIROC6,ssp126,2040_2059,2040,2059,50,65,20,42.995986,34.019792,0.791232,194.909767,gev_mle,gev_mle,,,,False
6931,318,MIROC6,ssp126,2060_2100,2060,2100,25,65,41,40.361519,41.012663,1.016133,228.663009,gev_mle,gev_mle,,,,False
6931,318,MIROC6,ssp126,2060_2100,2060,2100,50,65,41,42.995986,44.144982,1.026723,252.920076,gev_mle,gev_mle,,,,False
6931,318,MIROC6,ssp245,2040_2059,2040,2059,25,65,20,40.361519,37.424544,0.927233,208.657721,gev_mle,gev_mle,,,,False
6931,318,MIROC6,ssp245,2040_2059,2040,2059,50,65,20,42.995986,39.691269,0.923139,227.403393,gev_mle,gev_mle,,,,False
6931,318,MIROC6,ssp245,2060_2100,2060,2100,25,65,41,40.361519,52.064213,1.289947,290.280090,gev_mle,gev_mle,,,,False
6931,318,MIROC6,ssp245,2060_2100,2060,2100,50,65,41,42.995986,60.996381,1.418653,349.466881,gev_mle,gev_mle,,,,False
6931,318,MIROC6,ssp370,2040_2059,2040,2059,25,65,20,40.361519,36.227544,0.897576,201.983939,gev_mle,gev_mle,,,,False
6931,318,MIROC6,ssp370,2040_2059,2040,2059,50,65,20,42.995986,38.230186,0.889157,219.032401,gev_mle,gev_mle,,,,False
6931,318,MIROC6,ssp370,2060_2100,2060,2100,25,65,41,40.361519,47.356298,1.173303,264.031465,gev_mle,gev_mle,,,,False
6931,318,MIROC6,ssp370,2060_2100,2060,2100,50,65,41,42.995986,54.333743,1.263693,311.294597,gev_mle,gev_mle,,,,False
6931,318,MIROC6,ssp585,2040_2059,2040,2059,25,65,20,40.361519,39.853445,0.987412,222.199873,gev_mle,gev_mle,,,,False
6931,318,MIROC6,ssp585,2040_2059,2040,2059,50,65,20,42.995986,41.961906,0.975949,240.412565,gev_mle,gev_mle,,,,False
6931,318,MIROC6,ssp585,2060_2100,2060,2100,25,65,41,40.361519,57.776457,1.431474,322.128278,gev_mle,gev_mle,,,,False
6931,318,MIROC6,ssp585,2060_2100,2060,2100,50,65,41,42.995986,72.945638,1.696569,417.927820,gev_mle,gev_mle,,,,False
6931,331,MPI-ESM1-2-HR,ssp126,2040_2059,2040,2059,25,65,20,45.923799,41.411686,0.901748,202.922662,gev_mle,gev_mle,,,,False
6931,331,MPI-ESM1-2-HR,ssp126,2040_2059,2040,2059,50,65,20,49.350947,43.822460,0.887976,218.741472,gev_mle,gev_mle,,,,False
6931,331,MPI-ESM1-2-HR,ssp126,2060_2100,2060,2100,25,65,41,45.923799,58.640522,1.276909,287.346204,gev_mle,gev_mle,,,,False
6931,331,MPI-ESM1-2-HR,ssp126,2060_2100,2060,2100,50,65,41,49.350947,69.317641,1.404586,346.001634,gev_mle,gev_mle,,,,False
6931,331,MPI-ESM1-2-HR,ssp245,2040_2059,2040,2059,25,65,20,45.923799,66.144215,1.440304,324.115279,gev_mle,gev_mle,,,,False
6931,331,MPI-ESM1-2-HR,ssp245,2040_2059,2040,2059,50,65,20,49.350947,83.624392,1.694484,417.414326,gev_mle,gev_mle,,,,False
6931,331,MPI-ESM1-2-HR,ssp245,2060_2100,2060,2100,25,65,41,45.923799,54.371167,1.183943,266.425810,gev_mle,gev_mle,,,,False
6931,331,MPI-ESM1-2-HR,ssp245,2060_2100,2060,2100,50,65,41,49.350947,62.169520,1.259743,310.321520,gev_mle,gev_mle,,,,False
6931,331,MPI-ESM1-2-HR,ssp370,2040_2059,2040,2059,25,65,20,45.923799,39.403714,0.858024,193.083339,gev_mle,gev_mle,,,,False
6931,331,MPI-ESM1-2-HR,ssp370,2040_2059,2040,2059,50,65,20,49.350947,42.296569,0.857057,211.124930,gev_mle,gev_mle,,,,False
6931,331,MPI-ESM1-2-HR,ssp370,2060_2100,2060,2100,25,65,41,45.923799,60.425037,1.315767,296.090561,gev_mle,gev_mle,,,,False
6931,331,MPI-ESM1-2-HR,ssp370,2060_2100,2060,2100,50,65,41,49.350947,74.524093,1.510084,371.989836,gev_mle,gev_mle,,,,False
6931,331,MPI-ESM1-2-HR,ssp585,2040_2059,2040,2059,25,65,20,45.923799,43.352012,0.943999,212.430515,gev_mle,gev_mle,,,,False
6931,331,MPI-ESM1-2-HR,ssp585,2040_2059,2040,2059,50,65,20,49.350947,48.580398,0.984386,242.490901,gev_mle,gev_mle,,,,False
6931,331,MPI-ESM1-2-HR,ssp585,2060_2100,2060,2100,25,65,41,45.923799,35.388986,0.770602,173.410648,gev_mle,gev_mle,,,,False
6931,331,MPI-ESM1-2-HR,ssp585,2060_2100,2060,2100,50,65,41,49.350947,36.457023,0.738730,181.976613,gev_mle,gev_mle,,,,False
6931,344,MPI-ESM1-2-LR,ssp126,2040_2059,2040,2059,25,65,20,42.241739,41.966066,0.993474,223.564030,gev_mle,gev_mle,,,,False
6931,344,MPI-ESM1-2-LR,ssp126,2040_2059,2040,2059,50,65,20,44.790198,44.203587,0.986903,243.110883,gev_mle,gev_mle,,,,False
6931,344,MPI-ESM1-2-LR,ssp126,2060_2100,2060,2100,25,65,41,42.241739,41.295829,0.977607,219.993501,gev_mle,gev_mle,,,,False
6931,344,MPI-ESM1-2-LR,ssp126,2060_2100,2060,2100,50,65,41,44.790198,43.720389,0.976115,240.453390,gev_mle,gev_mle,,,,False
6931,344,MPI-ESM1-2-LR,ssp245,2040_2059,2040,2059,25,65,20,42.241739,41.370817,0.979382,220.392982,gev_mle,gev_mle,,,,False
6931,344,MPI-ESM1-2-LR,ssp245,2040_2059,2040,2059,50,65,20,44.790198,44.996444,1.004605,247.471438,gev_mle,gev_mle,,,,False
6931,344,MPI-ESM1-2-LR,ssp245,2060_2100,2060,2100,25,65,41,42.241739,42.215544,0.999380,224.893061,gev_mle,gev_mle,,,,False
6931,344,MPI-ESM1-2-LR,ssp245,2060_2100,2060,2100,50,65,41,44.790198,46.777131,1.044361,257.264860,gev_mle,gev_mle,,,,False
6931,344,MPI-ESM1-2-LR,ssp370,2040_2059,2040,2059,25,65,20,42.241739,39.269957,0.929648,209.201162,gev_mle,gev_mle,,,,False
6931,344,MPI-ESM1-2-LR,ssp370,2040_2059,2040,2059,50,65,20,44.790198,40.821609,0.911396,224.510679,gev_mle,gev_mle,,,,False
6931,344,MPI-ESM1-2-LR,ssp370,2060_2100,2060,2100,25,65,41,42.241739,40.913219,0.968550,217.955243,gev_mle,gev_mle,,,,False
6931,344,MPI-ESM1-2-LR,ssp370,2060_2100,2060,2100,50,65,41,44.790198,43.176053,0.963962,237.459651,gev_mle,gev_mle,,,,False
6931,344,MPI-ESM1-2-LR,ssp585,2040_2059,2040,2059,25,65,20,42.241739,46.528809,1.101489,247.870933,gev_mle,gev_mle,,,,False
6931,344,MPI-ESM1-2-LR,ssp585,2040_2059,2040,2059,50,65,20,44.790198,55.150644,1.231311,303.317503,gev_mle,gev_mle,,,,False
6931,344,MPI-ESM1-2-LR,ssp585,2060_2100,2060,2100,25,65,41,42.241739,46.048977,1.090130,245.314745,gev_mle,gev_mle,,,,False
6931,344,MPI-ESM1-2-LR,ssp585,2060_2100,2060,2100,50,65,41,44.790198,52.529901,1.172799,288.903943,gev_mle,gev_mle,,,,False
6931,357,MRI-ESM2-0,ssp126,2040_2059,2040,2059,25,65,20,45.160357,55.555038,1.230173,276.828967,gev_mle,gev_mle,,,,False
6931,357,MRI-ESM2-0,ssp126,2040_2059,2040,2059,50,65,20,47.335542,67.443747,1.424801,350.981481,gev_mle,gev_mle,,,,False
6931,357,MRI-ESM2-0,ssp126,2060_2100,2060,2100,25,65,41,45.160357,64.306923,1.423968,320.439332,gev_mle,gev_mle,,,,False
6931,357,MRI-ESM2-0,ssp126,2060_2100,2060,2100,50,65,41,47.335542,76.568105,1.617561,398.465212,gev_mle,gev_mle,,,,False
6931,357,MRI-ESM2-0,ssp245,2040_2059,2040,2059,25,65,20,45.160357,43.884529,0.971749,218.675198,gev_mle,gev_mle,,,,False
6931,357,MRI-ESM2-0,ssp245,2040_2059,2040,2059,50,65,20,47.335542,46.261027,0.977300,240.745282,gev_mle,gev_mle,,,,False
6931,357,MRI-ESM2-0,ssp245,2060_2100,2060,2100,25,65,41,45.160357,47.887945,1.060398,238.624093,gev_mle,gev_mle,,,,False
6931,357,MRI-ESM2-0,ssp245,2060_2100,2060,2100,50,65,41,47.335542,51.473015,1.087407,267.868790,gev_mle,gev_mle,,,,False
6931,357,MRI-ESM2-0,ssp370,2040_2059,2040,2059,25,65,20,45.160357,43.673486,0.967076,217.623579,gev_mle,gev_mle,,,,False
6931,357,MRI-ESM2-0,ssp370,2040_2059,2040,2059,50,65,20,47.335542,44.638866,0.943031,232.303452,gev_mle,gev_mle,,,,False
6931,357,MRI-ESM2-0,ssp370,2060_2100,2060,2100,25,65,41,45.160357,53.371540,1.181823,265.948667,gev_mle,gev_mle,,,,False
6931,357,MRI-ESM2-0,ssp370,2060_2100,2060,2100,50,65,41,47.335542,60.773977,1.283897,316.271582,gev_mle,gev_mle,,,,False
6931,357,MRI-ESM2-0,ssp585,2040_2059,2040,2059,25,65,20,45.160357,114.698040,2.539795,571.536648,gev_mle,gev_mle,,,,False
6931,357,MRI-ESM2-0,ssp585,2040_2059,2040,2059,50,65,20,47.335542,192.605699,4.068945,1002.332116,gev_mle,gev_mle,,,,False
6931,357,MRI-ESM2-0,ssp585,2060_2100,2060,2100,25,65,41,45.160357,46.557984,1.030948,231.996939,gev_mle,gev_mle,,,,False
6931,357,MRI-ESM2-0,ssp585,2060_2100,2060,2100,50,65,41,47.335542,50.922187,1.075771,265.002246,gev_mle,gev_mle,,,,False
6931,370,NESM3,ssp126,2040_2059,2040,2059,25,65,20,44.757684,70.543317,1.576116,354.677565,gev_mle,gev_mle,,,,False
6931,370,NESM3,ssp126,2040_2059,2040,2059,50,65,20,48.393936,92.722648,1.915997,471.981244,gev_mle,gev_mle,,,,False
6931,370,NESM3,ssp126,2060_2100,2060,2100,25,65,41,44.757684,54.295122,1.213091,272.984923,gev_mle,gev_mle,,,,False
6931,370,NESM3,ssp126,2060_2100,2060,2100,50,65,41,48.393936,63.640847,1.315058,323.947673,gev_mle,gev_mle,,,,False
6931,370,NESM3,ssp245,2040_2059,2040,2059,25,65,20,44.757684,71.783692,1.603829,360.913924,gev_mle,gev_mle,,,,False
6931,370,NESM3,ssp245,2040_2059,2040,2059,50,65,20,48.393936,97.137035,2.007215,494.451566,gev_mle,gev_mle,,,,False
6931,370,NESM3,ssp245,2060_2100,2060,2100,25,65,41,44.757684,42.928163,0.959124,215.834147,gev_mle,gev_mle,,,,False
6931,370,NESM3,ssp245,2060_2100,2060,2100,50,65,41,48.393936,47.311817,0.977639,240.828864,gev_mle,gev_mle,,,,False
6931,370,NESM3,ssp370,2040_2059,2040,2059,25,65,0,44.757684,,,,gev_mle,nao_determinado,,n_insuficiente,,False
6931,370,NESM3,ssp370,2040_2059,2040,2059,50,65,0,48.393936,,,,gev_mle,nao_determinado,,n_insuficiente,,False
6931,370,NESM3,ssp370,2060_2100,2060,2100,25,65,0,44.757684,,,,gev_mle,nao_determinado,,n_insuficiente,,False
6931,370,NESM3,ssp370,2060_2100,2060,2100,50,65,0,48.393936,,,,gev_mle,nao_determinado,,n_insuficiente,,False
6931,370,NESM3,ssp585,2040_2059,2040,2059,25,65,20,44.757684,39.026561,0.871952,196.217677,gev_mle,gev_mle,,,,False
6931,370,NESM3,ssp585,2040_2059,2040,2059,50,65,20,48.393936,41.231521,0.851998,209.878656,gev_mle,gev_mle,,,,False
6931,370,NESM3,ssp585,2060_2100,2060,2100,25,65,41,44.757684,39.669466,0.886316,199.450071,gev_mle,gev_mle,,,,False
6931,370,NESM3,ssp585,2060_2100,2060,2100,50,65,41,48.393936,44.640508,0.922440,227.231241,gev_mle,gev_mle,,,,False
6931,379,NorESM2-LM,ssp126,2040_2059,2040,2059,25,65,20,41.177046,35.755085,0.868326,195.401582,gev_mle,gev_mle,,,,False
6931,379,NorESM2-LM,ssp126,2040_2059,2040,2059,50,65,20,44.246584,38.197381,0.863284,212.658973,gev_mle,gev_mle,,,,False
6931,379,NorESM2-LM,ssp126,2060_2100,2060,2100,25,65,41,41.177046,42.479046,1.031620,232.148038,gev_mle,gev_mle,,,,False
6931,379,NorESM2-LM,ssp126,2060_2100,2060,2100,50,65,41,44.246584,48.378303,1.093379,269.339934,gev_mle,gev_mle,,,,False
6931,379,NorESM2-LM,ssp245,2040_2059,2040,2059,25,65,0,41.177046,,,,gev_mle,nao_determinado,,n_insuficiente,,False
6931,379,NorESM2-LM,ssp245,2040_2059,2040,2059,50,65,0,44.246584,,,,gev_mle,nao_determinado,,n_insuficiente,,False
6931,379,NorESM2-LM,ssp245,2060_2100,2060,2100,25,65,0,41.177046,,,,gev_mle,nao_determinado,,n_insuficiente,,False
6931,379,NorESM2-LM,ssp245,2060_2100,2060,2100,50,65,0,44.246584,,,,gev_mle,nao_determinado,,n_insuficiente,,False
6931,379,NorESM2-LM,ssp370,2040_2059,2040,2059,25,65,20,41.177046,36.352477,0.882834,198.666330,gev_mle,gev_mle,,,,False
6931,379,NorESM2-LM,ssp370,2040_2059,2040,2059,50,65,20,44.246584,38.159090,0.862419,212.445793,gev_mle,gev_mle,,,,False
6931,379,NorESM2-LM,ssp370,2060_2100,2060,2100,25,65,41,41.177046,61.932733,1.504060,338.462461,gev_mle,gev_mle,,,,False
6931,379,NorESM2-LM,ssp370,2060_2100,2060,2100,50,65,41,44.246584,83.272793,1.882016,463.610488,gev_mle,gev_mle,,,,False
6931,379,NorESM2-LM,ssp585,2040_2059,2040,2059,25,65,20,41.177046,34.179920,0.830072,186.793303,gev_mle,gev_mle,,,,False
6931,379,NorESM2-LM,ssp585,2040_2059,2040,2059,50,65,20,44.246584,36.626667,0.827785,203.914222,gev_mle,gev_mle,,,,False
6931,379,NorESM2-LM,ssp585,2060_2100,2060,2100,25,65,41,41.177046,33.141643,0.804857,181.119119,gev_mle,gev_mle,,,,False
6931,379,NorESM2-LM,ssp585,2060_2100,2060,2100,50,65,41,44.246584,35.022923,0.791540,194.985585,gev_mle,gev_mle,,,,False
6931,380,NorESM2-MM,ssp126,2040_2059,2040,2059,25,65,20,52.712881,44.763681,0.849198,191.097276,gev_mle,gev_mle,,,,False
6931,380,NorESM2-MM,ssp126,2040_2059,2040,2059,50,65,20,60.015959,48.071742,0.800983,197.311761,gev_mle,gev_mle,,,,False
6931,380,NorESM2-MM,ssp126,2060_2100,2060,2100,25,65,41,52.712881,47.632658,0.903625,203.345009,gev_mle,gev_mle,,,,False
6931,380,NorESM2-MM,ssp126,2060_2100,2060,2100,50,65,41,60.015959,52.872802,0.880979,217.017840,gev_mle,gev_mle,,,,False
6931,380,NorESM2-MM,ssp245,2040_2059,2040,2059,25,65,20,52.712881,59.367572,1.126244,253.441649,gev_mle,gev_mle,,,,False
6931,380,NorESM2-MM,ssp245,2040_2059,2040,2059,50,65,20,60.015959,73.620780,1.226687,302.178474,gev_mle,gev_mle,,,,False
6931,380,NorESM2-MM,ssp245,2060_2100,2060,2100,25,65,41,52.712881,55.489293,1.052670,236.885181,gev_mle,gev_mle,,,,False
6931,380,NorESM2-MM,ssp245,2060_2100,2060,2100,50,65,41,60.015959,62.452526,1.040599,256.338076,gev_mle,gev_mle,,,,False
6931,380,NorESM2-MM,ssp370,2040_2059,2040,2059,25,65,20,52.712881,58.022857,1.100734,247.701029,gev_mle,gev_mle,,,,False
6931,380,NorESM2-MM,ssp370,2040_2059,2040,2059,50,65,20,60.015959,73.420165,1.223344,301.355045,gev_mle,gev_mle,,,,False
6931,380,NorESM2-MM,ssp370,2060_2100,2060,2100,25,65,41,52.712881,45.404955,0.861364,193.834891,gev_mle,gev_mle,,,,False
6931,380,NorESM2-MM,ssp370,2060_2100,2060,2100,50,65,41,60.015959,50.588389,0.842916,207.641405,gev_mle,gev_mle,,,,False
6931,380,NorESM2-MM,ssp585,2040_2059,2040,2059,25,65,20,52.712881,74.428339,1.411957,317.736443,gev_mle,gev_mle,,,,False
6931,380,NorESM2-MM,ssp585,2040_2059,2040,2059,50,65,20,60.015959,108.639799,1.810182,445.914983,gev_mle,gev_mle,,,,False
6931,380,NorESM2-MM,ssp585,2060_2100,2060,2100,25,65,41,52.712881,59.651045,1.131622,254.651802,gev_mle,gev_mle,,,,False
6931,380,NorESM2-MM,ssp585,2060_2100,2060,2100,50,65,41,60.015959,74.150500,1.235513,304.352725,gev_mle,gev_mle,,,,False
6931,381,UKESM1-0-LL,ssp126,2040_2059,2040,2059,25,65,20,41.996992,71.467318,1.701725,382.943539,gev_mle,gev_mle,,,,False
6931,381,UKESM1-0-LL,ssp126,2040_2059,2040,2059,50,65,20,45.258609,104.415265,2.307081,568.319636,gev_mle,gev_mle,,,,False
6931,381,UKESM1-0-LL,ssp126,2060_2100,2060,2100,25,65,41,41.996992,53.313149,1.269452,285.668001,gev_mle,gev_mle,,,,False
6931,381,UKESM1-0-LL,ssp126,2060_2100,2060,2100,50,65,41,45.258609,61.300778,1.354456,333.652705,gev_mle,gev_mle,,,,False
6931,381,UKESM1-0-LL,ssp245,2040_2059,2040,2059,25,65,0,41.996992,,,,gev_mle,nao_determinado,,n_insuficiente,,False
6931,381,UKESM1-0-LL,ssp245,2040_2059,2040,2059,50,65,0,45.258609,,,,gev_mle,nao_determinado,,n_insuficiente,,False
6931,381,UKESM1-0-LL,ssp245,2060_2100,2060,2100,25,65,0,41.996992,,,,gev_mle,nao_determinado,,n_insuficiente,,False
6931,381,UKESM1-0-LL,ssp245,2060_2100,2060,2100,50,65,0,45.258609,,,,gev_mle,nao_determinado,,n_insuficiente,,False
6931,381,UKESM1-0-LL,ssp370,2040_2059,2040,2059,25,65,0,41.996992,,,,gev_mle,nao_determinado,,n_insuficiente,,False
6931,381,UKESM1-0-LL,ssp370,2040_2059,2040,2059,50,65,0,45.258609,,,,gev_mle,nao_determinado,,n_insuficiente,,False
6931,381,UKESM1-0-LL,ssp370,2060_2100,2060,2100,25,65,0,41.996992,,,,gev_mle,nao_determinado,,n_insuficiente,,False
6931,381,UKESM1-0-LL,ssp370,2060_2100,2060,2100,50,65,0,45.258609,,,,gev_mle,nao_determinado,,n_insuficiente,,False
6931,381,UKESM1-0-LL,ssp585,2040_2059,2040,2059,25,65,20,41.996992,68.332881,1.627090,366.148275,gev_mle,gev_mle,,,,False
6931,381,UKESM1-0-LL,ssp585,2040_2059,2040,2059,50,65,20,45.258609,86.913081,1.920366,473.057366,gev_mle,gev_mle,,,,False
6931,381,UKESM1-0-LL,ssp585,2060_2100,2060,2100,25,65,41,41.996992,57.210786,1.362259,306.552723,gev_mle,gev_mle,,,,False
6931,381,UKESM1-0-LL,ssp585,2060_2100,2060,2100,50,65,41,45.258609,71.465961,1.579058,388.980564,gev_mle,gev_mle,,,,False
18355,1,ACCESS-CM2,ssp126,2040_2059,2040,2059,25,65,20,40.792581,35.964982,0.881655,198.401114,gev_mle,gev_mle,,,,False
18355,1,ACCESS-CM2,ssp126,2040_2059,2040,2059,50,65,20,42.711040,37.492938,0.877828,216.241571,gev_mle,gev_mle,,,,False
18355,1,ACCESS-CM2,ssp126,2060_2100,2060,2100,25,65,41,40.792581,54.344325,1.332211,299.790911,gev_mle,gev_mle,,,,False
18355,1,ACCESS-CM2,ssp126,2060_2100,2060,2100,50,65,41,42.711040,62.341298,1.459606,359.555185,gev_mle,gev_mle,,,,False
18355,1,ACCESS-CM2,ssp245,2040_2059,2040,2059,25,65,20,40.792581,46.041754,1.128680,253.989711,gev_mle,gev_mle,,,,False
18355,1,ACCESS-CM2,ssp245,2040_2059,2040,2059,50,65,20,42.711040,50.834120,1.190187,293.187215,gev_mle,gev_mle,,,,False
18355,1,ACCESS-CM2,ssp245,2060_2100,2060,2100,25,65,41,40.792581,44.852198,1.099519,247.427517,gev_mle,gev_mle,,,,False
18355,1,ACCESS-CM2,ssp245,2060_2100,2060,2100,50,65,41,42.711040,50.398694,1.179992,290.675884,gev_mle,gev_mle,,,,False
18355,1,ACCESS-CM2,ssp370,2040_2059,2040,2059,25,65,20,40.792581,41.879399,1.026643,231.028043,gev_mle,gev_mle,,,,False
18355,1,ACCESS-CM2,ssp370,2040_2059,2040,2059,50,65,20,42.711040,43.631599,1.021553,251.646472,gev_mle,gev_mle,,,,False
18355,1,ACCESS-CM2,ssp370,2060_2100,2060,2100,25,65,41,40.792581,48.468324,1.188165,267.375902,gev_mle,gev_mle,,,,False
18355,1,ACCESS-CM2,ssp370,2060_2100,2060,2100,50,65,41,42.711040,53.837428,1.260504,310.508878,gev_mle,gev_mle,,,,False
18355,1,ACCESS-CM2,ssp585,2040_2059,2040,2059,25,65,20,40.792581,49.557846,1.214874,273.386262,gev_mle,gev_mle,,,,False
18355,1,ACCESS-CM2,ssp585,2040_2059,2040,2059,50,65,20,42.711040,59.151432,1.384921,341.157545,gev_mle,gev_mle,,,,False
18355,1,ACCESS-CM2,ssp585,2060_2100,2060,2100,25,65,41,40.792581,56.719383,1.390434,312.892938,gev_mle,gev_mle,,,,False
18355,1,ACCESS-CM2,ssp585,2060_2100,2060,2100,50,65,41,42.711040,69.946479,1.637667,403.418283,gev_mle,gev_mle,,,,False
18355,14,ACCESS-ESM1-5,ssp126,2040_2059,2040,2059,25,65,40,42.772573,30.397324,0.710673,159.924654,gev_mle,gev_mle,,,,False
18355,14,ACCESS-ESM1-5,ssp126,2040_2059,2040,2059,50,65,40,45.567959,30.908868,0.678303,167.091128,gev_mle,gev_mle,,,,False
18355,14,ACCESS-ESM1-5,ssp126,2060_2100,2060,2100,25,65,82,42.772573,33.602241,0.785603,176.786183,gev_mle,gev_mle,,,,False
18355,14,ACCESS-ESM1-5,ssp126,2060_2100,2060,2100,50,65,82,45.567959,34.808118,0.763873,188.170195,gev_mle,gev_mle,,,,False
18355,14,ACCESS-ESM1-5,ssp245,2040_2059,2040,2059,25,65,20,42.772573,45.001100,1.052102,236.757204,gev_mle,gev_mle,,,,False
18355,14,ACCESS-ESM1-5,ssp245,2040_2059,2040,2059,50,65,20,45.567959,50.229401,1.102296,271.536544,gev_mle,gev_mle,,,,False
18355,14,ACCESS-ESM1-5,ssp245,2060_2100,2060,2100,25,65,41,42.772573,32.661938,0.763619,171.839111,gev_mle,gev_mle,,,,False
18355,14,ACCESS-ESM1-5,ssp245,2060_2100,2060,2100,50,65,41,45.567959,34.146405,0.749351,184.593019,gev_mle,gev_mle,,,,False
18355,14,ACCESS-ESM1-5,ssp370,2040_2059,2040,2059,25,65,20,42.772573,36.494470,0.853221,192.002608,gev_mle,gev_mle,,,,False
18355,14,ACCESS-ESM1-5,ssp370,2040_2059,2040,2059,50,65,20,45.567959,40.157896,0.881275,217.090714,gev_mle,gev_mle,,,,False
18355,14,ACCESS-ESM1-5,ssp370,2060_2100,2060,2100,25,65,41,42.772573,32.912508,0.769477,173.157395,gev_mle,gev_mle,,,,False
18355,14,ACCESS-ESM1-5,ssp370,2060_2100,2060,2100,50,65,41,45.567959,34.225837,0.751094,185.022426,gev_mle,gev_mle,,,,False
18355,14,ACCESS-ESM1-5,ssp585,2040_2059,2040,2059,25,65,20,42.772573,34.633955,0.809723,182.214174,gev_mle,gev_mle,,,,False
18355,14,ACCESS-ESM1-5,ssp585,2040_2059,2040,2059,50,65,20,45.567959,35.941264,0.788740,194.295899,gev_mle,gev_mle,,,,False
18355,14,ACCESS-ESM1-5,ssp585,2060_2100,2060,2100,25,65,41,42.772573,34.545963,0.807666,181.751238,gev_mle,gev_mle,,,,False
18355,14,ACCESS-ESM1-5,ssp585,2060_2100,2060,2100,50,65,41,45.567959,36.886963,0.809493,199.408282,gev_mle,gev_mle,,,,False
18355,30,BCC-CSM2-MR,ssp126,2040_2059,2040,2059,25,65,40,41.824690,43.251140,1.034105,232.707446,gev_mle,gev_mle,,,,False
18355,30,BCC-CSM2-MR,ssp126,2040_2059,2040,2059,50,65,40,43.542060,45.115706,1.036141,255.239948,gev_mle,gev_mle,,,,False
18355,30,BCC-CSM2-MR,ssp126,2060_2100,2060,2100,25,65,82,41.824690,52.749115,1.261196,283.810138,gev_mle,gev_mle,,,,False
18355,30,BCC-CSM2-MR,ssp126,2060_2100,2060,2100,50,65,82,43.542060,62.590858,1.437480,354.104785,gev_mle,gev_mle,,,,False
18355,30,BCC-CSM2-MR,ssp245,2040_2059,2040,2059,25,65,20,41.824690,39.292815,0.939465,211.410166,gev_mle,gev_mle,,,,False
18355,30,BCC-CSM2-MR,ssp245,2040_2059,2040,2059,50,65,20,43.542060,41.285168,0.948168,233.568866,gev_mle,gev_mle,,,,False
18355,30,BCC-CSM2-MR,ssp245,2060_2100,2060,2100,25,65,41,41.824690,43.220382,1.033370,232.541958,gev_mle,gev_mle,,,,False
18355,30,BCC-CSM2-MR,ssp245,2060_2100,2060,2100,50,65,41,43.542060,48.411895,1.111842,273.887980,gev_mle,gev_mle,,,,False
18355,30,BCC-CSM2-MR,ssp370,2040_2059,2040,2059,25,65,20,41.824690,40.317875,0.963973,216.925377,gev_mle,gev_mle,,,,False
18355,30,BCC-CSM2-MR,ssp370,2040_2059,2040,2059,50,65,20,43.542060,43.224987,0.992718,244.543295,gev_mle,gev_mle,,,,False
18355,30,BCC-CSM2-MR,ssp370,2060_2100,2060,2100,25,65,41,41.824690,38.570182,0.922187,207.522128,gev_mle,gev_mle,,,,False
18355,30,BCC-CSM2-MR,ssp370,2060_2100,2060,2100,50,65,41,43.542060,42.117265,0.967278,238.276413,gev_mle,gev_mle,,,,False
18355,30,BCC-CSM2-MR,ssp585,2040_2059,2040,2059,25,65,20,41.824690,36.510275,0.872936,196.439052,gev_mle,gev_mle,,,,False
18355,30,BCC-CSM2-MR,ssp585,2040_2059,2040,2059,50,65,20,43.542060,38.296855,0.879537,216.662628,gev_mle,gev_mle,,,,False
18355,30,BCC-CSM2-MR,ssp585,2060_2100,2060,2100,25,65,41,41.824690,39.868742,0.953235,214.508873,gev_mle,gev_mle,,,,False
18355,30,BCC-CSM2-MR,ssp585,2060_2100,2060,2100,50,65,41,43.542060,43.916179,1.008592,248.453682,gev_mle,gev_mle,,,,False
18355,46,CESM2-WACCM,ssp126,2040_2059,2040,2059,25,65,0,44.891829,,,,gev_mle,nao_determinado,,n_insuficiente,,False
18355,46,CESM2-WACCM,ssp126,2040_2059,2040,2059,50,65,0,47.834892,,,,gev_mle,nao_determinado,,n_insuficiente,,False
18355,46,CESM2-WACCM,ssp126,2060_2100,2060,2100,25,65,0,44.891829,,,,gev_mle,nao_determinado,,n_insuficiente,,False
18355,46,CESM2-WACCM,ssp126,2060_2100,2060,2100,50,65,0,47.834892,,,,gev_mle,nao_determinado,,n_insuficiente,,False
18355,46,CESM2-WACCM,ssp245,2040_2059,2040,2059,25,65,20,44.891829,50.307897,1.120647,252.182135,gev_mle,gev_mle,,,,False
18355,46,CESM2-WACCM,ssp245,2040_2059,2040,2059,50,65,20,47.834892,57.937739,1.211202,298.364127,gev_mle,gev_mle,,,,False
18355,46,CESM2-WACCM,ssp245,2060_2100,2060,2100,25,65,41,44.891829,59.719256,1.330292,299.359150,gev_mle,gev_mle,,,,False
18355,46,CESM2-WACCM,ssp245,2060_2100,2060,2100,50,65,41,47.834892,72.576343,1.517226,373.749091,gev_mle,gev_mle,,,,False
18355,46,CESM2-WACCM,ssp370,2040_2059,2040,2059,25,65,0,44.891829,,,,gev_mle,nao_determinado,,n_insuficiente,,False
18355,46,CESM2-WACCM,ssp370,2040_2059,2040,2059,50,65,0,47.834892,,,,gev_mle,nao_determinado,,n_insuficiente,,False
18355,46,CESM2-WACCM,ssp370,2060_2100,2060,2100,25,65,0,44.891829,,,,gev_mle,nao_determinado,,n_insuficiente,,False
18355,46,CESM2-WACCM,ssp370,2060_2100,2060,2100,50,65,0,47.834892,,,,gev_mle,nao_determinado,,n_insuficiente,,False
18355,46,CESM2-WACCM,ssp585,2040_2059,2040,2059,25,65,20,44.891829,49.146359,1.094773,246.359606,gev_mle,gev_mle,,,,False
18355,46,CESM2-WACCM,ssp585,2040_2059,2040,2059,50,65,20,47.834892,58.199352,1.216672,299.711368,gev_mle,gev_mle,,,,False
18355,46,CESM2-WACCM,ssp585,2060_2100,2060,2100,25,65,41,44.891829,60.099429,1.338761,301.264871,gev_mle,gev_mle,,,,False
18355,46,CESM2-WACCM,ssp585,2060_2100,2060,2100,50,65,41,47.834892,69.046864,1.443441,355.573202,gev_mle,gev_mle,,,,False
18355,53,CESM2,ssp126,2040_2059,2040,2059,25,65,40,45.926296,41.747626,0.909014,204.557692,gev_mle,gev_mle,,,,False
18355,53,CESM2,ssp126,2040_2059,2040,2059,50,65,40,48.756044,44.709697,0.917008,225.893188,gev_mle,gev_mle,,,,False
18355,53,CESM2,ssp126,2060_2100,2060,2100,25,65,82,45.926296,48.861794,1.063918,239.416149,gev_mle,gev_mle,,,,False
18355,53,CESM2,ssp126,2060_2100,2060,2100,50,65,82,48.756044,54.880008,1.125604,277.278103,gev_mle,gev_mle,,,,False
18355,53,CESM2,ssp245,2040_2059,2040,2059,25,65,20,45.926296,57.784555,1.258202,283.136460,gev_mle,gev_mle,,,,False
18355,53,CESM2,ssp245,2040_2059,2040,2059,50,65,20,48.756044,66.229354,1.358382,334.620025,gev_mle,gev_mle,,,,False
18355,53,CESM2,ssp245,2060_2100,2060,2100,25,65,41,45.926296,44.350221,0.965683,217.310052,gev_mle,gev_mle,,,,False
18355,53,CESM2,ssp245,2060_2100,2060,2100,50,65,41,48.756044,48.520495,0.995169,245.147026,gev_mle,gev_mle,,,,False
18355,53,CESM2,ssp370,2040_2059,2040,2059,25,65,20,45.926296,68.716726,1.496239,336.702614,gev_mle,gev_mle,,,,False
18355,53,CESM2,ssp370,2040_2059,2040,2059,50,65,20,48.756044,83.361172,1.709761,421.177554,gev_mle,gev_mle,,,,False
18355,53,CESM2,ssp370,2060_2100,2060,2100,25,65,41,45.926296,44.277767,0.964105,216.955036,gev_mle,gev_mle,,,,False
18355,53,CESM2,ssp370,2060_2100,2060,2100,50,65,41,48.756044,49.111580,1.007292,248.133450,gev_mle,gev_mle,,,,False
18355,53,CESM2,ssp585,2040_2059,2040,2059,25,65,20,45.926296,38.286659,0.833654,187.599424,gev_mle,gev_mle,,,,False
18355,53,CESM2,ssp585,2040_2059,2040,2059,50,65,20,48.756044,38.972020,0.799327,196.903901,gev_mle,gev_mle,,,,False
18355,53,CESM2,ssp585,2060_2100,2060,2100,25,65,41,45.926296,68.755949,1.497093,336.894803,gev_mle,gev_mle,,,,False
18355,53,CESM2,ssp585,2060_2100,2060,2100,50,65,41,48.756044,88.828729,1.821902,448.802075,gev_mle,gev_mle,,,,False
18355,69,CMCC-CM2-SR5,ssp126,2040_2059,2040,2059,25,65,20,45.438722,53.551910,1.178552,265.212691,gev_mle,gev_mle,,,,False
18355,69,CMCC-CM2-SR5,ssp126,2040_2059,2040,2059,50,65,20,48.931832,63.712610,1.302069,320.747874,gev_mle,gev_mle,,,,False
18355,69,CMCC-CM2-SR5,ssp126,2060_2100,2060,2100,25,65,41,45.438722,70.094373,1.542613,347.138272,gev_mle,gev_mle,,,,False
18355,69,CMCC-CM2-SR5,ssp126,2060_2100,2060,2100,50,65,41,48.931832,92.099901,1.882208,463.657784,gev_mle,gev_mle,,,,False
18355,69,CMCC-CM2-SR5,ssp245,2040_2059,2040,2059,25,65,20,45.438722,71.469028,1.572866,353.946170,gev_mle,gev_mle,,,,False
18355,69,CMCC-CM2-SR5,ssp245,2040_2059,2040,2059,50,65,20,48.931832,88.233571,1.803194,444.193551,gev_mle,gev_mle,,,,False
18355,69,CMCC-CM2-SR5,ssp245,2060_2100,2060,2100,25,65,41,45.438722,67.742636,1.490857,335.491431,gev_mle,gev_mle,,,,False
18355,69,CMCC-CM2-SR5,ssp245,2060_2100,2060,2100,50,65,41,48.931832,86.566501,1.769124,435.801034,gev_mle,gev_mle,,,,False
18355,69,CMCC-CM2-SR5,ssp370,2040_2059,2040,2059,25,65,20,45.438722,50.614818,1.113914,250.666918,gev_mle,gev_mle,,,,False
18355,69,CMCC-CM2-SR5,ssp370,2040_2059,2040,2059,50,65,20,48.931832,58.171280,1.188823,292.851200,gev_mle,gev_mle,,,,False
18355,69,CMCC-CM2-SR5,ssp370,2060_2100,2060,2100,25,65,41,45.438722,77.032275,1.695300,381.497823,gev_mle,gev_mle,,,,False
18355,69,CMCC-CM2-SR5,ssp370,2060_2100,2060,2100,50,65,41,48.931832,102.192127,2.088459,514.464996,gev_mle,gev_mle,,,,False
18355,69,CMCC-CM2-SR5,ssp585,2040_2059,2040,2059,25,65,20,45.438722,67.030740,1.475190,331.965809,gev_mle,gev_mle,,,,False
18355,69,CMCC-CM2-SR5,ssp585,2040_2059,2040,2059,50,65,20,48.931832,82.241367,1.680733,414.027044,gev_mle,gev_mle,,,,False
18355,69,CMCC-CM2-SR5,ssp585,2060_2100,2060,2100,25,65,41,45.438722,62.181806,1.368476,307.951747,gev_mle,gev_mle,,,,False
18355,69,CMCC-CM2-SR5,ssp585,2060_2100,2060,2100,50,65,41,48.931832,80.349792,1.642076,404.504307,gev_mle,gev_mle,,,,False
18355,82,CMCC-ESM2,ssp126,2040_2059,2040,2059,25,65,20,53.037427,68.883467,1.298771,292.265805,gev_mle,gev_mle,,,,False
18355,82,CMCC-ESM2,ssp126,2040_2059,2040,2059,50,65,20,58.534172,84.965190,1.451549,357.570284,gev_mle,gev_mle,,,,False
18355,82,CMCC-ESM2,ssp126,2060_2100,2060,2100,25,65,41,53.037427,47.762463,0.900543,202.651452,gev_mle,gev_mle,,,,False
18355,82,CMCC-ESM2,ssp126,2060_2100,2060,2100,50,65,41,58.534172,56.176306,0.959718,236.414204,gev_mle,gev_mle,,,,False
18355,82,CMCC-ESM2,ssp245,2040_2059,2040,2059,25,65,20,53.037427,43.615729,0.822358,185.057265,gev_mle,gev_mle,,,,False
18355,82,CMCC-ESM2,ssp245,2040_2059,2040,2059,50,65,20,58.534172,47.100000,0.804658,198.217179,gev_mle,gev_mle,,,,False
18355,82,CMCC-ESM2,ssp245,2060_2100,2060,2100,25,65,41,53.037427,43.816516,0.826143,185.909187,gev_mle,gev_mle,,,,False
18355,82,CMCC-ESM2,ssp245,2060_2100,2060,2100,50,65,41,58.534172,48.276505,0.824758,203.168424,gev_mle,gev_mle,,,,False
18355,82,CMCC-ESM2,ssp370,2040_2059,2040,2059,25,65,20,53.037427,35.907774,0.677027,152.353170,gev_mle,gev_mle,,,,False
18355,82,CMCC-ESM2,ssp370,2040_2059,2040,2059,50,65,20,58.534172,37.937493,0.648126,159.657388,gev_mle,gev_mle,,,,False
18355,82,CMCC-ESM2,ssp370,2060_2100,2060,2100,25,65,41,53.037427,50.184205,0.946204,212.926667,gev_mle,gev_mle,,,,False
18355,82,CMCC-ESM2,ssp370,2060_2100,2060,2100,50,65,41,58.534172,55.214160,0.943281,232.365077,gev_mle,gev_mle,,,,False
18355,82,CMCC-ESM2,ssp585,2040_2059,2040,2059,25,65,20,53.037427,38.381528,0.723669,162.849065,gev_mle,gev_mle,,,,False
18355,82,CMCC-ESM2,ssp585,2040_2059,2040,2059,50,65,20,58.534172,40.671351,0.694831,171.162643,gev_mle,gev_mle,,,,False
18355,82,CMCC-ESM2,ssp585,2060_2100,2060,2100,25,65,41,53.037427,60.346275,1.137805,256.043332,gev_mle,gev_mle,,,,False
18355,82,CMCC-ESM2,ssp585,2060_2100,2060,2100,50,65,41,58.534172,79.151980,1.352235,333.105782,gev_mle,gev_mle,,,,False
18355,95,CNRM-CM6-1,ssp126,2040_2059,2040,2059,25,65,20,42.772573,40.593873,0.949063,213.570156,gev_mle,gev_mle,,,,False
18355,95,CNRM-CM6-1,ssp126,2040_2059,2040,2059,50,65,20,45.567959,42.655149,0.936078,230.590685,gev_mle,gev_mle,,,,False
18355,95,CNRM-CM6-1,ssp126,2060_2100,2060,2100,25,65,41,42.772573,44.368588,1.037314,233.429466,gev_mle,gev_mle,,,,False
18355,95,CNRM-CM6-1,ssp126,2060_2100,2060,2100,50,65,41,45.567959,47.618213,1.044993,257.420649,gev_mle,gev_mle,,,,False
18355,95,CNRM-CM6-1,ssp245,2040_2059,2040,2059,25,65,20,42.772573,57.750369,1.350173,303.832925,gev_mle,gev_mle,,,,False
18355,95,CNRM-CM6-1,ssp245,2040_2059,2040,2059,50,65,20,45.567959,64.286698,1.410787,347.529285,gev_mle,gev_mle,,,,False
18355,95,CNRM-CM6-1,ssp245,2060_2100,2060,2100,25,65,41,42.772573,49.080375,1.147473,258.218851,gev_mle,gev_mle,,,,False
18355,95,CNRM-CM6-1,ssp245,2060_2100,2060,2100,50,65,41,45.567959,54.161752,1.188593,292.794553,gev_mle,gev_mle,,,,False
18355,95,CNRM-CM6-1,ssp370,2040_2059,2040,2059,25,65,20,42.772573,49.021583,1.146099,257.909540,gev_mle,gev_mle,,,,False
18355,95,CNRM-CM6-1,ssp370,2040_2059,2040,2059,50,65,20,45.567959,53.879389,1.182396,291.268120,gev_mle,gev_mle,,,,False
18355,95,CNRM-CM6-1,ssp370,2060_2100,2060,2100,25,65,41,42.772573,44.632124,1.043475,234.815966,gev_mle,gev_mle,,,,False
18355,95,CNRM-CM6-1,ssp370,2060_2100,2060,2100,50,65,41,45.567959,47.647171,1.045629,257.577194,gev_mle,gev_mle,,,,False
18355,95,CNRM-CM6-1,ssp585,2040_2059,2040,2059,25,65,20,42.772573,50.553620,1.181917,265.969805,gev_mle,gev_mle,,,,False
18355,95,CNRM-CM6-1,ssp585,2040_2059,2040,2059,50,65,20,45.567959,56.904694,1.248787,307.622701,gev_mle,gev_mle,,,,False
18355,95,CNRM-CM6-1,ssp585,2060_2100,2060,2100,25,65,41,42.772573,41.549783,0.971412,218.599333,gev_mle,gev_mle,,,,False
18355,95,CNRM-CM6-1,ssp585,2060_2100,2060,2100,50,65,41,45.567959,45.257186,0.993180,244.657108,gev_mle,gev_mle,,,,False
18355,108,CNRM-ESM2-1,ssp126,2040_2059,2040,2059,25,65,20,52.451497,51.353353,0.979064,220.321242,gev_mle,gev_mle,,,,False
18355,108,CNRM-ESM2-1,ssp126,2040_2059,2040,2059,50,65,20,60.363527,56.817511,0.941256,231.866207,gev_mle,gev_mle,,,,False
18355,108,CNRM-ESM2-1,ssp126,2060_2100,2060,2100,25,65,41,52.451497,69.171540,1.318772,296.766592,gev_mle,gev_mle,,,,False
18355,108,CNRM-ESM2-1,ssp126,2060_2100,2060,2100,50,65,41,60.363527,88.630648,1.468281,361.692232,gev_mle,gev_mle,,,,False
18355,108,CNRM-ESM2-1,ssp245,2040_2059,2040,2059,25,65,20,52.451497,48.088585,0.916820,206.314410,gev_mle,gev_mle,,,,False
18355,108,CNRM-ESM2-1,ssp245,2040_2059,2040,2059,50,65,20,60.363527,51.013778,0.845109,208.181791,gev_mle,gev_mle,,,,False
18355,108,CNRM-ESM2-1,ssp245,2060_2100,2060,2100,25,65,41,52.451497,57.447918,1.095258,246.468746,gev_mle,gev_mle,,,,False
18355,108,CNRM-ESM2-1,ssp245,2060_2100,2060,2100,50,65,41,60.363527,66.232841,1.097233,270.289167,gev_mle,gev_mle,,,,False
18355,108,CNRM-ESM2-1,ssp370,2040_2059,2040,2059,25,65,20,52.451497,63.136578,1.203714,270.874798,gev_mle,gev_mle,,,,False
18355,108,CNRM-ESM2-1,ssp370,2040_2059,2040,2059,50,65,20,60.363527,79.285601,1.313469,323.556087,gev_mle,gev_mle,,,,False
18355,108,CNRM-ESM2-1,ssp370,2060_2100,2060,2100,25,65,41,52.451497,52.989155,1.010251,227.339322,gev_mle,gev_mle,,,,False
18355,108,CNRM-ESM2-1,ssp370,2060_2100,2060,2100,50,65,41,60.363527,59.785006,0.990416,243.976240,gev_mle,gev_mle,,,,False
18355,108,CNRM-ESM2-1,ssp585,2040_2059,2040,2059,25,65,20,52.451497,66.932917,1.276092,287.162229,gev_mle,gev_mle,,,,False
18355,108,CNRM-ESM2-1,ssp585,2040_2059,2040,2059,50,65,20,60.363527,82.790042,1.371524,337.857338,gev_mle,gev_mle,,,,False
18355,108,CNRM-ESM2-1,ssp585,2060_2100,2060,2100,25,65,41,52.451497,53.821969,1.026128,230.912340,gev_mle,gev_mle,,,,False
18355,108,CNRM-ESM2-1,ssp585,2060_2100,2060,2100,50,65,41,60.363527,63.252823,1.047865,258.128032,gev_mle,gev_mle,,,,False
18355,121,CanESM5,ssp126,2040_2059,2040,2059,25,65,40,47.828500,56.153872,1.174067,264.203399,gev_mle,gev_mle,,,,False
18355,121,CanESM5,ssp126,2040_2059,2040,2059,50,65,40,51.190072,71.130989,1.389547,342.296904,gev_mle,gev_mle,,,,False
18355,121,CanESM5,ssp126,2060_2100,2060,2100,25,65,82,47.828500,45.301884,0.947173,213.144902,gev_mle,gev_mle,,,,False
18355,121,CanESM5,ssp126,2060_2100,2060,2100,50,65,82,51.190072,47.510876,0.928127,228.632077,gev_mle,gev_mle,,,,False
18355,121,CanESM5,ssp245,2040_2059,2040,2059,25,65,20,47.828500,45.677006,0.955016,214.909850,gev_mle,gev_mle,,,,False
18355,121,CanESM5,ssp245,2040_2059,2040,2059,50,65,20,51.190072,51.991466,1.015655,250.193599,gev_mle,gev_mle,,,,False
18355,121,CanESM5,ssp245,2060_2100,2060,2100,25,65,41,47.828500,45.844525,0.958519,215.698024,gev_mle,gev_mle,,,,False
18355,121,CanESM5,ssp245,2060_2100,2060,2100,50,65,41,51.190072,50.507978,0.986675,243.054750,gev_mle,gev_mle,,,,False
18355,121,CanESM5,ssp370,2040_2059,2040,2059,25,65,20,47.828500,41.278519,0.863053,194.215012,gev_mle,gev_mle,,,,False
18355,121,CanESM5,ssp370,2040_2059,2040,2059,50,65,20,51.190072,44.251889,0.864462,212.949165,gev_mle,gev_mle,,,,False
18355,121,CanESM5,ssp370,2060_2100,2060,2100,25,65,41,47.828500,44.370220,0.927694,208.761437,gev_mle,gev_mle,,,,False
18355,121,CanESM5,ssp370,2060_2100,2060,2100,50,65,41,51.190072,50.347983,0.983550,242.284820,gev_mle,gev_mle,,,,False
18355,121,CanESM5,ssp585,2040_2059,2040,2059,25,65,20,47.828500,40.994575,0.857116,192.879059,gev_mle,gev_mle,,,,False
18355,121,CanESM5,ssp585,2040_2059,2040,2059,50,65,20,51.190072,43.247185,0.844835,208.114326,gev_mle,gev_mle,,,,False
18355,121,CanESM5,ssp585,2060_2100,2060,2100,25,65,41,47.828500,38.489403,0.804738,181.092251,gev_mle,gev_mle,,,,False
18355,121,CanESM5,ssp585,2060_2100,2060,2100,50,65,41,51.190072,42.311523,0.826557,203.611726,gev_mle,gev_mle,,,,False
18355,137,EC-Earth3-Veg-LR,ssp126,2040_2059,2040,2059,25,65,20,53.570543,60.980470,1.138321,256.159326,gev_mle,gev_mle,,,,False
18355,137,EC-Earth3-Veg-LR,ssp126,2040_2059,2040,2059,50,65,20,61.984690,71.844837,1.159074,285.522933,gev_mle,gev_mle,,,,False
18355,137,EC-Earth3-Veg-LR,ssp126,2060_2100,2060,2100,25,65,41,53.570543,58.113218,1.084798,244.114925,gev_mle,gev_mle,,,,False
18355,137,EC-Earth3-Veg-LR,ssp126,2060_2100,2060,2100,50,65,41,61.984690,66.435397,1.071803,264.024948,gev_mle,gev_mle,,,,False
18355,137,EC-Earth3-Veg-LR,ssp245,2040_2059,2040,2059,25,65,20,53.570543,71.304705,1.331043,299.528117,gev_mle,gev_mle,,,,False
18355,137,EC-Earth3-Veg-LR,ssp245,2040_2059,2040,2059,50,65,20,61.984690,83.776703,1.351571,332.942089,gev_mle,gev_mle,,,,False
18355,137,EC-Earth3-Veg-LR,ssp245,2060_2100,2060,2100,25,65,41,53.570543,59.260440,1.106213,248.934035,gev_mle,gev_mle,,,,False
18355,137,EC-Earth3-Veg-LR,ssp245,2060_2100,2060,2100,50,65,41,61.984690,68.346785,1.102640,271.621114,gev_mle,gev_mle,,,,False
18355,137,EC-Earth3-Veg-LR,ssp370,2040_2059,2040,2059,25,65,20,53.570543,59.230582,1.105656,248.808609,gev_mle,gev_mle,,,,False
18355,137,EC-Earth3-Veg-LR,ssp370,2040_2059,2040,2059,50,65,20,61.984690,66.777744,1.077326,265.385493,gev_mle,gev_mle,,,,False
18355,137,EC-Earth3-Veg-LR,ssp370,2060_2100,2060,2100,25,65,41,53.570543,48.439783,0.904224,203.479937,gev_mle,gev_mle,,,,False
18355,137,EC-Earth3-Veg-LR,ssp370,2060_2100,2060,2100,50,65,41,61.984690,50.929782,0.821651,202.403141,gev_mle,gev_mle,,,,False
18355,137,EC-Earth3-Veg-LR,ssp585,2040_2059,2040,2059,25,65,20,53.570543,47.436998,0.885505,199.267562,gev_mle,gev_mle,,,,False
18355,137,EC-Earth3-Veg-LR,ssp585,2040_2059,2040,2059,50,65,20,61.984690,51.380102,0.828916,204.192787,gev_mle,gev_mle,,,,False
18355,137,EC-Earth3-Veg-LR,ssp585,2060_2100,2060,2100,25,65,41,53.570543,62.234900,1.161737,261.428784,gev_mle,gev_mle,,,,False
18355,137,EC-Earth3-Veg-LR,ssp585,2060_2100,2060,2100,50,65,41,61.984690,73.916705,1.192499,293.756872,gev_mle,gev_mle,,,,False
18355,150,EC-Earth3,ssp126,2040_2059,2040,2059,25,65,20,46.475243,44.523236,0.957999,215.581013,gev_mle,gev_mle,,,,False
18355,150,EC-Earth3,ssp126,2040_2059,2040,2059,50,65,20,50.234997,49.852957,0.992395,244.463714,gev_mle,gev_mle,,,,False
18355,150,EC-Earth3,ssp126,2060_2100,2060,2100,25,65,41,46.475243,48.809922,1.050235,236.337098,gev_mle,gev_mle,,,,False
18355,150,EC-Earth3,ssp126,2060_2100,2060,2100,50,65,41,50.234997,54.877649,1.092419,269.103272,gev_mle,gev_mle,,,,False
18355,150,EC-Earth3,ssp245,2040_2059,2040,2059,25,65,20,46.475243,41.792023,0.899232,202.356510,gev_mle,gev_mle,,,,False
18355,150,EC-Earth3,ssp245,2040_2059,2040,2059,50,65,20,50.234997,45.700014,0.909725,224.098949,gev_mle,gev_mle,,,,False
18355,150,EC-Earth3,ssp245,2060_2100,2060,2100,25,65,41,46.475243,53.128861,1.143165,257.249352,gev_mle,gev_mle,,,,False
18355,150,EC-Earth3,ssp245,2060_2100,2060,2100,50,65,41,50.234997,62.003325,1.234266,304.045420,gev_mle,gev_mle,,,,False
18355,150,EC-Earth3,ssp370,2040_2059,2040,2059,25,65,20,46.475243,77.159820,1.660235,373.606985,gev_mle,gev_mle,,,,False
18355,150,EC-Earth3,ssp370,2040_2059,2040,2059,50,65,20,50.234997,109.517005,2.180094,537.038031,gev_mle,gev_mle,,,,False
18355,150,EC-Earth3,ssp370,2060_2100,2060,2100,25,65,41,46.475243,44.075452,0.948364,213.412845,gev_mle,gev_mle,,,,False
18355,150,EC-Earth3,ssp370,2060_2100,2060,2100,50,65,41,50.234997,47.068640,0.936969,230.810274,gev_mle,gev_mle,,,,False
18355,150,EC-Earth3,ssp585,2040_2059,2040,2059,25,65,20,46.475243,36.602573,0.787571,177.229248,gev_mle,gev_mle,,,,False
18355,150,EC-Earth3,ssp585,2040_2059,2040,2059,50,65,20,50.234997,39.276899,0.781863,192.601948,gev_mle,gev_mle,,,,False
18355,150,EC-Earth3,ssp585,2060_2100,2060,2100,25,65,41,46.475243,42.170776,0.907381,204.190424,gev_mle,gev_mle,,,,False
18355,150,EC-Earth3,ssp585,2060_2100,2060,2100,50,65,41,50.234997,45.208643,0.899943,221.689415,gev_mle,gev_mle,,,,False
18355,163,FGOALS-g3,ssp126,2040_2059,2040,2059,25,65,20,36.678670,44.243115,1.206236,271.442324,gev_mle,gev_mle,,,,False
18355,163,FGOALS-g3,ssp126,2040_2059,2040,2059,50,65,20,37.986057,48.710959,1.282338,315.887416,gev_mle,gev_mle,,,,False
18355,163,FGOALS-g3,ssp126,2060_2100,2060,2100,25,65,41,36.678670,44.637358,1.216984,273.861101,gev_mle,gev_mle,,,,False
18355,163,FGOALS-g3,ssp126,2060_2100,2060,2100,50,65,41,37.986057,51.036498,1.343559,330.968391,gev_mle,gev_mle,,,,False
18355,163,FGOALS-g3,ssp245,2040_2059,2040,2059,25,65,20,36.678670,41.246261,1.124530,253.055889,gev_mle,gev_mle,,,,False
18355,163,FGOALS-g3,ssp245,2040_2059,2040,2059,50,65,20,37.986057,46.120042,1.214131,299.085492,gev_mle,gev_mle,,,,False
18355,163,FGOALS-g3,ssp245,2060_2100,2060,2100,25,65,41,36.678670,47.914531,1.306332,293.967355,gev_mle,gev_mle,,,,False
18355,163,FGOALS-g3,ssp245,2060_2100,2060,2100,50,65,41,37.986057,54.996617,1.447811,356.649504,gev_mle,gev_mle,,,,False
18355,163,FGOALS-g3,ssp370,2040_2059,2040,2059,25,65,20,36.678670,40.761497,1.111313,250.081747,gev_mle,gev_mle,,,,False
18355,163,FGOALS-g3,ssp370,2040_2059,2040,2059,50,65,20,37.986057,43.280082,1.139368,280.668533,gev_mle,gev_mle,,,,False
18355,163,FGOALS-g3,ssp370,2060_2100,2060,2100,25,65,41,36.678670,42.098252,1.147758,258.283065,gev_mle,gev_mle,,,,False
18355,163,FGOALS-g3,ssp370,2060_2100,2060,2100,50,65,41,37.986057,46.435815,1.222444,301.133258,gev_mle,gev_mle,,,,False
18355,163,FGOALS-g3,ssp585,2040_2059,2040,2059,25,65,20,36.678670,46.401949,1.265094,284.687299,gev_mle,gev_mle,,,,False
18355,163,FGOALS-g3,ssp585,2040_2059,2040,2059,50,65,20,37.986057,55.407918,1.458638,359.316764,gev_mle,gev_mle,,,,False
18355,163,FGOALS-g3,ssp585,2060_2100,2060,2100,25,65,41,36.678670,40.497302,1.104110,248.460845,gev_mle,gev_mle,,,,False
18355,163,FGOALS-g3,ssp585,2060_2100,2060,2100,50,65,41,37.986057,45.132317,1.188129,292.680158,gev_mle,gev_mle,,,,False
18355,176,GFDL-CM4,ssp126,2040_2059,2040,2059,25,65,0,47.258390,,,,gev_mle,nao_determinado,,n_insuficiente,,False
18355,176,GFDL-CM4,ssp126,2040_2059,2040,2059,50,65,0,51.689084,,,,gev_mle,nao_determinado,,n_insuficiente,,False
18355,176,GFDL-CM4,ssp126,2060_2100,2060,2100,25,65,0,47.258390,,,,gev_mle,nao_determinado,,n_insuficiente,,False
18355,176,GFDL-CM4,ssp126,2060_2100,2060,2100,50,65,0,51.689084,,,,gev_mle,nao_determinado,,n_insuficiente,,False
18355,176,GFDL-CM4,ssp245,2040_2059,2040,2059,25,65,20,47.258390,38.385159,0.812240,182.780504,gev_mle,gev_mle,,,,False
18355,176,GFDL-CM4,ssp245,2040_2059,2040,2059,50,65,20,51.689084,39.484936,0.763893,188.175231,gev_mle,gev_mle,,,,False
18355,176,GFDL-CM4,ssp245,2060_2100,2060,2100,25,65,41,47.258390,49.222673,1.041565,234.386027,gev_mle,gev_mle,,,,False
18355,176,GFDL-CM4,ssp245,2060_2100,2060,2100,50,65,41,51.689084,53.822465,1.041273,256.504276,gev_mle,gev_mle,,,,False
18355,176,GFDL-CM4,ssp370,2040_2059,2040,2059,25,65,0,47.258390,,,,gev_mle,nao_determinado,,n_insuficiente,,False
18355,176,GFDL-CM4,ssp370,2040_2059,2040,2059,50,65,0,51.689084,,,,gev_mle,nao_determinado,,n_insuficiente,,False
18355,176,GFDL-CM4,ssp370,2060_2100,2060,2100,25,65,0,47.258390,,,,gev_mle,nao_determinado,,n_insuficiente,,False
18355,176,GFDL-CM4,ssp370,2060_2100,2060,2100,50,65,0,51.689084,,,,gev_mle,nao_determinado,,n_insuficiente,,False
18355,176,GFDL-CM4,ssp585,2040_2059,2040,2059,25,65,20,47.258390,48.299040,1.022020,229.987918,gev_mle,gev_mle,,,,False
18355,176,GFDL-CM4,ssp585,2040_2059,2040,2059,50,65,20,51.689084,54.484174,1.054075,259.657813,gev_mle,gev_mle,,,,False
18355,176,GFDL-CM4,ssp585,2060_2100,2060,2100,25,65,41,47.258390,46.501844,0.983991,221.430125,gev_mle,gev_mle,,,,False
18355,176,GFDL-CM4,ssp585,2060_2100,2060,2100,50,65,41,51.689084,52.676688,1.019107,251.043791,gev_mle,gev_mle,,,,False
18355,183,GFDL-CM4_gr2,ssp126,2040_2059,2040,2059,25,65,0,48.742862,,,,gev_mle,nao_determinado,,n_insuficiente,,False
18355,183,GFDL-CM4_gr2,ssp126,2040_2059,2040,2059,50,65,0,53.691577,,,,gev_mle,nao_determinado,,n_insuficiente,,False
18355,183,GFDL-CM4_gr2,ssp126,2060_2100,2060,2100,25,65,0,48.742862,,,,gev_mle,nao_determinado,,n_insuficiente,,False
18355,183,GFDL-CM4_gr2,ssp126,2060_2100,2060,2100,50,65,0,53.691577,,,,gev_mle,nao_determinado,,n_insuficiente,,False
18355,183,GFDL-CM4_gr2,ssp245,2040_2059,2040,2059,25,65,20,48.742862,42.788532,0.877842,197.543076,gev_mle,gev_mle,,,,False
18355,183,GFDL-CM4_gr2,ssp245,2040_2059,2040,2059,50,65,20,53.691577,45.594976,0.849202,209.189891,gev_mle,gev_mle,,,,False
18355,183,GFDL-CM4_gr2,ssp245,2060_2100,2060,2100,25,65,41,48.742862,51.036252,1.047051,235.620569,gev_mle,gev_mle,,,,False
18355,183,GFDL-CM4_gr2,ssp245,2060_2100,2060,2100,50,65,41,53.691577,55.212273,1.028323,253.314080,gev_mle,gev_mle,,,,False
18355,183,GFDL-CM4_gr2,ssp370,2040_2059,2040,2059,25,65,0,48.742862,,,,gev_mle,nao_determinado,,n_insuficiente,,False
18355,183,GFDL-CM4_gr2,ssp370,2040_2059,2040,2059,50,65,0,53.691577,,,,gev_mle,nao_determinado,,n_insuficiente,,False
18355,183,GFDL-CM4_gr2,ssp370,2060_2100,2060,2100,25,65,0,48.742862,,,,gev_mle,nao_determinado,,n_insuficiente,,False
18355,183,GFDL-CM4_gr2,ssp370,2060_2100,2060,2100,50,65,0,53.691577,,,,gev_mle,nao_determinado,,n_insuficiente,,False
18355,183,GFDL-CM4_gr2,ssp585,2040_2059,2040,2059,25,65,20,48.742862,59.370263,1.218030,274.096444,gev_mle,gev_mle,,,,False
18355,183,GFDL-CM4_gr2,ssp585,2040_2059,2040,2059,50,65,20,53.691577,69.496394,1.294363,318.849673,gev_mle,gev_mle,,,,False
18355,183,GFDL-CM4_gr2,ssp585,2060_2100,2060,2100,25,65,41,48.742862,45.447368,0.932390,209.818203,gev_mle,gev_mle,,,,False
18355,183,GFDL-CM4_gr2,ssp585,2060_2100,2060,2100,50,65,41,53.691577,51.026860,0.950370,234.111390,gev_mle,gev_mle,,,,False
18355,190,GFDL-ESM4,ssp126,2040_2059,2040,2059,25,65,20,42.825001,78.155296,1.824992,410.682768,gev_mle,gev_mle,,,,False
18355,190,GFDL-ESM4,ssp126,2040_2059,2040,2059,50,65,20,44.894969,102.130497,2.274876,560.386464,gev_mle,gev_mle,,,,False
18355,190,GFDL-ESM4,ssp126,2060_2100,2060,2100,25,65,41,42.825001,43.718779,1.020870,229.729142,gev_mle,gev_mle,,,,False
18355,190,GFDL-ESM4,ssp126,2060_2100,2060,2100,50,65,41,44.894969,46.678714,1.039732,256.124470,gev_mle,gev_mle,,,,False
18355,190,GFDL-ESM4,ssp245,2040_2059,2040,2059,25,65,20,42.825001,43.260305,1.010165,227.320001,gev_mle,gev_mle,,,,False
18355,190,GFDL-ESM4,ssp245,2040_2059,2040,2059,50,65,20,44.894969,47.802147,1.064755,262.288708,gev_mle,gev_mle,,,,False
18355,190,GFDL-ESM4,ssp245,2060_2100,2060,2100,25,65,41,42.825001,37.050946,0.865171,194.691669,gev_mle,gev_mle,,,,False
18355,190,GFDL-ESM4,ssp245,2060_2100,2060,2100,50,65,41,44.894969,38.897188,0.866404,213.427510,gev_mle,gev_mle,,,,False
18355,190,GFDL-ESM4,ssp370,2040_2059,2040,2059,25,65,20,42.825001,41.324995,0.964974,217.150521,gev_mle,gev_mle,,,,False
18355,190,GFDL-ESM4,ssp370,2040_2059,2040,2059,50,65,20,44.894969,44.081152,0.981873,241.871736,gev_mle,gev_mle,,,,False
18355,190,GFDL-ESM4,ssp370,2060_2100,2060,2100,25,65,41,42.825001,44.504876,1.039226,233.859846,gev_mle,gev_mle,,,,False
18355,190,GFDL-ESM4,ssp370,2060_2100,2060,2100,50,65,41,44.894969,48.570073,1.081860,266.502291,gev_mle,gev_mle,,,,False
18355,190,GFDL-ESM4,ssp585,2040_2059,2040,2059,25,65,20,42.825001,54.876767,1.281419,288.361043,gev_mle,gev_mle,,,,False
18355,190,GFDL-ESM4,ssp585,2040_2059,2040,2059,50,65,20,44.894969,64.393428,1.434313,353.324485,gev_mle,gev_mle,,,,False
18355,190,GFDL-ESM4,ssp585,2060_2100,2060,2100,25,65,41,42.825001,44.608997,1.041658,234.406972,gev_mle,gev_mle,,,,False
18355,190,GFDL-ESM4,ssp585,2060_2100,2060,2100,50,65,41,44.894969,47.671196,1.061838,261.570184,gev_mle,gev_mle,,,,False
18355,203,GISS-E2-1-G,ssp126,2040_2059,2040,2059,25,65,20,45.024182,56.051029,1.244909,280.145217,gev_mle,gev_mle,,,,False
18355,203,GISS-E2-1-G,ssp126,2040_2059,2040,2059,50,65,20,47.247604,63.695673,1.348125,332.093217,gev_mle,gev_mle,,,,False
18355,203,GISS-E2-1-G,ssp126,2060_2100,2060,2100,25,65,41,45.024182,49.875329,1.107745,249.278829,gev_mle,gev_mle,,,,False
18355,203,GISS-E2-1-G,ssp126,2060_2100,2060,2100,50,65,41,47.247604,55.301467,1.170461,288.327937,gev_mle,gev_mle,,,,False
18355,203,GISS-E2-1-G,ssp245,2040_2059,2040,2059,25,65,20,45.024182,38.717623,0.859930,193.512179,gev_mle,gev_mle,,,,False
18355,203,GISS-E2-1-G,ssp245,2040_2059,2040,2059,50,65,20,47.247604,39.153874,0.828695,204.138449,gev_mle,gev_mle,,,,False
18355,203,GISS-E2-1-G,ssp245,2060_2100,2060,2100,25,65,41,45.024182,52.020814,1.155397,260.002047,gev_mle,gev_mle,,,,False
18355,203,GISS-E2-1-G,ssp245,2060_2100,2060,2100,50,65,41,47.247604,59.945138,1.268745,312.538871,gev_mle,gev_mle,,,,False
18355,203,GISS-E2-1-G,ssp370,2040_2059,2040,2059,25,65,20,45.024182,45.931646,1.020155,229.568148,gev_mle,gev_mle,,,,False
18355,203,GISS-E2-1-G,ssp370,2040_2059,2040,2059,50,65,20,47.247604,49.136859,1.039986,256.187225,gev_mle,gev_mle,,,,False
18355,203,GISS-E2-1-G,ssp370,2060_2100,2060,2100,25,65,41,45.024182,58.911159,1.308434,294.440259,gev_mle,gev_mle,,,,False
18355,203,GISS-E2-1-G,ssp370,2060_2100,2060,2100,50,65,41,47.247604,69.174250,1.464080,360.657141,gev_mle,gev_mle,,,,False
18355,203,GISS-E2-1-G,ssp585,2040_2059,2040,2059,25,65,20,45.024182,65.483126,1.454399,327.287205,gev_mle,gev_mle,,,,False
18355,203,GISS-E2-1-G,ssp585,2040_2059,2040,2059,50,65,20,47.247604,77.537134,1.641081,404.259114,gev_mle,gev_mle,,,,False
18355,203,GISS-E2-1-G,ssp585,2060_2100,2060,2100,25,65,41,45.024182,54.211329,1.204049,270.950325,gev_mle,gev_mle,,,,False
18355,203,GISS-E2-1-G,ssp585,2060_2100,2060,2100,50,65,41,47.247604,61.670964,1.305272,321.536894,gev_mle,gev_mle,,,,False
18355,216,HadGEM3-GC31-LL,ssp126,2040_2059,2040,2059,25,65,20,45.234874,58.844834,1.300873,292.738880,gev_mle,gev_mle,,,,False
18355,216,HadGEM3-GC31-LL,ssp126,2040_2059,2040,2059,50,65,20,48.991874,69.411710,1.416800,349.010551,gev_mle,gev_mle,,,,False
18355,216,HadGEM3-GC31-LL,ssp126,2060_2100,2060,2100,25,65,41,45.234874,68.265597,1.509136,339.604907,gev_mle,gev_mle,,,,False
18355,216,HadGEM3-GC31-LL,ssp126,2060_2100,2060,2100,50,65,41,48.991874,83.433238,1.703002,419.512509,gev_mle,gev_mle,,,,False
18355,216,HadGEM3-GC31-LL,ssp245,2040_2059,2040,2059,25,65,20,45.234874,60.384835,1.334918,300.400016,gev_mle,gev_mle,,,,False
18355,216,HadGEM3-GC31-LL,ssp245,2040_2059,2040,2059,50,65,20,48.991874,70.614097,1.441343,355.056301,gev_mle,gev_mle,,,,False
18355,216,HadGEM3-GC31-LL,ssp245,2060_2100,2060,2100,25,65,41,45.234874,47.571771,1.051661,236.658104,gev_mle,gev_mle,,,,False
18355,216,HadGEM3-GC31-LL,ssp245,2060_2100,2060,2100,50,65,41,48.991874,54.295245,1.108250,273.003120,gev_mle,gev_mle,,,,False
18355,216,HadGEM3-GC31-LL,ssp370,2040_2059,2040,2059,25,65,0,45.234874,,,,gev_mle,nao_determinado,,n_insuficiente,,False
18355,216,HadGEM3-GC31-LL,ssp370,2040_2059,2040,2059,50,65,0,48.991874,,,,gev_mle,nao_determinado,,n_insuficiente,,False
18355,216,HadGEM3-GC31-LL,ssp370,2060_2100,2060,2100,25,65,0,45.234874,,,,gev_mle,nao_determinado,,n_insuficiente,,False
18355,216,HadGEM3-GC31-LL,ssp370,2060_2100,2060,2100,50,65,0,48.991874,,,,gev_mle,nao_determinado,,n_insuficiente,,False
18355,216,HadGEM3-GC31-LL,ssp585,2040_2059,2040,2059,25,65,20,45.234874,56.662097,1.252620,281.880289,gev_mle,gev_mle,,,,False
18355,216,HadGEM3-GC31-LL,ssp585,2040_2059,2040,2059,50,65,20,48.991874,64.889878,1.324503,326.274230,gev_mle,gev_mle,,,,False
18355,216,HadGEM3-GC31-LL,ssp585,2060_2100,2060,2100,25,65,41,45.234874,77.808083,1.720091,387.076479,gev_mle,gev_mle,,,,False
18355,216,HadGEM3-GC31-LL,ssp585,2060_2100,2060,2100,50,65,41,48.991874,104.698580,2.137060,526.437243,gev_mle,gev_mle,,,,False
18355,226,HadGEM3-GC31-MM,ssp126,2040_2059,2040,2059,25,65,20,48.455110,46.893208,0.967766,217.778905,gev_mle,gev_mle,,,,False
18355,226,HadGEM3-GC31-MM,ssp126,2040_2059,2040,2059,50,65,20,53.016481,49.818951,0.939688,231.480041,gev_mle,gev_mle,,,,False
18355,226,HadGEM3-GC31-MM,ssp126,2060_2100,2060,2100,25,65,41,48.455110,72.439063,1.494973,336.417586,gev_mle,gev_mle,,,,False
18355,226,HadGEM3-GC31-MM,ssp126,2060_2100,2060,2100,50,65,41,53.016481,86.191036,1.625740,400.480218,gev_mle,gev_mle,,,,False
18355,226,HadGEM3-GC31-MM,ssp245,2040_2059,2040,2059,25,65,0,48.455110,,,,gev_mle,nao_determinado,,n_insuficiente,,False
18355,226,HadGEM3-GC31-MM,ssp245,2040_2059,2040,2059,50,65,0,53.016481,,,,gev_mle,nao_determinado,,n_insuficiente,,False
18355,226,HadGEM3-GC31-MM,ssp245,2060_2100,2060,2100,25,65,0,48.455110,,,,gev_mle,nao_determinado,,n_insuficiente,,False
18355,226,HadGEM3-GC31-MM,ssp245,2060_2100,2060,2100,50,65,0,53.016481,,,,gev_mle,nao_determinado,,n_insuficiente,,False
18355,226,HadGEM3-GC31-MM,ssp370,2040_2059,2040,2059,25,65,0,48.455110,,,,gev_mle,nao_determinado,,n_insuficiente,,False
18355,226,HadGEM3-GC31-MM,ssp370,2040_2059,2040,2059,50,65,0,53.016481,,,,gev_mle,nao_determinado,,n_insuficiente,,False
18355,226,HadGEM3-GC31-MM,ssp370,2060_2100,2060,2100,25,65,0,48.455110,,,,gev_mle,nao_determinado,,n_insuficiente,,False
18355,226,HadGEM3-GC31-MM,ssp370,2060_2100,2060,2100,50,65,0,53.016481,,,,gev_mle,nao_determinado,,n_insuficiente,,False
18355,226,HadGEM3-GC31-MM,ssp585,2040_2059,2040,2059,25,65,20,48.455110,51.576979,1.064428,239.531022,gev_mle,gev_mle,,,,False
18355,226,HadGEM3-GC31-MM,ssp585,2040_2059,2040,2059,50,65,20,53.016481,58.536019,1.104110,271.983244,gev_mle,gev_mle,,,,False
18355,226,HadGEM3-GC31-MM,ssp585,2060_2100,2060,2100,25,65,41,48.455110,44.882673,0.926273,208.441685,gev_mle,gev_mle,,,,False
18355,226,HadGEM3-GC31-MM,ssp585,2060_2100,2060,2100,50,65,41,53.016481,50.407917,0.950797,234.216627,gev_mle,gev_mle,,,,False
18355,233,IITM-ESM,ssp126,2040_2059,2040,2059,25,65,20,48.257817,49.032588,1.016055,228.645466,gev_mle,gev_mle,,,,False
18355,233,IITM-ESM,ssp126,2040_2059,2040,2059,50,65,20,52.058085,51.851205,0.996026,245.358173,gev_mle,gev_mle,,,,False
18355,233,IITM-ESM,ssp126,2060_2100,2060,2100,25,65,40,48.257817,55.698398,1.154184,259.729024,gev_mle,gev_mle,,,,False
18355,233,IITM-ESM,ssp126,2060_2100,2060,2100,50,65,40,52.058085,63.032461,1.210810,298.267503,gev_mle,gev_mle,,,,False
18355,233,IITM-ESM,ssp245,2040_2059,2040,2059,25,65,20,48.257817,56.083143,1.162157,261.523142,gev_mle,gev_mle,,,,False
18355,233,IITM-ESM,ssp245,2040_2059,2040,2059,50,65,20,52.058085,63.045418,1.211059,298.328818,gev_mle,gev_mle,,,,False
18355,233,IITM-ESM,ssp245,2060_2100,2060,2100,25,65,40,48.257817,51.784358,1.073077,241.477337,gev_mle,gev_mle,,,,False
18355,233,IITM-ESM,ssp245,2060_2100,2060,2100,50,65,40,52.058085,59.661416,1.146055,282.315831,gev_mle,gev_mle,,,,False
18355,233,IITM-ESM,ssp370,2040_2059,2040,2059,25,65,20,48.257817,71.613908,1.483986,333.945159,gev_mle,gev_mle,,,,False
18355,233,IITM-ESM,ssp370,2040_2059,2040,2059,50,65,20,52.058085,89.771881,1.724456,424.797548,gev_mle,gev_mle,,,,False
18355,233,IITM-ESM,ssp370,2060_2100,2060,2100,25,65,39,48.257817,54.950140,1.138679,256.239800,gev_mle,gev_mle,,,,False
18355,233,IITM-ESM,ssp370,2060_2100,2060,2100,50,65,39,52.058085,63.573081,1.221195,300.825698,gev_mle,gev_mle,,,,False
18355,233,IITM-ESM,ssp585,2040_2059,2040,2059,25,65,20,48.257817,55.421365,1.148443,258.437181,gev_mle,gev_mle,,,,False
18355,233,IITM-ESM,ssp585,2040_2059,2040,2059,50,65,20,52.058085,61.374405,1.178960,290.421641,gev_mle,gev_mle,,,,False
18355,233,IITM-ESM,ssp585,2060_2100,2060,2100,25,65,40,48.257817,52.118269,1.079996,243.034406,gev_mle,gev_mle,,,,False
18355,233,IITM-ESM,ssp585,2060_2100,2060,2100,50,65,40,52.058085,57.825065,1.110780,273.626283,gev_mle,gev_mle,,,,False
18355,246,INM-CM4-8,ssp126,2040_2059,2040,2059,25,65,20,40.495884,40.384969,0.997261,224.416261,gev_mle,gev_mle,,,,False
18355,246,INM-CM4-8,ssp126,2040_2059,2040,2059,50,65,20,42.432725,44.268325,1.043259,256.993438,gev_mle,gev_mle,,,,False
18355,246,INM-CM4-8,ssp126,2060_2100,2060,2100,25,65,41,40.495884,40.479091,0.999585,224.939288,gev_mle,gev_mle,,,,False
18355,246,INM-CM4-8,ssp126,2060_2100,2060,2100,50,65,41,42.432725,42.561049,1.003024,247.082086,gev_mle,gev_mle,,,,False
18355,246,INM-CM4-8,ssp245,2040_2059,2040,2059,25,65,20,40.495884,41.958441,1.036116,233.159923,gev_mle,gev_mle,,,,False
18355,246,INM-CM4-8,ssp245,2040_2059,2040,2059,50,65,20,42.432725,47.155295,1.111295,273.753325,gev_mle,gev_mle,,,,False
18355,246,INM-CM4-8,ssp245,2060_2100,2060,2100,25,65,41,40.495884,39.743404,0.981418,220.851128,gev_mle,gev_mle,,,,False
18355,246,INM-CM4-8,ssp245,2060_2100,2060,2100,50,65,41,42.432725,41.569979,0.979668,241.328576,gev_mle,gev_mle,,,,False
18355,246,INM-CM4-8,ssp370,2040_2059,2040,2059,25,65,20,40.495884,50.139305,1.238133,278.620377,gev_mle,gev_mle,,,,False
18355,246,INM-CM4-8,ssp370,2040_2059,2040,2059,50,65,20,42.432725,59.648932,1.405729,346.283351,gev_mle,gev_mle,,,,False
18355,246,INM-CM4-8,ssp370,2060_2100,2060,2100,25,65,41,40.495884,42.309639,1.044789,235.111506,gev_mle,gev_mle,,,,False
18355,246,INM-CM4-8,ssp370,2060_2100,2060,2100,50,65,41,42.432725,45.203977,1.065309,262.425231,gev_mle,gev_mle,,,,False
18355,246,INM-CM4-8,ssp585,2040_2059,2040,2059,25,65,20,40.495884,42.954889,1.060722,238.697110,gev_mle,gev_mle,,,,False
18355,246,INM-CM4-8,ssp585,2040_2059,2040,2059,50,65,20,42.432725,45.611637,1.074917,264.791838,gev_mle,gev_mle,,,,False
18355,246,INM-CM4-8,ssp585,2060_2100,2060,2100,25,65,41,40.495884,42.137248,1.040532,234.153540,gev_mle,gev_mle,,,,False
18355,246,INM-CM4-8,ssp585,2060_2100,2060,2100,50,65,41,42.432725,46.128045,1.087087,267.789774,gev_mle,gev_mle,,,,False
18355,259,INM-CM5-0,ssp126,2040_2059,2040,2059,25,65,20,43.615453,37.586401,0.861768,193.925894,gev_mle,gev_mle,,,,False
18355,259,INM-CM5-0,ssp126,2040_2059,2040,2059,50,65,20,47.011325,38.863559,0.826685,203.643214,gev_mle,gev_mle,,,,False
18355,259,INM-CM5-0,ssp126,2060_2100,2060,2100,25,65,41,43.615453,36.590159,0.838926,188.785815,gev_mle,gev_mle,,,,False
18355,259,INM-CM5-0,ssp126,2060_2100,2060,2100,50,65,41,47.011325,37.898209,0.806151,198.584826,gev_mle,gev_mle,,,,False
18355,259,INM-CM5-0,ssp245,2040_2059,2040,2059,25,65,20,43.615453,38.830470,0.890292,200.344631,gev_mle,gev_mle,,,,False
18355,259,INM-CM5-0,ssp245,2040_2059,2040,2059,50,65,20,47.011325,40.594829,0.863512,212.714988,gev_mle,gev_mle,,,,False
18355,259,INM-CM5-0,ssp245,2060_2100,2060,2100,25,65,41,43.615453,42.573863,0.976119,219.658552,gev_mle,gev_mle,,,,False
18355,259,INM-CM5-0,ssp245,2060_2100,2060,2100,50,65,41,47.011325,45.917250,0.976727,240.604222,gev_mle,gev_mle,,,,False
18355,259,INM-CM5-0,ssp370,2040_2059,2040,2059,25,65,20,43.615453,39.351247,0.902232,203.031563,gev_mle,gev_mle,,,,False
18355,259,INM-CM5-0,ssp370,2040_2059,2040,2059,50,65,20,47.011325,41.355863,0.879700,216.702772,gev_mle,gev_mle,,,,False
18355,259,INM-CM5-0,ssp370,2060_2100,2060,2100,25,65,41,43.615453,42.734921,0.979811,220.489527,gev_mle,gev_mle,,,,False
18355,259,INM-CM5-0,ssp370,2060_2100,2060,2100,50,65,41,47.011325,47.273858,1.005584,247.712786,gev_mle,gev_mle,,,,False
18355,259,INM-CM5-0,ssp585,2040_2059,2040,2059,25,65,20,43.615453,52.663250,1.207445,271.714437,gev_mle,gev_mle,,,,False
18355,259,INM-CM5-0,ssp585,2040_2059,2040,2059,50,65,20,47.011325,63.660720,1.354157,333.579170,gev_mle,gev_mle,,,,False
18355,259,INM-CM5-0,ssp585,2060_2100,2060,2100,25,65,41,43.615453,40.704501,0.933259,210.013636,gev_mle,gev_mle,,,,False
18355,259,INM-CM5-0,ssp585,2060_2100,2060,2100,50,65,41,47.011325,43.290113,0.920844,226.838148,gev_mle,gev_mle,,,,False
18355,272,IPSL-CM6A-LR,ssp126,2040_2059,2040,2059,25,65,20,38.394605,44.335029,1.154720,259.849713,gev_mle,gev_mle,,,,False
18355,272,IPSL-CM6A-LR,ssp126,2040_2059,2040,2059,50,65,20,40.313610,47.826573,1.186363,292.245229,gev_mle,gev_mle,,,,False
18355,272,IPSL-CM6A-LR,ssp126,2060_2100,2060,2100,25,65,41,38.394605,54.864849,1.428973,321.565489,gev_mle,gev_mle,,,,False
18355,272,IPSL-CM6A-LR,ssp126,2060_2100,2060,2100,50,65,41,40.313610,65.371107,1.621564,399.451458,gev_mle,gev_mle,,,,False
18355,272,IPSL-CM6A-LR,ssp245,2040_2059,2040,2059,25,65,20,38.394605,86.248520,2.246371,505.506677,gev_mle,gev_mle,,,,False
18355,272,IPSL-CM6A-LR,ssp245,2040_2059,2040,2059,50,65,20,40.313610,133.942568,3.322515,818.458743,gev_mle,gev_mle,,,,False
18355,272,IPSL-CM6A-LR,ssp245,2060_2100,2060,2100,25,65,41,38.394605,64.056266,1.668366,375.436824,gev_mle,gev_mle,,,,False
18355,272,IPSL-CM6A-LR,ssp245,2060_2100,2060,2100,50,65,41,40.313610,78.321637,1.942809,478.585928,gev_mle,gev_mle,,,,False
18355,272,IPSL-CM6A-LR,ssp370,2040_2059,2040,2059,25,65,20,38.394605,61.733689,1.607874,361.824087,gev_mle,gev_mle,,,,False
18355,272,IPSL-CM6A-LR,ssp370,2040_2059,2040,2059,50,65,20,40.313610,77.644904,1.926022,474.450737,gev_mle,gev_mle,,,,False
18355,272,IPSL-CM6A-LR,ssp370,2060_2100,2060,2100,25,65,41,38.394605,65.205187,1.698290,382.170703,gev_mle,gev_mle,,,,False
18355,272,IPSL-CM6A-LR,ssp370,2060_2100,2060,2100,50,65,41,40.313610,73.298166,1.818199,447.889913,gev_mle,gev_mle,,,,False
18355,272,IPSL-CM6A-LR,ssp585,2040_2059,2040,2059,25,65,20,38.394605,51.096649,1.330829,299.479890,gev_mle,gev_mle,,,,False
18355,272,IPSL-CM6A-LR,ssp585,2040_2059,2040,2059,50,65,20,40.313610,58.669983,1.455339,358.504104,gev_mle,gev_mle,,,,False
18355,272,IPSL-CM6A-LR,ssp585,2060_2100,2060,2100,25,65,41,38.394605,61.844463,1.610759,362.473338,gev_mle,gev_mle,,,,False
18355,272,IPSL-CM6A-LR,ssp585,2060_2100,2060,2100,50,65,41,40.313610,67.537877,1.675312,412.691551,gev_mle,gev_mle,,,,False
18355,285,KACE-1-0-G,ssp126,2040_2059,2040,2059,25,65,20,37.820161,38.464068,1.017025,228.863897,gev_mle,gev_mle,,,,False
18355,285,KACE-1-0-G,ssp126,2040_2059,2040,2059,50,65,20,39.417268,39.809860,1.009960,248.790615,gev_mle,gev_mle,,,,False
18355,285,KACE-1-0-G,ssp126,2060_2100,2060,2100,25,65,41,37.820161,84.445970,2.232829,502.459433,gev_mle,gev_mle,,,,False
18355,285,KACE-1-0-G,ssp126,2060_2100,2060,2100,50,65,41,39.417268,121.838062,3.090982,761.423588,gev_mle,gev_mle,,,,False
18355,285,KACE-1-0-G,ssp245,2040_2059,2040,2059,25,65,20,37.820161,54.069938,1.429659,321.719917,gev_mle,gev_mle,,,,False
18355,285,KACE-1-0-G,ssp245,2040_2059,2040,2059,50,65,20,39.417268,60.319529,1.530282,376.965224,gev_mle,gev_mle,,,,False
18355,285,KACE-1-0-G,ssp245,2060_2100,2060,2100,25,65,41,37.820161,66.430726,1.756490,395.267471,gev_mle,gev_mle,,,,False
18355,285,KACE-1-0-G,ssp245,2060_2100,2060,2100,50,65,41,39.417268,77.916476,1.976709,486.936853,gev_mle,gev_mle,,,,False
18355,285,KACE-1-0-G,ssp370,2040_2059,2040,2059,25,65,0,37.820161,,,,gev_mle,nao_determinado,,n_insuficiente,,False
18355,285,KACE-1-0-G,ssp370,2040_2059,2040,2059,50,65,0,39.417268,,,,gev_mle,nao_determinado,,n_insuficiente,,False
18355,285,KACE-1-0-G,ssp370,2060_2100,2060,2100,25,65,0,37.820161,,,,gev_mle,nao_determinado,,n_insuficiente,,False
18355,285,KACE-1-0-G,ssp370,2060_2100,2060,2100,50,65,0,39.417268,,,,gev_mle,nao_determinado,,n_insuficiente,,False
18355,285,KACE-1-0-G,ssp585,2040_2059,2040,2059,25,65,20,37.820161,62.000862,1.639360,368.909469,gev_mle,gev_mle,,,,False
18355,285,KACE-1-0-G,ssp585,2040_2059,2040,2059,50,65,20,39.417268,73.104504,1.854631,456.864569,gev_mle,gev_mle,,,,False
18355,285,KACE-1-0-G,ssp585,2060_2100,2060,2100,25,65,41,37.820161,43.349339,1.146197,257.931603,gev_mle,gev_mle,,,,False
18355,285,KACE-1-0-G,ssp585,2060_2100,2060,2100,50,65,41,39.417268,45.247450,1.147909,282.772682,gev_mle,gev_mle,,,,False
18355,295,KIOST-ESM,ssp126,2040_2059,2040,2059,25,65,20,49.804291,61.539639,1.235629,278.056869,gev_mle,gev_mle,,,,False
18355,295,KIOST-ESM,ssp126,2040_2059,2040,2059,50,65,20,56.793773,73.313255,1.290868,317.988670,gev_mle,gev_mle,,,,False
18355,295,KIOST-ESM,ssp126,2060_2100,2060,2100,25,65,41,49.804291,62.123464,1.247352,280.694788,gev_mle,gev_mle,,,,False
18355,295,KIOST-ESM,ssp126,2060_2100,2060,2100,50,65,41,56.793773,75.572741,1.330652,327.788960,gev_mle,gev_mle,,,,False
18355,295,KIOST-ESM,ssp245,2040_2059,2040,2059,25,65,20,49.804291,48.762792,0.979088,220.326760,gev_mle,gev_mle,,,,False
18355,295,KIOST-ESM,ssp245,2040_2059,2040,2059,50,65,20,56.793773,53.327381,0.938965,231.302007,gev_mle,gev_mle,,,,False
18355,295,KIOST-ESM,ssp245,2060_2100,2060,2100,25,65,41,49.804291,51.134251,1.026704,231.041813,gev_mle,gev_mle,,,,False
18355,295,KIOST-ESM,ssp245,2060_2100,2060,2100,50,65,41,56.793773,55.586037,0.978735,241.098695,gev_mle,gev_mle,,,,False
18355,295,KIOST-ESM,ssp370,2040_2059,2040,2059,25,65,0,49.804291,,,,gev_mle,nao_determinado,,n_insuficiente,,False
18355,295,KIOST-ESM,ssp370,2040_2059,2040,2059,50,65,0,56.793773,,,,gev_mle,nao_determinado,,n_insuficiente,,False
18355,295,KIOST-ESM,ssp370,2060_2100,2060,2100,25,65,0,49.804291,,,,gev_mle,nao_determinado,,n_insuficiente,,False
18355,295,KIOST-ESM,ssp370,2060_2100,2060,2100,50,65,0,56.793773,,,,gev_mle,nao_determinado,,n_insuficiente,,False
18355,295,KIOST-ESM,ssp585,2040_2059,2040,2059,25,65,20,49.804291,83.593113,1.678432,377.701915,gev_mle,gev_mle,,,,False
18355,295,KIOST-ESM,ssp585,2040_2059,2040,2059,50,65,20,56.793773,110.271039,1.941604,478.289243,gev_mle,gev_mle,,,,False
18355,295,KIOST-ESM,ssp585,2060_2100,2060,2100,25,65,41,49.804291,64.266109,1.290373,290.375985,gev_mle,gev_mle,,,,False
18355,295,KIOST-ESM,ssp585,2060_2100,2060,2100,50,65,41,56.793773,74.432170,1.310569,322.841849,gev_mle,gev_mle,,,,False
18355,305,MIROC-ES2L,ssp126,2040_2059,2040,2059,25,65,20,46.837204,45.029707,0.961409,216.348363,gev_mle,gev_mle,,,,False
18355,305,MIROC-ES2L,ssp126,2040_2059,2040,2059,50,65,20,50.726976,51.238170,1.010077,248.819550,gev_mle,gev_mle,,,,False
18355,305,MIROC-ES2L,ssp126,2060_2100,2060,2100,25,65,41,46.837204,43.899462,0.937278,210.918024,gev_mle,gev_mle,,,,False
18355,305,MIROC-ES2L,ssp126,2060_2100,2060,2100,50,65,41,50.726976,47.461969,0.935636,230.481804,gev_mle,gev_mle,,,,False
18355,305,MIROC-ES2L,ssp245,2040_2059,2040,2059,25,65,20,46.837204,36.654766,0.782599,176.110375,gev_mle,gev_mle,,,,False
18355,305,MIROC-ES2L,ssp245,2040_2059,2040,2059,50,65,20,50.726976,37.852690,0.746204,183.817835,gev_mle,gev_mle,,,,False
18355,305,MIROC-ES2L,ssp245,2060_2100,2060,2100,25,65,41,46.837204,40.091825,0.855982,192.623967,gev_mle,gev_mle,,,,False
18355,305,MIROC-ES2L,ssp245,2060_2100,2060,2100,50,65,41,50.726976,42.477165,0.837368,206.274913,gev_mle,gev_mle,,,,False
18355,305,MIROC-ES2L,ssp370,2040_2059,2040,2059,25,65,20,46.837204,35.053407,0.748409,168.416533,gev_mle,gev_mle,,,,False
18355,305,MIROC-ES2L,ssp370,2040_2059,2040,2059,50,65,20,50.726976,35.747524,0.704704,173.594859,gev_mle,gev_mle,,,,False
18355,305,MIROC-ES2L,ssp370,2060_2100,2060,2100,25,65,41,46.837204,41.618324,0.888574,199.958137,gev_mle,gev_mle,,,,False
18355,305,MIROC-ES2L,ssp370,2060_2100,2060,2100,50,65,41,50.726976,45.312034,0.893253,220.041424,gev_mle,gev_mle,,,,False
18355,305,MIROC-ES2L,ssp585,2040_2059,2040,2059,25,65,20,46.837204,44.899075,0.958620,215.720733,gev_mle,gev_mle,,,,False
18355,305,MIROC-ES2L,ssp585,2040_2059,2040,2059,50,65,20,50.726976,52.693280,1.038763,255.885766,gev_mle,gev_mle,,,,False
18355,305,MIROC-ES2L,ssp585,2060_2100,2060,2100,25,65,41,46.837204,40.578491,0.866373,194.962186,gev_mle,gev_mle,,,,False
18355,305,MIROC-ES2L,ssp585,2060_2100,2060,2100,50,65,41,50.726976,43.469001,0.856921,211.091407,gev_mle,gev_mle,,,,False
18355,318,MIROC6,ssp126,2040_2059,2040,2059,25,65,20,38.145224,32.016808,0.839340,188.878845,gev_mle,gev_mle,,,,False
18355,318,MIROC6,ssp126,2040_2059,2040,2059,50,65,20,40.478640,32.648152,0.806553,198.683843,gev_mle,gev_mle,,,,False
18355,318,MIROC6,ssp126,2060_2100,2060,2100,25,65,41,38.145224,39.222002,1.028228,231.384914,gev_mle,gev_mle,,,,False
18355,318,MIROC6,ssp126,2060_2100,2060,2100,50,65,41,40.478640,42.428574,1.048172,258.203654,gev_mle,gev_mle,,,,False
18355,318,MIROC6,ssp245,2040_2059,2040,2059,25,65,20,38.145224,36.966441,0.969098,218.078539,gev_mle,gev_mle,,,,False
18355,318,MIROC6,ssp245,2040_2059,2040,2059,50,65,20,40.478640,39.891141,0.985486,242.761835,gev_mle,gev_mle,,,,False
18355,318,MIROC6,ssp245,2060_2100,2060,2100,25,65,41,38.145224,45.604426,1.195547,269.037164,gev_mle,gev_mle,,,,False
18355,318,MIROC6,ssp245,2060_2100,2060,2100,50,65,41,40.478640,53.395204,1.319096,324.942264,gev_mle,gev_mle,,,,False
18355,318,MIROC6,ssp370,2040_2059,2040,2059,25,65,20,38.145224,34.405934,0.901972,202.973168,gev_mle,gev_mle,,,,False
18355,318,MIROC6,ssp370,2040_2059,2040,2059,50,65,20,40.478640,36.365752,0.898394,221.307699,gev_mle,gev_mle,,,,False
18355,318,MIROC6,ssp370,2060_2100,2060,2100,25,65,41,38.145224,41.805617,1.095959,246.626601,gev_mle,gev_mle,,,,False
18355,318,MIROC6,ssp370,2060_2100,2060,2100,50,65,41,40.478640,46.443135,1.147349,282.634699,gev_mle,gev_mle,,,,False
18355,318,MIROC6,ssp585,2040_2059,2040,2059,25,65,20,38.145224,34.568500,0.906234,203.932210,gev_mle,gev_mle,,,,False
18355,318,MIROC6,ssp585,2040_2059,2040,2059,50,65,20,40.478640,36.005387,0.889491,219.114660,gev_mle,gev_mle,,,,False
18355,318,MIROC6,ssp585,2060_2100,2060,2100,25,65,41,38.145224,46.363484,1.215447,273.515123,gev_mle,gev_mle,,,,False
18355,318,MIROC6,ssp585,2060_2100,2060,2100,50,65,41,40.478640,54.172157,1.338290,329.670496,gev_mle,gev_mle,,,,False
18355,331,MPI-ESM1-2-HR,ssp126,2040_2059,2040,2059,25,65,20,47.324797,42.378965,0.895492,201.514840,gev_mle,gev_mle,,,,False
18355,331,MPI-ESM1-2-HR,ssp126,2040_2059,2040,2059,50,65,20,51.762740,45.741695,0.883680,217.683177,gev_mle,gev_mle,,,,False
18355,331,MPI-ESM1-2-HR,ssp126,2060_2100,2060,2100,25,65,41,47.324797,61.102589,1.291133,290.546939,gev_mle,gev_mle,,,,False
18355,331,MPI-ESM1-2-HR,ssp126,2060_2100,2060,2100,50,65,41,51.762740,72.769270,1.405823,346.306489,gev_mle,gev_mle,,,,False
18355,331,MPI-ESM1-2-HR,ssp245,2040_2059,2040,2059,25,65,20,47.324797,68.850930,1.454859,327.390825,gev_mle,gev_mle,,,,False
18355,331,MPI-ESM1-2-HR,ssp245,2040_2059,2040,2059,50,65,20,51.762740,88.508175,1.709882,421.207402,gev_mle,gev_mle,,,,False
18355,331,MPI-ESM1-2-HR,ssp245,2060_2100,2060,2100,25,65,41,47.324797,55.714203,1.177273,264.924798,gev_mle,gev_mle,,,,False
18355,331,MPI-ESM1-2-HR,ssp245,2060_2100,2060,2100,50,65,41,51.762740,64.078278,1.237923,304.946351,gev_mle,gev_mle,,,,False
18355,331,MPI-ESM1-2-HR,ssp370,2040_2059,2040,2059,25,65,20,47.324797,40.810622,0.862352,194.057265,gev_mle,gev_mle,,,,False
18355,331,MPI-ESM1-2-HR,ssp370,2040_2059,2040,2059,50,65,20,51.762740,44.143344,0.852802,210.076678,gev_mle,gev_mle,,,,False
18355,331,MPI-ESM1-2-HR,ssp370,2060_2100,2060,2100,25,65,41,47.324797,61.119872,1.291498,290.629122,gev_mle,gev_mle,,,,False
18355,331,MPI-ESM1-2-HR,ssp370,2060_2100,2060,2100,50,65,41,51.762740,75.653682,1.461547,360.033307,gev_mle,gev_mle,,,,False
18355,331,MPI-ESM1-2-HR,ssp585,2040_2059,2040,2059,25,65,20,47.324797,44.503770,0.940390,211.618435,gev_mle,gev_mle,,,,False
18355,331,MPI-ESM1-2-HR,ssp585,2040_2059,2040,2059,50,65,20,51.762740,49.844757,0.962947,237.209507,gev_mle,gev_mle,,,,False
18355,331,MPI-ESM1-2-HR,ssp585,2060_2100,2060,2100,25,65,41,47.324797,35.390576,0.747823,168.284581,gev_mle,gev_mle,,,,False
18355,331,MPI-ESM1-2-HR,ssp585,2060_2100,2060,2100,50,65,41,51.762740,36.601525,0.707102,174.185418,gev_mle,gev_mle,,,,False
18355,344,MPI-ESM1-2-LR,ssp126,2040_2059,2040,2059,25,65,20,41.942431,43.332920,1.033152,232.492960,gev_mle,gev_mle,,,,False
18355,344,MPI-ESM1-2-LR,ssp126,2040_2059,2040,2059,50,65,20,44.490180,46.337298,1.041517,256.564407,gev_mle,gev_mle,,,,False
18355,344,MPI-ESM1-2-LR,ssp126,2060_2100,2060,2100,25,65,41,41.942431,39.685161,0.946182,212.921739,gev_mle,gev_mle,,,,False
18355,344,MPI-ESM1-2-LR,ssp126,2060_2100,2060,2100,50,65,41,44.490180,41.454422,0.931766,229.528475,gev_mle,gev_mle,,,,False
18355,344,MPI-ESM1-2-LR,ssp245,2040_2059,2040,2059,25,65,20,41.942431,41.431404,0.987816,222.290807,gev_mle,gev_mle,,,,False
18355,344,MPI-ESM1-2-LR,ssp245,2040_2059,2040,2059,50,65,20,44.490180,45.208069,1.016136,250.311994,gev_mle,gev_mle,,,,False
18355,344,MPI-ESM1-2-LR,ssp245,2060_2100,2060,2100,25,65,41,41.942431,40.833783,0.973567,219.084408,gev_mle,gev_mle,,,,False
18355,344,MPI-ESM1-2-LR,ssp245,2060_2100,2060,2100,50,65,41,44.490180,44.718404,1.005130,247.600776,gev_mle,gev_mle,,,,False
18355,344,MPI-ESM1-2-LR,ssp370,2040_2059,2040,2059,25,65,20,41.942431,39.401790,0.939426,211.401373,gev_mle,gev_mle,,,,False
18355,344,MPI-ESM1-2-LR,ssp370,2040_2059,2040,2059,50,65,20,44.490180,41.573129,0.934434,230.185743,gev_mle,gev_mle,,,,False
18355,344,MPI-ESM1-2-LR,ssp370,2060_2100,2060,2100,25,65,41,41.942431,38.606027,0.920453,207.131887,gev_mle,gev_mle,,,,False
18355,344,MPI-ESM1-2-LR,ssp370,2060_2100,2060,2100,50,65,41,44.490180,40.173939,0.902984,222.438583,gev_mle,gev_mle,,,,False
18355,344,MPI-ESM1-2-LR,ssp585,2040_2059,2040,2059,25,65,20,41.942431,43.517343,1.037549,233.482439,gev_mle,gev_mle,,,,False
18355,344,MPI-ESM1-2-LR,ssp585,2040_2059,2040,2059,50,65,20,44.490180,50.494318,1.134954,279.581359,gev_mle,gev_mle,,,,False
18355,344,MPI-ESM1-2-LR,ssp585,2060_2100,2060,2100,25,65,41,41.942431,43.553077,1.038401,233.674163,gev_mle,gev_mle,,,,False
18355,344,MPI-ESM1-2-LR,ssp585,2060_2100,2060,2100,50,65,41,44.490180,48.650659,1.093515,269.373226,gev_mle,gev_mle,,,,False
18355,357,MRI-ESM2-0,ssp126,2040_2059,2040,2059,25,65,20,44.180188,52.924474,1.197923,269.571791,gev_mle,gev_mle,,,,False
18355,357,MRI-ESM2-0,ssp126,2040_2059,2040,2059,50,65,20,46.443337,62.274297,1.340866,330.305106,gev_mle,gev_mle,,,,False
18355,357,MRI-ESM2-0,ssp126,2060_2100,2060,2100,25,65,41,44.180188,62.251591,1.409039,317.079633,gev_mle,gev_mle,,,,False
18355,357,MRI-ESM2-0,ssp126,2060_2100,2060,2100,50,65,41,46.443337,75.012151,1.615133,397.867137,gev_mle,gev_mle,,,,False
18355,357,MRI-ESM2-0,ssp245,2040_2059,2040,2059,25,65,20,44.180188,41.618808,0.942024,211.986172,gev_mle,gev_mle,,,,False
18355,357,MRI-ESM2-0,ssp245,2040_2059,2040,2059,50,65,20,46.443337,43.821131,0.943540,232.428850,gev_mle,gev_mle,,,,False
18355,357,MRI-ESM2-0,ssp245,2060_2100,2060,2100,25,65,41,44.180188,45.266246,1.024582,230.564460,gev_mle,gev_mle,,,,False
18355,357,MRI-ESM2-0,ssp245,2060_2100,2060,2100,50,65,41,46.443337,48.713875,1.048888,258.380138,gev_mle,gev_mle,,,,False
18355,357,MRI-ESM2-0,ssp370,2040_2059,2040,2059,25,65,20,44.180188,44.049943,0.997052,224.369202,gev_mle,gev_mle,,,,False
18355,357,MRI-ESM2-0,ssp370,2040_2059,2040,2059,50,65,20,46.443337,45.789467,0.985921,242.868972,gev_mle,gev_mle,,,,False
18355,357,MRI-ESM2-0,ssp370,2060_2100,2060,2100,25,65,41,44.180188,51.600904,1.167965,262.830163,gev_mle,gev_mle,,,,False
18355,357,MRI-ESM2-0,ssp370,2060_2100,2060,2100,50,65,41,46.443337,59.486012,1.280830,315.515941,gev_mle,gev_mle,,,,False
18355,357,MRI-ESM2-0,ssp585,2040_2059,2040,2059,25,65,20,44.180188,94.921332,2.148504,483.483563,gev_mle,gev_mle,,,,False
18355,357,MRI-ESM2-0,ssp585,2040_2059,2040,2059,50,65,20,46.443337,147.472591,3.175323,782.199911,gev_mle,gev_mle,,,,False
18355,357,MRI-ESM2-0,ssp585,2060_2100,2060,2100,25,65,41,44.180188,44.705387,1.011888,227.707719,gev_mle,gev_mle,,,,False
18355,357,MRI-ESM2-0,ssp585,2060_2100,2060,2100,50,65,41,46.443337,49.106981,1.057353,260.465189,gev_mle,gev_mle,,,,False
18355,370,NESM3,ssp126,2040_2059,2040,2059,25,65,20,44.747782,71.602767,1.600141,360.083927,gev_mle,gev_mle,,,,False
18355,370,NESM3,ssp126,2040_2059,2040,2059,50,65,20,48.711161,94.832268,1.946828,479.576088,gev_mle,gev_mle,,,,False
18355,370,NESM3,ssp126,2060_2100,2060,2100,25,65,41,44.747782,55.929681,1.249887,281.265377,gev_mle,gev_mle,,,,False
18355,370,NESM3,ssp126,2060_2100,2060,2100,50,65,41,48.711161,67.110198,1.377717,339.382857,gev_mle,gev_mle,,,,False
18355,370,NESM3,ssp245,2040_2059,2040,2059,25,65,20,44.747782,66.973252,1.496683,336.802513,gev_mle,gev_mle,,,,False
18355,370,NESM3,ssp245,2040_2059,2040,2059,50,65,20,48.711161,87.706881,1.800550,443.542305,gev_mle,gev_mle,,,,False
18355,370,NESM3,ssp245,2060_2100,2060,2100,25,65,41,44.747782,42.959415,0.960035,216.039067,gev_mle,gev_mle,,,,False
18355,370,NESM3,ssp245,2060_2100,2060,2100,50,65,41,48.711161,47.798821,0.981270,241.723329,gev_mle,gev_mle,,,,False
18355,370,NESM3,ssp370,2040_2059,2040,2059,25,65,0,44.747782,,,,gev_mle,nao_determinado,,n_insuficiente,,False
18355,370,NESM3,ssp370,2040_2059,2040,2059,50,65,0,48.711161,,,,gev_mle,nao_determinado,,n_insuficiente,,False
18355,370,NESM3,ssp370,2060_2100,2060,2100,25,65,0,44.747782,,,,gev_mle,nao_determinado,,n_insuficiente,,False
18355,370,NESM3,ssp370,2060_2100,2060,2100,50,65,0,48.711161,,,,gev_mle,nao_determinado,,n_insuficiente,,False
18355,370,NESM3,ssp585,2040_2059,2040,2059,25,65,20,44.747782,38.338770,0.856775,192.802253,gev_mle,gev_mle,,,,False
18355,370,NESM3,ssp585,2040_2059,2040,2059,50,65,20,48.711161,40.438721,0.830174,204.502579,gev_mle,gev_mle,,,,False
18355,370,NESM3,ssp585,2060_2100,2060,2100,25,65,41,44.747782,38.034307,0.849971,191.271136,gev_mle,gev_mle,,,,False
18355,370,NESM3,ssp585,2060_2100,2060,2100,50,65,41,48.711161,42.266032,0.867687,213.743473,gev_mle,gev_mle,,,,False
18355,379,NorESM2-LM,ssp126,2040_2059,2040,2059,25,65,20,40.926432,35.147599,0.858799,193.257886,gev_mle,gev_mle,,,,False
18355,379,NorESM2-LM,ssp126,2040_2059,2040,2059,50,65,20,44.112502,37.314173,0.845887,208.373265,gev_mle,gev_mle,,,,False
18355,379,NorESM2-LM,ssp126,2060_2100,2060,2100,25,65,41,40.926432,38.467036,0.939907,211.509700,gev_mle,gev_mle,,,,False
18355,379,NorESM2-LM,ssp126,2060_2100,2060,2100,50,65,41,44.112502,42.057178,0.953407,234.859588,gev_mle,gev_mle,,,,False
18355,379,NorESM2-LM,ssp245,2040_2059,2040,2059,25,65,0,40.926432,,,,gev_mle,nao_determinado,,n_insuficiente,,False
18355,379,NorESM2-LM,ssp245,2040_2059,2040,2059,50,65,0,44.112502,,,,gev_mle,nao_determinado,,n_insuficiente,,False
18355,379,NorESM2-LM,ssp245,2060_2100,2060,2100,25,65,0,40.926432,,,,gev_mle,nao_determinado,,n_insuficiente,,False
18355,379,NorESM2-LM,ssp245,2060_2100,2060,2100,50,65,0,44.112502,,,,gev_mle,nao_determinado,,n_insuficiente,,False
18355,379,NorESM2-LM,ssp370,2040_2059,2040,2059,25,65,20,40.926432,35.142073,0.858664,193.227506,gev_mle,gev_mle,,,,False
18355,379,NorESM2-LM,ssp370,2040_2059,2040,2059,50,65,20,44.112502,36.786364,0.833922,205.425823,gev_mle,gev_mle,,,,False
18355,379,NorESM2-LM,ssp370,2060_2100,2060,2100,25,65,41,40.926432,58.984787,1.441239,324.325863,gev_mle,gev_mle,,,,False
18355,379,NorESM2-LM,ssp370,2060_2100,2060,2100,50,65,41,44.112502,77.620233,1.759597,433.454095,gev_mle,gev_mle,,,,False
18355,379,NorESM2-LM,ssp585,2040_2059,2040,2059,25,65,20,40.926432,33.101234,0.808798,182.006017,gev_mle,gev_mle,,,,False
18355,379,NorESM2-LM,ssp585,2040_2059,2040,2059,50,65,20,44.112502,34.758172,0.787944,194.099805,gev_mle,gev_mle,,,,False
18355,379,NorESM2-LM,ssp585,2060_2100,2060,2100,25,65,41,40.926432,33.220898,0.811722,182.663988,gev_mle,gev_mle,,,,False
18355,379,NorESM2-LM,ssp585,2060_2100,2060,2100,50,65,41,44.112502,35.166244,0.797194,196.378598,gev_mle,gev_mle,,,,False
18355,380,NorESM2-MM,ssp126,2040_2059,2040,2059,25,65,20,53.211755,44.344118,0.833352,187.531355,gev_mle,gev_mle,,,,False
18355,380,NorESM2-MM,ssp126,2040_2059,2040,2059,50,65,20,61.100556,47.560274,0.778393,191.747208,gev_mle,gev_mle,,,,False
18355,380,NorESM2-MM,ssp126,2060_2100,2060,2100,25,65,41,53.211755,48.132176,0.904540,203.551056,gev_mle,gev_mle,,,,False
18355,380,NorESM2-MM,ssp126,2060_2100,2060,2100,50,65,41,61.100556,54.279855,0.888369,218.838324,gev_mle,gev_mle,,,,False
18355,380,NorESM2-MM,ssp245,2040_2059,2040,2059,25,65,20,53.211755,60.287964,1.132982,254.957908,gev_mle,gev_mle,,,,False
18355,380,NorESM2-MM,ssp245,2040_2059,2040,2059,50,65,20,61.100556,76.243158,1.247831,307.387062,gev_mle,gev_mle,,,,False
18355,380,NorESM2-MM,ssp245,2060_2100,2060,2100,25,65,41,53.211755,58.972514,1.108261,249.394868,gev_mle,gev_mle,,,,False
18355,380,NorESM2-MM,ssp245,2060_2100,2060,2100,50,65,41,61.100556,68.452948,1.120333,275.979525,gev_mle,gev_mle,,,,False
18355,380,NorESM2-MM,ssp370,2040_2059,2040,2059,25,65,20,53.211755,64.571909,1.213490,273.074718,gev_mle,gev_mle,,,,False
18355,380,NorESM2-MM,ssp370,2040_2059,2040,2059,50,65,20,61.100556,86.827138,1.421053,350.058147,gev_mle,gev_mle,,,,False
18355,380,NorESM2-MM,ssp370,2060_2100,2060,2100,25,65,41,53.211755,45.346224,0.852184,191.769260,gev_mle,gev_mle,,,,False
18355,380,NorESM2-MM,ssp370,2060_2100,2060,2100,50,65,41,61.100556,50.871107,0.832580,205.095386,gev_mle,gev_mle,,,,False
18355,380,NorESM2-MM,ssp585,2040_2059,2040,2059,25,65,20,53.211755,79.985485,1.503154,338.258759,gev_mle,gev_mle,,,,False
18355,380,NorESM2-MM,ssp585,2040_2059,2040,2059,50,65,20,61.100556,120.703608,1.975491,486.636810,gev_mle,gev_mle,,,,False
18355,380,NorESM2-MM,ssp585,2060_2100,2060,2100,25,65,41,53.211755,64.015670,1.203036,270.722382,gev_mle,gev_mle,,,,False
18355,380,NorESM2-MM,ssp585,2060_2100,2060,2100,50,65,41,61.100556,81.417097,1.332510,328.246664,gev_mle,gev_mle,,,,False
18355,381,UKESM1-0-LL,ssp126,2040_2059,2040,2059,25,65,20,43.795917,59.401036,1.356314,305.214981,gev_mle,gev_mle,,,,False
18355,381,UKESM1-0-LL,ssp126,2040_2059,2040,2059,50,65,20,48.282114,74.347539,1.539857,379.323883,gev_mle,gev_mle,,,,False
18355,381,UKESM1-0-LL,ssp126,2060_2100,2060,2100,25,65,41,43.795917,53.141242,1.213383,273.050850,gev_mle,gev_mle,,,,False
18355,381,UKESM1-0-LL,ssp126,2060_2100,2060,2100,50,65,41,48.282114,62.351081,1.291391,318.117511,gev_mle,gev_mle,,,,False
18355,381,UKESM1-0-LL,ssp245,2040_2059,2040,2059,25,65,0,43.795917,,,,gev_mle,nao_determinado,,n_insuficiente,,False
18355,381,UKESM1-0-LL,ssp245,2040_2059,2040,2059,50,65,0,48.282114,,,,gev_mle,nao_determinado,,n_insuficiente,,False
18355,381,UKESM1-0-LL,ssp245,2060_2100,2060,2100,25,65,0,43.795917,,,,gev_mle,nao_determinado,,n_insuficiente,,False
18355,381,UKESM1-0-LL,ssp245,2060_2100,2060,2100,50,65,0,48.282114,,,,gev_mle,nao_determinado,,n_insuficiente,,False
18355,381,UKESM1-0-LL,ssp370,2040_2059,2040,2059,25,65,0,43.795917,,,,gev_mle,nao_determinado,,n_insuficiente,,False
18355,381,UKESM1-0-LL,ssp370,2040_2059,2040,2059,50,65,0,48.282114,,,,gev_mle,nao_determinado,,n_insuficiente,,False
18355,381,UKESM1-0-LL,ssp370,2060_2100,2060,2100,25,65,0,43.795917,,,,gev_mle,nao_determinado,,n_insuficiente,,False
18355,381,UKESM1-0-LL,ssp370,2060_2100,2060,2100,50,65,0,48.282114,,,,gev_mle,nao_determinado,,n_insuficiente,,False
18355,381,UKESM1-0-LL,ssp585,2040_2059,2040,2059,25,65,20,43.795917,81.216126,1.854422,417.305490,gev_mle,gev_mle,,,,False
18355,381,UKESM1-0-LL,ssp585,2040_2059,2040,2059,50,65,20,48.282114,112.782506,2.335907,575.420501,gev_mle,gev_mle,,,,False
18355,381,UKESM1-0-LL,ssp585,2060_2100,2060,2100,25,65,41,43.795917,63.248146,1.444156,324.982242,gev_mle,gev_mle,,,,False
18355,381,UKESM1-0-LL,ssp585,2060_2100,2060,2100,50,65,41,48.282114,83.499858,1.729416,426.019351,gev_mle,gev_mle,,,,False
19495,1,ACCESS-CM2,ssp126,2040_2059,2040,2059,25,65,20,36.810711,35.565164,0.966163,217.418278,gev_mle,gev_mle,,,,False
19495,1,ACCESS-CM2,ssp126,2040_2059,2040,2059,50,65,20,38.295456,38.770662,1.012409,249.393907,gev_mle,gev_mle,,,,False
19495,1,ACCESS-CM2,ssp126,2060_2100,2060,2100,25,65,41,36.810711,46.015846,1.250067,281.305777,gev_mle,gev_mle,,,,False
19495,1,ACCESS-CM2,ssp126,2060_2100,2060,2100,50,65,41,38.295456,50.695957,1.323811,326.103864,gev_mle,gev_mle,,,,False
19495,1,ACCESS-CM2,ssp245,2040_2059,2040,2059,25,65,20,36.810711,43.455913,1.180524,265.656303,gev_mle,gev_mle,,,,False
19495,1,ACCESS-CM2,ssp245,2040_2059,2040,2059,50,65,20,38.295456,48.836294,1.275250,314.141503,gev_mle,gev_mle,,,,False
19495,1,ACCESS-CM2,ssp245,2060_2100,2060,2100,25,65,41,36.810711,37.996041,1.032201,232.278809,gev_mle,gev_mle,,,,False
19495,1,ACCESS-CM2,ssp245,2060_2100,2060,2100,50,65,41,38.295456,41.437266,1.082041,266.546949,gev_mle,gev_mle,,,,False
19495,1,ACCESS-CM2,ssp370,2040_2059,2040,2059,25,65,20,36.810711,41.040489,1.114906,250.890238,gev_mle,gev_mle,,,,False
19495,1,ACCESS-CM2,ssp370,2040_2059,2040,2059,50,65,20,38.295456,43.344231,1.131837,278.813577,gev_mle,gev_mle,,,,False
19495,1,ACCESS-CM2,ssp370,2060_2100,2060,2100,25,65,41,36.810711,39.404313,1.070458,240.887908,gev_mle,gev_mle,,,,False
19495,1,ACCESS-CM2,ssp370,2060_2100,2060,2100,50,65,41,38.295456,42.145520,1.100536,271.102818,gev_mle,gev_mle,,,,False
19495,1,ACCESS-CM2,ssp585,2040_2059,2040,2059,25,65,20,36.810711,45.121452,1.225770,275.838135,gev_mle,gev_mle,,,,False
19495,1,ACCESS-CM2,ssp585,2040_2059,2040,2059,50,65,20,38.295456,52.422553,1.368897,337.210267,gev_mle,gev_mle,,,,False
19495,1,ACCESS-CM2,ssp585,2060_2100,2060,2100,25,65,41,36.810711,46.615498,1.266357,284.971596,gev_mle,gev_mle,,,,False
19495,1,ACCESS-CM2,ssp585,2060_2100,2060,2100,50,65,41,38.295456,54.353495,1.419320,349.631129,gev_mle,gev_mle,,,,False
19495,14,ACCESS-ESM1-5,ssp126,2040_2059,2040,2059,25,65,40,40.733375,29.954195,0.735372,165.482743,gev_mle,gev_mle,,,,False
19495,14,ACCESS-ESM1-5,ssp126,2040_2059,2040,2059,50,65,40,43.964608,30.919571,0.703283,173.244763,gev_mle,gev_mle,,,,False
19495,14,ACCESS-ESM1-5,ssp126,2060_2100,2060,2100,25,65,82,40.733375,33.460675,0.821456,184.854384,gev_mle,gev_mle,,,,False
19495,14,ACCESS-ESM1-5,ssp126,2060_2100,2060,2100,50,65,82,43.964608,35.032333,0.796830,196.288889,gev_mle,gev_mle,,,,False
19495,14,ACCESS-ESM1-5,ssp245,2040_2059,2040,2059,25,65,20,40.733375,45.023218,1.105315,248.731959,gev_mle,gev_mle,,,,False
19495,14,ACCESS-ESM1-5,ssp245,2040_2059,2040,2059,50,65,20,43.964608,50.829380,1.156143,284.800970,gev_mle,gev_mle,,,,False
19495,14,ACCESS-ESM1-5,ssp245,2060_2100,2060,2100,25,65,41,40.733375,32.397629,0.795358,178.981559,gev_mle,gev_mle,,,,False
19495,14,ACCESS-ESM1-5,ssp245,2060_2100,2060,2100,50,65,41,43.964608,34.752447,0.790464,194.720664,gev_mle,gev_mle,,,,False
19495,14,ACCESS-ESM1-5,ssp370,2040_2059,2040,2059,25,65,20,40.733375,35.708610,0.876643,197.273157,gev_mle,gev_mle,,,,False
19495,14,ACCESS-ESM1-5,ssp370,2040_2059,2040,2059,50,65,20,43.964608,40.002081,0.909870,224.134773,gev_mle,gev_mle,,,,False
19495,14,ACCESS-ESM1-5,ssp370,2060_2100,2060,2100,25,65,41,40.733375,32.310240,0.793213,178.498774,gev_mle,gev_mle,,,,False
19495,14,ACCESS-ESM1-5,ssp370,2060_2100,2060,2100,50,65,41,43.964608,33.905575,0.771202,189.975576,gev_mle,gev_mle,,,,False
19495,14,ACCESS-ESM1-5,ssp585,2040_2059,2040,2059,25,65,20,40.733375,33.060351,0.811628,182.642783,gev_mle,gev_mle,,,,False
19495,14,ACCESS-ESM1-5,ssp585,2040_2059,2040,2059,50,65,20,43.964608,34.174685,0.777323,191.483421,gev_mle,gev_mle,,,,False
19495,14,ACCESS-ESM1-5,ssp585,2060_2100,2060,2100,25,65,41,40.733375,34.569636,0.848681,190.980868,gev_mle,gev_mle,,,,False
19495,14,ACCESS-ESM1-5,ssp585,2060_2100,2060,2100,50,65,41,43.964608,37.306293,0.848553,209.030066,gev_mle,gev_mle,,,,False
19495,30,BCC-CSM2-MR,ssp126,2040_2059,2040,2059,25,65,40,39.192322,38.436246,0.980709,220.691405,gev_mle,gev_mle,,,,False
19495,30,BCC-CSM2-MR,ssp126,2040_2059,2040,2059,50,65,40,41.127423,39.981414,0.972135,239.472976,gev_mle,gev_mle,,,,False
19495,30,BCC-CSM2-MR,ssp126,2060_2100,2060,2100,25,65,82,39.192322,46.767467,1.193281,268.527216,gev_mle,gev_mle,,,,False
19495,30,BCC-CSM2-MR,ssp126,2060_2100,2060,2100,50,65,82,41.127423,53.514576,1.301190,320.531303,gev_mle,gev_mle,,,,False
19495,30,BCC-CSM2-MR,ssp245,2040_2059,2040,2059,25,65,20,39.192322,38.659282,0.986399,221.972027,gev_mle,gev_mle,,,,False
19495,30,BCC-CSM2-MR,ssp245,2040_2059,2040,2059,50,65,20,41.127423,41.755076,1.015261,250.096513,gev_mle,gev_mle,,,,False
19495,30,BCC-CSM2-MR,ssp245,2060_2100,2060,2100,25,65,41,39.192322,37.623328,0.959967,216.023831,gev_mle,gev_mle,,,,False
19495,30,BCC-CSM2-MR,ssp245,2060_2100,2060,2100,50,65,41,41.127423,41.649281,1.012689,249.462843,gev_mle,gev_mle,,,,False
19495,30,BCC-CSM2-MR,ssp370,2040_2059,2040,2059,25,65,20,39.192322,38.999525,0.995081,223.925617,gev_mle,gev_mle,,,,False
19495,30,BCC-CSM2-MR,ssp370,2040_2059,2040,2059,50,65,20,41.127423,42.529261,1.034085,254.733580,gev_mle,gev_mle,,,,False
19495,30,BCC-CSM2-MR,ssp370,2060_2100,2060,2100,25,65,41,39.192322,34.268723,0.874373,196.762521,gev_mle,gev_mle,,,,False
19495,30,BCC-CSM2-MR,ssp370,2060_2100,2060,2100,50,65,41,41.127423,36.576635,0.889349,219.079689,gev_mle,gev_mle,,,,False
19495,30,BCC-CSM2-MR,ssp585,2040_2059,2040,2059,25,65,20,39.192322,33.524699,0.855389,192.490523,gev_mle,gev_mle,,,,False
19495,30,BCC-CSM2-MR,ssp585,2040_2059,2040,2059,50,65,20,41.127423,34.925774,0.849209,209.191679,gev_mle,gev_mle,,,,False
19495,30,BCC-CSM2-MR,ssp585,2060_2100,2060,2100,25,65,41,39.192322,37.921260,0.967569,217.734482,gev_mle,gev_mle,,,,False
19495,30,BCC-CSM2-MR,ssp585,2060_2100,2060,2100,50,65,41,41.127423,42.342938,1.029555,253.617575,gev_mle,gev_mle,,,,False
19495,46,CESM2-WACCM,ssp126,2040_2059,2040,2059,25,65,0,41.362175,,,,gev_mle,nao_determinado,,n_insuficiente,,False
19495,46,CESM2-WACCM,ssp126,2040_2059,2040,2059,50,65,0,44.074737,,,,gev_mle,nao_determinado,,n_insuficiente,,False
19495,46,CESM2-WACCM,ssp126,2060_2100,2060,2100,25,65,0,41.362175,,,,gev_mle,nao_determinado,,n_insuficiente,,False
19495,46,CESM2-WACCM,ssp126,2060_2100,2060,2100,50,65,0,44.074737,,,,gev_mle,nao_determinado,,n_insuficiente,,False
19495,46,CESM2-WACCM,ssp245,2040_2059,2040,2059,25,65,20,41.362175,44.930888,1.086280,244.448339,gev_mle,gev_mle,,,,False
19495,46,CESM2-WACCM,ssp245,2040_2059,2040,2059,50,65,20,44.074737,51.788337,1.175012,289.449028,gev_mle,gev_mle,,,,False
19495,46,CESM2-WACCM,ssp245,2060_2100,2060,2100,25,65,41,41.362175,52.595413,1.271582,286.147500,gev_mle,gev_mle,,,,False
19495,46,CESM2-WACCM,ssp245,2060_2100,2060,2100,50,65,41,44.074737,64.073682,1.453751,358.112773,gev_mle,gev_mle,,,,False
19495,46,CESM2-WACCM,ssp370,2040_2059,2040,2059,25,65,0,41.362175,,,,gev_mle,nao_determinado,,n_insuficiente,,False
19495,46,CESM2-WACCM,ssp370,2040_2059,2040,2059,50,65,0,44.074737,,,,gev_mle,nao_determinado,,n_insuficiente,,False
19495,46,CESM2-WACCM,ssp370,2060_2100,2060,2100,25,65,0,41.362175,,,,gev_mle,nao_determinado,,n_insuficiente,,False
19495,46,CESM2-WACCM,ssp370,2060_2100,2060,2100,50,65,0,44.074737,,,,gev_mle,nao_determinado,,n_insuficiente,,False
19495,46,CESM2-WACCM,ssp585,2040_2059,2040,2059,25,65,20,41.362175,44.255674,1.069955,240.774806,gev_mle,gev_mle,,,,False
19495,46,CESM2-WACCM,ssp585,2040_2059,2040,2059,50,65,20,44.074737,51.267636,1.163198,286.538794,gev_mle,gev_mle,,,,False
19495,46,CESM2-WACCM,ssp585,2060_2100,2060,2100,25,65,41,41.362175,49.848639,1.205175,271.203559,gev_mle,gev_mle,,,,False
19495,46,CESM2-WACCM,ssp585,2060_2100,2060,2100,50,65,41,44.074737,55.739999,1.264670,311.535177,gev_mle,gev_mle,,,,False
19495,53,CESM2,ssp126,2040_2059,2040,2059,25,65,40,42.652891,38.705924,0.907463,204.208785,gev_mle,gev_mle,,,,False
19495,53,CESM2,ssp126,2040_2059,2040,2059,50,65,40,45.611660,42.114963,0.923338,227.452338,gev_mle,gev_mle,,,,False
19495,53,CESM2,ssp126,2060_2100,2060,2100,25,65,82,42.652891,45.375194,1.063825,239.395221,gev_mle,gev_mle,,,,False
19495,53,CESM2,ssp126,2060_2100,2060,2100,50,65,82,45.611660,52.193865,1.144310,281.885959,gev_mle,gev_mle,,,,False
19495,53,CESM2,ssp245,2040_2059,2040,2059,25,65,20,42.652891,49.240440,1.154446,259.787891,gev_mle,gev_mle,,,,False
19495,53,CESM2,ssp245,2040_2059,2040,2059,50,65,20,45.611660,54.086390,1.185802,292.107012,gev_mle,gev_mle,,,,False
19495,53,CESM2,ssp245,2060_2100,2060,2100,25,65,41,42.652891,40.409075,0.947394,213.194446,gev_mle,gev_mle,,,,False
19495,53,CESM2,ssp245,2060_2100,2060,2100,50,65,41,45.611660,43.380285,0.951079,234.286023,gev_mle,gev_mle,,,,False
19495,53,CESM2,ssp370,2040_2059,2040,2059,25,65,20,42.652891,55.251341,1.295372,291.500838,gev_mle,gev_mle,,,,False
19495,53,CESM2,ssp370,2040_2059,2040,2059,50,65,20,45.611660,63.249436,1.386694,341.594319,gev_mle,gev_mle,,,,False
19495,53,CESM2,ssp370,2060_2100,2060,2100,25,65,41,42.652891,39.557590,0.927430,208.702096,gev_mle,gev_mle,,,,False
19495,53,CESM2,ssp370,2060_2100,2060,2100,50,65,41,45.611660,43.295532,0.949221,233.828298,gev_mle,gev_mle,,,,False
19495,53,CESM2,ssp585,2040_2059,2040,2059,25,65,20,42.652891,37.012242,0.867755,195.273082,gev_mle,gev_mle,,,,False
19495,53,CESM2,ssp585,2040_2059,2040,2059,50,65,20,45.611660,38.268917,0.839016,206.680809,gev_mle,gev_mle,,,,False
19495,53,CESM2,ssp585,2060_2100,2060,2100,25,65,41,42.652891,56.517853,1.325065,298.182834,gev_mle,gev_mle,,,,False
19495,53,CESM2,ssp585,2060_2100,2060,2100,50,65,41,45.611660,69.061267,1.514114,372.982561,gev_mle,gev_mle,,,,False
19495,69,CMCC-CM2-SR5,ssp126,2040_2059,2040,2059,25,65,20,40.901600,48.439644,1.184297,266.505456,gev_mle,gev_mle,,,,False
19495,69,CMCC-CM2-SR5,ssp126,2040_2059,2040,2059,50,65,20,44.018120,55.649489,1.264240,311.429359,gev_mle,gev_mle,,,,False
19495,69,CMCC-CM2-SR5,ssp126,2060_2100,2060,2100,25,65,41,40.901600,63.521377,1.553029,349.482198,gev_mle,gev_mle,,,,False
19495,69,CMCC-CM2-SR5,ssp126,2060_2100,2060,2100,50,65,41,44.018120,84.274099,1.914532,471.620301,gev_mle,gev_mle,,,,False
19495,69,CMCC-CM2-SR5,ssp245,2040_2059,2040,2059,25,65,20,40.901600,58.294294,1.425233,320.723814,gev_mle,gev_mle,,,,False
19495,69,CMCC-CM2-SR5,ssp245,2040_2059,2040,2059,50,65,20,44.018120,70.891437,1.610506,396.727365,gev_mle,gev_mle,,,,False
19495,69,CMCC-CM2-SR5,ssp245,2060_2100,2060,2100,25,65,41,40.901600,56.844110,1.389777,312.745185,gev_mle,gev_mle,,,,False
19495,69,CMCC-CM2-SR5,ssp245,2060_2100,2060,2100,50,65,41,44.018120,69.725469,1.584017,390.202295,gev_mle,gev_mle,,,,False
19495,69,CMCC-CM2-SR5,ssp370,2040_2059,2040,2059,25,65,20,40.901600,42.736635,1.044865,235.128614,gev_mle,gev_mle,,,,False
19495,69,CMCC-CM2-SR5,ssp370,2040_2059,2040,2059,50,65,20,44.018120,47.488318,1.078836,265.757274,gev_mle,gev_mle,,,,False
19495,69,CMCC-CM2-SR5,ssp370,2060_2100,2060,2100,25,65,41,40.901600,64.418506,1.574963,354.418030,gev_mle,gev_mle,,,,False
19495,69,CMCC-CM2-SR5,ssp370,2060_2100,2060,2100,50,65,41,44.018120,82.647780,1.877585,462.518987,gev_mle,gev_mle,,,,False
19495,69,CMCC-CM2-SR5,ssp585,2040_2059,2040,2059,25,65,20,40.901600,56.138722,1.372531,308.864278,gev_mle,gev_mle,,,,False
19495,69,CMCC-CM2-SR5,ssp585,2040_2059,2040,2059,50,65,20,44.018120,67.027634,1.522728,375.104492,gev_mle,gev_mle,,,,False
19495,69,CMCC-CM2-SR5,ssp585,2060_2100,2060,2100,25,65,41,40.901600,54.410520,1.330279,299.356047,gev_mle,gev_mle,,,,False
19495,69,CMCC-CM2-SR5,ssp585,2060_2100,2060,2100,50,65,41,44.018120,70.212381,1.595079,392.927186,gev_mle,gev_mle,,,,False
19495,82,CMCC-ESM2,ssp126,2040_2059,2040,2059,25,65,20,47.422110,59.396204,1.252500,281.853394,gev_mle,gev_mle,,,,False
19495,82,CMCC-ESM2,ssp126,2040_2059,2040,2059,50,65,20,52.160877,75.860316,1.454353,358.261073,gev_mle,gev_mle,,,,False
19495,82,CMCC-ESM2,ssp126,2060_2100,2060,2100,25,65,41,47.422110,41.227470,0.869372,195.637122,gev_mle,gev_mle,,,,False
19495,82,CMCC-ESM2,ssp126,2060_2100,2060,2100,50,65,41,52.160877,48.575978,0.931272,229.406930,gev_mle,gev_mle,,,,False
19495,82,CMCC-ESM2,ssp245,2040_2059,2040,2059,25,65,20,47.422110,34.768753,0.733176,164.988508,gev_mle,gev_mle,,,,False
19495,82,CMCC-ESM2,ssp245,2040_2059,2040,2059,50,65,20,52.160877,35.980894,0.689806,169.924864,gev_mle,gev_mle,,,,False
19495,82,CMCC-ESM2,ssp245,2060_2100,2060,2100,25,65,41,47.422110,43.199079,0.910948,204.993018,gev_mle,gev_mle,,,,False
19495,82,CMCC-ESM2,ssp245,2060_2100,2060,2100,50,65,41,52.160877,48.735588,0.934332,230.160710,gev_mle,gev_mle,,,,False
19495,82,CMCC-ESM2,ssp370,2040_2059,2040,2059,25,65,20,47.422110,36.970495,0.779605,175.436456,gev_mle,gev_mle,,,,False
19495,82,CMCC-ESM2,ssp370,2040_2059,2040,2059,50,65,20,52.160877,41.395857,0.793619,195.497791,gev_mle,gev_mle,,,,False
19495,82,CMCC-ESM2,ssp370,2060_2100,2060,2100,25,65,41,47.422110,44.024506,0.928354,208.909923,gev_mle,gev_mle,,,,False
19495,82,CMCC-ESM2,ssp370,2060_2100,2060,2100,50,65,41,52.160877,48.710845,0.933858,230.043858,gev_mle,gev_mle,,,,False
19495,82,CMCC-ESM2,ssp585,2040_2059,2040,2059,25,65,20,47.422110,35.405984,0.746613,168.012367,gev_mle,gev_mle,,,,False
19495,82,CMCC-ESM2,ssp585,2040_2059,2040,2059,50,65,20,52.160877,37.485529,0.718652,177.030712,gev_mle,gev_mle,,,,False
19495,82,CMCC-ESM2,ssp585,2060_2100,2060,2100,25,65,41,47.422110,50.990509,1.075248,241.965767,gev_mle,gev_mle,,,,False
19495,82,CMCC-ESM2,ssp585,2060_2100,2060,2100,50,65,41,52.160877,64.668023,1.239780,305.403889,gev_mle,gev_mle,,,,False
19495,95,CNRM-CM6-1,ssp126,2040_2059,2040,2059,25,65,20,40.733375,35.664372,0.875557,197.028765,gev_mle,gev_mle,,,,False
19495,95,CNRM-CM6-1,ssp126,2040_2059,2040,2059,50,65,20,43.964608,36.680867,0.834327,205.525751,gev_mle,gev_mle,,,,False
19495,95,CNRM-CM6-1,ssp126,2060_2100,2060,2100,25,65,41,40.733375,40.991389,1.006334,226.458010,gev_mle,gev_mle,,,,False
19495,95,CNRM-CM6-1,ssp126,2060_2100,2060,2100,50,65,41,43.964608,44.177939,1.004852,247.532431,gev_mle,gev_mle,,,,False
19495,95,CNRM-CM6-1,ssp245,2040_2059,2040,2059,25,65,20,40.733375,59.316386,1.456211,327.694943,gev_mle,gev_mle,,,,False
19495,95,CNRM-CM6-1,ssp245,2040_2059,2040,2059,50,65,20,43.964608,69.190449,1.573776,387.679472,gev_mle,gev_mle,,,,False
19495,95,CNRM-CM6-1,ssp245,2060_2100,2060,2100,25,65,41,40.733375,46.086193,1.131411,254.604390,gev_mle,gev_mle,,,,False
19495,95,CNRM-CM6-1,ssp245,2060_2100,2060,2100,50,65,41,43.964608,51.450868,1.170279,288.283216,gev_mle,gev_mle,,,,False
19495,95,CNRM-CM6-1,ssp370,2040_2059,2040,2059,25,65,20,40.733375,46.470732,1.140851,256.728786,gev_mle,gev_mle,,,,False
19495,95,CNRM-CM6-1,ssp370,2040_2059,2040,2059,50,65,20,43.964608,52.045733,1.183810,291.616292,gev_mle,gev_mle,,,,False
19495,95,CNRM-CM6-1,ssp370,2060_2100,2060,2100,25,65,41,40.733375,39.601608,0.972215,218.780128,gev_mle,gev_mle,,,,False
19495,95,CNRM-CM6-1,ssp370,2060_2100,2060,2100,50,65,41,43.964608,41.526300,0.944539,232.675092,gev_mle,gev_mle,,,,False
19495,95,CNRM-CM6-1,ssp585,2040_2059,2040,2059,25,65,20,40.733375,48.752290,1.196864,269.333316,gev_mle,gev_mle,,,,False
19495,95,CNRM-CM6-1,ssp585,2040_2059,2040,2059,50,65,20,43.964608,55.517277,1.262772,311.067626,gev_mle,gev_mle,,,,False
19495,95,CNRM-CM6-1,ssp585,2060_2100,2060,2100,25,65,41,40.733375,38.610350,0.947880,213.303901,gev_mle,gev_mle,,,,False
19495,95,CNRM-CM6-1,ssp585,2060_2100,2060,2100,50,65,41,43.964608,42.533826,0.967456,238.320337,gev_mle,gev_mle,,,,False
19495,108,CNRM-ESM2-1,ssp126,2040_2059,2040,2059,25,65,20,52.157415,51.111788,0.979952,220.521259,gev_mle,gev_mle,,,,False
19495,108,CNRM-ESM2-1,ssp126,2040_2059,2040,2059,50,65,20,61.970049,59.337944,0.957526,235.874243,gev_mle,gev_mle,,,,False
19495,108,CNRM-ESM2-1,ssp126,2060_2100,2060,2100,25,65,41,52.157415,65.071447,1.247597,280.750058,gev_mle,gev_mle,,,,False
19495,108,CNRM-ESM2-1,ssp126,2060_2100,2060,2100,50,65,41,61.970049,81.729971,1.318862,324.884780,gev_mle,gev_mle,,,,False
19495,108,CNRM-ESM2-1,ssp245,2040_2059,2040,2059,25,65,20,52.157415,50.439452,0.967062,217.620472,gev_mle,gev_mle,,,,False
19495,108,CNRM-ESM2-1,ssp245,2040_2059,2040,2059,50,65,20,61.970049,56.083859,0.905016,222.938928,gev_mle,gev_mle,,,,False
19495,108,CNRM-ESM2-1,ssp245,2060_2100,2060,2100,25,65,41,52.157415,57.565735,1.103692,248.366745,gev_mle,gev_mle,,,,False
19495,108,CNRM-ESM2-1,ssp245,2060_2100,2060,2100,50,65,41,61.970049,67.163405,1.083804,266.981231,gev_mle,gev_mle,,,,False
19495,108,CNRM-ESM2-1,ssp370,2040_2059,2040,2059,25,65,20,52.157415,61.805768,1.184985,266.660319,gev_mle,gev_mle,,,,False
19495,108,CNRM-ESM2-1,ssp370,2040_2059,2040,2059,50,65,20,61.970049,78.972420,1.274364,313.923240,gev_mle,gev_mle,,,,False
19495,108,CNRM-ESM2-1,ssp370,2060_2100,2060,2100,25,65,41,52.157415,49.885563,0.956442,215.230725,gev_mle,gev_mle,,,,False
19495,108,CNRM-ESM2-1,ssp370,2060_2100,2060,2100,50,65,41,61.970049,56.151350,0.906105,223.207214,gev_mle,gev_mle,,,,False
19495,108,CNRM-ESM2-1,ssp585,2040_2059,2040,2059,25,65,20,52.157415,76.590787,1.468454,330.450124,gev_mle,gev_mle,,,,False
19495,108,CNRM-ESM2-1,ssp585,2040_2059,2040,2059,50,65,20,61.970049,100.369726,1.619649,398.979664,gev_mle,gev_mle,,,,False
19495,108,CNRM-ESM2-1,ssp585,2060_2100,2060,2100,25,65,41,52.157415,51.198959,0.981624,220.897358,gev_mle,gev_mle,,,,False
19495,108,CNRM-ESM2-1,ssp585,2060_2100,2060,2100,50,65,41,61.970049,60.532301,0.976799,240.621932,gev_mle,gev_mle,,,,False
19495,121,CanESM5,ssp126,2040_2059,2040,2059,25,65,40,43.973702,48.114483,1.094165,246.222786,gev_mle,gev_mle,,,,False
19495,121,CanESM5,ssp126,2040_2059,2040,2059,50,65,40,47.468337,59.138304,1.245847,306.898461,gev_mle,gev_mle,,,,False
19495,121,CanESM5,ssp126,2060_2100,2060,2100,25,65,82,43.973702,39.542396,0.899228,202.355680,gev_mle,gev_mle,,,,False
19495,121,CanESM5,ssp126,2060_2100,2060,2100,50,65,82,47.468337,41.212397,0.868208,213.871897,gev_mle,gev_mle,,,,False
19495,121,CanESM5,ssp245,2040_2059,2040,2059,25,65,20,43.973702,37.027617,0.842040,189.486458,gev_mle,gev_mle,,,,False
19495,121,CanESM5,ssp245,2040_2059,2040,2059,50,65,20,47.468337,39.586420,0.833954,205.433885,gev_mle,gev_mle,,,,False
19495,121,CanESM5,ssp245,2060_2100,2060,2100,25,65,41,43.973702,39.843973,0.906086,203.898979,gev_mle,gev_mle,,,,False
19495,121,CanESM5,ssp245,2060_2100,2060,2100,50,65,41,47.468337,44.107440,0.929197,228.895733,gev_mle,gev_mle,,,,False
19495,121,CanESM5,ssp370,2040_2059,2040,2059,25,65,20,43.973702,38.827271,0.882966,198.696073,gev_mle,gev_mle,,,,False
19495,121,CanESM5,ssp370,2040_2059,2040,2059,50,65,20,47.468337,42.847238,0.902649,222.355909,gev_mle,gev_mle,,,,False
19495,121,CanESM5,ssp370,2060_2100,2060,2100,25,65,41,43.973702,37.084695,0.843338,189.778553,gev_mle,gev_mle,,,,False
19495,121,CanESM5,ssp370,2060_2100,2060,2100,50,65,41,47.468337,40.408080,0.851264,209.697893,gev_mle,gev_mle,,,,False
19495,121,CanESM5,ssp585,2040_2059,2040,2059,25,65,20,43.973702,36.889378,0.838896,188.779028,gev_mle,gev_mle,,,,False
19495,121,CanESM5,ssp585,2040_2059,2040,2059,50,65,20,47.468337,39.814686,0.838763,206.618471,gev_mle,gev_mle,,,,False
19495,121,CanESM5,ssp585,2060_2100,2060,2100,25,65,41,43.973702,33.646642,0.765154,172.184535,gev_mle,gev_mle,,,,False
19495,121,CanESM5,ssp585,2060_2100,2060,2100,50,65,41,47.468337,36.027279,0.758975,186.963705,gev_mle,gev_mle,,,,False
19495,137,EC-Earth3-Veg-LR,ssp126,2040_2059,2040,2059,25,65,20,47.534622,53.973517,1.135457,255.514838,gev_mle,gev_mle,,,,False
19495,137,EC-Earth3-Veg-LR,ssp126,2040_2059,2040,2059,50,65,20,54.129606,63.996551,1.182284,291.240365,gev_mle,gev_mle,,,,False
19495,137,EC-Earth3-Veg-LR,ssp126,2060_2100,2060,2100,25,65,41,47.534622,52.157254,1.097248,246.916510,gev_mle,gev_mle,,,,False
19495,137,EC-Earth3-Veg-LR,ssp126,2060_2100,2060,2100,50,65,41,54.129606,59.851329,1.105704,272.375975,gev_mle,gev_mle,,,,False
19495,137,EC-Earth3-Veg-LR,ssp245,2040_2059,2040,2059,25,65,20,47.534622,59.682714,1.255563,282.542624,gev_mle,gev_mle,,,,False
19495,137,EC-Earth3-Veg-LR,ssp245,2040_2059,2040,2059,50,65,20,54.129606,69.102001,1.276603,314.474635,gev_mle,gev_mle,,,,False
19495,137,EC-Earth3-Veg-LR,ssp245,2060_2100,2060,2100,25,65,41,47.534622,51.642227,1.086413,244.478330,gev_mle,gev_mle,,,,False
19495,137,EC-Earth3-Veg-LR,ssp245,2060_2100,2060,2100,50,65,41,54.129606,59.903080,1.106660,272.611488,gev_mle,gev_mle,,,,False
19495,137,EC-Earth3-Veg-LR,ssp370,2040_2059,2040,2059,25,65,20,47.534622,53.520489,1.125926,253.370168,gev_mle,gev_mle,,,,False
19495,137,EC-Earth3-Veg-LR,ssp370,2040_2059,2040,2059,50,65,20,54.129606,59.894735,1.106506,272.573509,gev_mle,gev_mle,,,,False
19495,137,EC-Earth3-Veg-LR,ssp370,2060_2100,2060,2100,25,65,41,47.534622,44.251667,0.930936,209.490842,gev_mle,gev_mle,,,,False
19495,137,EC-Earth3-Veg-LR,ssp370,2060_2100,2060,2100,50,65,41,54.129606,46.758858,0.863831,212.793764,gev_mle,gev_mle,,,,False
19495,137,EC-Earth3-Veg-LR,ssp585,2040_2059,2040,2059,25,65,20,47.534622,39.900298,0.839394,188.891123,gev_mle,gev_mle,,,,False
19495,137,EC-Earth3-Veg-LR,ssp585,2040_2059,2040,2059,50,65,20,54.129606,42.398353,0.783275,192.949646,gev_mle,gev_mle,,,,False
19495,137,EC-Earth3-Veg-LR,ssp585,2060_2100,2060,2100,25,65,41,47.534622,52.732374,1.109347,249.639170,gev_mle,gev_mle,,,,False
19495,137,EC-Earth3-Veg-LR,ssp585,2060_2100,2060,2100,50,65,41,54.129606,63.030606,1.164439,286.844470,gev_mle,gev_mle,,,,False
19495,150,EC-Earth3,ssp126,2040_2059,2040,2059,25,65,20,43.641477,41.466083,0.950153,213.815420,gev_mle,gev_mle,,,,False
19495,150,EC-Earth3,ssp126,2040_2059,2040,2059,50,65,20,46.024153,43.712369,0.949770,233.963658,gev_mle,gev_mle,,,,False
19495,150,EC-Earth3,ssp126,2060_2100,2060,2100,25,65,41,43.641477,52.676016,1.207017,271.618241,gev_mle,gev_mle,,,,False
19495,150,EC-Earth3,ssp126,2060_2100,2060,2100,50,65,41,46.024153,59.875800,1.300965,320.475909,gev_mle,gev_mle,,,,False
19495,150,EC-Earth3,ssp245,2040_2059,2040,2059,25,65,20,43.641477,44.151246,1.011681,227.661180,gev_mle,gev_mle,,,,False
19495,150,EC-Earth3,ssp245,2040_2059,2040,2059,50,65,20,46.024153,45.710048,0.993175,244.655927,gev_mle,gev_mle,,,,False
19495,150,EC-Earth3,ssp245,2060_2100,2060,2100,25,65,41,43.641477,54.430208,1.247213,280.663544,gev_mle,gev_mle,,,,False
19495,150,EC-Earth3,ssp245,2060_2100,2060,2100,50,65,41,46.024153,66.950600,1.454684,358.342678,gev_mle,gev_mle,,,,False
19495,150,EC-Earth3,ssp370,2040_2059,2040,2059,25,65,20,43.641477,63.974352,1.465907,329.876905,gev_mle,gev_mle,,,,False
19495,150,EC-Earth3,ssp370,2040_2059,2040,2059,50,65,20,46.024153,75.467977,1.639747,403.930611,gev_mle,gev_mle,,,,False
19495,150,EC-Earth3,ssp370,2060_2100,2060,2100,25,65,41,43.641477,46.651105,1.068963,240.551433,gev_mle,gev_mle,,,,False
19495,150,EC-Earth3,ssp370,2060_2100,2060,2100,50,65,41,46.024153,50.335403,1.093674,269.412419,gev_mle,gev_mle,,,,False
19495,150,EC-Earth3,ssp585,2040_2059,2040,2059,25,65,20,43.641477,39.440647,0.903742,203.371480,gev_mle,gev_mle,,,,False
19495,150,EC-Earth3,ssp585,2040_2059,2040,2059,50,65,20,46.024153,42.044162,0.913524,225.034840,gev_mle,gev_mle,,,,False
19495,150,EC-Earth3,ssp585,2060_2100,2060,2100,25,65,41,43.641477,49.163337,1.126528,253.505488,gev_mle,gev_mle,,,,False
19495,150,EC-Earth3,ssp585,2060_2100,2060,2100,50,65,41,46.024153,52.760246,1.146360,282.391014,gev_mle,gev_mle,,,,False
19495,163,FGOALS-g3,ssp126,2040_2059,2040,2059,25,65,20,32.083971,34.015381,1.060199,238.579252,gev_mle,gev_mle,,,,False
19495,163,FGOALS-g3,ssp126,2040_2059,2040,2059,50,65,20,33.396403,35.350913,1.058525,260.753901,gev_mle,gev_mle,,,,False
19495,163,FGOALS-g3,ssp126,2060_2100,2060,2100,25,65,41,32.083971,38.923637,1.213180,273.005097,gev_mle,gev_mle,,,,False
19495,163,FGOALS-g3,ssp126,2060_2100,2060,2100,50,65,41,33.396403,43.526514,1.303329,321.058414,gev_mle,gev_mle,,,,False
19495,163,FGOALS-g3,ssp245,2040_2059,2040,2059,25,65,20,32.083971,33.912433,1.056990,237.857191,gev_mle,gev_mle,,,,False
19495,163,FGOALS-g3,ssp245,2040_2059,2040,2059,50,65,20,33.396403,36.979269,1.107283,272.764910,gev_mle,gev_mle,,,,False
19495,163,FGOALS-g3,ssp245,2060_2100,2060,2100,25,65,41,32.083971,39.014047,1.215998,273.639215,gev_mle,gev_mle,,,,False
19495,163,FGOALS-g3,ssp245,2060_2100,2060,2100,50,65,41,33.396403,43.016170,1.288048,317.294041,gev_mle,gev_mle,,,,False
19495,163,FGOALS-g3,ssp370,2040_2059,2040,2059,25,65,20,32.083971,42.961401,1.339030,301.325424,gev_mle,gev_mle,,,,False
19495,163,FGOALS-g3,ssp370,2040_2059,2040,2059,50,65,20,33.396403,51.840023,1.552264,382.380167,gev_mle,gev_mle,,,,False
19495,163,FGOALS-g3,ssp370,2060_2100,2060,2100,25,65,41,32.083971,34.315473,1.069552,240.684059,gev_mle,gev_mle,,,,False
19495,163,FGOALS-g3,ssp370,2060_2100,2060,2100,50,65,41,33.396403,37.502024,1.122936,276.620830,gev_mle,gev_mle,,,,False
19495,163,FGOALS-g3,ssp585,2040_2059,2040,2059,25,65,20,32.083971,36.125874,1.125979,253.381962,gev_mle,gev_mle,,,,False
19495,163,FGOALS-g3,ssp585,2040_2059,2040,2059,50,65,20,33.396403,39.673466,1.187956,292.637732,gev_mle,gev_mle,,,,False
19495,163,FGOALS-g3,ssp585,2060_2100,2060,2100,25,65,41,32.083971,34.364622,1.071084,241.028785,gev_mle,gev_mle,,,,False
19495,163,FGOALS-g3,ssp585,2060_2100,2060,2100,50,65,41,33.396403,37.893984,1.134673,279.511986,gev_mle,gev_mle,,,,False
19495,176,GFDL-CM4,ssp126,2040_2059,2040,2059,25,65,0,45.170008,,,,gev_mle,nao_determinado,,n_insuficiente,,False
19495,176,GFDL-CM4,ssp126,2040_2059,2040,2059,50,65,0,49.615443,,,,gev_mle,nao_determinado,,n_insuficiente,,False
19495,176,GFDL-CM4,ssp126,2060_2100,2060,2100,25,65,0,45.170008,,,,gev_mle,nao_determinado,,n_insuficiente,,False
19495,176,GFDL-CM4,ssp126,2060_2100,2060,2100,50,65,0,49.615443,,,,gev_mle,nao_determinado,,n_insuficiente,,False
19495,176,GFDL-CM4,ssp245,2040_2059,2040,2059,25,65,20,45.170008,37.534403,0.830959,186.992762,gev_mle,gev_mle,,,,False
19495,176,GFDL-CM4,ssp245,2040_2059,2040,2059,50,65,20,49.615443,39.253325,0.791151,194.889949,gev_mle,gev_mle,,,,False
19495,176,GFDL-CM4,ssp245,2060_2100,2060,2100,25,65,41,45.170008,46.919017,1.038721,233.745996,gev_mle,gev_mle,,,,False
19495,176,GFDL-CM4,ssp245,2060_2100,2060,2100,50,65,41,49.615443,51.871308,1.045467,257.537329,gev_mle,gev_mle,,,,False
19495,176,GFDL-CM4,ssp370,2040_2059,2040,2059,25,65,0,45.170008,,,,gev_mle,nao_determinado,,n_insuficiente,,False
19495,176,GFDL-CM4,ssp370,2040_2059,2040,2059,50,65,0,49.615443,,,,gev_mle,nao_determinado,,n_insuficiente,,False
19495,176,GFDL-CM4,ssp370,2060_2100,2060,2100,25,65,0,45.170008,,,,gev_mle,nao_determinado,,n_insuficiente,,False
19495,176,GFDL-CM4,ssp370,2060_2100,2060,2100,50,65,0,49.615443,,,,gev_mle,nao_determinado,,n_insuficiente,,False
19495,176,GFDL-CM4,ssp585,2040_2059,2040,2059,25,65,20,45.170008,55.315463,1.224606,275.576277,gev_mle,gev_mle,,,,False
19495,176,GFDL-CM4,ssp585,2040_2059,2040,2059,50,65,20,49.615443,66.615206,1.342630,330.739731,gev_mle,gev_mle,,,,False
19495,176,GFDL-CM4,ssp585,2060_2100,2060,2100,25,65,41,45.170008,43.313076,0.958890,215.781551,gev_mle,gev_mle,,,,False
19495,176,GFDL-CM4,ssp585,2060_2100,2060,2100,50,65,41,49.615443,48.697797,0.981505,241.781076,gev_mle,gev_mle,,,,False
19495,183,GFDL-CM4_gr2,ssp126,2040_2059,2040,2059,25,65,0,44.029297,,,,gev_mle,nao_determinado,,n_insuficiente,,False
19495,183,GFDL-CM4_gr2,ssp126,2040_2059,2040,2059,50,65,0,48.233251,,,,gev_mle,nao_determinado,,n_insuficiente,,False
19495,183,GFDL-CM4_gr2,ssp126,2060_2100,2060,2100,25,65,0,44.029297,,,,gev_mle,nao_determinado,,n_insuficiente,,False
19495,183,GFDL-CM4_gr2,ssp126,2060_2100,2060,2100,50,65,0,48.233251,,,,gev_mle,nao_determinado,,n_insuficiente,,False
19495,183,GFDL-CM4_gr2,ssp245,2040_2059,2040,2059,25,65,20,44.029297,39.525614,0.897712,202.014398,gev_mle,gev_mle,,,,False
19495,183,GFDL-CM4_gr2,ssp245,2040_2059,2040,2059,50,65,20,48.233251,42.479467,0.880709,216.951370,gev_mle,gev_mle,,,,False
19495,183,GFDL-CM4_gr2,ssp245,2060_2100,2060,2100,25,65,41,44.029297,45.959663,1.043843,234.898659,gev_mle,gev_mle,,,,False
19495,183,GFDL-CM4_gr2,ssp245,2060_2100,2060,2100,50,65,41,48.233251,50.083023,1.038351,255.784288,gev_mle,gev_mle,,,,False
19495,183,GFDL-CM4_gr2,ssp370,2040_2059,2040,2059,25,65,0,44.029297,,,,gev_mle,nao_determinado,,n_insuficiente,,False
19495,183,GFDL-CM4_gr2,ssp370,2040_2059,2040,2059,50,65,0,48.233251,,,,gev_mle,nao_determinado,,n_insuficiente,,False
19495,183,GFDL-CM4_gr2,ssp370,2060_2100,2060,2100,25,65,0,44.029297,,,,gev_mle,nao_determinado,,n_insuficiente,,False
19495,183,GFDL-CM4_gr2,ssp370,2060_2100,2060,2100,50,65,0,48.233251,,,,gev_mle,nao_determinado,,n_insuficiente,,False
19495,183,GFDL-CM4_gr2,ssp585,2040_2059,2040,2059,25,65,20,44.029297,49.490461,1.124035,252.944476,gev_mle,gev_mle,,,,False
19495,183,GFDL-CM4_gr2,ssp585,2040_2059,2040,2059,50,65,20,48.233251,57.195220,1.185805,292.107742,gev_mle,gev_mle,,,,False
19495,183,GFDL-CM4_gr2,ssp585,2060_2100,2060,2100,25,65,41,44.029297,38.518879,0.874847,196.869000,gev_mle,gev_mle,,,,False
19495,183,GFDL-CM4_gr2,ssp585,2060_2100,2060,2100,50,65,41,48.233251,41.963069,0.870003,214.314016,gev_mle,gev_mle,,,,False
19495,190,GFDL-ESM4,ssp126,2040_2059,2040,2059,25,65,20,40.287104,78.699482,1.953466,439.593514,gev_mle,gev_mle,,,,False
19495,190,GFDL-ESM4,ssp126,2040_2059,2040,2059,50,65,20,42.550055,110.083054,2.587142,637.309228,gev_mle,gev_mle,,,,False
19495,190,GFDL-ESM4,ssp126,2060_2100,2060,2100,25,65,41,40.287104,49.514028,1.229029,276.571647,gev_mle,gev_mle,,,,False
19495,190,GFDL-ESM4,ssp126,2060_2100,2060,2100,50,65,41,42.550055,57.414512,1.349340,332.392651,gev_mle,gev_mle,,,,False
19495,190,GFDL-ESM4,ssp245,2040_2059,2040,2059,25,65,20,40.287104,41.789683,1.037297,233.425596,gev_mle,gev_mle,,,,False
19495,190,GFDL-ESM4,ssp245,2040_2059,2040,2059,50,65,20,42.550055,46.089266,1.083178,266.826853,gev_mle,gev_mle,,,,False
19495,190,GFDL-ESM4,ssp245,2060_2100,2060,2100,25,65,41,40.287104,37.616305,0.933706,210.114261,gev_mle,gev_mle,,,,False
19495,190,GFDL-ESM4,ssp245,2060_2100,2060,2100,50,65,41,42.550055,40.524278,0.952391,234.609192,gev_mle,gev_mle,,,,False
19495,190,GFDL-ESM4,ssp370,2040_2059,2040,2059,25,65,20,40.287104,42.793017,1.062201,239.029944,gev_mle,gev_mle,,,,False
19495,190,GFDL-ESM4,ssp370,2040_2059,2040,2059,50,65,20,42.550055,47.289379,1.111382,273.774722,gev_mle,gev_mle,,,,False
19495,190,GFDL-ESM4,ssp370,2060_2100,2060,2100,25,65,41,40.287104,43.918593,1.090140,245.317099,gev_mle,gev_mle,,,,False
19495,190,GFDL-ESM4,ssp370,2060_2100,2060,2100,50,65,41,42.550055,48.147076,1.131540,278.740229,gev_mle,gev_mle,,,,False
19495,190,GFDL-ESM4,ssp585,2040_2059,2040,2059,25,65,20,40.287104,50.359982,1.250027,281.296913,gev_mle,gev_mle,,,,False
19495,190,GFDL-ESM4,ssp585,2040_2059,2040,2059,50,65,20,42.550055,55.790343,1.311170,322.989770,gev_mle,gev_mle,,,,False
19495,190,GFDL-ESM4,ssp585,2060_2100,2060,2100,25,65,41,40.287104,51.573366,1.280146,288.074538,gev_mle,gev_mle,,,,False
19495,190,GFDL-ESM4,ssp585,2060_2100,2060,2100,50,65,41,42.550055,59.034975,1.387424,341.774081,gev_mle,gev_mle,,,,False
19495,203,GISS-E2-1-G,ssp126,2040_2059,2040,2059,25,65,20,40.963483,48.007414,1.171956,263.728387,gev_mle,gev_mle,,,,False
19495,203,GISS-E2-1-G,ssp126,2040_2059,2040,2059,50,65,20,43.252230,53.706078,1.241695,305.875572,gev_mle,gev_mle,,,,False
19495,203,GISS-E2-1-G,ssp126,2060_2100,2060,2100,25,65,41,40.963483,45.655277,1.114536,250.806940,gev_mle,gev_mle,,,,False
19495,203,GISS-E2-1-G,ssp126,2060_2100,2060,2100,50,65,41,43.252230,50.415803,1.165623,287.136263,gev_mle,gev_mle,,,,False
19495,203,GISS-E2-1-G,ssp245,2040_2059,2040,2059,25,65,20,40.963483,34.975169,0.853813,192.135841,gev_mle,gev_mle,,,,False
19495,203,GISS-E2-1-G,ssp245,2040_2059,2040,2059,50,65,20,43.252230,35.452137,0.819660,201.912767,gev_mle,gev_mle,,,,False
19495,203,GISS-E2-1-G,ssp245,2060_2100,2060,2100,25,65,41,40.963483,46.489311,1.134896,255.388704,gev_mle,gev_mle,,,,False
19495,203,GISS-E2-1-G,ssp245,2060_2100,2060,2100,50,65,41,43.252230,52.879298,1.222580,301.166764,gev_mle,gev_mle,,,,False
19495,203,GISS-E2-1-G,ssp370,2040_2059,2040,2059,25,65,20,40.963483,38.606804,0.942469,212.086207,gev_mle,gev_mle,,,,False
19495,203,GISS-E2-1-G,ssp370,2040_2059,2040,2059,50,65,20,43.252230,40.212321,0.929717,229.023740,gev_mle,gev_mle,,,,False
19495,203,GISS-E2-1-G,ssp370,2060_2100,2060,2100,25,65,41,40.963483,53.619516,1.308959,294.558433,gev_mle,gev_mle,,,,False
19495,203,GISS-E2-1-G,ssp370,2060_2100,2060,2100,50,65,41,43.252230,63.208100,1.461384,359.993030,gev_mle,gev_mle,,,,False
19495,203,GISS-E2-1-G,ssp585,2040_2059,2040,2059,25,65,20,40.963483,57.285930,1.398463,314.699854,gev_mle,gev_mle,,,,False
19495,203,GISS-E2-1-G,ssp585,2040_2059,2040,2059,50,65,20,43.252230,67.724062,1.565794,385.713071,gev_mle,gev_mle,,,,False
19495,203,GISS-E2-1-G,ssp585,2060_2100,2060,2100,25,65,41,40.963483,47.411902,1.157419,260.456946,gev_mle,gev_mle,,,,False
19495,203,GISS-E2-1-G,ssp585,2060_2100,2060,2100,50,65,41,43.252230,53.432942,1.235380,304.319966,gev_mle,gev_mle,,,,False
19495,216,HadGEM3-GC31-LL,ssp126,2040_2059,2040,2059,25,65,20,39.092539,48.601882,1.243252,279.772266,gev_mle,gev_mle,,,,False
19495,216,HadGEM3-GC31-LL,ssp126,2040_2059,2040,2059,50,65,20,41.521505,56.224685,1.354110,333.567560,gev_mle,gev_mle,,,,False
19495,216,HadGEM3-GC31-LL,ssp126,2060_2100,2060,2100,25,65,41,39.092539,54.030515,1.382118,311.021697,gev_mle,gev_mle,,,,False
19495,216,HadGEM3-GC31-LL,ssp126,2060_2100,2060,2100,50,65,41,41.521505,62.386704,1.502515,370.125338,gev_mle,gev_mle,,,,False
19495,216,HadGEM3-GC31-LL,ssp245,2040_2059,2040,2059,25,65,20,39.092539,48.611238,1.243491,279.826124,gev_mle,gev_mle,,,,False
19495,216,HadGEM3-GC31-LL,ssp245,2040_2059,2040,2059,50,65,20,41.521505,53.810425,1.295965,319.244335,gev_mle,gev_mle,,,,False
19495,216,HadGEM3-GC31-LL,ssp245,2060_2100,2060,2100,25,65,41,39.092539,41.301163,1.056497,237.746353,gev_mle,gev_mle,,,,False
19495,216,HadGEM3-GC31-LL,ssp245,2060_2100,2060,2100,50,65,41,41.521505,45.827311,1.103701,271.882436,gev_mle,gev_mle,,,,False
19495,216,HadGEM3-GC31-LL,ssp370,2040_2059,2040,2059,25,65,0,39.092539,,,,gev_mle,nao_determinado,,n_insuficiente,,False
19495,216,HadGEM3-GC31-LL,ssp370,2040_2059,2040,2059,50,65,0,41.521505,,,,gev_mle,nao_determinado,,n_insuficiente,,False
19495,216,HadGEM3-GC31-LL,ssp370,2060_2100,2060,2100,25,65,0,39.092539,,,,gev_mle,nao_determinado,,n_insuficiente,,False
19495,216,HadGEM3-GC31-LL,ssp370,2060_2100,2060,2100,50,65,0,41.521505,,,,gev_mle,nao_determinado,,n_insuficiente,,False
19495,216,HadGEM3-GC31-LL,ssp585,2040_2059,2040,2059,25,65,20,39.092539,47.918188,1.225763,275.836649,gev_mle,gev_mle,,,,False
19495,216,HadGEM3-GC31-LL,ssp585,2040_2059,2040,2059,50,65,20,41.521505,53.958673,1.299536,320.123851,gev_mle,gev_mle,,,,False
19495,216,HadGEM3-GC31-LL,ssp585,2060_2100,2060,2100,25,65,41,39.092539,54.683261,1.398816,314.779167,gev_mle,gev_mle,,,,False
19495,216,HadGEM3-GC31-LL,ssp585,2060_2100,2060,2100,50,65,41,41.521505,67.968687,1.636951,403.241903,gev_mle,gev_mle,,,,False
19495,226,HadGEM3-GC31-MM,ssp126,2040_2059,2040,2059,25,65,20,43.775891,55.740402,1.273313,286.536897,gev_mle,gev_mle,,,,False
19495,226,HadGEM3-GC31-MM,ssp126,2040_2059,2040,2059,50,65,20,47.049393,70.271200,1.493562,367.919843,gev_mle,gev_mle,,,,False
19495,226,HadGEM3-GC31-MM,ssp126,2060_2100,2060,2100,25,65,41,43.775891,64.196445,1.466479,330.005694,gev_mle,gev_mle,,,,False
19495,226,HadGEM3-GC31-MM,ssp126,2060_2100,2060,2100,50,65,41,47.049393,75.556411,1.605896,395.591692,gev_mle,gev_mle,,,,False
19495,226,HadGEM3-GC31-MM,ssp245,2040_2059,2040,2059,25,65,0,43.775891,,,,gev_mle,nao_determinado,,n_insuficiente,,False
19495,226,HadGEM3-GC31-MM,ssp245,2040_2059,2040,2059,50,65,0,47.049393,,,,gev_mle,nao_determinado,,n_insuficiente,,False
19495,226,HadGEM3-GC31-MM,ssp245,2060_2100,2060,2100,25,65,0,43.775891,,,,gev_mle,nao_determinado,,n_insuficiente,,False
19495,226,HadGEM3-GC31-MM,ssp245,2060_2100,2060,2100,50,65,0,47.049393,,,,gev_mle,nao_determinado,,n_insuficiente,,False
19495,226,HadGEM3-GC31-MM,ssp370,2040_2059,2040,2059,25,65,0,43.775891,,,,gev_mle,nao_determinado,,n_insuficiente,,False
19495,226,HadGEM3-GC31-MM,ssp370,2040_2059,2040,2059,50,65,0,47.049393,,,,gev_mle,nao_determinado,,n_insuficiente,,False
19495,226,HadGEM3-GC31-MM,ssp370,2060_2100,2060,2100,25,65,0,43.775891,,,,gev_mle,nao_determinado,,n_insuficiente,,False
19495,226,HadGEM3-GC31-MM,ssp370,2060_2100,2060,2100,50,65,0,47.049393,,,,gev_mle,nao_determinado,,n_insuficiente,,False
19495,226,HadGEM3-GC31-MM,ssp585,2040_2059,2040,2059,25,65,20,43.775891,56.581288,1.292522,290.859523,gev_mle,gev_mle,,,,False
19495,226,HadGEM3-GC31-MM,ssp585,2040_2059,2040,2059,50,65,20,47.049393,69.284986,1.472601,362.756310,gev_mle,gev_mle,,,,False
19495,226,HadGEM3-GC31-MM,ssp585,2060_2100,2060,2100,25,65,41,43.775891,38.234712,0.873419,196.547839,gev_mle,gev_mle,,,,False
19495,226,HadGEM3-GC31-MM,ssp585,2060_2100,2060,2100,50,65,41,47.049393,41.088688,0.873310,215.128584,gev_mle,gev_mle,,,,False
19495,233,IITM-ESM,ssp126,2040_2059,2040,2059,25,65,20,42.754369,42.233278,0.987812,222.289909,gev_mle,gev_mle,,,,False
19495,233,IITM-ESM,ssp126,2040_2059,2040,2059,50,65,20,45.654966,43.968161,0.963053,237.235757,gev_mle,gev_mle,,,,False
19495,233,IITM-ESM,ssp126,2060_2100,2060,2100,25,65,40,42.754369,51.171081,1.196862,269.332984,gev_mle,gev_mle,,,,False
19495,233,IITM-ESM,ssp126,2060_2100,2060,2100,50,65,40,45.654966,57.921507,1.268679,312.522794,gev_mle,gev_mle,,,,False
19495,233,IITM-ESM,ssp245,2040_2059,2040,2059,25,65,20,42.754369,44.940008,1.051121,236.536463,gev_mle,gev_mle,,,,False
19495,233,IITM-ESM,ssp245,2040_2059,2040,2059,50,65,20,45.654966,48.604207,1.064598,262.250128,gev_mle,gev_mle,,,,False
19495,233,IITM-ESM,ssp245,2060_2100,2060,2100,25,65,40,42.754369,46.445640,1.086337,244.461177,gev_mle,gev_mle,,,,False
19495,233,IITM-ESM,ssp245,2060_2100,2060,2100,50,65,40,45.654966,53.441775,1.170558,288.351835,gev_mle,gev_mle,,,,False
19495,233,IITM-ESM,ssp370,2040_2059,2040,2059,25,65,20,42.754369,59.790651,1.398469,314.701079,gev_mle,gev_mle,,,,False
19495,233,IITM-ESM,ssp370,2040_2059,2040,2059,50,65,20,45.654966,72.697289,1.592319,392.247386,gev_mle,gev_mle,,,,False
19495,233,IITM-ESM,ssp370,2060_2100,2060,2100,25,65,39,42.754369,49.319525,1.153555,259.587536,gev_mle,gev_mle,,,,False
19495,233,IITM-ESM,ssp370,2060_2100,2060,2100,50,65,39,45.654966,57.716995,1.264200,311.419321,gev_mle,gev_mle,,,,False
19495,233,IITM-ESM,ssp585,2040_2059,2040,2059,25,65,20,42.754369,47.868514,1.119617,251.950310,gev_mle,gev_mle,,,,False
19495,233,IITM-ESM,ssp585,2040_2059,2040,2059,50,65,20,45.654966,53.617064,1.174397,289.297630,gev_mle,gev_mle,,,,False
19495,233,IITM-ESM,ssp585,2060_2100,2060,2100,25,65,40,42.754369,43.207516,1.010599,227.417696,gev_mle,gev_mle,,,,False
19495,233,IITM-ESM,ssp585,2060_2100,2060,2100,50,65,40,45.654966,45.967423,1.006844,248.023029,gev_mle,gev_mle,,,,False
19495,246,INM-CM4-8,ssp126,2040_2059,2040,2059,25,65,20,36.544616,34.938184,0.956042,215.140603,gev_mle,gev_mle,,,,False
19495,246,INM-CM4-8,ssp126,2040_2059,2040,2059,50,65,20,38.429032,37.911558,0.986534,243.020022,gev_mle,gev_mle,,,,False
19495,246,INM-CM4-8,ssp126,2060_2100,2060,2100,25,65,41,36.544616,36.240916,0.991690,223.162503,gev_mle,gev_mle,,,,False
19495,246,INM-CM4-8,ssp126,2060_2100,2060,2100,50,65,41,38.429032,37.869490,0.985440,242.750357,gev_mle,gev_mle,,,,False
19495,246,INM-CM4-8,ssp245,2040_2059,2040,2059,25,65,20,36.544616,35.383919,0.968239,217.885325,gev_mle,gev_mle,,,,False
19495,246,INM-CM4-8,ssp245,2040_2059,2040,2059,50,65,20,38.429032,37.693073,0.980849,241.619495,gev_mle,gev_mle,,,,False
19495,246,INM-CM4-8,ssp245,2060_2100,2060,2100,25,65,41,36.544616,34.455715,0.942840,212.169679,gev_mle,gev_mle,,,,False
19495,246,INM-CM4-8,ssp245,2060_2100,2060,2100,50,65,41,38.429032,35.571565,0.925643,228.020236,gev_mle,gev_mle,,,,False
19495,246,INM-CM4-8,ssp370,2040_2059,2040,2059,25,65,20,36.544616,39.860296,1.090730,245.449735,gev_mle,gev_mle,,,,False
19495,246,INM-CM4-8,ssp370,2040_2059,2040,2059,50,65,20,38.429032,44.198709,1.150138,283.321807,gev_mle,gev_mle,,,,False
19495,246,INM-CM4-8,ssp370,2060_2100,2060,2100,25,65,41,36.544616,38.747976,1.060292,238.600349,gev_mle,gev_mle,,,,False
19495,246,INM-CM4-8,ssp370,2060_2100,2060,2100,50,65,41,38.429032,41.174555,1.071444,263.936432,gev_mle,gev_mle,,,,False
19495,246,INM-CM4-8,ssp585,2040_2059,2040,2059,25,65,20,36.544616,36.541056,0.999903,225.010689,gev_mle,gev_mle,,,,False
19495,246,INM-CM4-8,ssp585,2040_2059,2040,2059,50,65,20,38.429032,38.857752,1.011156,249.085298,gev_mle,gev_mle,,,,False
19495,246,INM-CM4-8,ssp585,2060_2100,2060,2100,25,65,41,36.544616,37.156701,1.016749,228.801678,gev_mle,gev_mle,,,,False
19495,246,INM-CM4-8,ssp585,2060_2100,2060,2100,50,65,41,38.429032,40.402780,1.051361,258.989209,gev_mle,gev_mle,,,,False
19495,259,INM-CM5-0,ssp126,2040_2059,2040,2059,25,65,20,38.843499,34.175334,0.879821,197.988455,gev_mle,gev_mle,,,,False
19495,259,INM-CM5-0,ssp126,2040_2059,2040,2059,50,65,20,41.940673,35.311698,0.841944,207.402060,gev_mle,gev_mle,,,,False
19495,259,INM-CM5-0,ssp126,2060_2100,2060,2100,25,65,41,38.843499,33.184620,0.854316,192.248938,gev_mle,gev_mle,,,,False
19495,259,INM-CM5-0,ssp126,2060_2100,2060,2100,50,65,41,41.940673,34.267025,0.817036,201.266210,gev_mle,gev_mle,,,,False
19495,259,INM-CM5-0,ssp245,2040_2059,2040,2059,25,65,20,38.843499,34.979205,0.900516,202.645535,gev_mle,gev_mle,,,,False
19495,259,INM-CM5-0,ssp245,2040_2059,2040,2059,50,65,20,41.940673,36.774138,0.876813,215.991653,gev_mle,gev_mle,,,,False
19495,259,INM-CM5-0,ssp245,2060_2100,2060,2100,25,65,41,38.843499,37.579364,0.967456,217.709072,gev_mle,gev_mle,,,,False
19495,259,INM-CM5-0,ssp245,2060_2100,2060,2100,50,65,41,41.940673,39.622284,0.944722,232.720141,gev_mle,gev_mle,,,,False
19495,259,INM-CM5-0,ssp370,2040_2059,2040,2059,25,65,20,38.843499,37.035726,0.953460,214.559606,gev_mle,gev_mle,,,,False
19495,259,INM-CM5-0,ssp370,2040_2059,2040,2059,50,65,20,41.940673,39.350383,0.938239,231.123138,gev_mle,gev_mle,,,,False
19495,259,INM-CM5-0,ssp370,2060_2100,2060,2100,25,65,41,38.843499,37.668737,0.969757,218.226842,gev_mle,gev_mle,,,,False
19495,259,INM-CM5-0,ssp370,2060_2100,2060,2100,50,65,41,41.940673,40.195831,0.958397,236.088850,gev_mle,gev_mle,,,,False
19495,259,INM-CM5-0,ssp585,2040_2059,2040,2059,25,65,20,38.843499,50.400087,1.297517,291.983555,gev_mle,gev_mle,,,,False
19495,259,INM-CM5-0,ssp585,2040_2059,2040,2059,50,65,20,41.940673,62.248936,1.484214,365.617011,gev_mle,gev_mle,,,,False
19495,259,INM-CM5-0,ssp585,2060_2100,2060,2100,25,65,41,38.843499,36.195838,0.931838,209.693871,gev_mle,gev_mle,,,,False
19495,259,INM-CM5-0,ssp585,2060_2100,2060,2100,50,65,41,41.940673,37.736335,0.899755,221.643081,gev_mle,gev_mle,,,,False
19495,272,IPSL-CM6A-LR,ssp126,2040_2059,2040,2059,25,65,20,37.378834,40.859165,1.093110,245.985319,gev_mle,gev_mle,,,,False
19495,272,IPSL-CM6A-LR,ssp126,2040_2059,2040,2059,50,65,20,40.104138,44.375932,1.106518,272.576341,gev_mle,gev_mle,,,,False
19495,272,IPSL-CM6A-LR,ssp126,2060_2100,2060,2100,25,65,41,37.378834,53.099967,1.420589,319.678884,gev_mle,gev_mle,,,,False
19495,272,IPSL-CM6A-LR,ssp126,2060_2100,2060,2100,50,65,41,40.104138,64.305807,1.603471,394.994334,gev_mle,gev_mle,,,,False
19495,272,IPSL-CM6A-LR,ssp245,2040_2059,2040,2059,25,65,20,37.378834,66.900432,1.789795,402.762128,gev_mle,gev_mle,,,,False
19495,272,IPSL-CM6A-LR,ssp245,2040_2059,2040,2059,50,65,20,40.104138,92.228306,2.299720,566.506512,gev_mle,gev_mle,,,,False
19495,272,IPSL-CM6A-LR,ssp245,2060_2100,2060,2100,25,65,41,37.378834,64.837404,1.734602,390.342033,gev_mle,gev_mle,,,,False
19495,272,IPSL-CM6A-LR,ssp245,2060_2100,2060,2100,50,65,41,40.104138,83.267784,2.076289,511.467076,gev_mle,gev_mle,,,,False
19495,272,IPSL-CM6A-LR,ssp370,2040_2059,2040,2059,25,65,20,37.378834,78.315552,2.095184,471.484823,gev_mle,gev_mle,,,,False
19495,272,IPSL-CM6A-LR,ssp370,2040_2059,2040,2059,50,65,20,40.104138,111.693312,2.785082,686.069073,gev_mle,gev_mle,,,,False
19495,272,IPSL-CM6A-LR,ssp370,2060_2100,2060,2100,25,65,41,37.378834,94.580148,2.530313,569.402923,gev_mle,gev_mle,,,,False
19495,272,IPSL-CM6A-LR,ssp370,2060_2100,2060,2100,50,65,41,40.104138,134.755105,3.360130,827.724671,gev_mle,gev_mle,,,,False
19495,272,IPSL-CM6A-LR,ssp585,2040_2059,2040,2059,25,65,20,37.378834,53.761891,1.438298,323.663882,gev_mle,gev_mle,,,,False
19495,272,IPSL-CM6A-LR,ssp585,2040_2059,2040,2059,50,65,20,40.104138,65.292863,1.628083,401.057264,gev_mle,gev_mle,,,,False
19495,272,IPSL-CM6A-LR,ssp585,2060_2100,2060,2100,25,65,41,37.378834,76.372965,2.043214,459.789820,gev_mle,gev_mle,,,,False
19495,272,IPSL-CM6A-LR,ssp585,2060_2100,2060,2100,50,65,41,40.104138,96.829007,2.414439,594.766025,gev_mle,gev_mle,,,,False
19495,285,KACE-1-0-G,ssp126,2040_2059,2040,2059,25,65,20,31.656356,37.187863,1.174736,264.353915,gev_mle,gev_mle,,,,False
19495,285,KACE-1-0-G,ssp126,2040_2059,2040,2059,50,65,20,32.870532,40.373742,1.228266,302.567401,gev_mle,gev_mle,,,,False
19495,285,KACE-1-0-G,ssp126,2060_2100,2060,2100,25,65,41,31.656356,64.239611,2.029280,456.654166,gev_mle,gev_mle,,,,False
19495,285,KACE-1-0-G,ssp126,2060_2100,2060,2100,50,65,41,32.870532,86.038407,2.617494,644.785840,gev_mle,gev_mle,,,,False
19495,285,KACE-1-0-G,ssp245,2040_2059,2040,2059,25,65,20,31.656356,46.478570,1.468222,330.397903,gev_mle,gev_mle,,,,False
19495,285,KACE-1-0-G,ssp245,2040_2059,2040,2059,50,65,20,32.870532,51.486887,1.566354,385.851119,gev_mle,gev_mle,,,,False
19495,285,KACE-1-0-G,ssp245,2060_2100,2060,2100,25,65,41,31.656356,54.092436,1.708739,384.521884,gev_mle,gev_mle,,,,False
19495,285,KACE-1-0-G,ssp245,2060_2100,2060,2100,50,65,41,32.870532,62.930832,1.914506,471.613909,gev_mle,gev_mle,,,,False
19495,285,KACE-1-0-G,ssp370,2040_2059,2040,2059,25,65,0,31.656356,,,,gev_mle,nao_determinado,,n_insuficiente,,False
19495,285,KACE-1-0-G,ssp370,2040_2059,2040,2059,50,65,0,32.870532,,,,gev_mle,nao_determinado,,n_insuficiente,,False
19495,285,KACE-1-0-G,ssp370,2060_2100,2060,2100,25,65,0,31.656356,,,,gev_mle,nao_determinado,,n_insuficiente,,False
19495,285,KACE-1-0-G,ssp370,2060_2100,2060,2100,50,65,0,32.870532,,,,gev_mle,nao_determinado,,n_insuficiente,,False
19495,285,KACE-1-0-G,ssp585,2040_2059,2040,2059,25,65,20,31.656356,47.647174,1.505138,338.705052,gev_mle,gev_mle,,,,False
19495,285,KACE-1-0-G,ssp585,2040_2059,2040,2059,50,65,20,32.870532,53.750002,1.635203,402.811271,gev_mle,gev_mle,,,,False
19495,285,KACE-1-0-G,ssp585,2060_2100,2060,2100,25,65,41,31.656356,37.930358,1.198191,269.632023,gev_mle,gev_mle,,,,False
19495,285,KACE-1-0-G,ssp585,2060_2100,2060,2100,50,65,41,32.870532,39.817787,1.211352,298.400980,gev_mle,gev_mle,,,,False
19495,295,KIOST-ESM,ssp126,2040_2059,2040,2059,25,65,20,43.969457,49.164537,1.118152,251.620664,gev_mle,gev_mle,,,,False
19495,295,KIOST-ESM,ssp126,2040_2059,2040,2059,50,65,20,48.423866,56.040739,1.157296,285.084930,gev_mle,gev_mle,,,,False
19495,295,KIOST-ESM,ssp126,2060_2100,2060,2100,25,65,41,43.969457,52.531455,1.194726,268.852312,gev_mle,gev_mle,,,,False
19495,295,KIOST-ESM,ssp126,2060_2100,2060,2100,50,65,41,48.423866,61.637469,1.272874,313.556067,gev_mle,gev_mle,,,,False
19495,295,KIOST-ESM,ssp245,2040_2059,2040,2059,25,65,20,43.969457,38.690750,0.879946,198.016552,gev_mle,gev_mle,,,,False
19495,295,KIOST-ESM,ssp245,2040_2059,2040,2059,50,65,20,48.423866,40.194736,0.830060,204.474703,gev_mle,gev_mle,,,,False
19495,295,KIOST-ESM,ssp245,2060_2100,2060,2100,25,65,41,43.969457,44.426862,1.010403,227.373572,gev_mle,gev_mle,,,,False
19495,295,KIOST-ESM,ssp245,2060_2100,2060,2100,50,65,41,48.423866,46.784705,0.966150,237.998547,gev_mle,gev_mle,,,,False
19495,295,KIOST-ESM,ssp370,2040_2059,2040,2059,25,65,0,43.969457,,,,gev_mle,nao_determinado,,n_insuficiente,,False
19495,295,KIOST-ESM,ssp370,2040_2059,2040,2059,50,65,0,48.423866,,,,gev_mle,nao_determinado,,n_insuficiente,,False
19495,295,KIOST-ESM,ssp370,2060_2100,2060,2100,25,65,0,43.969457,,,,gev_mle,nao_determinado,,n_insuficiente,,False
19495,295,KIOST-ESM,ssp370,2060_2100,2060,2100,50,65,0,48.423866,,,,gev_mle,nao_determinado,,n_insuficiente,,False
19495,295,KIOST-ESM,ssp585,2040_2059,2040,2059,25,65,20,43.969457,66.844413,1.520246,342.105031,gev_mle,gev_mle,,,,False
19495,295,KIOST-ESM,ssp585,2040_2059,2040,2059,50,65,20,48.423866,83.049984,1.715063,422.483702,gev_mle,gev_mle,,,,False
19495,295,KIOST-ESM,ssp585,2060_2100,2060,2100,25,65,41,43.969457,49.423524,1.124042,252.946139,gev_mle,gev_mle,,,,False
19495,295,KIOST-ESM,ssp585,2060_2100,2060,2100,50,65,41,48.423866,54.523187,1.125957,277.364993,gev_mle,gev_mle,,,,False
19495,305,MIROC-ES2L,ssp126,2040_2059,2040,2059,25,65,20,42.775383,41.926399,0.980153,220.566273,gev_mle,gev_mle,,,,False
19495,305,MIROC-ES2L,ssp126,2040_2059,2040,2059,50,65,20,46.449105,48.625560,1.046857,257.879689,gev_mle,gev_mle,,,,False
19495,305,MIROC-ES2L,ssp126,2060_2100,2060,2100,25,65,41,42.775383,39.943306,0.933792,210.133625,gev_mle,gev_mle,,,,False
19495,305,MIROC-ES2L,ssp126,2060_2100,2060,2100,50,65,41,46.449105,43.346709,0.933209,229.883946,gev_mle,gev_mle,,,,False
19495,305,MIROC-ES2L,ssp245,2040_2059,2040,2059,25,65,20,42.775383,31.784119,0.743047,167.209797,gev_mle,gev_mle,,,,False
19495,305,MIROC-ES2L,ssp245,2040_2059,2040,2059,50,65,20,46.449105,32.293259,0.695240,171.263335,gev_mle,gev_mle,,,,False
19495,305,MIROC-ES2L,ssp245,2060_2100,2060,2100,25,65,41,42.775383,36.962309,0.864102,194.451203,gev_mle,gev_mle,,,,False
19495,305,MIROC-ES2L,ssp245,2060_2100,2060,2100,50,65,41,46.449105,39.872637,0.858416,211.459632,gev_mle,gev_mle,,,,False
19495,305,MIROC-ES2L,ssp370,2040_2059,2040,2059,25,65,20,42.775383,30.951205,0.723575,162.828003,gev_mle,gev_mle,,,,False
19495,305,MIROC-ES2L,ssp370,2040_2059,2040,2059,50,65,20,46.449105,31.342243,0.674765,166.219735,gev_mle,gev_mle,,,,False
19495,305,MIROC-ES2L,ssp370,2060_2100,2060,2100,25,65,41,42.775383,37.172689,0.869021,195.557971,gev_mle,gev_mle,,,,False
19495,305,MIROC-ES2L,ssp370,2060_2100,2060,2100,50,65,41,46.449105,40.260306,0.866762,213.515588,gev_mle,gev_mle,,,,False
19495,305,MIROC-ES2L,ssp585,2040_2059,2040,2059,25,65,20,42.775383,42.874123,1.002308,225.552053,gev_mle,gev_mle,,,,False
19495,305,MIROC-ES2L,ssp585,2040_2059,2040,2059,50,65,20,46.449105,51.763275,1.114408,274.520172,gev_mle,gev_mle,,,,False
19495,305,MIROC-ES2L,ssp585,2060_2100,2060,2100,25,65,41,42.775383,36.649790,0.856796,192.807102,gev_mle,gev_mle,,,,False
19495,305,MIROC-ES2L,ssp585,2060_2100,2060,2100,50,65,41,46.449105,38.946174,0.838470,206.546252,gev_mle,gev_mle,,,,False
19495,318,MIROC6,ssp126,2040_2059,2040,2059,25,65,20,37.066265,30.349840,0.818800,184.256591,gev_mle,gev_mle,,,,False
19495,318,MIROC6,ssp126,2040_2059,2040,2059,50,65,20,39.454526,30.423141,0.771094,189.949035,gev_mle,gev_mle,,,,False
19495,318,MIROC6,ssp126,2060_2100,2060,2100,25,65,41,37.066265,35.061843,0.945923,212.863586,gev_mle,gev_mle,,,,False
19495,318,MIROC6,ssp126,2060_2100,2060,2100,50,65,41,39.454526,36.190152,0.917262,225.955773,gev_mle,gev_mle,,,,False
19495,318,MIROC6,ssp245,2040_2059,2040,2059,25,65,20,37.066265,34.985184,0.943855,212.398179,gev_mle,gev_mle,,,,False
19495,318,MIROC6,ssp245,2040_2059,2040,2059,50,65,20,39.454526,37.077329,0.939748,231.494925,gev_mle,gev_mle,,,,False
19495,318,MIROC6,ssp245,2060_2100,2060,2100,25,65,41,37.066265,47.985563,1.294589,291.324643,gev_mle,gev_mle,,,,False
19495,318,MIROC6,ssp245,2060_2100,2060,2100,50,65,41,39.454526,55.179094,1.398549,344.514579,gev_mle,gev_mle,,,,False
19495,318,MIROC6,ssp370,2040_2059,2040,2059,25,65,20,37.066265,30.931035,0.834479,187.785077,gev_mle,gev_mle,,,,False
19495,318,MIROC6,ssp370,2040_2059,2040,2059,50,65,20,39.454526,31.206072,0.790938,194.837319,gev_mle,gev_mle,,,,False
19495,318,MIROC6,ssp370,2060_2100,2060,2100,25,65,41,37.066265,47.292702,1.275896,287.118222,gev_mle,gev_mle,,,,False
19495,318,MIROC6,ssp370,2060_2100,2060,2100,50,65,41,39.454526,54.873862,1.390813,342.608838,gev_mle,gev_mle,,,,False
19495,318,MIROC6,ssp585,2040_2059,2040,2059,25,65,20,37.066265,40.954907,1.104911,248.640902,gev_mle,gev_mle,,,,False
19495,318,MIROC6,ssp585,2040_2059,2040,2059,50,65,20,39.454526,44.403911,1.125445,277.238962,gev_mle,gev_mle,,,,False
19495,318,MIROC6,ssp585,2060_2100,2060,2100,25,65,41,37.066265,53.013660,1.430240,321.850672,gev_mle,gev_mle,,,,False
19495,318,MIROC6,ssp585,2060_2100,2060,2100,50,65,41,39.454526,64.522466,1.635363,402.850581,gev_mle,gev_mle,,,,False
19495,331,MPI-ESM1-2-HR,ssp126,2040_2059,2040,2059,25,65,20,41.196562,35.706809,0.866742,195.045312,gev_mle,gev_mle,,,,False
19495,331,MPI-ESM1-2-HR,ssp126,2040_2059,2040,2059,50,65,20,43.966732,36.626072,0.833041,205.208816,gev_mle,gev_mle,,,,False
19495,331,MPI-ESM1-2-HR,ssp126,2060_2100,2060,2100,25,65,41,41.196562,55.778118,1.353951,304.683073,gev_mle,gev_mle,,,,False
19495,331,MPI-ESM1-2-HR,ssp126,2060_2100,2060,2100,50,65,41,43.966732,68.263489,1.552617,382.467165,gev_mle,gev_mle,,,,False
19495,331,MPI-ESM1-2-HR,ssp245,2040_2059,2040,2059,25,65,20,41.196562,53.859591,1.307381,294.203290,gev_mle,gev_mle,,,,False
19495,331,MPI-ESM1-2-HR,ssp245,2040_2059,2040,2059,50,65,20,43.966732,64.299771,1.462464,360.259220,gev_mle,gev_mle,,,,False
19495,331,MPI-ESM1-2-HR,ssp245,2060_2100,2060,2100,25,65,41,41.196562,47.949346,1.163916,261.919095,gev_mle,gev_mle,,,,False
19495,331,MPI-ESM1-2-HR,ssp245,2060_2100,2060,2100,50,65,41,43.966732,53.907758,1.226103,302.034772,gev_mle,gev_mle,,,,False
19495,331,MPI-ESM1-2-HR,ssp370,2040_2059,2040,2059,25,65,20,41.196562,35.340663,0.857855,193.045272,gev_mle,gev_mle,,,,False
19495,331,MPI-ESM1-2-HR,ssp370,2040_2059,2040,2059,50,65,20,43.966732,38.144216,0.867570,213.714688,gev_mle,gev_mle,,,,False
19495,331,MPI-ESM1-2-HR,ssp370,2060_2100,2060,2100,25,65,41,41.196562,53.291925,1.293601,291.102461,gev_mle,gev_mle,,,,False
19495,331,MPI-ESM1-2-HR,ssp370,2060_2100,2060,2100,50,65,41,43.966732,64.049913,1.456781,358.859312,gev_mle,gev_mle,,,,False
19495,331,MPI-ESM1-2-HR,ssp585,2040_2059,2040,2059,25,65,20,41.196562,38.901451,0.944289,212.495763,gev_mle,gev_mle,,,,False
19495,331,MPI-ESM1-2-HR,ssp585,2040_2059,2040,2059,50,65,20,43.966732,42.670724,0.970523,239.075841,gev_mle,gev_mle,,,,False
19495,331,MPI-ESM1-2-HR,ssp585,2060_2100,2060,2100,25,65,41,41.196562,33.168762,0.805134,181.181452,gev_mle,gev_mle,,,,False
19495,331,MPI-ESM1-2-HR,ssp585,2060_2100,2060,2100,50,65,41,43.966732,34.100978,0.775609,191.061205,gev_mle,gev_mle,,,,False
19495,344,MPI-ESM1-2-LR,ssp126,2040_2059,2040,2059,25,65,20,38.063210,38.486638,1.011124,227.535947,gev_mle,gev_mle,,,,False
19495,344,MPI-ESM1-2-LR,ssp126,2040_2059,2040,2059,50,65,20,40.559332,41.337388,1.019183,251.062643,gev_mle,gev_mle,,,,False
19495,344,MPI-ESM1-2-LR,ssp126,2060_2100,2060,2100,25,65,41,38.063210,37.371617,0.981830,220.943858,gev_mle,gev_mle,,,,False
19495,344,MPI-ESM1-2-LR,ssp126,2060_2100,2060,2100,50,65,41,40.559332,39.968315,0.985428,242.747579,gev_mle,gev_mle,,,,False
19495,344,MPI-ESM1-2-LR,ssp245,2040_2059,2040,2059,25,65,20,38.063210,37.339114,0.980976,220.751698,gev_mle,gev_mle,,,,False
19495,344,MPI-ESM1-2-LR,ssp245,2040_2059,2040,2059,50,65,20,40.559332,41.087366,1.013019,249.544137,gev_mle,gev_mle,,,,False
19495,344,MPI-ESM1-2-LR,ssp245,2060_2100,2060,2100,25,65,41,38.063210,38.764226,1.018417,229.177066,gev_mle,gev_mle,,,,False
19495,344,MPI-ESM1-2-LR,ssp245,2060_2100,2060,2100,50,65,41,40.559332,43.155724,1.064015,262.106310,gev_mle,gev_mle,,,,False
19495,344,MPI-ESM1-2-LR,ssp370,2040_2059,2040,2059,25,65,20,38.063210,35.765169,0.939626,211.446413,gev_mle,gev_mle,,,,False
19495,344,MPI-ESM1-2-LR,ssp370,2040_2059,2040,2059,50,65,20,40.559332,37.578160,0.926499,228.230976,gev_mle,gev_mle,,,,False
19495,344,MPI-ESM1-2-LR,ssp370,2060_2100,2060,2100,25,65,41,38.063210,37.421121,0.983131,221.236526,gev_mle,gev_mle,,,,False
19495,344,MPI-ESM1-2-LR,ssp370,2060_2100,2060,2100,50,65,41,40.559332,39.841370,0.982298,241.976582,gev_mle,gev_mle,,,,False
19495,344,MPI-ESM1-2-LR,ssp585,2040_2059,2040,2059,25,65,20,38.063210,41.100471,1.079795,242.989125,gev_mle,gev_mle,,,,False
19495,344,MPI-ESM1-2-LR,ssp585,2040_2059,2040,2059,50,65,20,40.559332,47.850551,1.179767,290.620343,gev_mle,gev_mle,,,,False
19495,344,MPI-ESM1-2-LR,ssp585,2060_2100,2060,2100,25,65,41,38.063210,40.812844,1.072239,241.288652,gev_mle,gev_mle,,,,False
19495,344,MPI-ESM1-2-LR,ssp585,2060_2100,2060,2100,50,65,41,40.559332,46.159317,1.138069,280.348636,gev_mle,gev_mle,,,,False
19495,357,MRI-ESM2-0,ssp126,2040_2059,2040,2059,25,65,20,42.243446,45.374862,1.074128,241.713790,gev_mle,gev_mle,,,,False
19495,357,MRI-ESM2-0,ssp126,2040_2059,2040,2059,50,65,20,44.594105,51.824775,1.162144,286.279229,gev_mle,gev_mle,,,,False
19495,357,MRI-ESM2-0,ssp126,2060_2100,2060,2100,25,65,41,42.243446,54.991333,1.301772,292.941132,gev_mle,gev_mle,,,,False
19495,357,MRI-ESM2-0,ssp126,2060_2100,2060,2100,50,65,41,44.594105,62.866776,1.409755,347.275065,gev_mle,gev_mle,,,,False
19495,357,MRI-ESM2-0,ssp245,2040_2059,2040,2059,25,65,20,42.243446,41.588359,0.984493,221.542930,gev_mle,gev_mle,,,,False
19495,357,MRI-ESM2-0,ssp245,2040_2059,2040,2059,50,65,20,44.594105,44.071805,0.988288,243.451944,gev_mle,gev_mle,,,,False
19495,357,MRI-ESM2-0,ssp245,2060_2100,2060,2100,25,65,41,42.243446,43.615076,1.032470,232.339335,gev_mle,gev_mle,,,,False
19495,357,MRI-ESM2-0,ssp245,2060_2100,2060,2100,50,65,41,44.594105,47.062872,1.055361,259.974549,gev_mle,gev_mle,,,,False
19495,357,MRI-ESM2-0,ssp370,2040_2059,2040,2059,25,65,20,42.243446,41.571121,0.984085,221.451102,gev_mle,gev_mle,,,,False
19495,357,MRI-ESM2-0,ssp370,2040_2059,2040,2059,50,65,20,44.594105,43.128190,0.967128,238.239433,gev_mle,gev_mle,,,,False
19495,357,MRI-ESM2-0,ssp370,2060_2100,2060,2100,25,65,41,42.243446,48.708469,1.153042,259.472053,gev_mle,gev_mle,,,,False
19495,357,MRI-ESM2-0,ssp370,2060_2100,2060,2100,50,65,41,44.594105,54.617894,1.224778,301.708371,gev_mle,gev_mle,,,,False
19495,357,MRI-ESM2-0,ssp585,2040_2059,2040,2059,25,65,20,42.243446,136.559965,3.232690,727.460650,gev_mle,gev_mle,,,,False
19495,357,MRI-ESM2-0,ssp585,2040_2059,2040,2059,50,65,20,44.594105,265.298635,5.949186,1465.505409,gev_mle,gev_mle,,,,False
19495,357,MRI-ESM2-0,ssp585,2060_2100,2060,2100,25,65,41,42.243446,42.315301,1.001701,225.415382,gev_mle,gev_mle,,,,False
19495,357,MRI-ESM2-0,ssp585,2060_2100,2060,2100,50,65,41,44.594105,45.997456,1.031469,254.089213,gev_mle,gev_mle,,,,False
19495,370,NESM3,ssp126,2040_2059,2040,2059,25,65,20,40.344100,64.615999,1.601622,360.417171,gev_mle,gev_mle,,,,False
19495,370,NESM3,ssp126,2040_2059,2040,2059,50,65,20,43.809659,90.305171,2.061307,507.776511,gev_mle,gev_mle,,,,False
19495,370,NESM3,ssp126,2060_2100,2060,2100,25,65,41,40.344100,48.819138,1.210069,272.304942,gev_mle,gev_mle,,,,False
19495,370,NESM3,ssp126,2060_2100,2060,2100,50,65,41,43.809659,58.111778,1.326460,326.756434,gev_mle,gev_mle,,,,False
19495,370,NESM3,ssp245,2040_2059,2040,2059,25,65,20,40.344100,57.491509,1.425029,320.677965,gev_mle,gev_mle,,,,False
19495,370,NESM3,ssp245,2040_2059,2040,2059,50,65,20,43.809659,73.698531,1.682244,414.399118,gev_mle,gev_mle,,,,False
19495,370,NESM3,ssp245,2060_2100,2060,2100,25,65,41,40.344100,37.792701,0.936759,210.801327,gev_mle,gev_mle,,,,False
19495,370,NESM3,ssp245,2060_2100,2060,2100,50,65,41,43.809659,41.354613,0.943961,232.532656,gev_mle,gev_mle,,,,False
19495,370,NESM3,ssp370,2040_2059,2040,2059,25,65,0,40.344100,,,,gev_mle,nao_determinado,,n_insuficiente,,False
19495,370,NESM3,ssp370,2040_2059,2040,2059,50,65,0,43.809659,,,,gev_mle,nao_determinado,,n_insuficiente,,False
19495,370,NESM3,ssp370,2060_2100,2060,2100,25,65,0,40.344100,,,,gev_mle,nao_determinado,,n_insuficiente,,False
19495,370,NESM3,ssp370,2060_2100,2060,2100,50,65,0,43.809659,,,,gev_mle,nao_determinado,,n_insuficiente,,False
19495,370,NESM3,ssp585,2040_2059,2040,2059,25,65,20,40.344100,34.793580,0.862421,194.072737,gev_mle,gev_mle,,,,False
19495,370,NESM3,ssp585,2040_2059,2040,2059,50,65,20,43.809659,36.696899,0.837644,206.342819,gev_mle,gev_mle,,,,False
19495,370,NESM3,ssp585,2060_2100,2060,2100,25,65,41,40.344100,33.251473,0.824197,185.471122,gev_mle,gev_mle,,,,False
19495,370,NESM3,ssp585,2060_2100,2060,2100,50,65,41,43.809659,36.162334,0.825442,203.337016,gev_mle,gev_mle,,,,False
19495,379,NorESM2-LM,ssp126,2040_2059,2040,2059,25,65,20,36.958728,30.566078,0.827033,186.109334,gev_mle,gev_mle,,,,False
19495,379,NorESM2-LM,ssp126,2040_2059,2040,2059,50,65,20,39.809768,32.035298,0.804709,198.229819,gev_mle,gev_mle,,,,False
19495,379,NorESM2-LM,ssp126,2060_2100,2060,2100,25,65,41,36.958728,37.295625,1.009115,227.083887,gev_mle,gev_mle,,,,False
19495,379,NorESM2-LM,ssp126,2060_2100,2060,2100,50,65,41,39.809768,42.613156,1.070420,263.684079,gev_mle,gev_mle,,,,False
19495,379,NorESM2-LM,ssp245,2040_2059,2040,2059,25,65,0,36.958728,,,,gev_mle,nao_determinado,,n_insuficiente,,False
19495,379,NorESM2-LM,ssp245,2040_2059,2040,2059,50,65,0,39.809768,,,,gev_mle,nao_determinado,,n_insuficiente,,False
19495,379,NorESM2-LM,ssp245,2060_2100,2060,2100,25,65,0,36.958728,,,,gev_mle,nao_determinado,,n_insuficiente,,False
19495,379,NorESM2-LM,ssp245,2060_2100,2060,2100,50,65,0,39.809768,,,,gev_mle,nao_determinado,,n_insuficiente,,False
19495,379,NorESM2-LM,ssp370,2040_2059,2040,2059,25,65,20,36.958728,32.557363,0.880911,198.233780,gev_mle,gev_mle,,,,False
19495,379,NorESM2-LM,ssp370,2040_2059,2040,2059,50,65,20,39.809768,34.062986,0.855644,210.776859,gev_mle,gev_mle,,,,False
19495,379,NorESM2-LM,ssp370,2060_2100,2060,2100,25,65,41,36.958728,54.797355,1.482663,333.647623,gev_mle,gev_mle,,,,False
19495,379,NorESM2-LM,ssp370,2060_2100,2060,2100,50,65,41,39.809768,73.836546,1.854734,456.889930,gev_mle,gev_mle,,,,False
19495,379,NorESM2-LM,ssp585,2040_2059,2040,2059,25,65,20,36.958728,29.898082,0.808959,182.042068,gev_mle,gev_mle,,,,False
19495,379,NorESM2-LM,ssp585,2040_2059,2040,2059,50,65,20,39.809768,31.865119,0.800435,197.176773,gev_mle,gev_mle,,,,False
19495,379,NorESM2-LM,ssp585,2060_2100,2060,2100,25,65,41,36.958728,30.019526,0.812245,182.781515,gev_mle,gev_mle,,,,False
19495,379,NorESM2-LM,ssp585,2060_2100,2060,2100,50,65,41,39.809768,31.896518,0.801223,197.371065,gev_mle,gev_mle,,,,False
19495,380,NorESM2-MM,ssp126,2040_2059,2040,2059,25,65,20,48.456126,39.187578,0.808723,181.989018,gev_mle,gev_mle,,,,False
19495,380,NorESM2-MM,ssp126,2040_2059,2040,2059,50,65,20,55.864700,41.605221,0.744750,183.459508,gev_mle,gev_mle,,,,False
19495,380,NorESM2-MM,ssp126,2060_2100,2060,2100,25,65,41,48.456126,42.751469,0.882272,198.539902,gev_mle,gev_mle,,,,False
19495,380,NorESM2-MM,ssp126,2060_2100,2060,2100,50,65,41,55.864700,47.004168,0.841393,207.266334,gev_mle,gev_mle,,,,False
19495,380,NorESM2-MM,ssp245,2040_2059,2040,2059,25,65,20,48.456126,56.038162,1.156472,260.243950,gev_mle,gev_mle,,,,False
19495,380,NorESM2-MM,ssp245,2040_2059,2040,2059,50,65,20,55.864700,72.259237,1.293469,318.629340,gev_mle,gev_mle,,,,False
19495,380,NorESM2-MM,ssp245,2060_2100,2060,2100,25,65,41,48.456126,49.006183,1.011352,227.587100,gev_mle,gev_mle,,,,False
19495,380,NorESM2-MM,ssp245,2060_2100,2060,2100,50,65,41,55.864700,54.843723,0.981724,241.835091,gev_mle,gev_mle,,,,False
19495,380,NorESM2-MM,ssp370,2040_2059,2040,2059,25,65,20,48.456126,52.997459,1.093721,246.122779,gev_mle,gev_mle,,,,False
19495,380,NorESM2-MM,ssp370,2040_2059,2040,2059,50,65,20,55.864700,66.227307,1.185495,292.031359,gev_mle,gev_mle,,,,False
19495,380,NorESM2-MM,ssp370,2060_2100,2060,2100,25,65,41,48.456126,41.123911,0.848683,190.981441,gev_mle,gev_mle,,,,False
19495,380,NorESM2-MM,ssp370,2060_2100,2060,2100,50,65,41,55.864700,45.748731,0.818920,201.730442,gev_mle,gev_mle,,,,False
19495,380,NorESM2-MM,ssp585,2040_2059,2040,2059,25,65,20,48.456126,55.366036,1.142601,257.122564,gev_mle,gev_mle,,,,False
19495,380,NorESM2-MM,ssp585,2040_2059,2040,2059,50,65,20,55.864700,71.039962,1.271643,313.252907,gev_mle,gev_mle,,,,False
19495,380,NorESM2-MM,ssp585,2060_2100,2060,2100,25,65,41,48.456126,53.639743,1.106975,249.105575,gev_mle,gev_mle,,,,False
19495,380,NorESM2-MM,ssp585,2060_2100,2060,2100,50,65,41,55.864700,65.831840,1.178416,290.287535,gev_mle,gev_mle,,,,False
19495,381,UKESM1-0-LL,ssp126,2040_2059,2040,2059,25,65,20,37.657118,47.152624,1.252157,281.776150,gev_mle,gev_mle,,,,False
19495,381,UKESM1-0-LL,ssp126,2040_2059,2040,2059,50,65,20,39.895327,57.255137,1.435134,353.526757,gev_mle,gev_mle,,,,False
19495,381,UKESM1-0-LL,ssp126,2060_2100,2060,2100,25,65,41,37.657118,44.476474,1.181091,265.783930,gev_mle,gev_mle,,,,False
19495,381,UKESM1-0-LL,ssp126,2060_2100,2060,2100,50,65,41,39.895327,49.641235,1.244287,306.514069,gev_mle,gev_mle,,,,False
19495,381,UKESM1-0-LL,ssp245,2040_2059,2040,2059,25,65,0,37.657118,,,,gev_mle,nao_determinado,,n_insuficiente,,False
19495,381,UKESM1-0-LL,ssp245,2040_2059,2040,2059,50,65,0,39.895327,,,,gev_mle,nao_determinado,,n_insuficiente,,False
19495,381,UKESM1-0-LL,ssp245,2060_2100,2060,2100,25,65,0,37.657118,,,,gev_mle,nao_determinado,,n_insuficiente,,False
19495,381,UKESM1-0-LL,ssp245,2060_2100,2060,2100,50,65,0,39.895327,,,,gev_mle,nao_determinado,,n_insuficiente,,False
19495,381,UKESM1-0-LL,ssp370,2040_2059,2040,2059,25,65,0,37.657118,,,,gev_mle,nao_determinado,,n_insuficiente,,False
19495,381,UKESM1-0-LL,ssp370,2040_2059,2040,2059,50,65,0,39.895327,,,,gev_mle,nao_determinado,,n_insuficiente,,False
19495,381,UKESM1-0-LL,ssp370,2060_2100,2060,2100,25,65,0,37.657118,,,,gev_mle,nao_determinado,,n_insuficiente,,False
19495,381,UKESM1-0-LL,ssp370,2060_2100,2060,2100,50,65,0,39.895327,,,,gev_mle,nao_determinado,,n_insuficiente,,False
19495,381,UKESM1-0-LL,ssp585,2040_2059,2040,2059,25,65,20,37.657118,48.960744,1.300172,292.581172,gev_mle,gev_mle,,,,False
19495,381,UKESM1-0-LL,ssp585,2040_2059,2040,2059,50,65,20,39.895327,54.904024,1.376202,339.009612,gev_mle,gev_mle,,,,False
19495,381,UKESM1-0-LL,ssp585,2060_2100,2060,2100,25,65,41,37.657118,49.141427,1.304970,293.660901,gev_mle,gev_mle,,,,False
19495,381,UKESM1-0-LL,ssp585,2060_2100,2060,2100,50,65,41,39.895327,62.024981,1.554693,382.978572,gev_mle,gev_mle,,,,False
18856,1,ACCESS-CM2,ssp126,2040_2059,2040,2059,25,65,20,36.159638,34.735530,0.960616,216.169943,gev_mle,gev_mle,,,,False
18856,1,ACCESS-CM2,ssp126,2040_2059,2040,2059,50,65,20,37.419444,37.568217,1.003976,247.316514,gev_mle,gev_mle,,,,False
18856,1,ACCESS-CM2,ssp126,2060_2100,2060,2100,25,65,41,36.159638,47.143330,1.303756,293.387513,gev_mle,gev_mle,,,,False
18856,1,ACCESS-CM2,ssp126,2060_2100,2060,2100,50,65,41,37.419444,54.314148,1.451495,357.557182,gev_mle,gev_mle,,,,False
18856,1,ACCESS-CM2,ssp245,2040_2059,2040,2059,25,65,20,36.159638,37.952193,1.049573,236.188227,gev_mle,gev_mle,,,,False
18856,1,ACCESS-CM2,ssp245,2040_2059,2040,2059,50,65,20,37.419444,40.615731,1.085418,267.378697,gev_mle,gev_mle,,,,False
18856,1,ACCESS-CM2,ssp245,2060_2100,2060,2100,25,65,41,36.159638,39.746060,1.099183,247.352020,gev_mle,gev_mle,,,,False
18856,1,ACCESS-CM2,ssp245,2060_2100,2060,2100,50,65,41,37.419444,44.220516,1.181752,291.109474,gev_mle,gev_mle,,,,False
18856,1,ACCESS-CM2,ssp370,2040_2059,2040,2059,25,65,20,36.159638,38.256307,1.057984,238.080823,gev_mle,gev_mle,,,,False
18856,1,ACCESS-CM2,ssp370,2040_2059,2040,2059,50,65,20,37.419444,39.759203,1.062528,261.740062,gev_mle,gev_mle,,,,False
18856,1,ACCESS-CM2,ssp370,2060_2100,2060,2100,25,65,41,36.159638,40.664873,1.124593,253.070074,gev_mle,gev_mle,,,,False
18856,1,ACCESS-CM2,ssp370,2060_2100,2060,2100,50,65,41,37.419444,44.538796,1.190258,293.204754,gev_mle,gev_mle,,,,False
18856,1,ACCESS-CM2,ssp585,2040_2059,2040,2059,25,65,20,36.159638,40.887136,1.130740,254.453288,gev_mle,gev_mle,,,,False
18856,1,ACCESS-CM2,ssp585,2040_2059,2040,2059,50,65,20,37.419444,46.777357,1.250082,307.941497,gev_mle,gev_mle,,,,False
18856,1,ACCESS-CM2,ssp585,2060_2100,2060,2100,25,65,41,36.159638,48.396405,1.338410,301.185787,gev_mle,gev_mle,,,,False
18856,1,ACCESS-CM2,ssp585,2060_2100,2060,2100,50,65,41,37.419444,57.933721,1.548225,381.385307,gev_mle,gev_mle,,,,False
18856,14,ACCESS-ESM1-5,ssp126,2040_2059,2040,2059,25,65,40,39.327737,28.078608,0.713965,160.665295,gev_mle,gev_mle,,,,False
18856,14,ACCESS-ESM1-5,ssp126,2040_2059,2040,2059,50,65,40,42.351512,28.837910,0.680918,167.735399,gev_mle,gev_mle,,,,False
18856,14,ACCESS-ESM1-5,ssp126,2060_2100,2060,2100,25,65,82,39.327737,30.269387,0.769670,173.200888,gev_mle,gev_mle,,,,False
18856,14,ACCESS-ESM1-5,ssp126,2060_2100,2060,2100,50,65,82,42.351512,31.331054,0.739786,182.236744,gev_mle,gev_mle,,,,False
18856,14,ACCESS-ESM1-5,ssp245,2040_2059,2040,2059,25,65,20,39.327737,41.661881,1.059351,238.388537,gev_mle,gev_mle,,,,False
18856,14,ACCESS-ESM1-5,ssp245,2040_2059,2040,2059,50,65,20,42.351512,46.907299,1.107571,272.835807,gev_mle,gev_mle,,,,False
18856,14,ACCESS-ESM1-5,ssp245,2060_2100,2060,2100,25,65,41,39.327737,30.857481,0.784624,176.565952,gev_mle,gev_mle,,,,False
18856,14,ACCESS-ESM1-5,ssp245,2060_2100,2060,2100,50,65,41,42.351512,33.048669,0.780342,192.227233,gev_mle,gev_mle,,,,False
18856,14,ACCESS-ESM1-5,ssp370,2040_2059,2040,2059,25,65,20,39.327737,34.983837,0.889546,200.176891,gev_mle,gev_mle,,,,False
18856,14,ACCESS-ESM1-5,ssp370,2040_2059,2040,2059,50,65,20,42.351512,40.486979,0.955975,235.492085,gev_mle,gev_mle,,,,False
18856,14,ACCESS-ESM1-5,ssp370,2060_2100,2060,2100,25,65,41,39.327737,30.364090,0.772078,173.742777,gev_mle,gev_mle,,,,False
18856,14,ACCESS-ESM1-5,ssp370,2060_2100,2060,2100,50,65,41,42.351512,31.822442,0.751389,185.094898,gev_mle,gev_mle,,,,False
18856,14,ACCESS-ESM1-5,ssp585,2040_2059,2040,2059,25,65,20,39.327737,31.377020,0.797834,179.538745,gev_mle,gev_mle,,,,False
18856,14,ACCESS-ESM1-5,ssp585,2040_2059,2040,2059,50,65,20,42.351512,32.655651,0.771062,189.941250,gev_mle,gev_mle,,,,False
18856,14,ACCESS-ESM1-5,ssp585,2060_2100,2060,2100,25,65,41,39.327737,31.792526,0.808400,181.916265,gev_mle,gev_mle,,,,False
18856,14,ACCESS-ESM1-5,ssp585,2060_2100,2060,2100,50,65,41,42.351512,34.097303,0.805102,198.326600,gev_mle,gev_mle,,,,False
18856,30,BCC-CSM2-MR,ssp126,2040_2059,2040,2059,25,65,40,37.997994,37.400020,0.984263,221.491270,gev_mle,gev_mle,,,,False
18856,30,BCC-CSM2-MR,ssp126,2040_2059,2040,2059,50,65,40,40.047300,39.060122,0.975350,240.264838,gev_mle,gev_mle,,,,False
18856,30,BCC-CSM2-MR,ssp126,2060_2100,2060,2100,25,65,82,37.997994,43.835075,1.153616,259.601104,gev_mle,gev_mle,,,,False
18856,30,BCC-CSM2-MR,ssp126,2060_2100,2060,2100,50,65,82,40.047300,50.048767,1.249741,307.857690,gev_mle,gev_mle,,,,False
18856,30,BCC-CSM2-MR,ssp245,2040_2059,2040,2059,25,65,20,37.997994,36.629625,0.963988,216.928819,gev_mle,gev_mle,,,,False
18856,30,BCC-CSM2-MR,ssp245,2040_2059,2040,2059,50,65,20,40.047300,39.665352,0.990463,243.987701,gev_mle,gev_mle,,,,False
18856,30,BCC-CSM2-MR,ssp245,2060_2100,2060,2100,25,65,41,37.997994,36.947426,0.972352,218.810906,gev_mle,gev_mle,,,,False
18856,30,BCC-CSM2-MR,ssp245,2060_2100,2060,2100,50,65,41,40.047300,40.837127,1.019722,251.195471,gev_mle,gev_mle,,,,False
18856,30,BCC-CSM2-MR,ssp370,2040_2059,2040,2059,25,65,20,37.997994,37.043535,0.974881,219.380087,gev_mle,gev_mle,,,,False
18856,30,BCC-CSM2-MR,ssp370,2040_2059,2040,2059,50,65,20,40.047300,39.970925,0.998093,245.867325,gev_mle,gev_mle,,,,False
18856,30,BCC-CSM2-MR,ssp370,2060_2100,2060,2100,25,65,41,37.997994,32.379197,0.852129,191.756839,gev_mle,gev_mle,,,,False
18856,30,BCC-CSM2-MR,ssp370,2060_2100,2060,2100,50,65,41,40.047300,34.053142,0.850323,209.466129,gev_mle,gev_mle,,,,False
18856,30,BCC-CSM2-MR,ssp585,2040_2059,2040,2059,25,65,20,37.997994,33.045628,0.869668,195.703590,gev_mle,gev_mle,,,,False
18856,30,BCC-CSM2-MR,ssp585,2040_2059,2040,2059,50,65,20,40.047300,34.787225,0.868653,213.981587,gev_mle,gev_mle,,,,False
18856,30,BCC-CSM2-MR,ssp585,2060_2100,2060,2100,25,65,41,37.997994,36.382952,0.957497,215.467970,gev_mle,gev_mle,,,,False
18856,30,BCC-CSM2-MR,ssp585,2060_2100,2060,2100,50,65,41,40.047300,40.491935,1.011103,249.072140,gev_mle,gev_mle,,,,False
18856,46,CESM2-WACCM,ssp126,2040_2059,2040,2059,25,65,0,41.429340,,,,gev_mle,nao_determinado,,n_insuficiente,,False
18856,46,CESM2-WACCM,ssp126,2040_2059,2040,2059,50,65,0,44.218963,,,,gev_mle,nao_determinado,,n_insuficiente,,False
18856,46,CESM2-WACCM,ssp126,2060_2100,2060,2100,25,65,0,41.429340,,,,gev_mle,nao_determinado,,n_insuficiente,,False
18856,46,CESM2-WACCM,ssp126,2060_2100,2060,2100,50,65,0,44.218963,,,,gev_mle,nao_determinado,,n_insuficiente,,False
18856,46,CESM2-WACCM,ssp245,2040_2059,2040,2059,25,65,20,41.429340,47.986155,1.158265,260.647392,gev_mle,gev_mle,,,,False
18856,46,CESM2-WACCM,ssp245,2040_2059,2040,2059,50,65,20,44.218963,56.913820,1.287091,317.058238,gev_mle,gev_mle,,,,False
18856,46,CESM2-WACCM,ssp245,2060_2100,2060,2100,25,65,41,41.429340,61.693740,1.489132,335.103164,gev_mle,gev_mle,,,,False
18856,46,CESM2-WACCM,ssp245,2060_2100,2060,2100,50,65,41,44.218963,81.489035,1.842853,453.963023,gev_mle,gev_mle,,,,False
18856,46,CESM2-WACCM,ssp370,2040_2059,2040,2059,25,65,0,41.429340,,,,gev_mle,nao_determinado,,n_insuficiente,,False
18856,46,CESM2-WACCM,ssp370,2040_2059,2040,2059,50,65,0,44.218963,,,,gev_mle,nao_determinado,,n_insuficiente,,False
18856,46,CESM2-WACCM,ssp370,2060_2100,2060,2100,25,65,0,41.429340,,,,gev_mle,nao_determinado,,n_insuficiente,,False
18856,46,CESM2-WACCM,ssp370,2060_2100,2060,2100,50,65,0,44.218963,,,,gev_mle,nao_determinado,,n_insuficiente,,False
18856,46,CESM2-WACCM,ssp585,2040_2059,2040,2059,25,65,20,41.429340,41.716983,1.006943,226.595001,gev_mle,gev_mle,,,,False
18856,46,CESM2-WACCM,ssp585,2040_2059,2040,2059,50,65,20,44.218963,47.324582,1.070233,263.638053,gev_mle,gev_mle,,,,False
18856,46,CESM2-WACCM,ssp585,2060_2100,2060,2100,25,65,41,41.429340,53.862193,1.300098,292.564387,gev_mle,gev_mle,,,,False
18856,46,CESM2-WACCM,ssp585,2060_2100,2060,2100,50,65,41,44.218963,61.510214,1.391037,342.664050,gev_mle,gev_mle,,,,False
18856,53,CESM2,ssp126,2040_2059,2040,2059,25,65,40,42.383889,38.944896,0.918861,206.773651,gev_mle,gev_mle,,,,False
18856,53,CESM2,ssp126,2040_2059,2040,2059,50,65,40,45.280690,42.439091,0.937245,230.878186,gev_mle,gev_mle,,,,False
18856,53,CESM2,ssp126,2060_2100,2060,2100,25,65,82,42.383889,44.518932,1.050374,236.368384,gev_mle,gev_mle,,,,False
18856,53,CESM2,ssp126,2060_2100,2060,2100,50,65,82,45.280690,50.779654,1.121442,276.252725,gev_mle,gev_mle,,,,False
18856,53,CESM2,ssp245,2040_2059,2040,2059,25,65,20,42.383889,55.184147,1.302008,292.994172,gev_mle,gev_mle,,,,False
18856,53,CESM2,ssp245,2040_2059,2040,2059,50,65,20,45.280690,63.747999,1.407841,346.803430,gev_mle,gev_mle,,,,False
18856,53,CESM2,ssp245,2060_2100,2060,2100,25,65,41,42.383889,39.874241,0.940788,211.707905,gev_mle,gev_mle,,,,False
18856,53,CESM2,ssp245,2060_2100,2060,2100,50,65,41,45.280690,43.374400,0.957901,235.966480,gev_mle,gev_mle,,,,False
18856,53,CESM2,ssp370,2040_2059,2040,2059,25,65,20,42.383889,65.632715,1.548530,348.469696,gev_mle,gev_mle,,,,False
18856,53,CESM2,ssp370,2040_2059,2040,2059,50,65,20,45.280690,81.491622,1.799699,443.332725,gev_mle,gev_mle,,,,False
18856,53,CESM2,ssp370,2060_2100,2060,2100,25,65,41,42.383889,40.897309,0.964926,217.139771,gev_mle,gev_mle,,,,False
18856,53,CESM2,ssp370,2060_2100,2060,2100,50,65,41,45.280690,45.670324,1.008605,248.456823,gev_mle,gev_mle,,,,False
18856,53,CESM2,ssp585,2040_2059,2040,2059,25,65,20,42.383889,35.466391,0.836789,188.304909,gev_mle,gev_mle,,,,False
18856,53,CESM2,ssp585,2040_2059,2040,2059,50,65,20,45.280690,36.243524,0.800419,197.172909,gev_mle,gev_mle,,,,False
18856,53,CESM2,ssp585,2060_2100,2060,2100,25,65,41,42.383889,60.177400,1.419818,319.505303,gev_mle,gev_mle,,,,False
18856,53,CESM2,ssp585,2060_2100,2060,2100,50,65,41,45.280690,74.851975,1.653066,407.211558,gev_mle,gev_mle,,,,False
18856,69,CMCC-CM2-SR5,ssp126,2040_2059,2040,2059,25,65,20,41.317742,46.346353,1.121706,252.420391,gev_mle,gev_mle,,,,False
18856,69,CMCC-CM2-SR5,ssp126,2040_2059,2040,2059,50,65,20,44.418339,52.986804,1.192904,293.856484,gev_mle,gev_mle,,,,False
18856,69,CMCC-CM2-SR5,ssp126,2060_2100,2060,2100,25,65,41,41.317742,62.813821,1.520263,342.108671,gev_mle,gev_mle,,,,False
18856,69,CMCC-CM2-SR5,ssp126,2060_2100,2060,2100,50,65,41,44.418339,82.162532,1.849743,455.660482,gev_mle,gev_mle,,,,False
18856,69,CMCC-CM2-SR5,ssp245,2040_2059,2040,2059,25,65,20,41.317742,68.801315,1.665176,374.718909,gev_mle,gev_mle,,,,False
18856,69,CMCC-CM2-SR5,ssp245,2040_2059,2040,2059,50,65,20,44.418339,87.562618,1.971317,485.608514,gev_mle,gev_mle,,,,False
18856,69,CMCC-CM2-SR5,ssp245,2060_2100,2060,2100,25,65,41,41.317742,63.573940,1.538660,346.248575,gev_mle,gev_mle,,,,False
18856,69,CMCC-CM2-SR5,ssp245,2060_2100,2060,2100,50,65,41,44.418339,83.112490,1.871130,460.928805,gev_mle,gev_mle,,,,False
18856,69,CMCC-CM2-SR5,ssp370,2040_2059,2040,2059,25,65,20,41.317742,45.975713,1.112735,250.401741,gev_mle,gev_mle,,,,False
18856,69,CMCC-CM2-SR5,ssp370,2040_2059,2040,2059,50,65,20,44.418339,52.321278,1.177921,290.165581,gev_mle,gev_mle,,,,False
18856,69,CMCC-CM2-SR5,ssp370,2060_2100,2060,2100,25,65,41,41.317742,77.657417,1.879517,422.952710,gev_mle,gev_mle,,,,False
18856,69,CMCC-CM2-SR5,ssp370,2060_2100,2060,2100,50,65,41,44.418339,109.833991,2.472717,609.122044,gev_mle,gev_mle,,,,False
18856,69,CMCC-CM2-SR5,ssp585,2040_2059,2040,2059,25,65,20,41.317742,61.628533,1.491576,335.653128,gev_mle,gev_mle,,,,False
18856,69,CMCC-CM2-SR5,ssp585,2040_2059,2040,2059,50,65,20,44.418339,75.412036,1.697768,418.223293,gev_mle,gev_mle,,,,False
18856,69,CMCC-CM2-SR5,ssp585,2060_2100,2060,2100,25,65,41,41.317742,55.167252,1.335195,300.462460,gev_mle,gev_mle,,,,False
18856,69,CMCC-CM2-SR5,ssp585,2060_2100,2060,2100,50,65,41,44.418339,69.836587,1.572247,387.302729,gev_mle,gev_mle,,,,False
18856,82,CMCC-ESM2,ssp126,2040_2059,2040,2059,25,65,20,48.312426,62.801574,1.299905,292.521059,gev_mle,gev_mle,,,,False
18856,82,CMCC-ESM2,ssp126,2040_2059,2040,2059,50,65,20,53.331459,79.746723,1.495304,368.348788,gev_mle,gev_mle,,,,False
18856,82,CMCC-ESM2,ssp126,2060_2100,2060,2100,25,65,41,48.312426,41.953512,0.868379,195.413664,gev_mle,gev_mle,,,,False
18856,82,CMCC-ESM2,ssp126,2060_2100,2060,2100,50,65,41,53.331459,48.629103,0.911828,224.617020,gev_mle,gev_mle,,,,False
18856,82,CMCC-ESM2,ssp245,2040_2059,2040,2059,25,65,20,48.312426,36.653607,0.758679,170.727441,gev_mle,gev_mle,,,,False
18856,82,CMCC-ESM2,ssp245,2040_2059,2040,2059,50,65,20,53.331459,38.371724,0.719495,177.238357,gev_mle,gev_mle,,,,False
18856,82,CMCC-ESM2,ssp245,2060_2100,2060,2100,25,65,41,48.312426,41.231417,0.853433,192.050246,gev_mle,gev_mle,,,,False
18856,82,CMCC-ESM2,ssp245,2060_2100,2060,2100,50,65,41,53.331459,45.820839,0.859171,211.645694,gev_mle,gev_mle,,,,False
18856,82,CMCC-ESM2,ssp370,2040_2059,2040,2059,25,65,20,48.312426,32.505122,0.672811,151.404367,gev_mle,gev_mle,,,,False
18856,82,CMCC-ESM2,ssp370,2040_2059,2040,2059,50,65,20,53.331459,34.330425,0.643718,158.571662,gev_mle,gev_mle,,,,False
18856,82,CMCC-ESM2,ssp370,2060_2100,2060,2100,25,65,41,48.312426,46.841085,0.969545,218.179303,gev_mle,gev_mle,,,,False
18856,82,CMCC-ESM2,ssp370,2060_2100,2060,2100,50,65,41,53.331459,52.195121,0.978693,241.088395,gev_mle,gev_mle,,,,False
18856,82,CMCC-ESM2,ssp585,2040_2059,2040,2059,25,65,20,48.312426,34.460236,0.713279,160.511017,gev_mle,gev_mle,,,,False
18856,82,CMCC-ESM2,ssp585,2040_2059,2040,2059,50,65,20,53.331459,36.198255,0.678741,167.199140,gev_mle,gev_mle,,,,False
18856,82,CMCC-ESM2,ssp585,2060_2100,2060,2100,25,65,41,48.312426,60.443712,1.251101,281.538461,gev_mle,gev_mle,,,,False
18856,82,CMCC-ESM2,ssp585,2060_2100,2060,2100,50,65,41,53.331459,82.720951,1.551072,382.086697,gev_mle,gev_mle,,,,False
18856,95,CNRM-CM6-1,ssp126,2040_2059,2040,2059,25,65,20,39.327737,33.838597,0.860426,193.623846,gev_mle,gev_mle,,,,False
18856,95,CNRM-CM6-1,ssp126,2040_2059,2040,2059,50,65,20,42.351512,34.876338,0.823497,202.857851,gev_mle,gev_mle,,,,False
18856,95,CNRM-CM6-1,ssp126,2060_2100,2060,2100,25,65,41,39.327737,40.405545,1.027406,231.199807,gev_mle,gev_mle,,,,False
18856,95,CNRM-CM6-1,ssp126,2060_2100,2060,2100,50,65,41,42.351512,44.201933,1.043692,257.100075,gev_mle,gev_mle,,,,False
18856,95,CNRM-CM6-1,ssp245,2040_2059,2040,2059,25,65,20,39.327737,54.934980,1.396851,314.336973,gev_mle,gev_mle,,,,False
18856,95,CNRM-CM6-1,ssp245,2040_2059,2040,2059,50,65,20,42.351512,64.012728,1.511463,372.329357,gev_mle,gev_mle,,,,False
18856,95,CNRM-CM6-1,ssp245,2060_2100,2060,2100,25,65,41,39.327737,42.297770,1.075520,242.027084,gev_mle,gev_mle,,,,False
18856,95,CNRM-CM6-1,ssp245,2060_2100,2060,2100,50,65,41,42.351512,46.221519,1.091378,268.846977,gev_mle,gev_mle,,,,False
18856,95,CNRM-CM6-1,ssp370,2040_2059,2040,2059,25,65,20,39.327737,43.838804,1.114704,250.844853,gev_mle,gev_mle,,,,False
18856,95,CNRM-CM6-1,ssp370,2040_2059,2040,2059,50,65,20,42.351512,48.618634,1.147979,282.789768,gev_mle,gev_mle,,,,False
18856,95,CNRM-CM6-1,ssp370,2060_2100,2060,2100,25,65,41,39.327737,40.587592,1.032035,232.241472,gev_mle,gev_mle,,,,False
18856,95,CNRM-CM6-1,ssp370,2060_2100,2060,2100,50,65,41,42.351512,43.625084,1.030071,253.744837,gev_mle,gev_mle,,,,False
18856,95,CNRM-CM6-1,ssp585,2040_2059,2040,2059,25,65,20,39.327737,48.264956,1.227250,276.171214,gev_mle,gev_mle,,,,False
18856,95,CNRM-CM6-1,ssp585,2040_2059,2040,2059,50,65,20,42.351512,55.980047,1.321796,325.607351,gev_mle,gev_mle,,,,False
18856,95,CNRM-CM6-1,ssp585,2060_2100,2060,2100,25,65,41,39.327737,36.440998,0.926598,208.514737,gev_mle,gev_mle,,,,False
18856,95,CNRM-CM6-1,ssp585,2060_2100,2060,2100,50,65,41,42.351512,39.565973,0.934228,230.135061,gev_mle,gev_mle,,,,False
18856,108,CNRM-ESM2-1,ssp126,2040_2059,2040,2059,25,65,20,48.451948,46.205738,0.953640,214.600197,gev_mle,gev_mle,,,,False
18856,108,CNRM-ESM2-1,ssp126,2040_2059,2040,2059,50,65,20,56.448113,52.470175,0.929529,228.977573,gev_mle,gev_mle,,,,False
18856,108,CNRM-ESM2-1,ssp126,2060_2100,2060,2100,25,65,41,48.451948,63.972311,1.320325,297.116139,gev_mle,gev_mle,,,,False
18856,108,CNRM-ESM2-1,ssp126,2060_2100,2060,2100,50,65,41,56.448113,83.273686,1.475225,363.402765,gev_mle,gev_mle,,,,False
18856,108,CNRM-ESM2-1,ssp245,2040_2059,2040,2059,25,65,20,48.451948,45.509591,0.939273,211.366979,gev_mle,gev_mle,,,,False
18856,108,CNRM-ESM2-1,ssp245,2040_2059,2040,2059,50,65,20,56.448113,49.223666,0.872016,214.809948,gev_mle,gev_mle,,,,False
18856,108,CNRM-ESM2-1,ssp245,2060_2100,2060,2100,25,65,41,48.451948,52.810527,1.089957,245.275805,gev_mle,gev_mle,,,,False
18856,108,CNRM-ESM2-1,ssp245,2060_2100,2060,2100,50,65,41,56.448113,61.106107,1.082518,266.664409,gev_mle,gev_mle,,,,False
18856,108,CNRM-ESM2-1,ssp370,2040_2059,2040,2059,25,65,20,48.451948,54.201592,1.118667,251.736536,gev_mle,gev_mle,,,,False
18856,108,CNRM-ESM2-1,ssp370,2040_2059,2040,2059,50,65,20,56.448113,67.174369,1.190020,293.146040,gev_mle,gev_mle,,,,False
18856,108,CNRM-ESM2-1,ssp370,2060_2100,2060,2100,25,65,41,48.451948,49.054511,1.012436,227.831179,gev_mle,gev_mle,,,,False
18856,108,CNRM-ESM2-1,ssp370,2060_2100,2060,2100,50,65,41,56.448113,55.966553,0.991469,244.235617,gev_mle,gev_mle,,,,False
18856,108,CNRM-ESM2-1,ssp585,2040_2059,2040,2059,25,65,20,48.451948,64.670142,1.334727,300.357184,gev_mle,gev_mle,,,,False
18856,108,CNRM-ESM2-1,ssp585,2040_2059,2040,2059,50,65,20,56.448113,80.580238,1.427510,351.648676,gev_mle,gev_mle,,,,False
18856,108,CNRM-ESM2-1,ssp585,2060_2100,2060,2100,25,65,41,48.451948,48.601123,1.003079,225.725443,gev_mle,gev_mle,,,,False
18856,108,CNRM-ESM2-1,ssp585,2060_2100,2060,2100,50,65,41,56.448113,57.065822,1.010943,249.032781,gev_mle,gev_mle,,,,False
18856,121,CanESM5,ssp126,2040_2059,2040,2059,25,65,40,44.552872,51.563011,1.157344,260.440196,gev_mle,gev_mle,,,,False
18856,121,CanESM5,ssp126,2040_2059,2040,2059,50,65,40,48.060885,66.385194,1.381273,340.258774,gev_mle,gev_mle,,,,False
18856,121,CanESM5,ssp126,2060_2100,2060,2100,25,65,82,44.552872,40.969345,0.919567,206.932530,gev_mle,gev_mle,,,,False
18856,121,CanESM5,ssp126,2060_2100,2060,2100,50,65,82,48.060885,43.079265,0.896348,220.803721,gev_mle,gev_mle,,,,False
18856,121,CanESM5,ssp245,2040_2059,2040,2059,25,65,20,44.552872,38.838595,0.871742,196.170301,gev_mle,gev_mle,,,,False
18856,121,CanESM5,ssp245,2040_2059,2040,2059,50,65,20,48.060885,42.437557,0.882996,217.514632,gev_mle,gev_mle,,,,False
18856,121,CanESM5,ssp245,2060_2100,2060,2100,25,65,41,44.552872,40.847406,0.916830,206.316628,gev_mle,gev_mle,,,,False
18856,121,CanESM5,ssp245,2060_2100,2060,2100,50,65,41,48.060885,44.804746,0.932250,229.647711,gev_mle,gev_mle,,,,False
18856,121,CanESM5,ssp370,2040_2059,2040,2059,25,65,20,44.552872,40.593690,0.911135,205.035131,gev_mle,gev_mle,,,,False
18856,121,CanESM5,ssp370,2040_2059,2040,2059,50,65,20,48.060885,45.105550,0.938509,231.189491,gev_mle,gev_mle,,,,False
18856,121,CanESM5,ssp370,2060_2100,2060,2100,25,65,41,44.552872,39.466424,0.885833,199.341410,gev_mle,gev_mle,,,,False
18856,121,CanESM5,ssp370,2060_2100,2060,2100,50,65,41,48.060885,44.045745,0.916457,225.757437,gev_mle,gev_mle,,,,False
18856,121,CanESM5,ssp585,2040_2059,2040,2059,25,65,20,44.552872,38.625227,0.866953,195.092598,gev_mle,gev_mle,,,,False
18856,121,CanESM5,ssp585,2040_2059,2040,2059,50,65,20,48.060885,42.289493,0.879915,216.755729,gev_mle,gev_mle,,,,False
18856,121,CanESM5,ssp585,2060_2100,2060,2100,25,65,41,44.552872,35.746465,0.802338,180.552228,gev_mle,gev_mle,,,,False
18856,121,CanESM5,ssp585,2060_2100,2060,2100,50,65,41,48.060885,38.764287,0.806566,198.687206,gev_mle,gev_mle,,,,False
18856,137,EC-Earth3-Veg-LR,ssp126,2040_2059,2040,2059,25,65,20,45.594231,50.380048,1.104965,248.653244,gev_mle,gev_mle,,,,False
18856,137,EC-Earth3-Veg-LR,ssp126,2040_2059,2040,2059,50,65,20,51.281086,58.555923,1.141862,281.283000,gev_mle,gev_mle,,,,False
18856,137,EC-Earth3-Veg-LR,ssp126,2060_2100,2060,2100,25,65,41,45.594231,50.282516,1.102826,248.171870,gev_mle,gev_mle,,,,False
18856,137,EC-Earth3-Veg-LR,ssp126,2060_2100,2060,2100,50,65,41,51.281086,57.812421,1.127363,277.711466,gev_mle,gev_mle,,,,False
18856,137,EC-Earth3-Veg-LR,ssp245,2040_2059,2040,2059,25,65,20,45.594231,57.036528,1.250959,281.506637,gev_mle,gev_mle,,,,False
18856,137,EC-Earth3-Veg-LR,ssp245,2040_2059,2040,2059,50,65,20,51.281086,65.687330,1.280927,315.539888,gev_mle,gev_mle,,,,False
18856,137,EC-Earth3-Veg-LR,ssp245,2060_2100,2060,2100,25,65,41,45.594231,48.301267,1.059372,238.393320,gev_mle,gev_mle,,,,False
18856,137,EC-Earth3-Veg-LR,ssp245,2060_2100,2060,2100,50,65,41,51.281086,55.453340,1.081360,266.379232,gev_mle,gev_mle,,,,False
18856,137,EC-Earth3-Veg-LR,ssp370,2040_2059,2040,2059,25,65,20,45.594231,50.010072,1.096851,246.827211,gev_mle,gev_mle,,,,False
18856,137,EC-Earth3-Veg-LR,ssp370,2040_2059,2040,2059,50,65,20,51.281086,55.784122,1.087811,267.968196,gev_mle,gev_mle,,,,False
18856,137,EC-Earth3-Veg-LR,ssp370,2060_2100,2060,2100,25,65,41,45.594231,41.427719,0.908618,204.468581,gev_mle,gev_mle,,,,False
18856,137,EC-Earth3-Veg-LR,ssp370,2060_2100,2060,2100,50,65,41,51.281086,43.388774,0.846097,208.425104,gev_mle,gev_mle,,,,False
18856,137,EC-Earth3-Veg-LR,ssp585,2040_2059,2040,2059,25,65,20,45.594231,39.739879,0.871599,196.138158,gev_mle,gev_mle,,,,False
18856,137,EC-Earth3-Veg-LR,ssp585,2040_2059,2040,2059,50,65,20,51.281086,42.270192,0.824284,203.051813,gev_mle,gev_mle,,,,False
18856,137,EC-Earth3-Veg-LR,ssp585,2060_2100,2060,2100,25,65,41,45.594231,50.366252,1.104663,248.585155,gev_mle,gev_mle,,,,False
18856,137,EC-Earth3-Veg-LR,ssp585,2060_2100,2060,2100,50,65,41,51.281086,59.665198,1.163493,286.611585,gev_mle,gev_mle,,,,False
18856,150,EC-Earth3,ssp126,2040_2059,2040,2059,25,65,20,44.610861,43.339452,0.971500,218.619181,gev_mle,gev_mle,,,,False
18856,150,EC-Earth3,ssp126,2040_2059,2040,2059,50,65,20,48.446671,47.671157,0.983992,242.393861,gev_mle,gev_mle,,,,False
18856,150,EC-Earth3,ssp126,2060_2100,2060,2100,25,65,41,44.610861,46.287394,1.037581,233.489622,gev_mle,gev_mle,,,,False
18856,150,EC-Earth3,ssp126,2060_2100,2060,2100,50,65,41,48.446671,51.628244,1.065672,262.514492,gev_mle,gev_mle,,,,False
18856,150,EC-Earth3,ssp245,2040_2059,2040,2059,25,65,20,44.610861,41.018219,0.919467,206.910078,gev_mle,gev_mle,,,,False
18856,150,EC-Earth3,ssp245,2040_2059,2040,2059,50,65,20,48.446671,43.807291,0.904237,222.747233,gev_mle,gev_mle,,,,False
18856,150,EC-Earth3,ssp245,2060_2100,2060,2100,25,65,41,44.610861,51.639233,1.157548,260.486144,gev_mle,gev_mle,,,,False
18856,150,EC-Earth3,ssp245,2060_2100,2060,2100,50,65,41,48.446671,62.612913,1.292409,318.368310,gev_mle,gev_mle,,,,False
18856,150,EC-Earth3,ssp370,2040_2059,2040,2059,25,65,20,44.610861,64.678518,1.449838,326.260808,gev_mle,gev_mle,,,,False
18856,150,EC-Earth3,ssp370,2040_2059,2040,2059,50,65,20,48.446671,78.591601,1.622229,399.615260,gev_mle,gev_mle,,,,False
18856,150,EC-Earth3,ssp370,2060_2100,2060,2100,25,65,41,44.610861,39.742498,0.890870,200.474903,gev_mle,gev_mle,,,,False
18856,150,EC-Earth3,ssp370,2060_2100,2060,2100,50,65,41,48.446671,41.522717,0.857081,211.130847,gev_mle,gev_mle,,,,False
18856,150,EC-Earth3,ssp585,2040_2059,2040,2059,25,65,20,44.610861,33.936219,0.760717,171.186023,gev_mle,gev_mle,,,,False
18856,150,EC-Earth3,ssp585,2040_2059,2040,2059,50,65,20,48.446671,35.361708,0.729910,179.803923,gev_mle,gev_mle,,,,False
18856,150,EC-Earth3,ssp585,2060_2100,2060,2100,25,65,41,44.610861,41.617839,0.932908,209.934768,gev_mle,gev_mle,,,,False
18856,150,EC-Earth3,ssp585,2060_2100,2060,2100,50,65,41,48.446671,44.384574,0.916153,225.682551,gev_mle,gev_mle,,,,False
18856,163,FGOALS-g3,ssp126,2040_2059,2040,2059,25,65,20,33.817372,36.658438,1.084012,243.938056,gev_mle,gev_mle,,,,False
18856,163,FGOALS-g3,ssp126,2040_2059,2040,2059,50,65,20,35.193095,38.473389,1.093208,269.297825,gev_mle,gev_mle,,,,False
18856,163,FGOALS-g3,ssp126,2060_2100,2060,2100,25,65,41,33.817372,41.998311,1.241915,279.471432,gev_mle,gev_mle,,,,False
18856,163,FGOALS-g3,ssp126,2060_2100,2060,2100,50,65,41,35.193095,47.638761,1.353639,333.451642,gev_mle,gev_mle,,,,False
18856,163,FGOALS-g3,ssp245,2040_2059,2040,2059,25,65,20,33.817372,35.045135,1.036306,233.202571,gev_mle,gev_mle,,,,False
18856,163,FGOALS-g3,ssp245,2040_2059,2040,2059,50,65,20,35.193095,38.192210,1.085219,267.329692,gev_mle,gev_mle,,,,False
18856,163,FGOALS-g3,ssp245,2060_2100,2060,2100,25,65,41,33.817372,41.615033,1.230582,276.920969,gev_mle,gev_mle,,,,False
18856,163,FGOALS-g3,ssp245,2060_2100,2060,2100,50,65,41,35.193095,45.738134,1.299634,320.148040,gev_mle,gev_mle,,,,False
18856,163,FGOALS-g3,ssp370,2040_2059,2040,2059,25,65,20,33.817372,43.120879,1.275110,286.941394,gev_mle,gev_mle,,,,False
18856,163,FGOALS-g3,ssp370,2040_2059,2040,2059,50,65,20,35.193095,49.135653,1.396173,343.929272,gev_mle,gev_mle,,,,False
18856,163,FGOALS-g3,ssp370,2060_2100,2060,2100,25,65,41,33.817372,35.455913,1.048453,235.936034,gev_mle,gev_mle,,,,False
18856,163,FGOALS-g3,ssp370,2060_2100,2060,2100,50,65,41,35.193095,38.011842,1.080094,266.067186,gev_mle,gev_mle,,,,False
18856,163,FGOALS-g3,ssp585,2040_2059,2040,2059,25,65,20,33.817372,38.833891,1.148341,258.414280,gev_mle,gev_mle,,,,False
18856,163,FGOALS-g3,ssp585,2040_2059,2040,2059,50,65,20,35.193095,43.476420,1.235368,304.316977,gev_mle,gev_mle,,,,False
18856,163,FGOALS-g3,ssp585,2060_2100,2060,2100,25,65,41,33.817372,36.134673,1.068524,240.452736,gev_mle,gev_mle,,,,False
18856,163,FGOALS-g3,ssp585,2060_2100,2060,2100,50,65,41,35.193095,40.010899,1.136896,280.059764,gev_mle,gev_mle,,,,False
18856,176,GFDL-CM4,ssp126,2040_2059,2040,2059,25,65,0,44.992890,,,,gev_mle,nao_determinado,,n_insuficiente,,False
18856,176,GFDL-CM4,ssp126,2040_2059,2040,2059,50,65,0,49.417194,,,,gev_mle,nao_determinado,,n_insuficiente,,False
18856,176,GFDL-CM4,ssp126,2060_2100,2060,2100,25,65,0,44.992890,,,,gev_mle,nao_determinado,,n_insuficiente,,False
18856,176,GFDL-CM4,ssp126,2060_2100,2060,2100,50,65,0,49.417194,,,,gev_mle,nao_determinado,,n_insuficiente,,False
18856,176,GFDL-CM4,ssp245,2040_2059,2040,2059,25,65,20,44.992890,37.118780,0.824992,185.650130,gev_mle,gev_mle,,,,False
18856,176,GFDL-CM4,ssp245,2040_2059,2040,2059,50,65,20,49.417194,38.954709,0.788282,194.183240,gev_mle,gev_mle,,,,False
18856,176,GFDL-CM4,ssp245,2060_2100,2060,2100,25,65,41,44.992890,44.483437,0.988677,222.484569,gev_mle,gev_mle,,,,False
18856,176,GFDL-CM4,ssp245,2060_2100,2060,2100,50,65,41,49.417194,48.178474,0.974933,240.162291,gev_mle,gev_mle,,,,False
18856,176,GFDL-CM4,ssp370,2040_2059,2040,2059,25,65,0,44.992890,,,,gev_mle,nao_determinado,,n_insuficiente,,False
18856,176,GFDL-CM4,ssp370,2040_2059,2040,2059,50,65,0,49.417194,,,,gev_mle,nao_determinado,,n_insuficiente,,False
18856,176,GFDL-CM4,ssp370,2060_2100,2060,2100,25,65,0,44.992890,,,,gev_mle,nao_determinado,,n_insuficiente,,False
18856,176,GFDL-CM4,ssp370,2060_2100,2060,2100,50,65,0,49.417194,,,,gev_mle,nao_determinado,,n_insuficiente,,False
18856,176,GFDL-CM4,ssp585,2040_2059,2040,2059,25,65,20,44.992890,50.187043,1.115444,251.011239,gev_mle,gev_mle,,,,False
18856,176,GFDL-CM4,ssp585,2040_2059,2040,2059,50,65,20,49.417194,61.391034,1.242301,306.024875,gev_mle,gev_mle,,,,False
18856,176,GFDL-CM4,ssp585,2060_2100,2060,2100,25,65,41,44.992890,43.097590,0.957876,215.553238,gev_mle,gev_mle,,,,False
18856,176,GFDL-CM4,ssp585,2060_2100,2060,2100,50,65,41,49.417194,50.170548,1.015245,250.092476,gev_mle,gev_mle,,,,False
18856,183,GFDL-CM4_gr2,ssp126,2040_2059,2040,2059,25,65,0,44.554898,,,,gev_mle,nao_determinado,,n_insuficiente,,False
18856,183,GFDL-CM4_gr2,ssp126,2040_2059,2040,2059,50,65,0,49.089512,,,,gev_mle,nao_determinado,,n_insuficiente,,False
18856,183,GFDL-CM4_gr2,ssp126,2060_2100,2060,2100,25,65,0,44.554898,,,,gev_mle,nao_determinado,,n_insuficiente,,False
18856,183,GFDL-CM4_gr2,ssp126,2060_2100,2060,2100,50,65,0,49.089512,,,,gev_mle,nao_determinado,,n_insuficiente,,False
18856,183,GFDL-CM4_gr2,ssp245,2040_2059,2040,2059,25,65,20,44.554898,39.529963,0.887219,199.653258,gev_mle,gev_mle,,,,False
18856,183,GFDL-CM4_gr2,ssp245,2040_2059,2040,2059,50,65,20,49.089512,42.529272,0.866362,213.417043,gev_mle,gev_mle,,,,False
18856,183,GFDL-CM4_gr2,ssp245,2060_2100,2060,2100,25,65,41,44.554898,46.502217,1.043706,234.867898,gev_mle,gev_mle,,,,False
18856,183,GFDL-CM4_gr2,ssp245,2060_2100,2060,2100,50,65,41,49.089512,50.786692,1.034573,254.853779,gev_mle,gev_mle,,,,False
18856,183,GFDL-CM4_gr2,ssp370,2040_2059,2040,2059,25,65,0,44.554898,,,,gev_mle,nao_determinado,,n_insuficiente,,False
18856,183,GFDL-CM4_gr2,ssp370,2040_2059,2040,2059,50,65,0,49.089512,,,,gev_mle,nao_determinado,,n_insuficiente,,False
18856,183,GFDL-CM4_gr2,ssp370,2060_2100,2060,2100,25,65,0,44.554898,,,,gev_mle,nao_determinado,,n_insuficiente,,False
18856,183,GFDL-CM4_gr2,ssp370,2060_2100,2060,2100,50,65,0,49.089512,,,,gev_mle,nao_determinado,,n_insuficiente,,False
18856,183,GFDL-CM4_gr2,ssp585,2040_2059,2040,2059,25,65,20,44.554898,53.559505,1.202101,270.512010,gev_mle,gev_mle,,,,False
18856,183,GFDL-CM4_gr2,ssp585,2040_2059,2040,2059,50,65,20,49.089512,64.239443,1.308618,322.361314,gev_mle,gev_mle,,,,False
18856,183,GFDL-CM4_gr2,ssp585,2060_2100,2060,2100,25,65,41,44.554898,40.449882,0.907866,204.299479,gev_mle,gev_mle,,,,False
18856,183,GFDL-CM4_gr2,ssp585,2060_2100,2060,2100,50,65,41,49.089512,45.675797,0.930459,229.206691,gev_mle,gev_mle,,,,False
18856,190,GFDL-ESM4,ssp126,2040_2059,2040,2059,25,65,20,40.208792,72.506236,1.803243,405.788549,gev_mle,gev_mle,,,,False
18856,190,GFDL-ESM4,ssp126,2040_2059,2040,2059,50,65,20,42.807727,94.062866,2.197334,541.284894,gev_mle,gev_mle,,,,False
18856,190,GFDL-ESM4,ssp126,2060_2100,2060,2100,25,65,41,40.208792,43.113038,1.072229,241.286518,gev_mle,gev_mle,,,,False
18856,190,GFDL-ESM4,ssp126,2060_2100,2060,2100,50,65,41,42.807727,47.121417,1.100769,271.160261,gev_mle,gev_mle,,,,False
18856,190,GFDL-ESM4,ssp245,2040_2059,2040,2059,25,65,20,40.208792,46.138904,1.147483,258.221083,gev_mle,gev_mle,,,,False
18856,190,GFDL-ESM4,ssp245,2040_2059,2040,2059,50,65,20,42.807727,55.151217,1.288347,317.367756,gev_mle,gev_mle,,,,False
18856,190,GFDL-ESM4,ssp245,2060_2100,2060,2100,25,65,41,40.208792,35.690746,0.887635,199.746904,gev_mle,gev_mle,,,,False
18856,190,GFDL-ESM4,ssp245,2060_2100,2060,2100,50,65,41,42.807727,37.862715,0.884483,217.881048,gev_mle,gev_mle,,,,False
18856,190,GFDL-ESM4,ssp370,2040_2059,2040,2059,25,65,20,40.208792,40.388925,1.004480,226.040741,gev_mle,gev_mle,,,,False
18856,190,GFDL-ESM4,ssp370,2040_2059,2040,2059,50,65,20,42.807727,43.965300,1.027041,252.998383,gev_mle,gev_mle,,,,False
18856,190,GFDL-ESM4,ssp370,2060_2100,2060,2100,25,65,41,40.208792,41.548580,1.033321,232.530866,gev_mle,gev_mle,,,,False
18856,190,GFDL-ESM4,ssp370,2060_2100,2060,2100,50,65,41,42.807727,45.501307,1.062923,261.837338,gev_mle,gev_mle,,,,False
18856,190,GFDL-ESM4,ssp585,2040_2059,2040,2059,25,65,20,40.208792,52.348155,1.301908,292.971788,gev_mle,gev_mle,,,,False
18856,190,GFDL-ESM4,ssp585,2040_2059,2040,2059,50,65,20,42.807727,59.737160,1.395476,343.757573,gev_mle,gev_mle,,,,False
18856,190,GFDL-ESM4,ssp585,2060_2100,2060,2100,25,65,41,40.208792,45.486524,1.131258,254.569972,gev_mle,gev_mle,,,,False
18856,190,GFDL-ESM4,ssp585,2060_2100,2060,2100,50,65,41,42.807727,49.438294,1.154892,284.492733,gev_mle,gev_mle,,,,False
18856,203,GISS-E2-1-G,ssp126,2040_2059,2040,2059,25,65,20,40.744894,50.090037,1.229357,276.645501,gev_mle,gev_mle,,,,False
18856,203,GISS-E2-1-G,ssp126,2040_2059,2040,2059,50,65,20,42.844142,56.068390,1.308659,322.371399,gev_mle,gev_mle,,,,False
18856,203,GISS-E2-1-G,ssp126,2060_2100,2060,2100,25,65,41,40.744894,45.975036,1.128363,253.918499,gev_mle,gev_mle,,,,False
18856,203,GISS-E2-1-G,ssp126,2060_2100,2060,2100,50,65,41,42.844142,51.069269,1.191978,293.628402,gev_mle,gev_mle,,,,False
18856,203,GISS-E2-1-G,ssp245,2040_2059,2040,2059,25,65,20,40.744894,34.300624,0.841839,189.441134,gev_mle,gev_mle,,,,False
18856,203,GISS-E2-1-G,ssp245,2040_2059,2040,2059,50,65,20,42.844142,34.649539,0.808735,199.221352,gev_mle,gev_mle,,,,False
18856,203,GISS-E2-1-G,ssp245,2060_2100,2060,2100,25,65,41,40.744894,46.904298,1.151170,259.050780,gev_mle,gev_mle,,,,False
18856,203,GISS-E2-1-G,ssp245,2060_2100,2060,2100,50,65,41,42.844142,53.503182,1.248786,307.622453,gev_mle,gev_mle,,,,False
18856,203,GISS-E2-1-G,ssp370,2040_2059,2040,2059,25,65,20,40.744894,40.147449,0.985337,221.732940,gev_mle,gev_mle,,,,False
18856,203,GISS-E2-1-G,ssp370,2040_2059,2040,2059,50,65,20,42.844142,42.264430,0.986469,243.004008,gev_mle,gev_mle,,,,False
18856,203,GISS-E2-1-G,ssp370,2060_2100,2060,2100,25,65,41,40.744894,54.130642,1.328526,298.961624,gev_mle,gev_mle,,,,False
18856,203,GISS-E2-1-G,ssp370,2060_2100,2060,2100,50,65,41,42.844142,63.578672,1.483953,365.552595,gev_mle,gev_mle,,,,False
18856,203,GISS-E2-1-G,ssp585,2040_2059,2040,2059,25,65,20,40.744894,59.044566,1.449128,326.101053,gev_mle,gev_mle,,,,False
18856,203,GISS-E2-1-G,ssp585,2040_2059,2040,2059,50,65,20,42.844142,69.668923,1.626102,400.569165,gev_mle,gev_mle,,,,False
18856,203,GISS-E2-1-G,ssp585,2060_2100,2060,2100,25,65,41,40.744894,48.424494,1.188480,267.446768,gev_mle,gev_mle,,,,False
18856,203,GISS-E2-1-G,ssp585,2060_2100,2060,2100,50,65,41,42.844142,54.763166,1.278195,314.866871,gev_mle,gev_mle,,,,False
18856,216,HadGEM3-GC31-LL,ssp126,2040_2059,2040,2059,25,65,20,39.867182,51.743325,1.297893,292.068184,gev_mle,gev_mle,,,,False
18856,216,HadGEM3-GC31-LL,ssp126,2040_2059,2040,2059,50,65,20,42.670099,60.222901,1.411361,347.670533,gev_mle,gev_mle,,,,False
18856,216,HadGEM3-GC31-LL,ssp126,2060_2100,2060,2100,25,65,41,39.867182,57.782178,1.449367,326.154838,gev_mle,gev_mle,,,,False
18856,216,HadGEM3-GC31-LL,ssp126,2060_2100,2060,2100,50,65,41,42.670099,69.799309,1.635790,402.955728,gev_mle,gev_mle,,,,False
18856,216,HadGEM3-GC31-LL,ssp245,2040_2059,2040,2059,25,65,20,39.867182,50.452943,1.265526,284.784546,gev_mle,gev_mle,,,,False
18856,216,HadGEM3-GC31-LL,ssp245,2040_2059,2040,2059,50,65,20,42.670099,57.311056,1.343120,330.860271,gev_mle,gev_mle,,,,False
18856,216,HadGEM3-GC31-LL,ssp245,2060_2100,2060,2100,25,65,41,39.867182,42.002989,1.053573,237.088297,gev_mle,gev_mle,,,,False
18856,216,HadGEM3-GC31-LL,ssp245,2060_2100,2060,2100,50,65,41,42.670099,46.841178,1.097752,270.417015,gev_mle,gev_mle,,,,False
18856,216,HadGEM3-GC31-LL,ssp370,2040_2059,2040,2059,25,65,0,39.867182,,,,gev_mle,nao_determinado,,n_insuficiente,,False
18856,216,HadGEM3-GC31-LL,ssp370,2040_2059,2040,2059,50,65,0,42.670099,,,,gev_mle,nao_determinado,,n_insuficiente,,False
18856,216,HadGEM3-GC31-LL,ssp370,2060_2100,2060,2100,25,65,0,39.867182,,,,gev_mle,nao_determinado,,n_insuficiente,,False
18856,216,HadGEM3-GC31-LL,ssp370,2060_2100,2060,2100,50,65,0,42.670099,,,,gev_mle,nao_determinado,,n_insuficiente,,False
18856,216,HadGEM3-GC31-LL,ssp585,2040_2059,2040,2059,25,65,20,39.867182,44.631602,1.119507,251.925652,gev_mle,gev_mle,,,,False
18856,216,HadGEM3-GC31-LL,ssp585,2040_2059,2040,2059,50,65,20,42.670099,49.250064,1.154206,284.323667,gev_mle,gev_mle,,,,False
18856,216,HadGEM3-GC31-LL,ssp585,2060_2100,2060,2100,25,65,41,39.867182,59.031291,1.480699,333.205527,gev_mle,gev_mle,,,,False
18856,216,HadGEM3-GC31-LL,ssp585,2060_2100,2060,2100,50,65,41,42.670099,73.984556,1.733874,427.117421,gev_mle,gev_mle,,,,False
18856,226,HadGEM3-GC31-MM,ssp126,2040_2059,2040,2059,25,65,20,42.690590,47.805323,1.119809,251.993620,gev_mle,gev_mle,,,,False
18856,226,HadGEM3-GC31-MM,ssp126,2040_2059,2040,2059,50,65,20,45.928732,53.951880,1.174687,289.368991,gev_mle,gev_mle,,,,False
18856,226,HadGEM3-GC31-MM,ssp126,2060_2100,2060,2100,25,65,41,42.690590,59.386283,1.391086,313.039711,gev_mle,gev_mle,,,,False
18856,226,HadGEM3-GC31-MM,ssp126,2060_2100,2060,2100,50,65,41,45.928732,69.069513,1.503841,370.451882,gev_mle,gev_mle,,,,False
18856,226,HadGEM3-GC31-MM,ssp245,2040_2059,2040,2059,25,65,0,42.690590,,,,gev_mle,nao_determinado,,n_insuficiente,,False
18856,226,HadGEM3-GC31-MM,ssp245,2040_2059,2040,2059,50,65,0,45.928732,,,,gev_mle,nao_determinado,,n_insuficiente,,False
18856,226,HadGEM3-GC31-MM,ssp245,2060_2100,2060,2100,25,65,0,42.690590,,,,gev_mle,nao_determinado,,n_insuficiente,,False
18856,226,HadGEM3-GC31-MM,ssp245,2060_2100,2060,2100,50,65,0,45.928732,,,,gev_mle,nao_determinado,,n_insuficiente,,False
18856,226,HadGEM3-GC31-MM,ssp370,2040_2059,2040,2059,25,65,0,42.690590,,,,gev_mle,nao_determinado,,n_insuficiente,,False
18856,226,HadGEM3-GC31-MM,ssp370,2040_2059,2040,2059,50,65,0,45.928732,,,,gev_mle,nao_determinado,,n_insuficiente,,False
18856,226,HadGEM3-GC31-MM,ssp370,2060_2100,2060,2100,25,65,0,42.690590,,,,gev_mle,nao_determinado,,n_insuficiente,,False
18856,226,HadGEM3-GC31-MM,ssp370,2060_2100,2060,2100,50,65,0,45.928732,,,,gev_mle,nao_determinado,,n_insuficiente,,False
18856,226,HadGEM3-GC31-MM,ssp585,2040_2059,2040,2059,25,65,20,42.690590,43.068019,1.008841,227.022125,gev_mle,gev_mle,,,,False
18856,226,HadGEM3-GC31-MM,ssp585,2040_2059,2040,2059,50,65,20,45.928732,46.452870,1.011412,249.148319,gev_mle,gev_mle,,,,False
18856,226,HadGEM3-GC31-MM,ssp585,2060_2100,2060,2100,25,65,41,42.690590,35.753240,0.837497,188.464125,gev_mle,gev_mle,,,,False
18856,226,HadGEM3-GC31-MM,ssp585,2060_2100,2060,2100,50,65,41,45.928732,38.089823,0.829324,204.293410,gev_mle,gev_mle,,,,False
18856,233,IITM-ESM,ssp126,2040_2059,2040,2059,25,65,20,43.278866,40.566048,0.937318,210.927050,gev_mle,gev_mle,,,,False
18856,233,IITM-ESM,ssp126,2040_2059,2040,2059,50,65,20,46.629676,41.928590,0.899183,221.502035,gev_mle,gev_mle,,,,False
18856,233,IITM-ESM,ssp126,2060_2100,2060,2100,25,65,40,43.278866,51.199218,1.183007,266.215237,gev_mle,gev_mle,,,,False
18856,233,IITM-ESM,ssp126,2060_2100,2060,2100,50,65,40,46.629676,58.711364,1.259099,310.162749,gev_mle,gev_mle,,,,False
18856,233,IITM-ESM,ssp245,2040_2059,2040,2059,25,65,20,43.278866,44.140117,1.019900,229.510767,gev_mle,gev_mle,,,,False
18856,233,IITM-ESM,ssp245,2040_2059,2040,2059,50,65,20,46.629676,47.297313,1.014318,249.864143,gev_mle,gev_mle,,,,False
18856,233,IITM-ESM,ssp245,2060_2100,2060,2100,25,65,40,43.278866,46.145909,1.066246,239.940072,gev_mle,gev_mle,,,,False
18856,233,IITM-ESM,ssp245,2060_2100,2060,2100,50,65,40,46.629676,52.981417,1.136217,279.892353,gev_mle,gev_mle,,,,False
18856,233,IITM-ESM,ssp370,2040_2059,2040,2059,25,65,20,43.278866,65.009735,1.502113,338.024345,gev_mle,gev_mle,,,,False
18856,233,IITM-ESM,ssp370,2040_2059,2040,2059,50,65,20,46.629676,84.229436,1.806348,444.970640,gev_mle,gev_mle,,,,False
18856,233,IITM-ESM,ssp370,2060_2100,2060,2100,25,65,39,43.278866,49.199319,1.136798,255.816570,gev_mle,gev_mle,,,,False
18856,233,IITM-ESM,ssp370,2060_2100,2060,2100,50,65,39,46.629676,58.473797,1.254004,308.907720,gev_mle,gev_mle,,,,False
18856,233,IITM-ESM,ssp585,2040_2059,2040,2059,25,65,20,43.278866,49.577446,1.145535,257.782681,gev_mle,gev_mle,,,,False
18856,233,IITM-ESM,ssp585,2040_2059,2040,2059,50,65,20,46.629676,55.774104,1.196107,294.645674,gev_mle,gev_mle,,,,False
18856,233,IITM-ESM,ssp585,2060_2100,2060,2100,25,65,40,43.278866,42.752754,0.987844,222.297038,gev_mle,gev_mle,,,,False
18856,233,IITM-ESM,ssp585,2060_2100,2060,2100,50,65,40,46.629676,45.767730,0.981515,241.783598,gev_mle,gev_mle,,,,False
18856,246,INM-CM4-8,ssp126,2040_2059,2040,2059,25,65,20,37.312333,36.826697,0.986985,222.103708,gev_mle,gev_mle,,,,False
18856,246,INM-CM4-8,ssp126,2040_2059,2040,2059,50,65,20,39.290796,40.174971,1.022503,251.880539,gev_mle,gev_mle,,,,False
18856,246,INM-CM4-8,ssp126,2060_2100,2060,2100,25,65,41,37.312333,37.059399,0.993221,223.507146,gev_mle,gev_mle,,,,False
18856,246,INM-CM4-8,ssp126,2060_2100,2060,2100,50,65,41,39.290796,38.809363,0.987747,243.318740,gev_mle,gev_mle,,,,False
18856,246,INM-CM4-8,ssp245,2040_2059,2040,2059,25,65,20,37.312333,35.794371,0.959317,215.877697,gev_mle,gev_mle,,,,False
18856,246,INM-CM4-8,ssp245,2040_2059,2040,2059,50,65,20,39.290796,38.632163,0.983237,242.207766,gev_mle,gev_mle,,,,False
18856,246,INM-CM4-8,ssp245,2060_2100,2060,2100,25,65,41,37.312333,35.211760,0.943703,212.363942,gev_mle,gev_mle,,,,False
18856,246,INM-CM4-8,ssp245,2060_2100,2060,2100,50,65,41,39.290796,36.282779,0.923442,227.478094,gev_mle,gev_mle,,,,False
18856,246,INM-CM4-8,ssp370,2040_2059,2040,2059,25,65,20,37.312333,42.048810,1.126941,253.598544,gev_mle,gev_mle,,,,False
18856,246,INM-CM4-8,ssp370,2040_2059,2040,2059,50,65,20,39.290796,47.465270,1.208051,297.587716,gev_mle,gev_mle,,,,False
18856,246,INM-CM4-8,ssp370,2060_2100,2060,2100,25,65,41,37.312333,39.594606,1.061167,238.797108,gev_mle,gev_mle,,,,False
18856,246,INM-CM4-8,ssp370,2060_2100,2060,2100,50,65,41,39.290796,42.120031,1.072008,264.075263,gev_mle,gev_mle,,,,False
18856,246,INM-CM4-8,ssp585,2040_2059,2040,2059,25,65,20,37.312333,36.513261,0.978584,220.213362,gev_mle,gev_mle,,,,False
18856,246,INM-CM4-8,ssp585,2040_2059,2040,2059,50,65,20,39.290796,37.683228,0.959085,236.258336,gev_mle,gev_mle,,,,False
18856,246,INM-CM4-8,ssp585,2060_2100,2060,2100,25,65,41,37.312333,39.505630,1.058782,238.260490,gev_mle,gev_mle,,,,False
18856,246,INM-CM4-8,ssp585,2060_2100,2060,2100,50,65,41,39.290796,43.493864,1.106973,272.688634,gev_mle,gev_mle,,,,False
18856,259,INM-CM5-0,ssp126,2040_2059,2040,2059,25,65,20,40.187463,34.211045,0.851287,191.567223,gev_mle,gev_mle,,,,False
18856,259,INM-CM5-0,ssp126,2040_2059,2040,2059,50,65,20,43.516092,35.282613,0.810795,199.728815,gev_mle,gev_mle,,,,False
18856,259,INM-CM5-0,ssp126,2060_2100,2060,2100,25,65,41,40.187463,33.931204,0.844323,190.000233,gev_mle,gev_mle,,,,False
18856,259,INM-CM5-0,ssp126,2060_2100,2060,2100,50,65,41,43.516092,35.367995,0.812757,200.212143,gev_mle,gev_mle,,,,False
18856,259,INM-CM5-0,ssp245,2040_2059,2040,2059,25,65,20,40.187463,35.787544,0.890515,200.394941,gev_mle,gev_mle,,,,False
18856,259,INM-CM5-0,ssp245,2040_2059,2040,2059,50,65,20,43.516092,37.549358,0.862884,212.560467,gev_mle,gev_mle,,,,False
18856,259,INM-CM5-0,ssp245,2060_2100,2060,2100,25,65,41,40.187463,39.686910,0.987545,222.229726,gev_mle,gev_mle,,,,False
18856,259,INM-CM5-0,ssp245,2060_2100,2060,2100,50,65,41,43.516092,42.596439,0.978866,241.131127,gev_mle,gev_mle,,,,False
18856,259,INM-CM5-0,ssp370,2040_2059,2040,2059,25,65,20,40.187463,38.862464,0.967030,217.613181,gev_mle,gev_mle,,,,False
18856,259,INM-CM5-0,ssp370,2040_2059,2040,2059,50,65,20,43.516092,42.426047,0.974951,240.166563,gev_mle,gev_mle,,,,False
18856,259,INM-CM5-0,ssp370,2060_2100,2060,2100,25,65,41,40.187463,39.535434,0.983775,221.381521,gev_mle,gev_mle,,,,False
18856,259,INM-CM5-0,ssp370,2060_2100,2060,2100,50,65,41,43.516092,42.667209,0.980493,241.531743,gev_mle,gev_mle,,,,False
18856,259,INM-CM5-0,ssp585,2040_2059,2040,2059,25,65,20,40.187463,46.742659,1.163115,261.738902,gev_mle,gev_mle,,,,False
18856,259,INM-CM5-0,ssp585,2040_2059,2040,2059,50,65,20,43.516092,55.956756,1.285887,316.761585,gev_mle,gev_mle,,,,False
18856,259,INM-CM5-0,ssp585,2060_2100,2060,2100,25,65,41,40.187463,37.413827,0.930983,209.501430,gev_mle,gev_mle,,,,False
18856,259,INM-CM5-0,ssp585,2060_2100,2060,2100,50,65,41,43.516092,39.406139,0.905553,223.071385,gev_mle,gev_mle,,,,False
18856,272,IPSL-CM6A-LR,ssp126,2040_2059,2040,2059,25,65,20,35.090240,38.263435,1.090430,245.382208,gev_mle,gev_mle,,,,False
18856,272,IPSL-CM6A-LR,ssp126,2040_2059,2040,2059,50,65,20,37.235572,41.044775,1.102300,271.537432,gev_mle,gev_mle,,,,False
18856,272,IPSL-CM6A-LR,ssp126,2060_2100,2060,2100,25,65,41,35.090240,49.056257,1.398003,314.596240,gev_mle,gev_mle,,,,False
18856,272,IPSL-CM6A-LR,ssp126,2060_2100,2060,2100,50,65,41,37.235572,58.477850,1.570483,386.868371,gev_mle,gev_mle,,,,False
18856,272,IPSL-CM6A-LR,ssp245,2040_2059,2040,2059,25,65,20,35.090240,80.947526,2.306839,519.113950,gev_mle,gev_mle,,,,False
18856,272,IPSL-CM6A-LR,ssp245,2040_2059,2040,2059,50,65,20,37.235572,129.631271,3.481383,857.593757,gev_mle,gev_mle,,,,False
18856,272,IPSL-CM6A-LR,ssp245,2060_2100,2060,2100,25,65,41,35.090240,56.576712,1.612320,362.824680,gev_mle,gev_mle,,,,False
18856,272,IPSL-CM6A-LR,ssp245,2060_2100,2060,2100,50,65,41,37.235572,68.732244,1.845876,454.707749,gev_mle,gev_mle,,,,False
18856,272,IPSL-CM6A-LR,ssp370,2040_2059,2040,2059,25,65,20,35.090240,55.539611,1.582765,356.173782,gev_mle,gev_mle,,,,False
18856,272,IPSL-CM6A-LR,ssp370,2040_2059,2040,2059,50,65,20,37.235572,70.165632,1.884371,464.190525,gev_mle,gev_mle,,,,False
18856,272,IPSL-CM6A-LR,ssp370,2060_2100,2060,2100,25,65,41,35.090240,57.754011,1.645871,370.374666,gev_mle,gev_mle,,,,False
18856,272,IPSL-CM6A-LR,ssp370,2060_2100,2060,2100,50,65,41,37.235572,64.661911,1.736563,427.779893,gev_mle,gev_mle,,,,False
18856,272,IPSL-CM6A-LR,ssp585,2040_2059,2040,2059,25,65,20,35.090240,45.587150,1.299140,292.348964,gev_mle,gev_mle,,,,False
18856,272,IPSL-CM6A-LR,ssp585,2040_2059,2040,2059,50,65,20,37.235572,52.564770,1.411682,347.749567,gev_mle,gev_mle,,,,False
18856,272,IPSL-CM6A-LR,ssp585,2060_2100,2060,2100,25,65,41,35.090240,54.712961,1.559207,350.872507,gev_mle,gev_mle,,,,False
18856,272,IPSL-CM6A-LR,ssp585,2060_2100,2060,2100,50,65,41,37.235572,59.697641,1.603242,394.938070,gev_mle,gev_mle,,,,False
18856,285,KACE-1-0-G,ssp126,2040_2059,2040,2059,25,65,20,32.650254,36.109056,1.105935,248.871415,gev_mle,gev_mle,,,,False
18856,285,KACE-1-0-G,ssp126,2040_2059,2040,2059,50,65,20,33.993371,38.786087,1.140990,281.068124,gev_mle,gev_mle,,,,False
18856,285,KACE-1-0-G,ssp126,2060_2100,2060,2100,25,65,41,32.650254,65.961593,2.020247,454.621546,gev_mle,gev_mle,,,,False
18856,285,KACE-1-0-G,ssp126,2060_2100,2060,2100,50,65,41,33.993371,88.280136,2.596981,639.732802,gev_mle,gev_mle,,,,False
18856,285,KACE-1-0-G,ssp245,2040_2059,2040,2059,25,65,20,32.650254,49.769220,1.524313,343.020216,gev_mle,gev_mle,,,,False
18856,285,KACE-1-0-G,ssp245,2040_2059,2040,2059,50,65,20,33.993371,56.051672,1.648900,406.185300,gev_mle,gev_mle,,,,False
18856,285,KACE-1-0-G,ssp245,2060_2100,2060,2100,25,65,41,32.650254,55.509272,1.700118,382.581893,gev_mle,gev_mle,,,,False
18856,285,KACE-1-0-G,ssp245,2060_2100,2060,2100,50,65,41,33.993371,63.755331,1.875522,462.010802,gev_mle,gev_mle,,,,False
18856,285,KACE-1-0-G,ssp370,2040_2059,2040,2059,25,65,0,32.650254,,,,gev_mle,nao_determinado,,n_insuficiente,,False
18856,285,KACE-1-0-G,ssp370,2040_2059,2040,2059,50,65,0,33.993371,,,,gev_mle,nao_determinado,,n_insuficiente,,False
18856,285,KACE-1-0-G,ssp370,2060_2100,2060,2100,25,65,0,32.650254,,,,gev_mle,nao_determinado,,n_insuficiente,,False
18856,285,KACE-1-0-G,ssp370,2060_2100,2060,2100,50,65,0,33.993371,,,,gev_mle,nao_determinado,,n_insuficiente,,False
18856,285,KACE-1-0-G,ssp585,2040_2059,2040,2059,25,65,20,32.650254,50.871930,1.558087,350.620334,gev_mle,gev_mle,,,,False
18856,285,KACE-1-0-G,ssp585,2040_2059,2040,2059,50,65,20,33.993371,59.210889,1.741836,429.078951,gev_mle,gev_mle,,,,False
18856,285,KACE-1-0-G,ssp585,2060_2100,2060,2100,25,65,41,32.650254,38.468991,1.178214,265.136594,gev_mle,gev_mle,,,,False
18856,285,KACE-1-0-G,ssp585,2060_2100,2060,2100,50,65,41,33.993371,40.444013,1.189762,293.082484,gev_mle,gev_mle,,,,False
18856,295,KIOST-ESM,ssp126,2040_2059,2040,2059,25,65,20,44.814762,53.076319,1.184349,266.517147,gev_mle,gev_mle,,,,False
18856,295,KIOST-ESM,ssp126,2040_2059,2040,2059,50,65,20,50.090054,62.284323,1.243447,306.307133,gev_mle,gev_mle,,,,False
18856,295,KIOST-ESM,ssp126,2060_2100,2060,2100,25,65,41,44.814762,55.526466,1.239022,278.820304,gev_mle,gev_mle,,,,False
18856,295,KIOST-ESM,ssp126,2060_2100,2060,2100,50,65,41,50.090054,65.948972,1.316608,324.329454,gev_mle,gev_mle,,,,False
18856,295,KIOST-ESM,ssp245,2040_2059,2040,2059,25,65,20,44.814762,42.188193,0.941391,211.843571,gev_mle,gev_mle,,,,False
18856,295,KIOST-ESM,ssp245,2040_2059,2040,2059,50,65,20,50.090054,44.815154,0.894692,220.395771,gev_mle,gev_mle,,,,False
18856,295,KIOST-ESM,ssp245,2060_2100,2060,2100,25,65,41,44.814762,47.584476,1.061804,238.940435,gev_mle,gev_mle,,,,False
18856,295,KIOST-ESM,ssp245,2060_2100,2060,2100,50,65,41,50.090054,51.354706,1.025248,252.556537,gev_mle,gev_mle,,,,False
18856,295,KIOST-ESM,ssp370,2040_2059,2040,2059,25,65,0,44.814762,,,,gev_mle,nao_determinado,,n_insuficiente,,False
18856,295,KIOST-ESM,ssp370,2040_2059,2040,2059,50,65,0,50.090054,,,,gev_mle,nao_determinado,,n_insuficiente,,False
18856,295,KIOST-ESM,ssp370,2060_2100,2060,2100,25,65,0,44.814762,,,,gev_mle,nao_determinado,,n_insuficiente,,False
18856,295,KIOST-ESM,ssp370,2060_2100,2060,2100,50,65,0,50.090054,,,,gev_mle,nao_determinado,,n_insuficiente,,False
18856,295,KIOST-ESM,ssp585,2040_2059,2040,2059,25,65,20,44.814762,74.103660,1.653555,372.103726,gev_mle,gev_mle,,,,False
18856,295,KIOST-ESM,ssp585,2040_2059,2040,2059,50,65,20,50.090054,95.303100,1.902635,468.689679,gev_mle,gev_mle,,,,False
18856,295,KIOST-ESM,ssp585,2060_2100,2060,2100,25,65,41,44.814762,56.230983,1.254742,282.357960,gev_mle,gev_mle,,,,False
18856,295,KIOST-ESM,ssp585,2060_2100,2060,2100,50,65,41,50.090054,64.374357,1.285172,316.585682,gev_mle,gev_mle,,,,False
18856,305,MIROC-ES2L,ssp126,2040_2059,2040,2059,25,65,20,42.861281,41.871914,0.976917,219.838179,gev_mle,gev_mle,,,,False
18856,305,MIROC-ES2L,ssp126,2040_2059,2040,2059,50,65,20,46.598975,48.356982,1.037726,255.630512,gev_mle,gev_mle,,,,False
18856,305,MIROC-ES2L,ssp126,2060_2100,2060,2100,25,65,41,42.861281,39.769440,0.927864,208.799660,gev_mle,gev_mle,,,,False
18856,305,MIROC-ES2L,ssp126,2060_2100,2060,2100,50,65,41,46.598975,43.083059,0.924549,227.750862,gev_mle,gev_mle,,,,False
18856,305,MIROC-ES2L,ssp245,2040_2059,2040,2059,25,65,20,42.861281,32.491949,0.758072,170.590982,gev_mle,gev_mle,,,,False
18856,305,MIROC-ES2L,ssp245,2040_2059,2040,2059,50,65,20,46.598975,33.208894,0.712653,175.552858,gev_mle,gev_mle,,,,False
18856,305,MIROC-ES2L,ssp245,2060_2100,2060,2100,25,65,41,42.861281,36.282942,0.846520,190.494658,gev_mle,gev_mle,,,,False
18856,305,MIROC-ES2L,ssp245,2060_2100,2060,2100,50,65,41,46.598975,38.840113,0.833497,205.321291,gev_mle,gev_mle,,,,False
18856,305,MIROC-ES2L,ssp370,2040_2059,2040,2059,25,65,20,42.861281,31.144649,0.726638,163.517317,gev_mle,gev_mle,,,,False
18856,305,MIROC-ES2L,ssp370,2040_2059,2040,2059,50,65,20,46.598975,31.564936,0.677374,166.862373,gev_mle,gev_mle,,,,False
18856,305,MIROC-ES2L,ssp370,2060_2100,2060,2100,25,65,41,42.861281,37.065431,0.864777,194.602922,gev_mle,gev_mle,,,,False
18856,305,MIROC-ES2L,ssp370,2060_2100,2060,2100,50,65,41,46.598975,40.143181,0.861461,212.209723,gev_mle,gev_mle,,,,False
18856,305,MIROC-ES2L,ssp585,2040_2059,2040,2059,25,65,20,42.861281,42.529196,0.992252,223.289076,gev_mle,gev_mle,,,,False
18856,305,MIROC-ES2L,ssp585,2040_2059,2040,2059,50,65,20,46.598975,51.519239,1.105587,272.347212,gev_mle,gev_mle,,,,False
18856,305,MIROC-ES2L,ssp585,2060_2100,2060,2100,25,65,41,42.861281,36.556949,0.852913,191.933266,gev_mle,gev_mle,,,,False
18856,305,MIROC-ES2L,ssp585,2060_2100,2060,2100,50,65,41,46.598975,38.948362,0.835820,205.893529,gev_mle,gev_mle,,,,False
18856,318,MIROC6,ssp126,2040_2059,2040,2059,25,65,20,34.731360,29.057305,0.836630,188.269079,gev_mle,gev_mle,,,,False
18856,318,MIROC6,ssp126,2040_2059,2040,2059,50,65,20,36.646373,29.366470,0.801347,197.401577,gev_mle,gev_mle,,,,False
18856,318,MIROC6,ssp126,2060_2100,2060,2100,25,65,41,34.731360,34.411098,0.990779,222.957554,gev_mle,gev_mle,,,,False
18856,318,MIROC6,ssp126,2060_2100,2060,2100,50,65,41,36.646373,36.408694,0.993514,244.739445,gev_mle,gev_mle,,,,False
18856,318,MIROC6,ssp245,2040_2059,2040,2059,25,65,20,34.731360,34.892471,1.004639,226.076485,gev_mle,gev_mle,,,,False
18856,318,MIROC6,ssp245,2040_2059,2040,2059,50,65,20,36.646373,38.094968,1.039529,256.074590,gev_mle,gev_mle,,,,False
18856,318,MIROC6,ssp245,2060_2100,2060,2100,25,65,41,34.731360,42.586380,1.226165,275.927119,gev_mle,gev_mle,,,,False
18856,318,MIROC6,ssp245,2060_2100,2060,2100,50,65,41,36.646373,49.139116,1.340900,330.313413,gev_mle,gev_mle,,,,False
18856,318,MIROC6,ssp370,2040_2059,2040,2059,25,65,20,34.731360,31.855547,0.917198,206.399540,gev_mle,gev_mle,,,,False
18856,318,MIROC6,ssp370,2040_2059,2040,2059,50,65,20,36.646373,33.883104,0.924596,227.762413,gev_mle,gev_mle,,,,False
18856,318,MIROC6,ssp370,2060_2100,2060,2100,25,65,41,34.731360,40.418727,1.163753,261.882390,gev_mle,gev_mle,,,,False
18856,318,MIROC6,ssp370,2060_2100,2060,2100,50,65,41,36.646373,45.063818,1.229694,302.919236,gev_mle,gev_mle,,,,False
18856,318,MIROC6,ssp585,2040_2059,2040,2059,25,65,20,34.731360,34.303351,0.987677,222.259438,gev_mle,gev_mle,,,,False
18856,318,MIROC6,ssp585,2040_2059,2040,2059,50,65,20,36.646373,36.659808,1.000367,246.427436,gev_mle,gev_mle,,,,False
18856,318,MIROC6,ssp585,2060_2100,2060,2100,25,65,41,34.731360,45.728446,1.316633,296.285301,gev_mle,gev_mle,,,,False
18856,318,MIROC6,ssp585,2060_2100,2060,2100,50,65,41,36.646373,54.732307,1.493526,367.910876,gev_mle,gev_mle,,,,False
18856,331,MPI-ESM1-2-HR,ssp126,2040_2059,2040,2059,25,65,20,42.183147,36.358337,0.861916,193.959249,gev_mle,gev_mle,,,,False
18856,331,MPI-ESM1-2-HR,ssp126,2040_2059,2040,2059,50,65,20,45.417349,37.443722,0.824437,203.089325,gev_mle,gev_mle,,,,False
18856,331,MPI-ESM1-2-HR,ssp126,2060_2100,2060,2100,25,65,41,42.183147,59.787754,1.417337,318.947144,gev_mle,gev_mle,,,,False
18856,331,MPI-ESM1-2-HR,ssp126,2060_2100,2060,2100,50,65,41,45.417349,74.099876,1.631532,401.906990,gev_mle,gev_mle,,,,False
18856,331,MPI-ESM1-2-HR,ssp245,2040_2059,2040,2059,25,65,20,42.183147,53.077110,1.258254,283.148160,gev_mle,gev_mle,,,,False
18856,331,MPI-ESM1-2-HR,ssp245,2040_2059,2040,2059,50,65,20,45.417349,62.404107,1.374015,338.470834,gev_mle,gev_mle,,,,False
18856,331,MPI-ESM1-2-HR,ssp245,2060_2100,2060,2100,25,65,41,42.183147,48.442574,1.148387,258.424503,gev_mle,gev_mle,,,,False
18856,331,MPI-ESM1-2-HR,ssp245,2060_2100,2060,2100,50,65,41,45.417349,54.795423,1.206487,297.202437,gev_mle,gev_mle,,,,False
18856,331,MPI-ESM1-2-HR,ssp370,2040_2059,2040,2059,25,65,20,42.183147,36.770949,0.871698,196.160390,gev_mle,gev_mle,,,,False
18856,331,MPI-ESM1-2-HR,ssp370,2040_2059,2040,2059,50,65,20,45.417349,39.451422,0.868642,213.978797,gev_mle,gev_mle,,,,False
18856,331,MPI-ESM1-2-HR,ssp370,2060_2100,2060,2100,25,65,41,42.183147,58.214492,1.380041,310.554332,gev_mle,gev_mle,,,,False
18856,331,MPI-ESM1-2-HR,ssp370,2060_2100,2060,2100,50,65,41,45.417349,72.059695,1.586612,390.841345,gev_mle,gev_mle,,,,False
18856,331,MPI-ESM1-2-HR,ssp585,2040_2059,2040,2059,25,65,20,42.183147,41.442366,0.982439,221.080796,gev_mle,gev_mle,,,,False
18856,331,MPI-ESM1-2-HR,ssp585,2040_2059,2040,2059,50,65,20,45.417349,48.744490,1.073257,264.383049,gev_mle,gev_mle,,,,False
18856,331,MPI-ESM1-2-HR,ssp585,2060_2100,2060,2100,25,65,41,42.183147,34.369868,0.814777,183.351446,gev_mle,gev_mle,,,,False
18856,331,MPI-ESM1-2-HR,ssp585,2060_2100,2060,2100,50,65,41,45.417349,35.745489,0.787045,193.878356,gev_mle,gev_mle,,,,False
18856,344,MPI-ESM1-2-LR,ssp126,2040_2059,2040,2059,25,65,20,37.899881,39.972079,1.054676,237.336399,gev_mle,gev_mle,,,,False
18856,344,MPI-ESM1-2-LR,ssp126,2040_2059,2040,2059,50,65,20,40.335852,43.459111,1.077431,265.411336,gev_mle,gev_mle,,,,False
18856,344,MPI-ESM1-2-LR,ssp126,2060_2100,2060,2100,25,65,41,37.899881,35.677210,0.941354,211.835378,gev_mle,gev_mle,,,,False
18856,344,MPI-ESM1-2-LR,ssp126,2060_2100,2060,2100,50,65,41,40.335852,37.515108,0.930069,229.110416,gev_mle,gev_mle,,,,False
18856,344,MPI-ESM1-2-LR,ssp245,2040_2059,2040,2059,25,65,20,37.899881,36.693486,0.968169,217.869572,gev_mle,gev_mle,,,,False
18856,344,MPI-ESM1-2-LR,ssp245,2040_2059,2040,2059,50,65,20,40.335852,40.045890,0.992811,244.566281,gev_mle,gev_mle,,,,False
18856,344,MPI-ESM1-2-LR,ssp245,2060_2100,2060,2100,25,65,41,37.899881,37.232109,0.982381,221.067675,gev_mle,gev_mle,,,,False
18856,344,MPI-ESM1-2-LR,ssp245,2060_2100,2060,2100,50,65,41,40.335852,40.861842,1.013040,249.549426,gev_mle,gev_mle,,,,False
18856,344,MPI-ESM1-2-LR,ssp370,2040_2059,2040,2059,25,65,20,37.899881,35.122630,0.926721,208.542529,gev_mle,gev_mle,,,,False
18856,344,MPI-ESM1-2-LR,ssp370,2040_2059,2040,2059,50,65,20,40.335852,37.112680,0.920092,226.652723,gev_mle,gev_mle,,,,False
18856,344,MPI-ESM1-2-LR,ssp370,2060_2100,2060,2100,25,65,41,37.899881,35.398565,0.934002,210.180911,gev_mle,gev_mle,,,,False
18856,344,MPI-ESM1-2-LR,ssp370,2060_2100,2060,2100,50,65,41,40.335852,37.215576,0.922643,227.281128,gev_mle,gev_mle,,,,False
18856,344,MPI-ESM1-2-LR,ssp585,2040_2059,2040,2059,25,65,20,37.899881,38.728843,1.021872,229.954619,gev_mle,gev_mle,,,,False
18856,344,MPI-ESM1-2-LR,ssp585,2040_2059,2040,2059,50,65,20,40.335852,44.287443,1.097967,270.470083,gev_mle,gev_mle,,,,False
18856,344,MPI-ESM1-2-LR,ssp585,2060_2100,2060,2100,25,65,41,37.899881,39.261627,1.035930,233.118050,gev_mle,gev_mle,,,,False
18856,344,MPI-ESM1-2-LR,ssp585,2060_2100,2060,2100,50,65,41,40.335852,43.935251,1.089236,268.319192,gev_mle,gev_mle,,,,False
18856,357,MRI-ESM2-0,ssp126,2040_2059,2040,2059,25,65,20,41.661398,45.096249,1.082447,243.585833,gev_mle,gev_mle,,,,False
18856,357,MRI-ESM2-0,ssp126,2040_2059,2040,2059,50,65,20,44.108491,51.987475,1.178627,290.339677,gev_mle,gev_mle,,,,False
18856,357,MRI-ESM2-0,ssp126,2060_2100,2060,2100,25,65,41,41.661398,53.511227,1.284432,289.039049,gev_mle,gev_mle,,,,False
18856,357,MRI-ESM2-0,ssp126,2060_2100,2060,2100,50,65,41,44.108491,61.357605,1.391061,342.669984,gev_mle,gev_mle,,,,False
18856,357,MRI-ESM2-0,ssp245,2040_2059,2040,2059,25,65,20,41.661398,41.277107,0.990776,222.956870,gev_mle,gev_mle,,,,False
18856,357,MRI-ESM2-0,ssp245,2040_2059,2040,2059,50,65,20,44.108491,44.614127,1.011463,249.160999,gev_mle,gev_mle,,,,False
18856,357,MRI-ESM2-0,ssp245,2060_2100,2060,2100,25,65,41,41.661398,41.198096,0.988879,222.530095,gev_mle,gev_mle,,,,False
18856,357,MRI-ESM2-0,ssp245,2060_2100,2060,2100,50,65,41,44.108491,44.173229,1.001468,246.698672,gev_mle,gev_mle,,,,False
18856,357,MRI-ESM2-0,ssp370,2040_2059,2040,2059,25,65,20,41.661398,42.160590,1.011982,227.728975,gev_mle,gev_mle,,,,False
18856,357,MRI-ESM2-0,ssp370,2040_2059,2040,2059,50,65,20,44.108491,42.160971,0.955847,235.460613,gev_mle,gev_mle,,,,False
18856,357,MRI-ESM2-0,ssp370,2060_2100,2060,2100,25,65,41,41.661398,47.398849,1.137716,256.023246,gev_mle,gev_mle,,,,False
18856,357,MRI-ESM2-0,ssp370,2060_2100,2060,2100,50,65,41,44.108491,53.534211,1.213694,298.977887,gev_mle,gev_mle,,,,False
18856,357,MRI-ESM2-0,ssp585,2040_2059,2040,2059,25,65,20,41.661398,98.812965,2.371811,533.734826,gev_mle,gev_mle,,,,False
18856,357,MRI-ESM2-0,ssp585,2040_2059,2040,2059,50,65,20,44.108491,164.567387,3.730968,919.076023,gev_mle,gev_mle,,,,False
18856,357,MRI-ESM2-0,ssp585,2060_2100,2060,2100,25,65,41,41.661398,41.334849,0.992162,223.268763,gev_mle,gev_mle,,,,False
18856,357,MRI-ESM2-0,ssp585,2060_2100,2060,2100,50,65,41,44.108491,45.332563,1.027751,253.173320,gev_mle,gev_mle,,,,False
18856,370,NESM3,ssp126,2040_2059,2040,2059,25,65,20,39.950726,59.646671,1.493006,335.975013,gev_mle,gev_mle,,,,False
18856,370,NESM3,ssp126,2040_2059,2040,2059,50,65,20,43.420693,77.302757,1.780321,438.559075,gev_mle,gev_mle,,,,False
18856,370,NESM3,ssp126,2060_2100,2060,2100,25,65,41,39.950726,49.315013,1.234396,277.779327,gev_mle,gev_mle,,,,False
18856,370,NESM3,ssp126,2060_2100,2060,2100,50,65,41,43.420693,59.279729,1.365241,336.309647,gev_mle,gev_mle,,,,False
18856,370,NESM3,ssp245,2040_2059,2040,2059,25,65,20,39.950726,57.673576,1.443618,324.861054,gev_mle,gev_mle,,,,False
18856,370,NESM3,ssp245,2040_2059,2040,2059,50,65,20,43.420693,74.912117,1.725263,424.996338,gev_mle,gev_mle,,,,False
18856,370,NESM3,ssp245,2060_2100,2060,2100,25,65,41,39.950726,37.823109,0.946744,213.048260,gev_mle,gev_mle,,,,False
18856,370,NESM3,ssp245,2060_2100,2060,2100,50,65,41,43.420693,41.327222,0.951786,234.460307,gev_mle,gev_mle,,,,False
18856,370,NESM3,ssp370,2040_2059,2040,2059,25,65,0,39.950726,,,,gev_mle,nao_determinado,,n_insuficiente,,False
18856,370,NESM3,ssp370,2040_2059,2040,2059,50,65,0,43.420693,,,,gev_mle,nao_determinado,,n_insuficiente,,False
18856,370,NESM3,ssp370,2060_2100,2060,2100,25,65,0,39.950726,,,,gev_mle,nao_determinado,,n_insuficiente,,False
18856,370,NESM3,ssp370,2060_2100,2060,2100,50,65,0,43.420693,,,,gev_mle,nao_determinado,,n_insuficiente,,False
18856,370,NESM3,ssp585,2040_2059,2040,2059,25,65,20,39.950726,34.733573,0.869410,195.645666,gev_mle,gev_mle,,,,False
18856,370,NESM3,ssp585,2040_2059,2040,2059,50,65,20,43.420693,36.672302,0.844581,208.051710,gev_mle,gev_mle,,,,False
18856,370,NESM3,ssp585,2060_2100,2060,2100,25,65,41,39.950726,32.425719,0.811643,182.646092,gev_mle,gev_mle,,,,False
18856,370,NESM3,ssp585,2060_2100,2060,2100,50,65,41,43.420693,34.753082,0.800381,197.163467,gev_mle,gev_mle,,,,False
18856,379,NorESM2-LM,ssp126,2040_2059,2040,2059,25,65,20,36.769786,29.770617,0.809649,182.197401,gev_mle,gev_mle,,,,False
18856,379,NorESM2-LM,ssp126,2040_2059,2040,2059,50,65,20,39.704833,30.923737,0.778841,191.857359,gev_mle,gev_mle,,,,False
18856,379,NorESM2-LM,ssp126,2060_2100,2060,2100,25,65,41,36.769786,34.081376,0.926885,208.579424,gev_mle,gev_mle,,,,False
18856,379,NorESM2-LM,ssp126,2060_2100,2060,2100,50,65,41,39.704833,37.496295,0.944376,232.634887,gev_mle,gev_mle,,,,False
18856,379,NorESM2-LM,ssp245,2040_2059,2040,2059,25,65,0,36.769786,,,,gev_mle,nao_determinado,,n_insuficiente,,False
18856,379,NorESM2-LM,ssp245,2040_2059,2040,2059,50,65,0,39.704833,,,,gev_mle,nao_determinado,,n_insuficiente,,False
18856,379,NorESM2-LM,ssp245,2060_2100,2060,2100,25,65,0,36.769786,,,,gev_mle,nao_determinado,,n_insuficiente,,False
18856,379,NorESM2-LM,ssp245,2060_2100,2060,2100,50,65,0,39.704833,,,,gev_mle,nao_determinado,,n_insuficiente,,False
18856,379,NorESM2-LM,ssp370,2040_2059,2040,2059,25,65,20,36.769786,31.765689,0.863907,194.407325,gev_mle,gev_mle,,,,False
18856,379,NorESM2-LM,ssp370,2040_2059,2040,2059,50,65,20,39.704833,33.151786,0.834956,205.680644,gev_mle,gev_mle,,,,False
18856,379,NorESM2-LM,ssp370,2060_2100,2060,2100,25,65,41,36.769786,53.373319,1.451554,326.646906,gev_mle,gev_mle,,,,False
18856,379,NorESM2-LM,ssp370,2060_2100,2060,2100,50,65,41,39.704833,71.092071,1.790514,441.070137,gev_mle,gev_mle,,,,False
18856,379,NorESM2-LM,ssp585,2040_2059,2040,2059,25,65,20,36.769786,29.133019,0.792309,178.295274,gev_mle,gev_mle,,,,False
18856,379,NorESM2-LM,ssp585,2040_2059,2040,2059,50,65,20,39.704833,30.447391,0.766843,188.902007,gev_mle,gev_mle,,,,False
18856,379,NorESM2-LM,ssp585,2060_2100,2060,2100,25,65,41,36.769786,30.164678,0.820366,184.609068,gev_mle,gev_mle,,,,False
18856,379,NorESM2-LM,ssp585,2060_2100,2060,2100,50,65,41,39.704833,32.092994,0.808289,199.111675,gev_mle,gev_mle,,,,False
18856,380,NorESM2-MM,ssp126,2040_2059,2040,2059,25,65,20,48.218897,39.566175,0.820553,184.651248,gev_mle,gev_mle,,,,False
18856,380,NorESM2-MM,ssp126,2040_2059,2040,2059,50,65,20,55.469036,42.575869,0.767561,189.078767,gev_mle,gev_mle,,,,False
18856,380,NorESM2-MM,ssp126,2060_2100,2060,2100,25,65,41,48.218897,43.101218,0.893866,201.148930,gev_mle,gev_mle,,,,False
18856,380,NorESM2-MM,ssp126,2060_2100,2060,2100,50,65,41,55.469036,47.893595,0.863429,212.694706,gev_mle,gev_mle,,,,False
18856,380,NorESM2-MM,ssp245,2040_2059,2040,2059,25,65,20,48.218897,56.565081,1.173089,263.983384,gev_mle,gev_mle,,,,False
18856,380,NorESM2-MM,ssp245,2040_2059,2040,2059,50,65,20,55.469036,72.751729,1.311574,323.089291,gev_mle,gev_mle,,,,False
18856,380,NorESM2-MM,ssp245,2060_2100,2060,2100,25,65,41,48.218897,51.809316,1.074461,241.788723,gev_mle,gev_mle,,,,False
18856,380,NorESM2-MM,ssp245,2060_2100,2060,2100,50,65,41,55.469036,59.619830,1.074831,264.770734,gev_mle,gev_mle,,,,False
18856,380,NorESM2-MM,ssp370,2040_2059,2040,2059,25,65,20,48.218897,60.550582,1.255744,282.583307,gev_mle,gev_mle,,,,False
18856,380,NorESM2-MM,ssp370,2040_2059,2040,2059,50,65,20,55.469036,81.697645,1.472851,362.817966,gev_mle,gev_mle,,,,False
18856,380,NorESM2-MM,ssp370,2060_2100,2060,2100,25,65,41,48.218897,40.865325,0.847496,190.714247,gev_mle,gev_mle,,,,False
18856,380,NorESM2-MM,ssp370,2060_2100,2060,2100,50,65,41,55.469036,45.592564,0.821946,202.475864,gev_mle,gev_mle,,,,False
18856,380,NorESM2-MM,ssp585,2040_2059,2040,2059,25,65,20,48.218897,60.145949,1.247352,280.694923,gev_mle,gev_mle,,,,False
18856,380,NorESM2-MM,ssp585,2040_2059,2040,2059,50,65,20,55.469036,80.309397,1.447824,356.652778,gev_mle,gev_mle,,,,False
18856,380,NorESM2-MM,ssp585,2060_2100,2060,2100,25,65,41,48.218897,57.284764,1.188015,267.342072,gev_mle,gev_mle,,,,False
18856,380,NorESM2-MM,ssp585,2060_2100,2060,2100,50,65,41,55.469036,71.284826,1.285128,316.574797,gev_mle,gev_mle,,,,False
18856,381,UKESM1-0-LL,ssp126,2040_2059,2040,2059,25,65,20,38.897045,54.487499,1.400813,315.228673,gev_mle,gev_mle,,,,False
18856,381,UKESM1-0-LL,ssp126,2040_2059,2040,2059,50,65,20,41.965406,73.110861,1.742170,429.161091,gev_mle,gev_mle,,,,False
18856,381,UKESM1-0-LL,ssp126,2060_2100,2060,2100,25,65,41,38.897045,44.118109,1.134228,255.238231,gev_mle,gev_mle,,,,False
18856,381,UKESM1-0-LL,ssp126,2060_2100,2060,2100,50,65,41,41.965406,49.554228,1.180835,290.883546,gev_mle,gev_mle,,,,False
18856,381,UKESM1-0-LL,ssp245,2040_2059,2040,2059,25,65,0,38.897045,,,,gev_mle,nao_determinado,,n_insuficiente,,False
18856,381,UKESM1-0-LL,ssp245,2040_2059,2040,2059,50,65,0,41.965406,,,,gev_mle,nao_determinado,,n_insuficiente,,False
18856,381,UKESM1-0-LL,ssp245,2060_2100,2060,2100,25,65,0,38.897045,,,,gev_mle,nao_determinado,,n_insuficiente,,False
18856,381,UKESM1-0-LL,ssp245,2060_2100,2060,2100,50,65,0,41.965406,,,,gev_mle,nao_determinado,,n_insuficiente,,False
18856,381,UKESM1-0-LL,ssp370,2040_2059,2040,2059,25,65,0,38.897045,,,,gev_mle,nao_determinado,,n_insuficiente,,False
18856,381,UKESM1-0-LL,ssp370,2040_2059,2040,2059,50,65,0,41.965406,,,,gev_mle,nao_determinado,,n_insuficiente,,False
18856,381,UKESM1-0-LL,ssp370,2060_2100,2060,2100,25,65,0,38.897045,,,,gev_mle,nao_determinado,,n_insuficiente,,False
18856,381,UKESM1-0-LL,ssp370,2060_2100,2060,2100,50,65,0,41.965406,,,,gev_mle,nao_determinado,,n_insuficiente,,False
18856,381,UKESM1-0-LL,ssp585,2040_2059,2040,2059,25,65,20,38.897045,53.902502,1.385774,311.844266,gev_mle,gev_mle,,,,False
18856,381,UKESM1-0-LL,ssp585,2040_2059,2040,2059,50,65,20,41.965406,62.479181,1.488826,366.753079,gev_mle,gev_mle,,,,False
18856,381,UKESM1-0-LL,ssp585,2060_2100,2060,2100,25,65,41,38.897045,59.930631,1.540750,346.719038,gev_mle,gev_mle,,,,False
18856,381,UKESM1-0-LL,ssp585,2060_2100,2060,2100,50,65,41,41.965406,83.212853,1.982892,488.459830,gev_mle,gev_mle,,,,False
