<?xml version="1.0" encoding="UTF-8"?>
<kml xmlns="http://www.opengis.net/kml/2.2"><Document><name>Metas administrativas e rede de drenagem — Bacias A e B</name><description>Rede total em cinza e trechos selecionados destacados por meta. Os envelopes regulares são somente para apresentação; os polígonos originais devem ser usados para seleção analítica.</description><Style id="rede_total"><LineStyle><color>ffe1d5cb</color><width>1.2</width></LineStyle></Style><Style id="bacia_a"><LineStyle><color>ff1654c3</color><width>2.5</width></LineStyle><PolyStyle><color>191654c3</color></PolyStyle></Style><Style id="bacia_b"><LineStyle><color>ff7b7f08</color><width>2.5</width></LineStyle><PolyStyle><color>197b7f08</color></PolyStyle></Style><Style id="dissipador"><LineStyle><color>ffaf1ca2</color><width>5</width></LineStyle></Style><Style id="originais"><LineStyle><color>ff475569</color><width>2</width></LineStyle><PolyStyle><color>10475569</color></PolyStyle></Style><Style id="apresentacao"><LineStyle><color>ff334155</color><width>2.5</width></LineStyle><PolyStyle><color>40334155</color></PolyStyle></Style><Style id="meta_01_tronco"><LineStyle><color>ff1654c3</color><width>4</width></LineStyle></Style><Style id="meta_01_coletor"><LineStyle><color>ff1654c3</color><width>2.5</width></LineStyle></Style><Style id="meta_02_tronco"><LineStyle><color>ff7b7f08</color><width>4</width></LineStyle></Style><Style id="meta_02_coletor"><LineStyle><color>ff7b7f08</color><width>2.5</width></LineStyle></Style><Style id="meta_03_tronco"><LineStyle><color>ffc1426f</color><width>4</width></LineStyle></Style><Style id="meta_03_coletor"><LineStyle><color>ffc1426f</color><width>2.5</width></LineStyle></Style><Folder><name>Rede completa — contexto</name><Placemark><name>L_A_0001 — Bacia A</name><styleUrl>#rede_total</styleUrl><ExtendedData><Data name="BACIA"><value>A</value></Data><Data name="ID_LINK"><value>L_A_0001</value></Data></ExtendedData><LineString><tessellate>1</tessellate><coordinates>-34.90990482,-7.26309321,0 -34.90998304,-7.26232741,0 -34.91010477,-7.26165712,0 -34.91018102,-7.26132143,0</coordinates></LineString></Placemark><Placemark><name>L_A_0002 — Bacia A</name><styleUrl>#rede_total</styleUrl><ExtendedData><Data name="BACIA"><value>A</value></Data><Data name="ID_LINK"><value>L_A_0002</value></Data></ExtendedData><LineString><tessellate>1</tessellate><coordinates>-34.91052528,-7.26313398,0 -34.91062557,-7.26237574,0 -34.91077151,-7.26153694,0 -34.91081846,-7.26124167,0</coordinates></LineString></Placemark><Placemark><name>L_A_0003 — Bacia A</name><styleUrl>#rede_total</styleUrl><ExtendedData><Data name="BACIA"><value>A</value></Data><Data name="ID_LINK"><value>L_A_0003</value></Data></ExtendedData><LineString><tessellate>1</tessellate><coordinates>-34.91118061,-7.26311208,0 -34.91125119,-7.26257978,0 -34.91135933,-7.26186744,0 -34.91142215,-7.26142921,0</coordinates></LineString></Placemark><Placemark><name>L_A_0004 — Bacia A</name><styleUrl>#rede_total</styleUrl><ExtendedData><Data name="BACIA"><value>A</value></Data><Data name="ID_LINK"><value>L_A_0004</value></Data></ExtendedData><LineString><tessellate>1</tessellate><coordinates>-34.91182860,-7.26316676,0 -34.91199249,-7.26204083,0 -34.91206449,-7.26146984,0</coordinates></LineString></Placemark><Placemark><name>L_A_0005 — Bacia A</name><styleUrl>#rede_total</styleUrl><ExtendedData><Data name="BACIA"><value>A</value></Data><Data name="ID_LINK"><value>L_A_0005</value></Data></ExtendedData><LineString><tessellate>1</tessellate><coordinates>-34.91206451,-7.26144337,0 -34.91206449,-7.26146984,0</coordinates></LineString></Placemark><Placemark><name>L_A_0006 — Bacia A</name><styleUrl>#rede_total</styleUrl><ExtendedData><Data name="BACIA"><value>A</value></Data><Data name="ID_LINK"><value>L_A_0006</value></Data></ExtendedData><LineString><tessellate>1</tessellate><coordinates>-34.91248122,-7.26318410,0 -34.91259249,-7.26230334,0 -34.91271890,-7.26159027,0</coordinates></LineString></Placemark><Placemark><name>L_A_0007 — Bacia A</name><styleUrl>#rede_total</styleUrl><ExtendedData><Data name="BACIA"><value>A</value></Data><Data name="ID_LINK"><value>L_A_0007</value></Data></ExtendedData><LineString><tessellate>1</tessellate><coordinates>-34.91314565,-7.26319852,0 -34.91317057,-7.26229421,0 -34.91318823,-7.26171196,0</coordinates></LineString></Placemark><Placemark><name>L_A_0008 — Bacia A</name><styleUrl>#rede_total</styleUrl><ExtendedData><Data name="BACIA"><value>A</value></Data><Data name="ID_LINK"><value>L_A_0008</value></Data></ExtendedData><LineString><tessellate>1</tessellate><coordinates>-34.91318823,-7.26171196,0 -34.91318880,-7.26169300,0</coordinates></LineString></Placemark><Placemark><name>L_A_0009 — Bacia A</name><styleUrl>#rede_total</styleUrl><ExtendedData><Data name="BACIA"><value>A</value></Data><Data name="ID_LINK"><value>L_A_0009</value></Data></ExtendedData><LineString><tessellate>1</tessellate><coordinates>-34.91395946,-7.26207866,0 -34.91393524,-7.26229673,0 -34.91400556,-7.26260931,0 -34.91419289,-7.26340365,0</coordinates></LineString></Placemark><Placemark><name>L_A_0010 — Bacia A</name><styleUrl>#rede_total</styleUrl><ExtendedData><Data name="BACIA"><value>A</value></Data><Data name="ID_LINK"><value>L_A_0010</value></Data></ExtendedData><LineString><tessellate>1</tessellate><coordinates>-34.91482096,-7.26350434,0 -34.91475153,-7.26294967,0 -34.91471648,-7.26259101,0 -34.91485519,-7.26253779,0 -34.91520991,-7.26257935,0 -34.91534001,-7.26258787,0</coordinates></LineString></Placemark><Placemark><name>L_A_0011 — Bacia A</name><styleUrl>#rede_total</styleUrl><ExtendedData><Data name="BACIA"><value>A</value></Data><Data name="ID_LINK"><value>L_A_0011</value></Data></ExtendedData><LineString><tessellate>1</tessellate><coordinates>-34.91534001,-7.26258787,0 -34.91541598,-7.26259284,0 -34.91563148,-7.26256801,0 -34.91570316,-7.26228883,0</coordinates></LineString></Placemark><Placemark><name>L_A_0012 — Bacia A</name><styleUrl>#rede_total</styleUrl><ExtendedData><Data name="BACIA"><value>A</value></Data><Data name="ID_LINK"><value>L_A_0012</value></Data></ExtendedData><LineString><tessellate>1</tessellate><coordinates>-34.91545824,-7.26352079,0 -34.91537907,-7.26292788,0 -34.91534001,-7.26258787,0</coordinates></LineString></Placemark><Placemark><name>L_A_0013 — Bacia A</name><styleUrl>#rede_total</styleUrl><ExtendedData><Data name="BACIA"><value>A</value></Data><Data name="ID_LINK"><value>L_A_0013</value></Data></ExtendedData><LineString><tessellate>1</tessellate><coordinates>-34.91613076,-7.26348446,0 -34.91603270,-7.26295670,0 -34.91604574,-7.26285626,0 -34.91621617,-7.26283728,0 -34.91647364,-7.26281418,0 -34.91665770,-7.26283350,0 -34.91666668,-7.26291671,0 -34.91691100,-7.26290993,0 -34.91731223,-7.26284796,0</coordinates></LineString></Placemark><Placemark><name>L_A_0014 — Bacia A</name><styleUrl>#rede_total</styleUrl><ExtendedData><Data name="BACIA"><value>A</value></Data><Data name="ID_LINK"><value>L_A_0014</value></Data></ExtendedData><LineString><tessellate>1</tessellate><coordinates>-34.91083289,-7.26787338,0 -34.91117667,-7.26774151,0</coordinates></LineString></Placemark><Placemark><name>L_A_0015 — Bacia A</name><styleUrl>#rede_total</styleUrl><ExtendedData><Data name="BACIA"><value>A</value></Data><Data name="ID_LINK"><value>L_A_0015</value></Data></ExtendedData><LineString><tessellate>1</tessellate><coordinates>-34.91117667,-7.26774151,0 -34.91177581,-7.26751749,0</coordinates></LineString></Placemark><Placemark><name>L_A_0016 — Bacia A</name><styleUrl>#rede_total</styleUrl><ExtendedData><Data name="BACIA"><value>A</value></Data><Data name="ID_LINK"><value>L_A_0016</value></Data></ExtendedData><LineString><tessellate>1</tessellate><coordinates>-34.91177581,-7.26751749,0 -34.91235238,-7.26730191,0 -34.91239817,-7.26728516,0</coordinates></LineString></Placemark><Placemark><name>L_A_0017 — Bacia A</name><styleUrl>#rede_total</styleUrl><ExtendedData><Data name="BACIA"><value>A</value></Data><Data name="ID_LINK"><value>L_A_0017</value></Data></ExtendedData><LineString><tessellate>1</tessellate><coordinates>-34.91239817,-7.26728516,0 -34.91300785,-7.26706209,0</coordinates></LineString></Placemark><Placemark><name>L_A_0018 — Bacia A</name><styleUrl>#rede_total</styleUrl><ExtendedData><Data name="BACIA"><value>A</value></Data><Data name="ID_LINK"><value>L_A_0018</value></Data></ExtendedData><LineString><tessellate>1</tessellate><coordinates>-34.91364905,-7.26843388,0 -34.91319925,-7.26745741,0 -34.91300785,-7.26706209,0 -34.91300785,-7.26706209,0</coordinates></LineString></Placemark><Placemark><name>L_A_0019 — Bacia A</name><styleUrl>#rede_total</styleUrl><ExtendedData><Data name="BACIA"><value>A</value></Data><Data name="ID_LINK"><value>L_A_0019</value></Data></ExtendedData><LineString><tessellate>1</tessellate><coordinates>-34.91253610,-7.26754976,0 -34.91244312,-7.26734674,0</coordinates></LineString></Placemark><Placemark><name>L_A_0020 — Bacia A</name><styleUrl>#rede_total</styleUrl><ExtendedData><Data name="BACIA"><value>A</value></Data><Data name="ID_LINK"><value>L_A_0020</value></Data></ExtendedData><LineString><tessellate>1</tessellate><coordinates>-34.91181133,-7.26758861,0 -34.91192408,-7.26782357,0</coordinates></LineString></Placemark><Placemark><name>L_A_0021 — Bacia A</name><styleUrl>#rede_total</styleUrl><ExtendedData><Data name="BACIA"><value>A</value></Data><Data name="ID_LINK"><value>L_A_0021</value></Data></ExtendedData><LineString><tessellate>1</tessellate><coordinates>-34.91116828,-7.26779800,0 -34.91120072,-7.26787183,0</coordinates></LineString></Placemark><Placemark><name>L_A_0022 — Bacia A</name><styleUrl>#rede_total</styleUrl><ExtendedData><Data name="BACIA"><value>A</value></Data><Data name="ID_LINK"><value>L_A_0022</value></Data></ExtendedData><LineString><tessellate>1</tessellate><coordinates>-34.91083945,-7.26882265,0 -34.91097930,-7.26911685,0</coordinates></LineString></Placemark><Placemark><name>L_A_0023 — Bacia A</name><styleUrl>#rede_total</styleUrl><ExtendedData><Data name="BACIA"><value>A</value></Data><Data name="ID_LINK"><value>L_A_0023</value></Data></ExtendedData><LineString><tessellate>1</tessellate><coordinates>-34.90929408,-7.26649766,0 -34.90983065,-7.26648775,0 -34.91006343,-7.26715272,0 -34.91035722,-7.26774090,0 -34.91046678,-7.26801054,0</coordinates></LineString></Placemark><Placemark><name>L_A_0024 — Bacia A</name><styleUrl>#rede_total</styleUrl><ExtendedData><Data name="BACIA"><value>A</value></Data><Data name="ID_LINK"><value>L_A_0024</value></Data></ExtendedData><LineString><tessellate>1</tessellate><coordinates>-34.91045941,-7.26630043,0 -34.91085551,-7.26706423,0 -34.91109739,-7.26761339,0 -34.91117667,-7.26774151,0</coordinates></LineString></Placemark><Placemark><name>L_A_0025 — Bacia A</name><styleUrl>#rede_total</styleUrl><ExtendedData><Data name="BACIA"><value>A</value></Data><Data name="ID_LINK"><value>L_A_0025</value></Data></ExtendedData><LineString><tessellate>1</tessellate><coordinates>-34.91106161,-7.26594865,0 -34.91141457,-7.26670784,0 -34.91169524,-7.26736688,0 -34.91177581,-7.26751749,0</coordinates></LineString></Placemark><Placemark><name>L_A_0026 — Bacia A</name><styleUrl>#rede_total</styleUrl><ExtendedData><Data name="BACIA"><value>A</value></Data><Data name="ID_LINK"><value>L_A_0026</value></Data></ExtendedData><LineString><tessellate>1</tessellate><coordinates>-34.91159294,-7.26560641,0 -34.91179567,-7.26596150,0 -34.91216132,-7.26677518,0 -34.91239817,-7.26728516,0</coordinates></LineString></Placemark><Placemark><name>L_A_0027 — Bacia A</name><styleUrl>#rede_total</styleUrl><ExtendedData><Data name="BACIA"><value>A</value></Data><Data name="ID_LINK"><value>L_A_0027</value></Data></ExtendedData><LineString><tessellate>1</tessellate><coordinates>-34.91300785,-7.26706209,0 -34.91286894,-7.26673639,0 -34.91254536,-7.26608544,0 -34.91215674,-7.26527759,0</coordinates></LineString></Placemark><Placemark><name>L_A_0028 — Bacia A</name><styleUrl>#rede_total</styleUrl><ExtendedData><Data name="BACIA"><value>A</value></Data><Data name="ID_LINK"><value>L_A_0028</value></Data></ExtendedData><LineString><tessellate>1</tessellate><coordinates>-34.91424375,-7.26821500,0 -34.91400935,-7.26762646,0 -34.91383541,-7.26728274,0 -34.91363261,-7.26691043,0 -34.91352211,-7.26661236,0 -34.91342942,-7.26644626,0 -34.91307572,-7.26574161,0 -34.91295370,-7.26543785,0 -34.91265229,-7.26485928,0</coordinates></LineString></Placemark><Placemark><name>L_A_0029 — Bacia A</name><styleUrl>#rede_total</styleUrl><ExtendedData><Data name="BACIA"><value>A</value></Data><Data name="ID_LINK"><value>L_A_0029</value></Data></ExtendedData><LineString><tessellate>1</tessellate><coordinates>-34.90878370,-7.26335200,0 -34.90934933,-7.26318887,0 -34.90995294,-7.26317198,0 -34.91039373,-7.26317491,0 -34.91081059,-7.26318272,0 -34.91152928,-7.26432311,0 -34.91168347,-7.26452818,0 -34.91208405,-7.26514725,0</coordinates></LineString></Placemark><Placemark><name>L_A_0030 — Bacia A</name><styleUrl>#rede_total</styleUrl><ExtendedData><Data name="BACIA"><value>A</value></Data><Data name="ID_LINK"><value>L_A_0030</value></Data></ExtendedData><LineString><tessellate>1</tessellate><coordinates>-34.91007171,-7.26324309,0 -34.91068594,-7.26422142,0 -34.91130776,-7.26511344,0 -34.91155400,-7.26550535,0</coordinates></LineString></Placemark><Placemark><name>L_A_0031 — Bacia A</name><styleUrl>#rede_total</styleUrl><ExtendedData><Data name="BACIA"><value>A</value></Data><Data name="ID_LINK"><value>L_A_0031</value></Data></ExtendedData><LineString><tessellate>1</tessellate><coordinates>-34.90943643,-7.26331768,0 -34.90966383,-7.26384298,0 -34.90995800,-7.26429624,0 -34.91037739,-7.26490207,0 -34.91070049,-7.26539826,0 -34.91102298,-7.26585336,0</coordinates></LineString></Placemark><Placemark><name>L_A_0032 — Bacia A</name><styleUrl>#rede_total</styleUrl><ExtendedData><Data name="BACIA"><value>A</value></Data><Data name="ID_LINK"><value>L_A_0032</value></Data></ExtendedData><LineString><tessellate>1</tessellate><coordinates>-34.90880546,-7.26343516,0 -34.90921555,-7.26433669,0 -34.90973530,-7.26505270,0 -34.91013345,-7.26568005,0 -34.91040702,-7.26624480,0</coordinates></LineString></Placemark><Placemark><name>L_A_0033 — Bacia A</name><styleUrl>#rede_total</styleUrl><ExtendedData><Data name="BACIA"><value>A</value></Data><Data name="ID_LINK"><value>L_A_0033</value></Data></ExtendedData><LineString><tessellate>1</tessellate><coordinates>-34.91089531,-7.26320055,0 -34.91152777,-7.26320936,0 -34.91244383,-7.26323310,0 -34.91278480,-7.26385280,0 -34.91301728,-7.26395396,0 -34.91362672,-7.26399318,0</coordinates></LineString></Placemark><Placemark><name>L_A_0034 — Bacia A</name><styleUrl>#rede_total</styleUrl><ExtendedData><Data name="BACIA"><value>A</value></Data><Data name="ID_LINK"><value>L_A_0034</value></Data></ExtendedData><LineString><tessellate>1</tessellate><coordinates>-34.91165267,-7.26328730,0 -34.91224110,-7.26421295,0 -34.91261938,-7.26479111,0</coordinates></LineString></Placemark><Placemark><name>L_A_0035 — Bacia A</name><styleUrl>#rede_total</styleUrl><ExtendedData><Data name="BACIA"><value>A</value></Data><Data name="ID_LINK"><value>L_A_0035</value></Data></ExtendedData><LineString><tessellate>1</tessellate><coordinates>-34.91254754,-7.26326216,0 -34.91332978,-7.26333923,0 -34.91419269,-7.26346189,0 -34.91481985,-7.26357407,0 -34.91522344,-7.26361615,0</coordinates></LineString></Placemark><Placemark><name>L_A_0036 — Bacia A</name><styleUrl>#rede_total</styleUrl><ExtendedData><Data name="BACIA"><value>A</value></Data><Data name="ID_LINK"><value>L_A_0036</value></Data></ExtendedData><LineString><tessellate>1</tessellate><coordinates>-34.91780100,-7.26580461,0 -34.91775221,-7.26532882,0</coordinates></LineString></Placemark><Placemark><name>L_A_0037 — Bacia A</name><styleUrl>#rede_total</styleUrl><ExtendedData><Data name="BACIA"><value>A</value></Data><Data name="ID_LINK"><value>L_A_0037</value></Data></ExtendedData><LineString><tessellate>1</tessellate><coordinates>-34.91775221,-7.26532882,0 -34.91767106,-7.26453736,0 -34.91760240,-7.26416448,0 -34.91767028,-7.26411710,0</coordinates></LineString></Placemark><Placemark><name>L_A_0038 — Bacia A</name><styleUrl>#rede_total</styleUrl><ExtendedData><Data name="BACIA"><value>A</value></Data><Data name="ID_LINK"><value>L_A_0038</value></Data></ExtendedData><LineString><tessellate>1</tessellate><coordinates>-34.91846628,-7.26564392,0 -34.91841016,-7.26528292,0</coordinates></LineString></Placemark><Placemark><name>L_A_0039 — Bacia A</name><styleUrl>#rede_total</styleUrl><ExtendedData><Data name="BACIA"><value>A</value></Data><Data name="ID_LINK"><value>L_A_0039</value></Data></ExtendedData><LineString><tessellate>1</tessellate><coordinates>-34.91841016,-7.26528292,0 -34.91820961,-7.26399290,0</coordinates></LineString></Placemark><Placemark><name>L_A_0040 — Bacia A</name><styleUrl>#rede_total</styleUrl><ExtendedData><Data name="BACIA"><value>A</value></Data><Data name="ID_LINK"><value>L_A_0040</value></Data></ExtendedData><LineString><tessellate>1</tessellate><coordinates>-34.91820961,-7.26399290,0 -34.91820643,-7.26397244,0</coordinates></LineString></Placemark><Placemark><name>L_A_0041 — Bacia A</name><styleUrl>#rede_total</styleUrl><ExtendedData><Data name="BACIA"><value>A</value></Data><Data name="ID_LINK"><value>L_A_0041</value></Data></ExtendedData><LineString><tessellate>1</tessellate><coordinates>-34.91908428,-7.26563174,0 -34.91902313,-7.26526860,0</coordinates></LineString></Placemark><Placemark><name>L_A_0042 — Bacia A</name><styleUrl>#rede_total</styleUrl><ExtendedData><Data name="BACIA"><value>A</value></Data><Data name="ID_LINK"><value>L_A_0042</value></Data></ExtendedData><LineString><tessellate>1</tessellate><coordinates>-34.91902313,-7.26526860,0 -34.91879779,-7.26393053,0</coordinates></LineString></Placemark><Placemark><name>L_A_0043 — Bacia A</name><styleUrl>#rede_total</styleUrl><ExtendedData><Data name="BACIA"><value>A</value></Data><Data name="ID_LINK"><value>L_A_0043</value></Data></ExtendedData><LineString><tessellate>1</tessellate><coordinates>-34.91971957,-7.26528178,0 -34.91935052,-7.26338965,0</coordinates></LineString></Placemark><Placemark><name>L_A_0044 — Bacia A</name><styleUrl>#rede_total</styleUrl><ExtendedData><Data name="BACIA"><value>A</value></Data><Data name="ID_LINK"><value>L_A_0044</value></Data></ExtendedData><LineString><tessellate>1</tessellate><coordinates>-34.92039026,-7.26527362,0 -34.92003150,-7.26332714,0</coordinates></LineString></Placemark><Placemark><name>L_A_0045 — Bacia A</name><styleUrl>#rede_total</styleUrl><ExtendedData><Data name="BACIA"><value>A</value></Data><Data name="ID_LINK"><value>L_A_0045</value></Data></ExtendedData><LineString><tessellate>1</tessellate><coordinates>-34.92045886,-7.26529390,0 -34.92192339,-7.26529382,0 -34.92188960,-7.26463973,0</coordinates></LineString></Placemark><Placemark><name>L_A_0046 — Bacia A</name><styleUrl>#rede_total</styleUrl><ExtendedData><Data name="BACIA"><value>A</value></Data><Data name="ID_LINK"><value>L_A_0046</value></Data></ExtendedData><LineString><tessellate>1</tessellate><coordinates>-34.92186608,-7.26400729,0 -34.92188960,-7.26463973,0</coordinates></LineString></Placemark><Placemark><name>L_A_0047 — Bacia A</name><styleUrl>#rede_total</styleUrl><ExtendedData><Data name="BACIA"><value>A</value></Data><Data name="ID_LINK"><value>L_A_0047</value></Data></ExtendedData><LineString><tessellate>1</tessellate><coordinates>-34.92186608,-7.26400729,0 -34.92184179,-7.26335412,0 -34.92184179,-7.26335412,0</coordinates></LineString></Placemark><Placemark><name>L_A_0048 — Bacia A</name><styleUrl>#rede_total</styleUrl><ExtendedData><Data name="BACIA"><value>A</value></Data><Data name="ID_LINK"><value>L_A_0048</value></Data></ExtendedData><LineString><tessellate>1</tessellate><coordinates>-34.92184179,-7.26335412,0 -34.92181901,-7.26286298,0 -34.92175356,-7.26268076,0</coordinates></LineString></Placemark><Placemark><name>L_A_0049 — Bacia A</name><styleUrl>#rede_total</styleUrl><ExtendedData><Data name="BACIA"><value>A</value></Data><Data name="ID_LINK"><value>L_A_0049</value></Data></ExtendedData><LineString><tessellate>1</tessellate><coordinates>-34.91978826,-7.26527849,0 -34.92039026,-7.26527362,0</coordinates></LineString></Placemark><Placemark><name>L_A_0050 — Bacia A</name><styleUrl>#rede_total</styleUrl><ExtendedData><Data name="BACIA"><value>A</value></Data><Data name="ID_LINK"><value>L_A_0050</value></Data></ExtendedData><LineString><tessellate>1</tessellate><coordinates>-34.91909834,-7.26527758,0 -34.91971957,-7.26528178,0</coordinates></LineString></Placemark><Placemark><name>L_A_0051 — Bacia A</name><styleUrl>#rede_total</styleUrl><ExtendedData><Data name="BACIA"><value>A</value></Data><Data name="ID_LINK"><value>L_A_0051</value></Data></ExtendedData><LineString><tessellate>1</tessellate><coordinates>-34.91849552,-7.26530119,0 -34.91902313,-7.26526860,0</coordinates></LineString></Placemark><Placemark><name>L_A_0052 — Bacia A</name><styleUrl>#rede_total</styleUrl><ExtendedData><Data name="BACIA"><value>A</value></Data><Data name="ID_LINK"><value>L_A_0052</value></Data></ExtendedData><LineString><tessellate>1</tessellate><coordinates>-34.91841016,-7.26528292,0 -34.91781339,-7.26533086,0</coordinates></LineString></Placemark><Placemark><name>L_A_0053 — Bacia A</name><styleUrl>#rede_total</styleUrl><ExtendedData><Data name="BACIA"><value>A</value></Data><Data name="ID_LINK"><value>L_A_0053</value></Data></ExtendedData><LineString><tessellate>1</tessellate><coordinates>-34.91775221,-7.26532882,0 -34.91717286,-7.26536132,0</coordinates></LineString></Placemark><Placemark><name>L_A_0054 — Bacia A</name><styleUrl>#rede_total</styleUrl><ExtendedData><Data name="BACIA"><value>A</value></Data><Data name="ID_LINK"><value>L_A_0054</value></Data></ExtendedData><LineString><tessellate>1</tessellate><coordinates>-34.91649071,-7.26543105,0 -34.91709766,-7.26538328,0 -34.91690851,-7.26420564,0 -34.91690848,-7.26417193,0</coordinates></LineString></Placemark><Placemark><name>L_A_0055 — Bacia A</name><styleUrl>#rede_total</styleUrl><ExtendedData><Data name="BACIA"><value>A</value></Data><Data name="ID_LINK"><value>L_A_0055</value></Data></ExtendedData><LineString><tessellate>1</tessellate><coordinates>-34.91680777,-7.26354995,0 -34.91690848,-7.26417193,0</coordinates></LineString></Placemark><Placemark><name>L_A_0056 — Bacia A</name><styleUrl>#rede_total</styleUrl><ExtendedData><Data name="BACIA"><value>A</value></Data><Data name="ID_LINK"><value>L_A_0056</value></Data></ExtendedData><LineString><tessellate>1</tessellate><coordinates>-34.91625002,-7.26423762,0 -34.91665282,-7.26658016,0</coordinates></LineString></Placemark><Placemark><name>L_A_0057 — Bacia A</name><styleUrl>#rede_total</styleUrl><ExtendedData><Data name="BACIA"><value>A</value></Data><Data name="ID_LINK"><value>L_A_0057</value></Data></ExtendedData><LineString><tessellate>1</tessellate><coordinates>-34.91625002,-7.26423762,0 -34.91615123,-7.26360961,0</coordinates></LineString></Placemark><Placemark><name>L_A_0058 — Bacia A</name><styleUrl>#rede_total</styleUrl><ExtendedData><Data name="BACIA"><value>A</value></Data><Data name="ID_LINK"><value>L_A_0058</value></Data></ExtendedData><LineString><tessellate>1</tessellate><coordinates>-34.91597128,-7.26665377,0 -34.91585529,-7.26575842,0 -34.91574931,-7.26517042,0 -34.91550884,-7.26380783,0 -34.91550107,-7.26362205,0</coordinates></LineString></Placemark><Placemark><name>L_A_0059 — Bacia A</name><styleUrl>#rede_total</styleUrl><ExtendedData><Data name="BACIA"><value>A</value></Data><Data name="ID_LINK"><value>L_A_0059</value></Data></ExtendedData><LineString><tessellate>1</tessellate><coordinates>-34.91567656,-7.26428278,0 -34.91625002,-7.26423762,0</coordinates></LineString></Placemark><Placemark><name>L_A_0060 — Bacia A</name><styleUrl>#rede_total</styleUrl><ExtendedData><Data name="BACIA"><value>A</value></Data><Data name="ID_LINK"><value>L_A_0060</value></Data></ExtendedData><LineString><tessellate>1</tessellate><coordinates>-34.91629732,-7.26424284,0 -34.91690848,-7.26417193,0</coordinates></LineString></Placemark><Placemark><name>L_A_0061 — Bacia A</name><styleUrl>#rede_total</styleUrl><ExtendedData><Data name="BACIA"><value>A</value></Data><Data name="ID_LINK"><value>L_A_0061</value></Data></ExtendedData><LineString><tessellate>1</tessellate><coordinates>-34.91690848,-7.26417193,0 -34.91758517,-7.26409324,0</coordinates></LineString></Placemark><Placemark><name>L_A_0062 — Bacia A</name><styleUrl>#rede_total</styleUrl><ExtendedData><Data name="BACIA"><value>A</value></Data><Data name="ID_LINK"><value>L_A_0062</value></Data></ExtendedData><LineString><tessellate>1</tessellate><coordinates>-34.91533751,-7.26665645,0 -34.91516591,-7.26566107,0 -34.91503026,-7.26485503,0 -34.91486742,-7.26390677,0 -34.91484174,-7.26375234,0</coordinates></LineString></Placemark><Placemark><name>L_A_0063 — Bacia A</name><styleUrl>#rede_total</styleUrl><ExtendedData><Data name="BACIA"><value>A</value></Data><Data name="ID_LINK"><value>L_A_0063</value></Data></ExtendedData><LineString><tessellate>1</tessellate><coordinates>-34.91467025,-7.26667381,0 -34.91454997,-7.26587824,0 -34.91449104,-7.26553785,0 -34.91439052,-7.26492648,0 -34.91420615,-7.26387928,0</coordinates></LineString></Placemark><Placemark><name>L_A_0064 — Bacia A</name><styleUrl>#rede_total</styleUrl><ExtendedData><Data name="BACIA"><value>A</value></Data><Data name="ID_LINK"><value>L_A_0064</value></Data></ExtendedData><LineString><tessellate>1</tessellate><coordinates>-34.91420615,-7.26387928,0 -34.91420250,-7.26385855,0</coordinates></LineString></Placemark><Placemark><name>L_A_0065 — Bacia A</name><styleUrl>#rede_total</styleUrl><ExtendedData><Data name="BACIA"><value>A</value></Data><Data name="ID_LINK"><value>L_A_0065</value></Data></ExtendedData><LineString><tessellate>1</tessellate><coordinates>-34.91315814,-7.26444306,0 -34.91333723,-7.26484895,0 -34.91369133,-7.26564833,0 -34.91388601,-7.26598451,0 -34.91400565,-7.26644720,0 -34.91407655,-7.26675218,0</coordinates></LineString></Placemark><Placemark><name>L_A_0066 — Bacia A</name><styleUrl>#rede_total</styleUrl><ExtendedData><Data name="BACIA"><value>A</value></Data><Data name="ID_LINK"><value>L_A_0066</value></Data></ExtendedData><LineString><tessellate>1</tessellate><coordinates>-34.91360199,-7.26426312,0 -34.91371365,-7.26467430,0 -34.91380809,-7.26538949,0 -34.91390225,-7.26590291,0</coordinates></LineString></Placemark><Placemark><name>L_A_0067 — Bacia A</name><styleUrl>#rede_total</styleUrl><ExtendedData><Data name="BACIA"><value>A</value></Data><Data name="ID_LINK"><value>L_A_0067</value></Data></ExtendedData><LineString><tessellate>1</tessellate><coordinates>-34.92015134,-7.26336888,0 -34.92184179,-7.26335412,0</coordinates></LineString></Placemark><Placemark><name>L_A_0068 — Bacia A</name><styleUrl>#rede_total</styleUrl><ExtendedData><Data name="BACIA"><value>A</value></Data><Data name="ID_LINK"><value>L_A_0068</value></Data></ExtendedData><LineString><tessellate>1</tessellate><coordinates>-34.92019875,-7.26404085,0 -34.92186608,-7.26400729,0</coordinates></LineString></Placemark><Placemark><name>L_A_0069 — Bacia A</name><styleUrl>#rede_total</styleUrl><ExtendedData><Data name="BACIA"><value>A</value></Data><Data name="ID_LINK"><value>L_A_0069</value></Data></ExtendedData><LineString><tessellate>1</tessellate><coordinates>-34.92186608,-7.26400729,0 -34.92188648,-7.26400688,0</coordinates></LineString></Placemark><Placemark><name>L_A_0070 — Bacia A</name><styleUrl>#rede_total</styleUrl><ExtendedData><Data name="BACIA"><value>A</value></Data><Data name="ID_LINK"><value>L_A_0070</value></Data></ExtendedData><LineString><tessellate>1</tessellate><coordinates>-34.92033701,-7.26467178,0 -34.92188960,-7.26463973,0</coordinates></LineString></Placemark><Placemark><name>L_A_0071 — Bacia A</name><styleUrl>#rede_total</styleUrl><ExtendedData><Data name="BACIA"><value>A</value></Data><Data name="ID_LINK"><value>L_A_0071</value></Data></ExtendedData><LineString><tessellate>1</tessellate><coordinates>-34.92036433,-7.26532805,0 -34.92046374,-7.26594766,0</coordinates></LineString></Placemark><Placemark><name>L_A_0072 — Bacia A</name><styleUrl>#rede_total</styleUrl><ExtendedData><Data name="BACIA"><value>A</value></Data><Data name="ID_LINK"><value>L_A_0072</value></Data></ExtendedData><LineString><tessellate>1</tessellate><coordinates>-34.92046374,-7.26594766,0 -34.92046374,-7.26594766,0 -34.92194755,-7.26594807,0</coordinates></LineString></Placemark><Placemark><name>L_A_0073 — Bacia A</name><styleUrl>#rede_total</styleUrl><ExtendedData><Data name="BACIA"><value>A</value></Data><Data name="ID_LINK"><value>L_A_0073</value></Data></ExtendedData><LineString><tessellate>1</tessellate><coordinates>-34.91908858,-7.26569465,0 -34.91913709,-7.26591711,0 -34.92046374,-7.26594766,0</coordinates></LineString></Placemark><Placemark><name>L_A_0074 — Bacia A</name><styleUrl>#rede_total</styleUrl><ExtendedData><Data name="BACIA"><value>A</value></Data><Data name="ID_LINK"><value>L_A_0074</value></Data></ExtendedData><LineString><tessellate>1</tessellate><coordinates>-34.91914976,-7.26597819,0 -34.91923206,-7.26656022,0</coordinates></LineString></Placemark><Placemark><name>L_A_0075 — Bacia A</name><styleUrl>#rede_total</styleUrl><ExtendedData><Data name="BACIA"><value>A</value></Data><Data name="ID_LINK"><value>L_A_0075</value></Data></ExtendedData><LineString><tessellate>1</tessellate><coordinates>-34.92048601,-7.26600086,0 -34.92056867,-7.26658072,0</coordinates></LineString></Placemark><Placemark><name>L_A_0076 — Bacia A</name><styleUrl>#rede_total</styleUrl><ExtendedData><Data name="BACIA"><value>A</value></Data><Data name="ID_LINK"><value>L_A_0076</value></Data></ExtendedData><LineString><tessellate>1</tessellate><coordinates>-34.92190714,-7.26534610,0 -34.92194755,-7.26594807,0</coordinates></LineString></Placemark><Placemark><name>L_A_0077 — Bacia A</name><styleUrl>#rede_total</styleUrl><ExtendedData><Data name="BACIA"><value>A</value></Data><Data name="ID_LINK"><value>L_A_0077</value></Data></ExtendedData><LineString><tessellate>1</tessellate><coordinates>-34.92196266,-7.26660176,0 -34.92194755,-7.26594807,0</coordinates></LineString></Placemark><Placemark><name>L_A_0078 — Bacia A</name><styleUrl>#rede_total</styleUrl><ExtendedData><Data name="BACIA"><value>A</value></Data><Data name="ID_LINK"><value>L_A_0078</value></Data></ExtendedData><LineString><tessellate>1</tessellate><coordinates>-34.92058028,-7.26663427,0 -34.92069458,-7.26727958,0 -34.92197127,-7.26726120,0</coordinates></LineString></Placemark><Placemark><name>L_A_0079 — Bacia A</name><styleUrl>#rede_total</styleUrl><ExtendedData><Data name="BACIA"><value>A</value></Data><Data name="ID_LINK"><value>L_A_0079</value></Data></ExtendedData><LineString><tessellate>1</tessellate><coordinates>-34.92069193,-7.26733317,0 -34.92077253,-7.26790034,0</coordinates></LineString></Placemark><Placemark><name>L_A_0080 — Bacia A</name><styleUrl>#rede_total</styleUrl><ExtendedData><Data name="BACIA"><value>A</value></Data><Data name="ID_LINK"><value>L_A_0080</value></Data></ExtendedData><LineString><tessellate>1</tessellate><coordinates>-34.92077253,-7.26790034,0 -34.92077532,-7.26791997,0</coordinates></LineString></Placemark><Placemark><name>L_A_0081 — Bacia A</name><styleUrl>#rede_total</styleUrl><ExtendedData><Data name="BACIA"><value>A</value></Data><Data name="ID_LINK"><value>L_A_0081</value></Data></ExtendedData><LineString><tessellate>1</tessellate><coordinates>-34.91990303,-7.26658922,0 -34.92014146,-7.26790186,0</coordinates></LineString></Placemark><Placemark><name>L_A_0082 — Bacia A</name><styleUrl>#rede_total</styleUrl><ExtendedData><Data name="BACIA"><value>A</value></Data><Data name="ID_LINK"><value>L_A_0082</value></Data></ExtendedData><LineString><tessellate>1</tessellate><coordinates>-34.91926491,-7.26660341,0 -34.91946242,-7.26790473,0</coordinates></LineString></Placemark><Placemark><name>L_A_0083 — Bacia A</name><styleUrl>#rede_total</styleUrl><ExtendedData><Data name="BACIA"><value>A</value></Data><Data name="ID_LINK"><value>L_A_0083</value></Data></ExtendedData><LineString><tessellate>1</tessellate><coordinates>-34.91860797,-7.26664063,0 -34.91882951,-7.26796615,0</coordinates></LineString></Placemark><Placemark><name>L_A_0084 — Bacia A</name><styleUrl>#rede_total</styleUrl><ExtendedData><Data name="BACIA"><value>A</value></Data><Data name="ID_LINK"><value>L_A_0084</value></Data></ExtendedData><LineString><tessellate>1</tessellate><coordinates>-34.91795550,-7.26666062,0 -34.91816738,-7.26800706,0</coordinates></LineString></Placemark><Placemark><name>L_A_0085 — Bacia A</name><styleUrl>#rede_total</styleUrl><ExtendedData><Data name="BACIA"><value>A</value></Data><Data name="ID_LINK"><value>L_A_0085</value></Data></ExtendedData><LineString><tessellate>1</tessellate><coordinates>-34.91733050,-7.26671684,0 -34.91755737,-7.26802365,0</coordinates></LineString></Placemark><Placemark><name>L_A_0086 — Bacia A</name><styleUrl>#rede_total</styleUrl><ExtendedData><Data name="BACIA"><value>A</value></Data><Data name="ID_LINK"><value>L_A_0086</value></Data></ExtendedData><LineString><tessellate>1</tessellate><coordinates>-34.91756166,-7.26804839,0 -34.91755737,-7.26802365,0</coordinates></LineString></Placemark><Placemark><name>L_A_0087 — Bacia A</name><styleUrl>#rede_total</styleUrl><ExtendedData><Data name="BACIA"><value>A</value></Data><Data name="ID_LINK"><value>L_A_0087</value></Data></ExtendedData><LineString><tessellate>1</tessellate><coordinates>-34.91668100,-7.26675978,0 -34.91687553,-7.26805142,0</coordinates></LineString></Placemark><Placemark><name>L_A_0088 — Bacia A</name><styleUrl>#rede_total</styleUrl><ExtendedData><Data name="BACIA"><value>A</value></Data><Data name="ID_LINK"><value>L_A_0088</value></Data></ExtendedData><LineString><tessellate>1</tessellate><coordinates>-34.91687553,-7.26805142,0 -34.91688142,-7.26807833,0</coordinates></LineString></Placemark><Placemark><name>L_A_0089 — Bacia A</name><styleUrl>#rede_total</styleUrl><ExtendedData><Data name="BACIA"><value>A</value></Data><Data name="ID_LINK"><value>L_A_0089</value></Data></ExtendedData><LineString><tessellate>1</tessellate><coordinates>-34.91689040,-7.26812487,0 -34.91688142,-7.26807833,0</coordinates></LineString></Placemark><Placemark><name>L_A_0090 — Bacia A</name><styleUrl>#rede_total</styleUrl><ExtendedData><Data name="BACIA"><value>A</value></Data><Data name="ID_LINK"><value>L_A_0090</value></Data></ExtendedData><LineString><tessellate>1</tessellate><coordinates>-34.91604855,-7.26675755,0 -34.91624608,-7.26813050,0</coordinates></LineString></Placemark><Placemark><name>L_A_0091 — Bacia A</name><styleUrl>#rede_total</styleUrl><ExtendedData><Data name="BACIA"><value>A</value></Data><Data name="ID_LINK"><value>L_A_0091</value></Data></ExtendedData><LineString><tessellate>1</tessellate><coordinates>-34.91624608,-7.26813050,0 -34.91624926,-7.26815260,0</coordinates></LineString></Placemark><Placemark><name>L_A_0092 — Bacia A</name><styleUrl>#rede_total</styleUrl><ExtendedData><Data name="BACIA"><value>A</value></Data><Data name="ID_LINK"><value>L_A_0092</value></Data></ExtendedData><LineString><tessellate>1</tessellate><coordinates>-34.91560179,-7.26817598,0 -34.91538327,-7.26677346,0</coordinates></LineString></Placemark><Placemark><name>L_A_0093 — Bacia A</name><styleUrl>#rede_total</styleUrl><ExtendedData><Data name="BACIA"><value>A</value></Data><Data name="ID_LINK"><value>L_A_0093</value></Data></ExtendedData><LineString><tessellate>1</tessellate><coordinates>-34.91493712,-7.26819928,0 -34.91470431,-7.26679474,0</coordinates></LineString></Placemark><Placemark><name>L_A_0094 — Bacia A</name><styleUrl>#rede_total</styleUrl><ExtendedData><Data name="BACIA"><value>A</value></Data><Data name="ID_LINK"><value>L_A_0094</value></Data></ExtendedData><LineString><tessellate>1</tessellate><coordinates>-34.91781657,-7.26587182,0 -34.91795888,-7.26661763,0</coordinates></LineString></Placemark><Placemark><name>L_A_0095 — Bacia A</name><styleUrl>#rede_total</styleUrl><ExtendedData><Data name="BACIA"><value>A</value></Data><Data name="ID_LINK"><value>L_A_0095</value></Data></ExtendedData><LineString><tessellate>1</tessellate><coordinates>-34.91847712,-7.26572550,0 -34.91860535,-7.26659581,0</coordinates></LineString></Placemark><Placemark><name>L_A_0096 — Bacia A</name><styleUrl>#rede_total</styleUrl><ExtendedData><Data name="BACIA"><value>A</value></Data><Data name="ID_LINK"><value>L_A_0096</value></Data></ExtendedData><LineString><tessellate>1</tessellate><coordinates>-34.92204305,-7.26933163,0 -34.92200673,-7.27017620,0</coordinates></LineString></Placemark><Placemark><name>L_A_0097 — Bacia A</name><styleUrl>#rede_total</styleUrl><ExtendedData><Data name="BACIA"><value>A</value></Data><Data name="ID_LINK"><value>L_A_0097</value></Data></ExtendedData><LineString><tessellate>1</tessellate><coordinates>-34.92201665,-7.26870744,0 -34.92204496,-7.26924993,0 -34.92204305,-7.26933163,0</coordinates></LineString></Placemark><Placemark><name>L_A_0098 — Bacia A</name><styleUrl>#rede_total</styleUrl><ExtendedData><Data name="BACIA"><value>A</value></Data><Data name="ID_LINK"><value>L_A_0098</value></Data></ExtendedData><LineString><tessellate>1</tessellate><coordinates>-34.92201665,-7.26870744,0 -34.92197861,-7.26789417,0</coordinates></LineString></Placemark><Placemark><name>L_A_0099 — Bacia A</name><styleUrl>#rede_total</styleUrl><ExtendedData><Data name="BACIA"><value>A</value></Data><Data name="ID_LINK"><value>L_A_0099</value></Data></ExtendedData><LineString><tessellate>1</tessellate><coordinates>-34.92098581,-7.26864782,0 -34.92161074,-7.26866411,0 -34.92201665,-7.26870744,0</coordinates></LineString></Placemark><Placemark><name>L_A_0100 — Bacia A</name><styleUrl>#rede_total</styleUrl><ExtendedData><Data name="BACIA"><value>A</value></Data><Data name="ID_LINK"><value>L_A_0100</value></Data></ExtendedData><LineString><tessellate>1</tessellate><coordinates>-34.92114819,-7.26939639,0 -34.92204305,-7.26933163,0</coordinates></LineString></Placemark><Placemark><name>L_A_0101 — Bacia A</name><styleUrl>#rede_total</styleUrl><ExtendedData><Data name="BACIA"><value>A</value></Data><Data name="ID_LINK"><value>L_A_0101</value></Data></ExtendedData><LineString><tessellate>1</tessellate><coordinates>-34.92077532,-7.26791997,0 -34.92091393,-7.26857746,0 -34.92130244,-7.27015717,0</coordinates></LineString></Placemark><Placemark><name>L_A_0102 — Bacia A</name><styleUrl>#rede_total</styleUrl><ExtendedData><Data name="BACIA"><value>A</value></Data><Data name="ID_LINK"><value>L_A_0102</value></Data></ExtendedData><LineString><tessellate>1</tessellate><coordinates>-34.92014146,-7.26790186,0 -34.92046522,-7.26952123,0 -34.92073175,-7.27067944,0</coordinates></LineString></Placemark><Placemark><name>L_A_0103 — Bacia A</name><styleUrl>#rede_total</styleUrl><ExtendedData><Data name="BACIA"><value>A</value></Data><Data name="ID_LINK"><value>L_A_0103</value></Data></ExtendedData><LineString><tessellate>1</tessellate><coordinates>-34.91995127,-7.27023070,0 -34.91991330,-7.27005004,0</coordinates></LineString></Placemark><Placemark><name>L_A_0104 — Bacia A</name><styleUrl>#rede_total</styleUrl><ExtendedData><Data name="BACIA"><value>A</value></Data><Data name="ID_LINK"><value>L_A_0104</value></Data></ExtendedData><LineString><tessellate>1</tessellate><coordinates>-34.91990381,-7.27000488,0 -34.91946683,-7.26792573,0</coordinates></LineString></Placemark><Placemark><name>L_A_0105 — Bacia A</name><styleUrl>#rede_total</styleUrl><ExtendedData><Data name="BACIA"><value>A</value></Data><Data name="ID_LINK"><value>L_A_0105</value></Data></ExtendedData><LineString><tessellate>1</tessellate><coordinates>-34.91946683,-7.26792573,0 -34.91946242,-7.26790473,0</coordinates></LineString></Placemark><Placemark><name>L_A_0106 — Bacia A</name><styleUrl>#rede_total</styleUrl><ExtendedData><Data name="BACIA"><value>A</value></Data><Data name="ID_LINK"><value>L_A_0106</value></Data></ExtendedData><LineString><tessellate>1</tessellate><coordinates>-34.91931063,-7.27054984,0 -34.91926878,-7.27032507,0</coordinates></LineString></Placemark><Placemark><name>L_A_0107 — Bacia A</name><styleUrl>#rede_total</styleUrl><ExtendedData><Data name="BACIA"><value>A</value></Data><Data name="ID_LINK"><value>L_A_0107</value></Data></ExtendedData><LineString><tessellate>1</tessellate><coordinates>-34.91926878,-7.27032507,0 -34.91882951,-7.26796615,0</coordinates></LineString></Placemark><Placemark><name>L_A_0108 — Bacia A</name><styleUrl>#rede_total</styleUrl><ExtendedData><Data name="BACIA"><value>A</value></Data><Data name="ID_LINK"><value>L_A_0108</value></Data></ExtendedData><LineString><tessellate>1</tessellate><coordinates>-34.91816738,-7.26800706,0 -34.91870459,-7.27077843,0</coordinates></LineString></Placemark><Placemark><name>L_A_0109 — Bacia A</name><styleUrl>#rede_total</styleUrl><ExtendedData><Data name="BACIA"><value>A</value></Data><Data name="ID_LINK"><value>L_A_0109</value></Data></ExtendedData><LineString><tessellate>1</tessellate><coordinates>-34.91794799,-7.27023918,0 -34.91756166,-7.26804839,0</coordinates></LineString></Placemark><Placemark><name>L_A_0110 — Bacia A</name><styleUrl>#rede_total</styleUrl><ExtendedData><Data name="BACIA"><value>A</value></Data><Data name="ID_LINK"><value>L_A_0110</value></Data></ExtendedData><LineString><tessellate>1</tessellate><coordinates>-34.91722053,-7.27021966,0 -34.91689040,-7.26812487,0</coordinates></LineString></Placemark><Placemark><name>L_A_0111 — Bacia A</name><styleUrl>#rede_total</styleUrl><ExtendedData><Data name="BACIA"><value>A</value></Data><Data name="ID_LINK"><value>L_A_0111</value></Data></ExtendedData><LineString><tessellate>1</tessellate><coordinates>-34.91689040,-7.26812487,0 -34.91688142,-7.26807833,0</coordinates></LineString></Placemark><Placemark><name>L_A_0112 — Bacia A</name><styleUrl>#rede_total</styleUrl><ExtendedData><Data name="BACIA"><value>A</value></Data><Data name="ID_LINK"><value>L_A_0112</value></Data></ExtendedData><LineString><tessellate>1</tessellate><coordinates>-34.91687553,-7.26805142,0 -34.91688142,-7.26807833,0</coordinates></LineString></Placemark><Placemark><name>L_A_0113 — Bacia A</name><styleUrl>#rede_total</styleUrl><ExtendedData><Data name="BACIA"><value>A</value></Data><Data name="ID_LINK"><value>L_A_0113</value></Data></ExtendedData><LineString><tessellate>1</tessellate><coordinates>-34.91647525,-7.26961254,0 -34.91648924,-7.26970290,0</coordinates></LineString></Placemark><Placemark><name>L_A_0114 — Bacia A</name><styleUrl>#rede_total</styleUrl><ExtendedData><Data name="BACIA"><value>A</value></Data><Data name="ID_LINK"><value>L_A_0114</value></Data></ExtendedData><LineString><tessellate>1</tessellate><coordinates>-34.91646826,-7.26956737,0 -34.91624926,-7.26815260,0</coordinates></LineString></Placemark><Placemark><name>L_A_0115 — Bacia A</name><styleUrl>#rede_total</styleUrl><ExtendedData><Data name="BACIA"><value>A</value></Data><Data name="ID_LINK"><value>L_A_0115</value></Data></ExtendedData><LineString><tessellate>1</tessellate><coordinates>-34.91574170,-7.26898278,0 -34.91574953,-7.26902795,0</coordinates></LineString></Placemark><Placemark><name>L_A_0116 — Bacia A</name><styleUrl>#rede_total</styleUrl><ExtendedData><Data name="BACIA"><value>A</value></Data><Data name="ID_LINK"><value>L_A_0116</value></Data></ExtendedData><LineString><tessellate>1</tessellate><coordinates>-34.91573387,-7.26893761,0 -34.91560179,-7.26817598,0</coordinates></LineString></Placemark><Placemark><name>L_A_0117 — Bacia A</name><styleUrl>#rede_total</styleUrl><ExtendedData><Data name="BACIA"><value>A</value></Data><Data name="ID_LINK"><value>L_A_0117</value></Data></ExtendedData><LineString><tessellate>1</tessellate><coordinates>-34.91505825,-7.26894046,0 -34.91493712,-7.26819928,0</coordinates></LineString></Placemark><Placemark><name>L_A_0118 — Bacia A</name><styleUrl>#rede_total</styleUrl><ExtendedData><Data name="BACIA"><value>A</value></Data><Data name="ID_LINK"><value>L_A_0118</value></Data></ExtendedData><LineString><tessellate>1</tessellate><coordinates>-34.91446301,-7.26861044,0 -34.91447192,-7.26862651,0</coordinates></LineString></Placemark><Placemark><name>L_A_0119 — Bacia A</name><styleUrl>#rede_total</styleUrl><ExtendedData><Data name="BACIA"><value>A</value></Data><Data name="ID_LINK"><value>L_A_0119</value></Data></ExtendedData><LineString><tessellate>1</tessellate><coordinates>-34.91424375,-7.26821500,0 -34.91444691,-7.26858141,0</coordinates></LineString></Placemark><Placemark><name>L_A_0120 — Bacia A</name><styleUrl>#rede_total</styleUrl><ExtendedData><Data name="BACIA"><value>A</value></Data><Data name="ID_LINK"><value>L_A_0120</value></Data></ExtendedData><LineString><tessellate>1</tessellate><coordinates>-34.91705538,-7.26121183,0 -34.91709054,-7.26242062,0</coordinates></LineString></Placemark><Placemark><name>L_A_0121 — Bacia A</name><styleUrl>#rede_total</styleUrl><ExtendedData><Data name="BACIA"><value>A</value></Data><Data name="ID_LINK"><value>L_A_0121</value></Data></ExtendedData><LineString><tessellate>1</tessellate><coordinates>-34.91638446,-7.26117160,0 -34.91640578,-7.26235749,0</coordinates></LineString></Placemark><Placemark><name>L_A_0122 — Bacia A</name><styleUrl>#rede_total</styleUrl><ExtendedData><Data name="BACIA"><value>A</value></Data><Data name="ID_LINK"><value>L_A_0122</value></Data></ExtendedData><LineString><tessellate>1</tessellate><coordinates>-34.91576645,-7.26117900,0 -34.91575250,-7.26142360,0</coordinates></LineString></Placemark><Placemark><name>L_A_0123 — Bacia A</name><styleUrl>#rede_total</styleUrl><ExtendedData><Data name="BACIA"><value>A</value></Data><Data name="ID_LINK"><value>L_A_0123</value></Data></ExtendedData><LineString><tessellate>1</tessellate><coordinates>-34.91575250,-7.26142360,0 -34.91570316,-7.26228883,0</coordinates></LineString></Placemark><Placemark><name>L_A_0124 — Bacia A</name><styleUrl>#rede_total</styleUrl><ExtendedData><Data name="BACIA"><value>A</value></Data><Data name="ID_LINK"><value>L_A_0124</value></Data></ExtendedData><LineString><tessellate>1</tessellate><coordinates>-34.91522598,-7.26139657,0 -34.91575250,-7.26142360,0</coordinates></LineString></Placemark><Placemark><name>L_A_0125 — Bacia A</name><styleUrl>#rede_total</styleUrl><ExtendedData><Data name="BACIA"><value>A</value></Data><Data name="ID_LINK"><value>L_A_0125</value></Data></ExtendedData><LineString><tessellate>1</tessellate><coordinates>-34.91508596,-7.26114360,0 -34.91508834,-7.26223377,0</coordinates></LineString></Placemark><Placemark><name>L_A_0126 — Bacia A</name><styleUrl>#rede_total</styleUrl><ExtendedData><Data name="BACIA"><value>A</value></Data><Data name="ID_LINK"><value>L_A_0126</value></Data></ExtendedData><LineString><tessellate>1</tessellate><coordinates>-34.91377199,-7.26108121,0 -34.91384344,-7.26166266,0 -34.91378621,-7.26189568,0</coordinates></LineString></Placemark><Placemark><name>L_A_0127 — Bacia A</name><styleUrl>#rede_total</styleUrl><ExtendedData><Data name="BACIA"><value>A</value></Data><Data name="ID_LINK"><value>L_A_0127</value></Data></ExtendedData><LineString><tessellate>1</tessellate><coordinates>-34.91142024,-7.26097717,0 -34.91142760,-7.26112892,0</coordinates></LineString></Placemark><Placemark><name>L_A_0128 — Bacia A</name><styleUrl>#rede_total</styleUrl><ExtendedData><Data name="BACIA"><value>A</value></Data><Data name="ID_LINK"><value>L_A_0128</value></Data></ExtendedData><LineString><tessellate>1</tessellate><coordinates>-34.91211071,-7.26103175,0 -34.91206451,-7.26144337,0</coordinates></LineString></Placemark><Placemark><name>L_A_0129 — Bacia A</name><styleUrl>#rede_total</styleUrl><ExtendedData><Data name="BACIA"><value>A</value></Data><Data name="ID_LINK"><value>L_A_0129</value></Data></ExtendedData><LineString><tessellate>1</tessellate><coordinates>-34.91206451,-7.26144337,0 -34.91206449,-7.26146984,0</coordinates></LineString></Placemark><Placemark><name>L_A_0130 — Bacia A</name><styleUrl>#rede_total</styleUrl><ExtendedData><Data name="BACIA"><value>A</value></Data><Data name="ID_LINK"><value>L_A_0130</value></Data></ExtendedData><LineString><tessellate>1</tessellate><coordinates>-34.91715004,-7.26240699,0 -34.91771878,-7.26239715,0</coordinates></LineString></Placemark><Placemark><name>L_A_0131 — Bacia A</name><styleUrl>#rede_total</styleUrl><ExtendedData><Data name="BACIA"><value>A</value></Data><Data name="ID_LINK"><value>L_A_0131</value></Data></ExtendedData><LineString><tessellate>1</tessellate><coordinates>-34.91040702,-7.26624480,0 -34.91102298,-7.26585336,0</coordinates></LineString></Placemark><Placemark><name>L_A_0132 — Bacia A</name><styleUrl>#rede_total</styleUrl><ExtendedData><Data name="BACIA"><value>A</value></Data><Data name="ID_LINK"><value>L_A_0132</value></Data></ExtendedData><LineString><tessellate>1</tessellate><coordinates>-34.91102298,-7.26585336,0 -34.91110941,-7.26579404,0 -34.91146782,-7.26557437,0 -34.91155400,-7.26550535,0</coordinates></LineString></Placemark><Placemark><name>L_A_0133 — Bacia A</name><styleUrl>#rede_total</styleUrl><ExtendedData><Data name="BACIA"><value>A</value></Data><Data name="ID_LINK"><value>L_A_0133</value></Data></ExtendedData><LineString><tessellate>1</tessellate><coordinates>-34.91155400,-7.26550535,0 -34.91177733,-7.26534916,0 -34.91208405,-7.26514725,0</coordinates></LineString></Placemark><Placemark><name>L_A_0134 — Bacia A</name><styleUrl>#rede_total</styleUrl><ExtendedData><Data name="BACIA"><value>A</value></Data><Data name="ID_LINK"><value>L_A_0134</value></Data></ExtendedData><LineString><tessellate>1</tessellate><coordinates>-34.91208405,-7.26514725,0 -34.91213280,-7.26511515,0 -34.91240801,-7.26493602,0 -34.91261938,-7.26479111,0</coordinates></LineString></Placemark><Placemark><name>L_A_0135 — Bacia A</name><styleUrl>#rede_total</styleUrl><ExtendedData><Data name="BACIA"><value>A</value></Data><Data name="ID_LINK"><value>L_A_0135</value></Data></ExtendedData><LineString><tessellate>1</tessellate><coordinates>-34.91261938,-7.26479111,0 -34.91298797,-7.26453840,0 -34.91315814,-7.26444306,0</coordinates></LineString></Placemark><Placemark><name>L_A_0136 — Bacia A</name><styleUrl>#rede_total</styleUrl><ExtendedData><Data name="BACIA"><value>A</value></Data><Data name="ID_LINK"><value>L_A_0136</value></Data></ExtendedData><LineString><tessellate>1</tessellate><coordinates>-34.91315814,-7.26444306,0 -34.91319446,-7.26442271,0 -34.91351299,-7.26428933,0 -34.91360199,-7.26426312,0</coordinates></LineString></Placemark><Placemark><name>L_A_0137 — Bacia A</name><styleUrl>#rede_total</styleUrl><ExtendedData><Data name="BACIA"><value>A</value></Data><Data name="ID_LINK"><value>L_A_0137</value></Data></ExtendedData><LineString><tessellate>1</tessellate><coordinates>-34.91360199,-7.26426312,0 -34.91360199,-7.26426312,0 -34.91362672,-7.26399318,0</coordinates></LineString></Placemark><Placemark><name>L_A_0138 — Bacia A</name><styleUrl>#rede_total</styleUrl><ExtendedData><Data name="BACIA"><value>A</value></Data><Data name="ID_LINK"><value>L_A_0138</value></Data></ExtendedData><LineString><tessellate>1</tessellate><coordinates>-34.91362672,-7.26399318,0 -34.91407478,-7.26390231,0 -34.91420615,-7.26387928,0</coordinates></LineString></Placemark><Placemark><name>L_A_0139 — Bacia A</name><styleUrl>#rede_total</styleUrl><ExtendedData><Data name="BACIA"><value>A</value></Data><Data name="ID_LINK"><value>L_A_0139</value></Data></ExtendedData><LineString><tessellate>1</tessellate><coordinates>-34.91420615,-7.26387928,0 -34.91439363,-7.26384642,0 -34.91477567,-7.26377592,0 -34.91484174,-7.26375234,0</coordinates></LineString></Placemark><Placemark><name>L_A_0140 — Bacia A</name><styleUrl>#rede_total</styleUrl><ExtendedData><Data name="BACIA"><value>A</value></Data><Data name="ID_LINK"><value>L_A_0140</value></Data></ExtendedData><LineString><tessellate>1</tessellate><coordinates>-34.91484174,-7.26375234,0 -34.91522344,-7.26361615,0</coordinates></LineString></Placemark><Placemark><name>L_A_0141 — Bacia A</name><styleUrl>#rede_total</styleUrl><ExtendedData><Data name="BACIA"><value>A</value></Data><Data name="ID_LINK"><value>L_A_0141</value></Data></ExtendedData><LineString><tessellate>1</tessellate><coordinates>-34.91522344,-7.26361615,0 -34.91522344,-7.26361615,0 -34.91550107,-7.26362205,0</coordinates></LineString></Placemark><Placemark><name>L_A_0142 — Bacia A</name><styleUrl>#rede_total</styleUrl><ExtendedData><Data name="BACIA"><value>A</value></Data><Data name="ID_LINK"><value>L_A_0142</value></Data></ExtendedData><LineString><tessellate>1</tessellate><coordinates>-34.91550107,-7.26362205,0 -34.91565515,-7.26362533,0 -34.91592822,-7.26361939,0 -34.91615123,-7.26360961,0</coordinates></LineString></Placemark><Placemark><name>L_A_0143 — Bacia A</name><styleUrl>#rede_total</styleUrl><ExtendedData><Data name="BACIA"><value>A</value></Data><Data name="ID_LINK"><value>L_A_0143</value></Data></ExtendedData><LineString><tessellate>1</tessellate><coordinates>-34.91615123,-7.26360961,0 -34.91623000,-7.26360616,0 -34.91670175,-7.26356350,0 -34.91680777,-7.26354995,0</coordinates></LineString></Placemark><Placemark><name>L_A_0144 — Bacia A</name><styleUrl>#rede_total</styleUrl><ExtendedData><Data name="BACIA"><value>A</value></Data><Data name="ID_LINK"><value>L_A_0144</value></Data></ExtendedData><LineString><tessellate>1</tessellate><coordinates>-34.91680777,-7.26354995,0 -34.91716623,-7.26350413,0 -34.91745347,-7.26345029,0</coordinates></LineString></Placemark><Placemark><name>L_A_0145 — Bacia A</name><styleUrl>#rede_total</styleUrl><ExtendedData><Data name="BACIA"><value>A</value></Data><Data name="ID_LINK"><value>L_A_0145</value></Data></ExtendedData><LineString><tessellate>1</tessellate><coordinates>-34.91333099,-7.26855094,0 -34.91364905,-7.26843388,0</coordinates></LineString></Placemark><Placemark><name>L_A_0146 — Bacia A</name><styleUrl>#rede_total</styleUrl><ExtendedData><Data name="BACIA"><value>A</value></Data><Data name="ID_LINK"><value>L_A_0146</value></Data></ExtendedData><LineString><tessellate>1</tessellate><coordinates>-34.91364905,-7.26843388,0 -34.91424375,-7.26821500,0</coordinates></LineString></Placemark><Placemark><name>L_A_0147 — Bacia A</name><styleUrl>#rede_total</styleUrl><ExtendedData><Data name="BACIA"><value>A</value></Data><Data name="ID_LINK"><value>L_A_0147</value></Data></ExtendedData><LineString><tessellate>1</tessellate><coordinates>-34.91424375,-7.26821500,0 -34.91493712,-7.26819928,0</coordinates></LineString></Placemark><Placemark><name>L_A_0148 — Bacia A</name><styleUrl>#rede_total</styleUrl><ExtendedData><Data name="BACIA"><value>A</value></Data><Data name="ID_LINK"><value>L_A_0148</value></Data></ExtendedData><LineString><tessellate>1</tessellate><coordinates>-34.91493712,-7.26819928,0 -34.91534402,-7.26819338,0 -34.91560179,-7.26817598,0</coordinates></LineString></Placemark><Placemark><name>L_A_0149 — Bacia A</name><styleUrl>#rede_total</styleUrl><ExtendedData><Data name="BACIA"><value>A</value></Data><Data name="ID_LINK"><value>L_A_0149</value></Data></ExtendedData><LineString><tessellate>1</tessellate><coordinates>-34.91560179,-7.26817598,0 -34.91606814,-7.26814511,0 -34.91624608,-7.26813050,0</coordinates></LineString></Placemark><Placemark><name>L_A_0150 — Bacia A</name><styleUrl>#rede_total</styleUrl><ExtendedData><Data name="BACIA"><value>A</value></Data><Data name="ID_LINK"><value>L_A_0150</value></Data></ExtendedData><LineString><tessellate>1</tessellate><coordinates>-34.91624608,-7.26813050,0 -34.91688142,-7.26807833,0</coordinates></LineString></Placemark><Placemark><name>L_A_0151 — Bacia A</name><styleUrl>#rede_total</styleUrl><ExtendedData><Data name="BACIA"><value>A</value></Data><Data name="ID_LINK"><value>L_A_0151</value></Data></ExtendedData><LineString><tessellate>1</tessellate><coordinates>-34.91688142,-7.26807833,0 -34.91754221,-7.26802406,0 -34.91755737,-7.26802365,0</coordinates></LineString></Placemark><Placemark><name>L_A_0152 — Bacia A</name><styleUrl>#rede_total</styleUrl><ExtendedData><Data name="BACIA"><value>A</value></Data><Data name="ID_LINK"><value>L_A_0152</value></Data></ExtendedData><LineString><tessellate>1</tessellate><coordinates>-34.91755737,-7.26802365,0 -34.91816738,-7.26800706,0</coordinates></LineString></Placemark><Placemark><name>L_A_0153 — Bacia A</name><styleUrl>#rede_total</styleUrl><ExtendedData><Data name="BACIA"><value>A</value></Data><Data name="ID_LINK"><value>L_A_0153</value></Data></ExtendedData><LineString><tessellate>1</tessellate><coordinates>-34.91816738,-7.26800706,0 -34.91816738,-7.26800706,0 -34.91858412,-7.26798616,0 -34.91882951,-7.26796615,0</coordinates></LineString></Placemark><Placemark><name>L_A_0154 — Bacia A</name><styleUrl>#rede_total</styleUrl><ExtendedData><Data name="BACIA"><value>A</value></Data><Data name="ID_LINK"><value>L_A_0154</value></Data></ExtendedData><LineString><tessellate>1</tessellate><coordinates>-34.91882951,-7.26796615,0 -34.91905518,-7.26795166,0 -34.91946683,-7.26792573,0</coordinates></LineString></Placemark><Placemark><name>L_A_0155 — Bacia A</name><styleUrl>#rede_total</styleUrl><ExtendedData><Data name="BACIA"><value>A</value></Data><Data name="ID_LINK"><value>L_A_0155</value></Data></ExtendedData><LineString><tessellate>1</tessellate><coordinates>-34.91946683,-7.26792573,0 -34.91982457,-7.26790320,0 -34.92014146,-7.26790186,0</coordinates></LineString></Placemark><Placemark><name>L_A_0156 — Bacia A</name><styleUrl>#rede_total</styleUrl><ExtendedData><Data name="BACIA"><value>A</value></Data><Data name="ID_LINK"><value>L_A_0156</value></Data></ExtendedData><LineString><tessellate>1</tessellate><coordinates>-34.92014146,-7.26790186,0 -34.92018673,-7.26790167,0 -34.92077253,-7.26790034,0</coordinates></LineString></Placemark><Placemark><name>L_A_0157 — Bacia A</name><styleUrl>#rede_total</styleUrl><ExtendedData><Data name="BACIA"><value>A</value></Data><Data name="ID_LINK"><value>L_A_0157</value></Data></ExtendedData><LineString><tessellate>1</tessellate><coordinates>-34.92077253,-7.26790034,0 -34.92167147,-7.26789829,0 -34.92187965,-7.26789510,0 -34.92197861,-7.26789417,0</coordinates></LineString></Placemark><Placemark><name>L_A_0158 — Bacia A</name><styleUrl>#rede_total</styleUrl><ExtendedData><Data name="BACIA"><value>A</value></Data><Data name="ID_LINK"><value>L_A_0158</value></Data></ExtendedData><LineString><tessellate>1</tessellate><coordinates>-34.92197861,-7.26789417,0 -34.92199752,-7.26789399,0 -34.92204366,-7.26789259,0 -34.92208671,-7.26789193,0 -34.92212705,-7.26789131,0 -34.92216160,-7.26789078,0</coordinates></LineString></Placemark><Placemark><name>L_A_0159 — Bacia A</name><styleUrl>#rede_total</styleUrl><ExtendedData><Data name="BACIA"><value>A</value></Data><Data name="ID_LINK"><value>L_A_0159</value></Data></ExtendedData><LineString><tessellate>1</tessellate><coordinates>-34.91026724,-7.26130497,0 -34.91077653,-7.26125031,0 -34.91081846,-7.26124167,0</coordinates></LineString></Placemark><Placemark><name>L_A_0160 — Bacia A</name><styleUrl>#rede_total</styleUrl><ExtendedData><Data name="BACIA"><value>A</value></Data><Data name="ID_LINK"><value>L_A_0160</value></Data></ExtendedData><LineString><tessellate>1</tessellate><coordinates>-34.91081846,-7.26124167,0 -34.91115565,-7.26117217,0 -34.91142760,-7.26112892,0</coordinates></LineString></Placemark><Placemark><name>L_A_0161 — Bacia A</name><styleUrl>#rede_total</styleUrl><ExtendedData><Data name="BACIA"><value>A</value></Data><Data name="ID_LINK"><value>L_A_0161</value></Data></ExtendedData><LineString><tessellate>1</tessellate><coordinates>-34.91142760,-7.26112892,0 -34.91142760,-7.26112892,0 -34.91142215,-7.26142921,0</coordinates></LineString></Placemark><Placemark><name>L_A_0162 — Bacia A</name><styleUrl>#rede_total</styleUrl><ExtendedData><Data name="BACIA"><value>A</value></Data><Data name="ID_LINK"><value>L_A_0162</value></Data></ExtendedData><LineString><tessellate>1</tessellate><coordinates>-34.91142215,-7.26142921,0 -34.91142215,-7.26142921,0 -34.91206449,-7.26146984,0</coordinates></LineString></Placemark><Placemark><name>L_A_0163 — Bacia A</name><styleUrl>#rede_total</styleUrl><ExtendedData><Data name="BACIA"><value>A</value></Data><Data name="ID_LINK"><value>L_A_0163</value></Data></ExtendedData><LineString><tessellate>1</tessellate><coordinates>-34.91206449,-7.26146984,0 -34.91210138,-7.26147156,0 -34.91240469,-7.26150179,0 -34.91271890,-7.26159027,0</coordinates></LineString></Placemark><Placemark><name>L_A_0164 — Bacia A</name><styleUrl>#rede_total</styleUrl><ExtendedData><Data name="BACIA"><value>A</value></Data><Data name="ID_LINK"><value>L_A_0164</value></Data></ExtendedData><LineString><tessellate>1</tessellate><coordinates>-34.91271890,-7.26159027,0 -34.91275535,-7.26160053,0 -34.91318823,-7.26171196,0</coordinates></LineString></Placemark><Placemark><name>L_A_0165 — Bacia A</name><styleUrl>#rede_total</styleUrl><ExtendedData><Data name="BACIA"><value>A</value></Data><Data name="ID_LINK"><value>L_A_0165</value></Data></ExtendedData><LineString><tessellate>1</tessellate><coordinates>-34.91318823,-7.26171196,0 -34.91334050,-7.26175116,0 -34.91378621,-7.26189568,0</coordinates></LineString></Placemark><Placemark><name>L_A_0166 — Bacia A</name><styleUrl>#rede_total</styleUrl><ExtendedData><Data name="BACIA"><value>A</value></Data><Data name="ID_LINK"><value>L_A_0166</value></Data></ExtendedData><LineString><tessellate>1</tessellate><coordinates>-34.91378621,-7.26189568,0 -34.91395946,-7.26207866,0</coordinates></LineString></Placemark><Placemark><name>L_A_0167 — Bacia A</name><styleUrl>#rede_total</styleUrl><ExtendedData><Data name="BACIA"><value>A</value></Data><Data name="ID_LINK"><value>L_A_0167</value></Data></ExtendedData><LineString><tessellate>1</tessellate><coordinates>-34.91395946,-7.26207866,0 -34.91492879,-7.26221522,0 -34.91508834,-7.26223377,0</coordinates></LineString></Placemark><Placemark><name>L_A_0168 — Bacia A</name><styleUrl>#rede_total</styleUrl><ExtendedData><Data name="BACIA"><value>A</value></Data><Data name="ID_LINK"><value>L_A_0168</value></Data></ExtendedData><LineString><tessellate>1</tessellate><coordinates>-34.91508834,-7.26223377,0 -34.91547438,-7.26227865,0 -34.91570316,-7.26228883,0</coordinates></LineString></Placemark><Placemark><name>L_A_0169 — Bacia A</name><styleUrl>#rede_total</styleUrl><ExtendedData><Data name="BACIA"><value>A</value></Data><Data name="ID_LINK"><value>L_A_0169</value></Data></ExtendedData><LineString><tessellate>1</tessellate><coordinates>-34.91570316,-7.26228883,0 -34.91618168,-7.26231011,0 -34.91640578,-7.26235749,0</coordinates></LineString></Placemark><Placemark><name>L_A_0170 — Bacia A</name><styleUrl>#rede_total</styleUrl><ExtendedData><Data name="BACIA"><value>A</value></Data><Data name="ID_LINK"><value>L_A_0170</value></Data></ExtendedData><LineString><tessellate>1</tessellate><coordinates>-34.91640578,-7.26235749,0 -34.91640578,-7.26235749,0 -34.91658464,-7.26242897,0 -34.91709054,-7.26242062,0</coordinates></LineString></Placemark><Placemark><name>L_A_0171 — Bacia A</name><styleUrl>#rede_total</styleUrl><ExtendedData><Data name="BACIA"><value>A</value></Data><Data name="ID_LINK"><value>L_A_0171</value></Data></ExtendedData><LineString><tessellate>1</tessellate><coordinates>-34.91767028,-7.26411710,0 -34.91792642,-7.26407296,0 -34.91810345,-7.26401719,0 -34.91820961,-7.26399290,0</coordinates></LineString></Placemark><Placemark><name>L_A_0172 — Bacia A</name><styleUrl>#rede_total</styleUrl><ExtendedData><Data name="BACIA"><value>A</value></Data><Data name="ID_LINK"><value>L_A_0172</value></Data></ExtendedData><LineString><tessellate>1</tessellate><coordinates>-34.91820961,-7.26399290,0 -34.91831645,-7.26396845,0 -34.91860391,-7.26396723,0 -34.91879779,-7.26393053,0</coordinates></LineString></Placemark><Placemark><name>L_A_0173 — Bacia A</name><styleUrl>#rede_total</styleUrl><ExtendedData><Data name="BACIA"><value>A</value></Data><Data name="ID_LINK"><value>L_A_0173</value></Data></ExtendedData><LineString><tessellate>1</tessellate><coordinates>-34.91879779,-7.26393053,0 -34.91879779,-7.26393053,0 -34.91876729,-7.26351683,0 -34.91901369,-7.26343685,0 -34.91934648,-7.26338999,0 -34.91935052,-7.26338965,0</coordinates></LineString></Placemark><Placemark><name>L_A_0174 — Bacia A</name><styleUrl>#rede_total</styleUrl><ExtendedData><Data name="BACIA"><value>A</value></Data><Data name="ID_LINK"><value>L_A_0174</value></Data></ExtendedData><LineString><tessellate>1</tessellate><coordinates>-34.91935052,-7.26338965,0 -34.91944266,-7.26332548,0 -34.91974728,-7.26330410,0 -34.92004914,-7.26330856,0 -34.91996341,-7.26275205,0 -34.92021341,-7.26272802,0 -34.92087452,-7.26271374,0 -34.92171756,-7.26266999,0 -34.92175356,-7.26268076,0</coordinates></LineString></Placemark><Placemark><name>L_A_0175 — Bacia A</name><styleUrl>#rede_total</styleUrl><ExtendedData><Data name="BACIA"><value>A</value></Data><Data name="ID_LINK"><value>L_A_0175</value></Data></ExtendedData><LineString><tessellate>1</tessellate><coordinates>-34.92175356,-7.26268076,0 -34.92182789,-7.26270301,0 -34.92228339,-7.26278480,0 -34.92255673,-7.26284345,0 -34.92300000,-7.26297839,0 -34.92319573,-7.26303784,0 -34.92331244,-7.26306186,0</coordinates></LineString></Placemark><Placemark><name>L_A_0176 — Bacia A</name><styleUrl>#rede_total</styleUrl><ExtendedData><Data name="BACIA"><value>A</value></Data><Data name="ID_LINK"><value>L_A_0176</value></Data></ExtendedData><LineString><tessellate>1</tessellate><coordinates>-34.91407350,-7.26678397,0 -34.91432734,-7.26676376,0 -34.91467972,-7.26672875,0 -34.91497157,-7.26672037,0 -34.91529737,-7.26672139,0 -34.91571894,-7.26670964,0 -34.91599489,-7.26670560,0 -34.91621051,-7.26671043,0 -34.91666744,-7.26667693,0 -34.91681115,-7.26667058,0 -34.91795888,-7.26661763,0</coordinates></LineString></Placemark><Placemark><name>L_A_0177 — Bacia A</name><styleUrl>#rede_total</styleUrl><ExtendedData><Data name="BACIA"><value>A</value></Data><Data name="ID_LINK"><value>L_A_0177</value></Data></ExtendedData><LineString><tessellate>1</tessellate><coordinates>-34.91795888,-7.26661763,0 -34.91833874,-7.26660011,0 -34.91860535,-7.26659581,0</coordinates></LineString></Placemark><Placemark><name>L_A_0178 — Bacia A</name><styleUrl>#rede_total</styleUrl><ExtendedData><Data name="BACIA"><value>A</value></Data><Data name="ID_LINK"><value>L_A_0178</value></Data></ExtendedData><LineString><tessellate>1</tessellate><coordinates>-34.91860535,-7.26659581,0 -34.91882166,-7.26659232,0 -34.91923206,-7.26656022,0</coordinates></LineString></Placemark><Placemark><name>L_A_0179 — Bacia A</name><styleUrl>#rede_total</styleUrl><ExtendedData><Data name="BACIA"><value>A</value></Data><Data name="ID_LINK"><value>L_A_0179</value></Data></ExtendedData><LineString><tessellate>1</tessellate><coordinates>-34.91923206,-7.26656022,0 -34.91928720,-7.26655591,0 -34.91980913,-7.26654566,0 -34.92026911,-7.26655328,0 -34.92056867,-7.26658072,0</coordinates></LineString></Placemark><Placemark><name>L_A_0180 — Bacia A</name><styleUrl>#rede_total</styleUrl><ExtendedData><Data name="BACIA"><value>A</value></Data><Data name="ID_LINK"><value>L_A_0180</value></Data></ExtendedData><LineString><tessellate>1</tessellate><coordinates>-34.92056867,-7.26658072,0 -34.92056867,-7.26658072,0 -34.92064785,-7.26660909,0 -34.92121559,-7.26660907,0 -34.92155335,-7.26660525,0 -34.92196266,-7.26660176,0</coordinates></LineString></Placemark><Placemark><name>L_A_0181 — Bacia A</name><styleUrl>#rede_total</styleUrl><ExtendedData><Data name="BACIA"><value>A</value></Data><Data name="ID_LINK"><value>L_A_0181</value></Data></ExtendedData><LineString><tessellate>1</tessellate><coordinates>-34.92196266,-7.26660176,0 -34.92196266,-7.26660176,0 -34.92197127,-7.26726120,0</coordinates></LineString></Placemark><Placemark><name>L_A_0182 — Bacia A</name><styleUrl>#rede_total</styleUrl><ExtendedData><Data name="BACIA"><value>A</value></Data><Data name="ID_LINK"><value>L_A_0182</value></Data></ExtendedData><LineString><tessellate>1</tessellate><coordinates>-34.92197127,-7.26726120,0 -34.92197902,-7.26763752,0 -34.92197676,-7.26782736,0 -34.92197861,-7.26789417,0</coordinates></LineString></Placemark><Placemark><name>L_A_0183 — Bacia A</name><styleUrl>#rede_total</styleUrl><ExtendedData><Data name="BACIA"><value>A</value></Data><Data name="ID_LINK"><value>L_A_0183</value></Data></ExtendedData><LineString><tessellate>1</tessellate><coordinates>-34.91709054,-7.26242062,0 -34.91724808,-7.26272477,0 -34.91731223,-7.26284796,0</coordinates></LineString></Placemark><Placemark><name>L_A_0184 — Bacia A</name><styleUrl>#rede_total</styleUrl><ExtendedData><Data name="BACIA"><value>A</value></Data><Data name="ID_LINK"><value>L_A_0184</value></Data></ExtendedData><LineString><tessellate>1</tessellate><coordinates>-34.91745347,-7.26345029,0 -34.91731223,-7.26284796,0</coordinates></LineString></Placemark><Placemark><name>L_A_0185 — Bacia A</name><styleUrl>#rede_total</styleUrl><ExtendedData><Data name="BACIA"><value>A</value></Data><Data name="ID_LINK"><value>L_A_0185</value></Data></ExtendedData><LineString><tessellate>1</tessellate><coordinates>-34.91758124,-7.26401126,0 -34.91745347,-7.26345029,0</coordinates></LineString></Placemark><Placemark><name>L_A_0186 — Bacia A</name><styleUrl>#rede_total</styleUrl><ExtendedData><Data name="BACIA"><value>A</value></Data><Data name="ID_LINK"><value>L_A_0186</value></Data></ExtendedData><LineString><tessellate>1</tessellate><coordinates>-34.91770367,-7.26122392,0 -34.91771096,-7.26158844,0 -34.91771069,-7.26220273,0 -34.91771878,-7.26239715,0</coordinates></LineString></Placemark><Placemark><name>L_A_0187 — Bacia A</name><styleUrl>#rede_total</styleUrl><ExtendedData><Data name="BACIA"><value>A</value></Data><Data name="ID_LINK"><value>L_A_0187</value></Data></ExtendedData><LineString><tessellate>1</tessellate><coordinates>-34.91839211,-7.26127268,0 -34.91837304,-7.26242574,0</coordinates></LineString></Placemark><Placemark><name>L_B_0001 — Bacia B</name><styleUrl>#rede_total</styleUrl><ExtendedData><Data name="BACIA"><value>B</value></Data><Data name="ID_LINK"><value>L_B_0001</value></Data></ExtendedData><LineString><tessellate>1</tessellate><coordinates>-34.90979773,-7.27129593,0 -34.91002868,-7.27152459,0 -34.91037083,-7.27199200,0 -34.91041258,-7.27205123,0</coordinates></LineString></Placemark><Placemark><name>L_B_0002 — Bacia B</name><styleUrl>#rede_total</styleUrl><ExtendedData><Data name="BACIA"><value>B</value></Data><Data name="ID_LINK"><value>L_B_0002</value></Data></ExtendedData><LineString><tessellate>1</tessellate><coordinates>-34.91041258,-7.27205123,0 -34.91051543,-7.27219711,0 -34.91058372,-7.27225711,0 -34.91072432,-7.27242109,0 -34.91086677,-7.27257167,0 -34.91098830,-7.27275870,0 -34.91102072,-7.27281028,0</coordinates></LineString></Placemark><Placemark><name>L_B_0003 — Bacia B</name><styleUrl>#rede_total</styleUrl><ExtendedData><Data name="BACIA"><value>B</value></Data><Data name="ID_LINK"><value>L_B_0003</value></Data></ExtendedData><LineString><tessellate>1</tessellate><coordinates>-34.91042626,-7.27218314,0 -34.91047188,-7.27254846,0 -34.91047607,-7.27277712,0</coordinates></LineString></Placemark><Placemark><name>L_B_0004 — Bacia B</name><styleUrl>#rede_total</styleUrl><ExtendedData><Data name="BACIA"><value>B</value></Data><Data name="ID_LINK"><value>L_B_0004</value></Data></ExtendedData><LineString><tessellate>1</tessellate><coordinates>-34.90993878,-7.27088772,0 -34.91027525,-7.27091788,0 -34.91033435,-7.27129654,0 -34.91041258,-7.27205123,0</coordinates></LineString></Placemark><Placemark><name>L_B_0005 — Bacia B</name><styleUrl>#rede_total</styleUrl><ExtendedData><Data name="BACIA"><value>B</value></Data><Data name="ID_LINK"><value>L_B_0005</value></Data></ExtendedData><LineString><tessellate>1</tessellate><coordinates>-34.91041258,-7.27205123,0 -34.91042626,-7.27218314,0</coordinates></LineString></Placemark><Placemark><name>L_B_0006 — Bacia B</name><styleUrl>#rede_total</styleUrl><ExtendedData><Data name="BACIA"><value>B</value></Data><Data name="ID_LINK"><value>L_B_0006</value></Data></ExtendedData><LineString><tessellate>1</tessellate><coordinates>-34.91032669,-7.27084590,0 -34.91066252,-7.27072392,0 -34.91091242,-7.27067694,0 -34.91095874,-7.27075425,0 -34.91118822,-7.27131590,0 -34.91135421,-7.27182041,0 -34.91157916,-7.27249219,0</coordinates></LineString></Placemark><Placemark><name>L_B_0007 — Bacia B</name><styleUrl>#rede_total</styleUrl><ExtendedData><Data name="BACIA"><value>B</value></Data><Data name="ID_LINK"><value>L_B_0007</value></Data></ExtendedData><LineString><tessellate>1</tessellate><coordinates>-34.91114207,-7.26947839,0 -34.91164063,-7.27067712,0 -34.91185365,-7.27119770,0 -34.91199439,-7.27162290,0 -34.91220001,-7.27209327,0 -34.91280192,-7.27175206,0</coordinates></LineString></Placemark><Placemark><name>L_B_0008 — Bacia B</name><styleUrl>#rede_total</styleUrl><ExtendedData><Data name="BACIA"><value>B</value></Data><Data name="ID_LINK"><value>L_B_0008</value></Data></ExtendedData><LineString><tessellate>1</tessellate><coordinates>-34.91280192,-7.27175206,0 -34.91305171,-7.27209066,0 -34.91327902,-7.27231573,0 -34.91346812,-7.27258432,0 -34.91357629,-7.27278538,0 -34.91389235,-7.27320046,0 -34.91406649,-7.27340946,0 -34.91415145,-7.27358911,0 -34.91473591,-7.27425338,0 -34.91515565,-7.27480012,0</coordinates></LineString></Placemark><Placemark><name>L_B_0009 — Bacia B</name><styleUrl>#rede_total</styleUrl><ExtendedData><Data name="BACIA"><value>B</value></Data><Data name="ID_LINK"><value>L_B_0009</value></Data></ExtendedData><LineString><tessellate>1</tessellate><coordinates>-34.91179565,-7.26918230,0 -34.91198599,-7.26958067,0 -34.91232064,-7.27049813,0 -34.91255944,-7.27135110,0 -34.91264911,-7.27159471,0 -34.91280192,-7.27175206,0</coordinates></LineString></Placemark><Placemark><name>L_B_0010 — Bacia B</name><styleUrl>#rede_total</styleUrl><ExtendedData><Data name="BACIA"><value>B</value></Data><Data name="ID_LINK"><value>L_B_0010</value></Data></ExtendedData><LineString><tessellate>1</tessellate><coordinates>-34.91245035,-7.26895229,0 -34.91299256,-7.27027522,0 -34.91347959,-7.27146383,0 -34.91376474,-7.27182048,0 -34.91405203,-7.27223198,0 -34.91464206,-7.27296386,0 -34.91494812,-7.27339314,0 -34.91525600,-7.27378048,0 -34.91567918,-7.27436142,0</coordinates></LineString></Placemark><Placemark><name>L_B_0011 — Bacia B</name><styleUrl>#rede_total</styleUrl><ExtendedData><Data name="BACIA"><value>B</value></Data><Data name="ID_LINK"><value>L_B_0011</value></Data></ExtendedData><LineString><tessellate>1</tessellate><coordinates>-34.91308164,-7.26875767,0 -34.91351728,-7.26980595,0 -34.91379358,-7.27056069,0 -34.91401173,-7.27106928,0 -34.91413475,-7.27127241,0 -34.91449861,-7.27177050,0 -34.91495402,-7.27230865,0 -34.91540922,-7.27289439,0 -34.91588315,-7.27349868,0 -34.91618923,-7.27386390,0</coordinates></LineString></Placemark><Placemark><name>L_B_0012 — Bacia B</name><styleUrl>#rede_total</styleUrl><ExtendedData><Data name="BACIA"><value>B</value></Data><Data name="ID_LINK"><value>L_B_0012</value></Data></ExtendedData><LineString><tessellate>1</tessellate><coordinates>-34.91382484,-7.26888623,0 -34.91390273,-7.26908371,0 -34.91414976,-7.26971705,0 -34.91426579,-7.26996343,0 -34.91440823,-7.27033599,0 -34.91457539,-7.27073747,0 -34.91494962,-7.27126896,0 -34.91526823,-7.27167446,0 -34.91566602,-7.27213214,0 -34.91593808,-7.27251774,0 -34.91640612,-7.27311620,0 -34.91667889,-7.27338627,0</coordinates></LineString></Placemark><Placemark><name>L_B_0013 — Bacia B</name><styleUrl>#rede_total</styleUrl><ExtendedData><Data name="BACIA"><value>B</value></Data><Data name="ID_LINK"><value>L_B_0013</value></Data></ExtendedData><LineString><tessellate>1</tessellate><coordinates>-34.91465002,-7.26895703,0 -34.91467714,-7.26900696,0 -34.91482543,-7.26926812,0 -34.91494473,-7.26956309,0 -34.91498513,-7.26968999,0 -34.91501209,-7.26988545,0 -34.91507612,-7.27016228,0 -34.91518335,-7.27062187,0 -34.91526946,-7.27059261,0</coordinates></LineString></Placemark><Placemark><name>L_B_0014 — Bacia B</name><styleUrl>#rede_total</styleUrl><ExtendedData><Data name="BACIA"><value>B</value></Data><Data name="ID_LINK"><value>L_B_0014</value></Data></ExtendedData><LineString><tessellate>1</tessellate><coordinates>-34.91526946,-7.27059261,0 -34.91526946,-7.27059261,0 -34.91553679,-7.27095005,0 -34.91597564,-7.27148666,0 -34.91613036,-7.27167843,0</coordinates></LineString></Placemark><Placemark><name>L_B_0015 — Bacia B</name><styleUrl>#rede_total</styleUrl><ExtendedData><Data name="BACIA"><value>B</value></Data><Data name="ID_LINK"><value>L_B_0015</value></Data></ExtendedData><LineString><tessellate>1</tessellate><coordinates>-34.91613036,-7.27167843,0 -34.91619720,-7.27176129,0 -34.91630899,-7.27191008,0 -34.91662902,-7.27230157,0 -34.91706140,-7.27286471,0 -34.91714306,-7.27296132,0</coordinates></LineString></Placemark><Placemark><name>L_B_0016 — Bacia B</name><styleUrl>#rede_total</styleUrl><ExtendedData><Data name="BACIA"><value>B</value></Data><Data name="ID_LINK"><value>L_B_0016</value></Data></ExtendedData><LineString><tessellate>1</tessellate><coordinates>-34.91506873,-7.26901277,0 -34.91518580,-7.26950600,0 -34.91535207,-7.27009194,0 -34.91548922,-7.27040779,0 -34.91526946,-7.27059261,0</coordinates></LineString></Placemark><Placemark><name>L_B_0017 — Bacia B</name><styleUrl>#rede_total</styleUrl><ExtendedData><Data name="BACIA"><value>B</value></Data><Data name="ID_LINK"><value>L_B_0017</value></Data></ExtendedData><LineString><tessellate>1</tessellate><coordinates>-34.91576674,-7.26911220,0 -34.91594761,-7.27018692,0 -34.91607919,-7.27075089,0 -34.91609200,-7.27124457,0 -34.91610726,-7.27156695,0 -34.91613036,-7.27167843,0</coordinates></LineString></Placemark><Placemark><name>L_B_0018 — Bacia B</name><styleUrl>#rede_total</styleUrl><ExtendedData><Data name="BACIA"><value>B</value></Data><Data name="ID_LINK"><value>L_B_0018</value></Data></ExtendedData><LineString><tessellate>1</tessellate><coordinates>-34.91650684,-7.26975924,0 -34.91668502,-7.27053831,0 -34.91675141,-7.27093990,0 -34.91678698,-7.27157763,0</coordinates></LineString></Placemark><Placemark><name>L_B_0019 — Bacia B</name><styleUrl>#rede_total</styleUrl><ExtendedData><Data name="BACIA"><value>B</value></Data><Data name="ID_LINK"><value>L_B_0019</value></Data></ExtendedData><LineString><tessellate>1</tessellate><coordinates>-34.91728784,-7.27032076,0 -34.91749913,-7.27156375,0</coordinates></LineString></Placemark><Placemark><name>L_B_0020 — Bacia B</name><styleUrl>#rede_total</styleUrl><ExtendedData><Data name="BACIA"><value>B</value></Data><Data name="ID_LINK"><value>L_B_0020</value></Data></ExtendedData><LineString><tessellate>1</tessellate><coordinates>-34.91799491,-7.27052416,0 -34.91821282,-7.27151767,0</coordinates></LineString></Placemark><Placemark><name>L_B_0021 — Bacia B</name><styleUrl>#rede_total</styleUrl><ExtendedData><Data name="BACIA"><value>B</value></Data><Data name="ID_LINK"><value>L_B_0021</value></Data></ExtendedData><LineString><tessellate>1</tessellate><coordinates>-34.91872609,-7.27085311,0 -34.91880942,-7.27129769,0 -34.91881700,-7.27138855,0 -34.91861372,-7.27147074,0 -34.91845374,-7.27152520,0</coordinates></LineString></Placemark><Placemark><name>L_B_0022 — Bacia B</name><styleUrl>#rede_total</styleUrl><ExtendedData><Data name="BACIA"><value>B</value></Data><Data name="ID_LINK"><value>L_B_0022</value></Data></ExtendedData><LineString><tessellate>1</tessellate><coordinates>-34.91685792,-7.27331721,0 -34.91731402,-7.27370002,0 -34.91780703,-7.27409971,0 -34.91820454,-7.27435665,0 -34.91867655,-7.27473395,0 -34.91908122,-7.27508430,0</coordinates></LineString></Placemark><Placemark><name>L_B_0023 — Bacia B</name><styleUrl>#rede_total</styleUrl><ExtendedData><Data name="BACIA"><value>B</value></Data><Data name="ID_LINK"><value>L_B_0023</value></Data></ExtendedData><LineString><tessellate>1</tessellate><coordinates>-34.91622521,-7.27393130,0 -34.91731939,-7.27496572,0 -34.91806561,-7.27573087,0</coordinates></LineString></Placemark><Placemark><name>L_B_0024 — Bacia B</name><styleUrl>#rede_total</styleUrl><ExtendedData><Data name="BACIA"><value>B</value></Data><Data name="ID_LINK"><value>L_B_0024</value></Data></ExtendedData><LineString><tessellate>1</tessellate><coordinates>-34.91546177,-7.27461194,0 -34.91692943,-7.27605345,0 -34.91719661,-7.27629528,0</coordinates></LineString></Placemark><Placemark><name>L_B_0025 — Bacia B</name><styleUrl>#rede_total</styleUrl><ExtendedData><Data name="BACIA"><value>B</value></Data><Data name="ID_LINK"><value>L_B_0025</value></Data></ExtendedData><LineString><tessellate>1</tessellate><coordinates>-34.91762282,-7.27269171,0 -34.91947325,-7.27406171,0 -34.92007897,-7.27450199,0</coordinates></LineString></Placemark><Placemark><name>L_B_0026 — Bacia B</name><styleUrl>#rede_total</styleUrl><ExtendedData><Data name="BACIA"><value>B</value></Data><Data name="ID_LINK"><value>L_B_0026</value></Data></ExtendedData><LineString><tessellate>1</tessellate><coordinates>-34.91000693,-7.27276030,0 -34.91047607,-7.27277712,0</coordinates></LineString></Placemark><Placemark><name>L_B_0027 — Bacia B</name><styleUrl>#rede_total</styleUrl><ExtendedData><Data name="BACIA"><value>B</value></Data><Data name="ID_LINK"><value>L_B_0027</value></Data></ExtendedData><LineString><tessellate>1</tessellate><coordinates>-34.91047607,-7.27277712,0 -34.91102072,-7.27281028,0</coordinates></LineString></Placemark><Placemark><name>L_B_0028 — Bacia B</name><styleUrl>#rede_total</styleUrl><ExtendedData><Data name="BACIA"><value>B</value></Data><Data name="ID_LINK"><value>L_B_0028</value></Data></ExtendedData><LineString><tessellate>1</tessellate><coordinates>-34.91102072,-7.27281028,0 -34.91113743,-7.27281739,0 -34.91157916,-7.27249219,0</coordinates></LineString></Placemark><Placemark><name>L_B_0029 — Bacia B</name><styleUrl>#rede_total</styleUrl><ExtendedData><Data name="BACIA"><value>B</value></Data><Data name="ID_LINK"><value>L_B_0029</value></Data></ExtendedData><LineString><tessellate>1</tessellate><coordinates>-34.91157916,-7.27249219,0 -34.91173352,-7.27237856,0 -34.91187878,-7.27226415,0 -34.91225292,-7.27281753,0 -34.91359767,-7.27448057,0 -34.91433006,-7.27545345,0 -34.91471405,-7.27516478,0 -34.91515565,-7.27480012,0</coordinates></LineString></Placemark><Placemark><name>L_B_0030 — Bacia B</name><styleUrl>#rede_total</styleUrl><ExtendedData><Data name="BACIA"><value>B</value></Data><Data name="ID_LINK"><value>L_B_0030</value></Data></ExtendedData><LineString><tessellate>1</tessellate><coordinates>-34.91515565,-7.27480012,0 -34.91563648,-7.27440306,0 -34.91567918,-7.27436142,0</coordinates></LineString></Placemark><Placemark><name>L_B_0031 — Bacia B</name><styleUrl>#rede_total</styleUrl><ExtendedData><Data name="BACIA"><value>B</value></Data><Data name="ID_LINK"><value>L_B_0031</value></Data></ExtendedData><LineString><tessellate>1</tessellate><coordinates>-34.91567918,-7.27436142,0 -34.91618923,-7.27386390,0</coordinates></LineString></Placemark><Placemark><name>L_B_0032 — Bacia B</name><styleUrl>#rede_total</styleUrl><ExtendedData><Data name="BACIA"><value>B</value></Data><Data name="ID_LINK"><value>L_B_0032</value></Data></ExtendedData><LineString><tessellate>1</tessellate><coordinates>-34.91618923,-7.27386390,0 -34.91667889,-7.27338627,0 -34.91667889,-7.27338627,0</coordinates></LineString></Placemark><Placemark><name>L_B_0033 — Bacia B</name><styleUrl>#rede_total</styleUrl><ExtendedData><Data name="BACIA"><value>B</value></Data><Data name="ID_LINK"><value>L_B_0033</value></Data></ExtendedData><LineString><tessellate>1</tessellate><coordinates>-34.91667889,-7.27338627,0 -34.91714306,-7.27296132,0</coordinates></LineString></Placemark><Placemark><name>L_B_0034 — Bacia B</name><styleUrl>#rede_total</styleUrl><ExtendedData><Data name="BACIA"><value>B</value></Data><Data name="ID_LINK"><value>L_B_0034</value></Data></ExtendedData><LineString><tessellate>1</tessellate><coordinates>-34.91714306,-7.27296132,0 -34.91717495,-7.27293213,0 -34.91810562,-7.27195097,0</coordinates></LineString></Placemark><Placemark><name>L_B_0035 — Bacia B</name><styleUrl>#rede_total</styleUrl><ExtendedData><Data name="BACIA"><value>B</value></Data><Data name="ID_LINK"><value>L_B_0035</value></Data></ExtendedData><LineString><tessellate>1</tessellate><coordinates>-34.91810562,-7.27195097,0 -34.91843343,-7.27227346,0 -34.91848076,-7.27222733,0</coordinates></LineString></Placemark><Placemark><name>L_B_0036 — Bacia B</name><styleUrl>#rede_total</styleUrl><ExtendedData><Data name="BACIA"><value>B</value></Data><Data name="ID_LINK"><value>L_B_0036</value></Data></ExtendedData><LineString><tessellate>1</tessellate><coordinates>-34.91719661,-7.27629528,0 -34.91806561,-7.27573087,0</coordinates></LineString></Placemark><Placemark><name>L_B_0037 — Bacia B</name><styleUrl>#rede_total</styleUrl><ExtendedData><Data name="BACIA"><value>B</value></Data><Data name="ID_LINK"><value>L_B_0037</value></Data></ExtendedData><LineString><tessellate>1</tessellate><coordinates>-34.91806561,-7.27573087,0 -34.91822867,-7.27562496,0 -34.91900082,-7.27512796,0 -34.91908122,-7.27508430,0</coordinates></LineString></Placemark><Placemark><name>L_B_0038 — Bacia B</name><styleUrl>#rede_total</styleUrl><ExtendedData><Data name="BACIA"><value>B</value></Data><Data name="ID_LINK"><value>L_B_0038</value></Data></ExtendedData><LineString><tessellate>1</tessellate><coordinates>-34.91908122,-7.27508430,0 -34.91967081,-7.27476411,0 -34.92007897,-7.27450199,0</coordinates></LineString></Placemark><Placemark><name>L_B_0039 — Bacia B</name><styleUrl>#rede_total</styleUrl><ExtendedData><Data name="BACIA"><value>B</value></Data><Data name="ID_LINK"><value>L_B_0039</value></Data></ExtendedData><LineString><tessellate>1</tessellate><coordinates>-34.92007897,-7.27450199,0 -34.92007897,-7.27450199,0 -34.92033330,-7.27448372,0 -34.92039586,-7.27450064,0 -34.92042420,-7.27447626,0</coordinates></LineString></Placemark><Placemark><name>L_B_0040 — Bacia B</name><styleUrl>#rede_total</styleUrl><ExtendedData><Data name="BACIA"><value>B</value></Data><Data name="ID_LINK"><value>L_B_0040</value></Data></ExtendedData><LineString><tessellate>1</tessellate><coordinates>-34.91617344,-7.27162543,0 -34.91678698,-7.27157763,0 -34.91678698,-7.27157763,0</coordinates></LineString></Placemark><Placemark><name>L_B_0041 — Bacia B</name><styleUrl>#rede_total</styleUrl><ExtendedData><Data name="BACIA"><value>B</value></Data><Data name="ID_LINK"><value>L_B_0041</value></Data></ExtendedData><LineString><tessellate>1</tessellate><coordinates>-34.91678698,-7.27157763,0 -34.91749913,-7.27156375,0 -34.91749913,-7.27156375,0</coordinates></LineString></Placemark><Placemark><name>L_B_0042 — Bacia B</name><styleUrl>#rede_total</styleUrl><ExtendedData><Data name="BACIA"><value>B</value></Data><Data name="ID_LINK"><value>L_B_0042</value></Data></ExtendedData><LineString><tessellate>1</tessellate><coordinates>-34.91749913,-7.27156375,0 -34.91821282,-7.27151767,0 -34.91821282,-7.27151767,0</coordinates></LineString></Placemark><Placemark><name>L_B_0043 — Bacia B</name><styleUrl>#rede_total</styleUrl><ExtendedData><Data name="BACIA"><value>B</value></Data><Data name="ID_LINK"><value>L_B_0043</value></Data></ExtendedData><LineString><tessellate>1</tessellate><coordinates>-34.91845374,-7.27152520,0 -34.91821282,-7.27151767,0</coordinates></LineString></Placemark><Placemark><name>L_B_0044 — Bacia B</name><styleUrl>#rede_total</styleUrl><ExtendedData><Data name="BACIA"><value>B</value></Data><Data name="ID_LINK"><value>L_B_0044</value></Data></ExtendedData><LineString><tessellate>1</tessellate><coordinates>-34.91845374,-7.27152520,0 -34.91838681,-7.27165101,0 -34.91810562,-7.27195097,0</coordinates></LineString></Placemark><Placemark><name>D_B_01 — Bacia B</name><styleUrl>#rede_total</styleUrl><ExtendedData><Data name="BACIA"><value>B</value></Data><Data name="ID_LINK"><value>D_B_01</value></Data></ExtendedData><LineString><tessellate>1</tessellate><coordinates>-34.91880050,-7.27194099,0 -34.91848076,-7.27222733,0</coordinates></LineString></Placemark><Placemark><name>D_B_02 — Bacia B</name><styleUrl>#rede_total</styleUrl><ExtendedData><Data name="BACIA"><value>B</value></Data><Data name="ID_LINK"><value>D_B_02</value></Data></ExtendedData><LineString><tessellate>1</tessellate><coordinates>-34.92042420,-7.27447626,0 -34.92089290,-7.27454374,0</coordinates></LineString></Placemark></Folder><Folder><name>Trechos selecionados por meta</name><Folder><name>Meta 1 — antiga META_04 (Bacia A)</name><Placemark><name>L_A_0028 — Meta 1 — COLETOR</name><styleUrl>#meta_01_coletor</styleUrl><description>Trecho selecionado para Meta 1 — antiga META_04 (Bacia A).</description><ExtendedData><Data name="META_ADMIN"><value>META_01</value></Data><Data name="META_ORIG"><value>META_04</value></Data><Data name="BACIA"><value>A</value></Data><Data name="CLASSE"><value>COLETOR</value></Data><Data name="ID_LINK"><value>L_A_0028</value></Data><Data name="NO_IN"><value>N_A_0044</value></Data><Data name="NO_OUT"><value>N_A_0043</value></Data><Data name="COMPR_M"><value>411.23913105418467</value></Data><Data name="DPROP_M"><value>0.5</value></Data><Data name="DREQ25"><value>0.388159883719322</value></Data><Data name="DREQ50"><value>0.40363669559934</value></Data><Data name="Q25_CMS"><value>0.273</value></Data><Data name="Q50_CMS"><value>0.303</value></Data><Data name="STATUS_SW"><value>SEM_ALERTA_TRIAGEM</value></Data><Data name="CRITICO"><value>0</value></Data></ExtendedData><LineString><tessellate>1</tessellate><coordinates>-34.91424375,-7.26821500,0 -34.91400935,-7.26762646,0 -34.91383541,-7.26728274,0 -34.91363261,-7.26691043,0 -34.91352211,-7.26661236,0 -34.91342942,-7.26644626,0 -34.91307572,-7.26574161,0 -34.91295370,-7.26543785,0 -34.91265229,-7.26485928,0</coordinates></LineString></Placemark><Placemark><name>L_A_0079 — Meta 1 — COLETOR</name><styleUrl>#meta_01_coletor</styleUrl><description>Trecho selecionado para Meta 1 — antiga META_04 (Bacia A).</description><ExtendedData><Data name="META_ADMIN"><value>META_01</value></Data><Data name="META_ORIG"><value>META_04</value></Data><Data name="BACIA"><value>A</value></Data><Data name="CLASSE"><value>COLETOR</value></Data><Data name="ID_LINK"><value>L_A_0079</value></Data><Data name="NO_IN"><value>N_A_0119</value></Data><Data name="NO_OUT"><value>N_A_0120</value></Data><Data name="COMPR_M"><value>63.36249454541312</value></Data><Data name="DPROP_M"><value>0.4</value></Data><Data name="DREQ25"><value>0.348602621865021</value></Data><Data name="DREQ50"><value>0.365594016659133</value></Data><Data name="Q25_CMS"><value>0.303</value></Data><Data name="Q50_CMS"><value>0.344</value></Data><Data name="STATUS_SW"><value>SEM_ALERTA_TRIAGEM</value></Data><Data name="CRITICO"><value>0</value></Data></ExtendedData><LineString><tessellate>1</tessellate><coordinates>-34.92069193,-7.26733317,0 -34.92077253,-7.26790034,0</coordinates></LineString></Placemark><Placemark><name>L_A_0080 — Meta 1 — COLETOR</name><styleUrl>#meta_01_coletor</styleUrl><description>Trecho selecionado para Meta 1 — antiga META_04 (Bacia A).</description><ExtendedData><Data name="META_ADMIN"><value>META_01</value></Data><Data name="META_ORIG"><value>META_04</value></Data><Data name="BACIA"><value>A</value></Data><Data name="CLASSE"><value>COLETOR</value></Data><Data name="ID_LINK"><value>L_A_0080</value></Data><Data name="NO_IN"><value>N_A_0120</value></Data><Data name="NO_OUT"><value>N_A_0121</value></Data><Data name="COMPR_M"><value>2.193045120339944</value></Data><Data name="DPROP_M"><value>0.6</value></Data><Data name="Q25_CMS"><value>0.593</value></Data><Data name="Q50_CMS"><value>0.63</value></Data><Data name="STATUS_SW"><value>AUDITAR_COTA_SENTIDO</value></Data><Data name="CRITICO"><value>1</value></Data></ExtendedData><LineString><tessellate>1</tessellate><coordinates>-34.92077253,-7.26790034,0 -34.92077532,-7.26791997,0</coordinates></LineString></Placemark><Placemark><name>L_A_0081 — Meta 1 — COLETOR</name><styleUrl>#meta_01_coletor</styleUrl><description>Trecho selecionado para Meta 1 — antiga META_04 (Bacia A).</description><ExtendedData><Data name="META_ADMIN"><value>META_01</value></Data><Data name="META_ORIG"><value>META_04</value></Data><Data name="BACIA"><value>A</value></Data><Data name="CLASSE"><value>COLETOR</value></Data><Data name="ID_LINK"><value>L_A_0081</value></Data><Data name="NO_IN"><value>N_A_0122</value></Data><Data name="NO_OUT"><value>N_A_0123</value></Data><Data name="COMPR_M"><value>147.5584743293287</value></Data><Data name="DPROP_M"><value>0.4</value></Data><Data name="DREQ25"><value>0.325880734158889</value></Data><Data name="DREQ50"><value>0.342557281325324</value></Data><Data name="Q25_CMS"><value>0.281</value></Data><Data name="Q50_CMS"><value>0.321</value></Data><Data name="STATUS_SW"><value>SEM_ALERTA_TRIAGEM</value></Data><Data name="CRITICO"><value>0</value></Data></ExtendedData><LineString><tessellate>1</tessellate><coordinates>-34.91990303,-7.26658922,0 -34.92014146,-7.26790186,0</coordinates></LineString></Placemark><Placemark><name>L_A_0082 — Meta 1 — COLETOR</name><styleUrl>#meta_01_coletor</styleUrl><description>Trecho selecionado para Meta 1 — antiga META_04 (Bacia A).</description><ExtendedData><Data name="META_ADMIN"><value>META_01</value></Data><Data name="META_ORIG"><value>META_04</value></Data><Data name="BACIA"><value>A</value></Data><Data name="CLASSE"><value>COLETOR</value></Data><Data name="ID_LINK"><value>L_A_0082</value></Data><Data name="NO_IN"><value>N_A_0124</value></Data><Data name="NO_OUT"><value>N_A_0125</value></Data><Data name="COMPR_M"><value>145.58230691205034</value></Data><Data name="DPROP_M"><value>0.3</value></Data><Data name="DREQ25"><value>0.277198586444149</value></Data><Data name="DREQ50"><value>0.290553664165232</value></Data><Data name="Q25_CMS"><value>0.187</value></Data><Data name="Q50_CMS"><value>0.212</value></Data><Data name="STATUS_SW"><value>SEM_ALERTA_TRIAGEM</value></Data><Data name="CRITICO"><value>0</value></Data></ExtendedData><LineString><tessellate>1</tessellate><coordinates>-34.91926491,-7.26660341,0 -34.91946242,-7.26790473,0</coordinates></LineString></Placemark><Placemark><name>L_A_0083 — Meta 1 — COLETOR</name><styleUrl>#meta_01_coletor</styleUrl><description>Trecho selecionado para Meta 1 — antiga META_04 (Bacia A).</description><ExtendedData><Data name="META_ADMIN"><value>META_01</value></Data><Data name="META_ORIG"><value>META_04</value></Data><Data name="BACIA"><value>A</value></Data><Data name="CLASSE"><value>COLETOR</value></Data><Data name="ID_LINK"><value>L_A_0083</value></Data><Data name="NO_IN"><value>N_A_0126</value></Data><Data name="NO_OUT"><value>N_A_0127</value></Data><Data name="COMPR_M"><value>148.64194906498153</value></Data><Data name="DPROP_M"><value>0.4</value></Data><Data name="DREQ25"><value>0.302355791211562</value></Data><Data name="DREQ50"><value>0.317178089479763</value></Data><Data name="Q25_CMS"><value>0.191</value></Data><Data name="Q50_CMS"><value>0.217</value></Data><Data name="STATUS_SW"><value>SEM_ALERTA_TRIAGEM</value></Data><Data name="CRITICO"><value>0</value></Data></ExtendedData><LineString><tessellate>1</tessellate><coordinates>-34.91860797,-7.26664063,0 -34.91882951,-7.26796615,0</coordinates></LineString></Placemark><Placemark><name>L_A_0084 — Meta 1 — COLETOR</name><styleUrl>#meta_01_coletor</styleUrl><description>Trecho selecionado para Meta 1 — antiga META_04 (Bacia A).</description><ExtendedData><Data name="META_ADMIN"><value>META_01</value></Data><Data name="META_ORIG"><value>META_04</value></Data><Data name="BACIA"><value>A</value></Data><Data name="CLASSE"><value>COLETOR</value></Data><Data name="ID_LINK"><value>L_A_0084</value></Data><Data name="NO_IN"><value>N_A_0128</value></Data><Data name="NO_OUT"><value>N_A_0129</value></Data><Data name="COMPR_M"><value>150.7564072384951</value></Data><Data name="DPROP_M"><value>0.4</value></Data><Data name="DREQ25"><value>0.326094192027541</value></Data><Data name="DREQ50"><value>0.365295367884153</value></Data><Data name="Q25_CMS"><value>0.198</value></Data><Data name="Q50_CMS"><value>0.268</value></Data><Data name="STATUS_SW"><value>SEM_ALERTA_TRIAGEM</value></Data><Data name="CRITICO"><value>0</value></Data></ExtendedData><LineString><tessellate>1</tessellate><coordinates>-34.91795550,-7.26666062,0 -34.91816738,-7.26800706,0</coordinates></LineString></Placemark><Placemark><name>L_A_0085 — Meta 1 — COLETOR</name><styleUrl>#meta_01_coletor</styleUrl><description>Trecho selecionado para Meta 1 — antiga META_04 (Bacia A).</description><ExtendedData><Data name="META_ADMIN"><value>META_01</value></Data><Data name="META_ORIG"><value>META_04</value></Data><Data name="BACIA"><value>A</value></Data><Data name="CLASSE"><value>COLETOR</value></Data><Data name="ID_LINK"><value>L_A_0085</value></Data><Data name="NO_IN"><value>N_A_0130</value></Data><Data name="NO_OUT"><value>N_A_0131</value></Data><Data name="COMPR_M"><value>146.70019034838558</value></Data><Data name="DPROP_M"><value>0.6</value></Data><Data name="DREQ25"><value>0.492632839204223</value></Data><Data name="DREQ50"><value>0.503020265148553</value></Data><Data name="Q25_CMS"><value>0.367</value></Data><Data name="Q50_CMS"><value>0.388</value></Data><Data name="STATUS_SW"><value>SEM_ALERTA_TRIAGEM</value></Data><Data name="CRITICO"><value>0</value></Data></ExtendedData><LineString><tessellate>1</tessellate><coordinates>-34.91733050,-7.26671684,0 -34.91755737,-7.26802365,0</coordinates></LineString></Placemark><Placemark><name>L_A_0086 — Meta 1 — COLETOR</name><styleUrl>#meta_01_coletor</styleUrl><description>Trecho selecionado para Meta 1 — antiga META_04 (Bacia A).</description><ExtendedData><Data name="META_ADMIN"><value>META_01</value></Data><Data name="META_ORIG"><value>META_04</value></Data><Data name="BACIA"><value>A</value></Data><Data name="CLASSE"><value>COLETOR</value></Data><Data name="ID_LINK"><value>L_A_0086</value></Data><Data name="NO_IN"><value>N_A_0132</value></Data><Data name="NO_OUT"><value>N_A_0131</value></Data><Data name="COMPR_M"><value>2.777885010378409</value></Data><Data name="DPROP_M"><value>0.8</value></Data><Data name="DREQ25"><value>0.605062282996945</value></Data><Data name="DREQ50"><value>0.627825447389862</value></Data><Data name="Q25_CMS"><value>0.744</value></Data><Data name="Q50_CMS"><value>0.821</value></Data><Data name="STATUS_SW"><value>CAPACIDADE_PRELIM</value></Data><Data name="CRITICO"><value>1</value></Data></ExtendedData><LineString><tessellate>1</tessellate><coordinates>-34.91756166,-7.26804839,0 -34.91755737,-7.26802365,0</coordinates></LineString></Placemark><Placemark><name>L_A_0087 — Meta 1 — COLETOR</name><styleUrl>#meta_01_coletor</styleUrl><description>Trecho selecionado para Meta 1 — antiga META_04 (Bacia A).</description><ExtendedData><Data name="META_ADMIN"><value>META_01</value></Data><Data name="META_ORIG"><value>META_04</value></Data><Data name="BACIA"><value>A</value></Data><Data name="CLASSE"><value>COLETOR</value></Data><Data name="ID_LINK"><value>L_A_0087</value></Data><Data name="NO_IN"><value>N_A_0133</value></Data><Data name="NO_OUT"><value>N_A_0134</value></Data><Data name="COMPR_M"><value>144.47449399160928</value></Data><Data name="DPROP_M"><value>0.6</value></Data><Data name="DREQ25"><value>0.556158318684512</value></Data><Data name="DREQ50"><value>0.553197361977951</value></Data><Data name="Q25_CMS"><value>0.283</value></Data><Data name="Q50_CMS"><value>0.279</value></Data><Data name="STATUS_SW"><value>SEM_ALERTA_TRIAGEM</value></Data><Data name="CRITICO"><value>0</value></Data></ExtendedData><LineString><tessellate>1</tessellate><coordinates>-34.91668100,-7.26675978,0 -34.91687553,-7.26805142,0</coordinates></LineString></Placemark><Placemark><name>L_A_0088 — Meta 1 — COLETOR</name><styleUrl>#meta_01_coletor</styleUrl><description>Trecho selecionado para Meta 1 — antiga META_04 (Bacia A).</description><ExtendedData><Data name="META_ADMIN"><value>META_01</value></Data><Data name="META_ORIG"><value>META_04</value></Data><Data name="BACIA"><value>A</value></Data><Data name="CLASSE"><value>COLETOR</value></Data><Data name="ID_LINK"><value>L_A_0088</value></Data><Data name="NO_IN"><value>N_A_0134</value></Data><Data name="NO_OUT"><value>N_A_0135</value></Data><Data name="COMPR_M"><value>3.045974712913609</value></Data><Data name="DPROP_M"><value>0.3</value></Data><Data name="DREQ25"><value>0.225945091204408</value></Data><Data name="DREQ50"><value>0.227640434185756</value></Data><Data name="Q25_CMS"><value>0.298</value></Data><Data name="Q50_CMS"><value>0.304</value></Data><Data name="STATUS_SW"><value>SEM_ALERTA_TRIAGEM</value></Data><Data name="CRITICO"><value>0</value></Data></ExtendedData><LineString><tessellate>1</tessellate><coordinates>-34.91687553,-7.26805142,0 -34.91688142,-7.26807833,0</coordinates></LineString></Placemark><Placemark><name>L_A_0089 — Meta 1 — COLETOR</name><styleUrl>#meta_01_coletor</styleUrl><description>Trecho selecionado para Meta 1 — antiga META_04 (Bacia A).</description><ExtendedData><Data name="META_ADMIN"><value>META_01</value></Data><Data name="META_ORIG"><value>META_04</value></Data><Data name="BACIA"><value>A</value></Data><Data name="CLASSE"><value>COLETOR</value></Data><Data name="ID_LINK"><value>L_A_0089</value></Data><Data name="NO_IN"><value>N_A_0136</value></Data><Data name="NO_OUT"><value>N_A_0135</value></Data><Data name="COMPR_M"><value>5.243267147463402</value></Data><Data name="DPROP_M"><value>0.3</value></Data><Data name="DREQ25"><value>0.242722789948672</value></Data><Data name="DREQ50"><value>0.23280714265231</value></Data><Data name="Q25_CMS"><value>0.342</value></Data><Data name="Q50_CMS"><value>0.306</value></Data><Data name="STATUS_SW"><value>SEM_ALERTA_TRIAGEM</value></Data><Data name="CRITICO"><value>0</value></Data></ExtendedData><LineString><tessellate>1</tessellate><coordinates>-34.91689040,-7.26812487,0 -34.91688142,-7.26807833,0</coordinates></LineString></Placemark><Placemark><name>L_A_0090 — Meta 1 — COLETOR</name><styleUrl>#meta_01_coletor</styleUrl><description>Trecho selecionado para Meta 1 — antiga META_04 (Bacia A).</description><ExtendedData><Data name="META_ADMIN"><value>META_01</value></Data><Data name="META_ORIG"><value>META_04</value></Data><Data name="BACIA"><value>A</value></Data><Data name="CLASSE"><value>COLETOR</value></Data><Data name="ID_LINK"><value>L_A_0090</value></Data><Data name="NO_IN"><value>N_A_0137</value></Data><Data name="NO_OUT"><value>N_A_0138</value></Data><Data name="COMPR_M"><value>153.42034742871758</value></Data><Data name="DPROP_M"><value>0.5</value></Data><Data name="DREQ25"><value>0.382308313770244</value></Data><Data name="DREQ50"><value>0.400212307519923</value></Data><Data name="Q25_CMS"><value>0.208</value></Data><Data name="Q50_CMS"><value>0.235</value></Data><Data name="STATUS_SW"><value>SEM_ALERTA_TRIAGEM</value></Data><Data name="CRITICO"><value>0</value></Data></ExtendedData><LineString><tessellate>1</tessellate><coordinates>-34.91604855,-7.26675755,0 -34.91624608,-7.26813050,0</coordinates></LineString></Placemark><Placemark><name>L_A_0091 — Meta 1 — COLETOR</name><styleUrl>#meta_01_coletor</styleUrl><description>Trecho selecionado para Meta 1 — antiga META_04 (Bacia A).</description><ExtendedData><Data name="META_ADMIN"><value>META_01</value></Data><Data name="META_ORIG"><value>META_04</value></Data><Data name="BACIA"><value>A</value></Data><Data name="CLASSE"><value>COLETOR</value></Data><Data name="ID_LINK"><value>L_A_0091</value></Data><Data name="NO_IN"><value>N_A_0138</value></Data><Data name="NO_OUT"><value>N_A_0139</value></Data><Data name="COMPR_M"><value>2.469575675747997</value></Data><Data name="DPROP_M"><value>0.6</value></Data><Data name="Q25_CMS"><value>0.183</value></Data><Data name="Q50_CMS"><value>0.817</value></Data><Data name="STATUS_SW"><value>AUDITAR_COTA_SENTIDO</value></Data><Data name="CRITICO"><value>1</value></Data></ExtendedData><LineString><tessellate>1</tessellate><coordinates>-34.91624608,-7.26813050,0 -34.91624926,-7.26815260,0</coordinates></LineString></Placemark><Placemark><name>L_A_0092 — Meta 1 — COLETOR</name><styleUrl>#meta_01_coletor</styleUrl><description>Trecho selecionado para Meta 1 — antiga META_04 (Bacia A).</description><ExtendedData><Data name="META_ADMIN"><value>META_01</value></Data><Data name="META_ORIG"><value>META_04</value></Data><Data name="BACIA"><value>A</value></Data><Data name="CLASSE"><value>COLETOR</value></Data><Data name="ID_LINK"><value>L_A_0092</value></Data><Data name="NO_IN"><value>N_A_0141</value></Data><Data name="NO_OUT"><value>N_A_0140</value></Data><Data name="COMPR_M"><value>156.9965646652757</value></Data><Data name="DPROP_M"><value>0.4</value></Data><Data name="DREQ25"><value>0.376250012779602</value></Data><Data name="DREQ50"><value>0.393048090336892</value></Data><Data name="Q25_CMS"><value>0.34</value></Data><Data name="Q50_CMS"><value>0.382</value></Data><Data name="STATUS_SW"><value>VELOCIDADE_ALTA</value></Data><Data name="CRITICO"><value>1</value></Data></ExtendedData><LineString><tessellate>1</tessellate><coordinates>-34.91560179,-7.26817598,0 -34.91538327,-7.26677346,0</coordinates></LineString></Placemark><Placemark><name>L_A_0093 — Meta 1 — COLETOR</name><styleUrl>#meta_01_coletor</styleUrl><description>Trecho selecionado para Meta 1 — antiga META_04 (Bacia A).</description><ExtendedData><Data name="META_ADMIN"><value>META_01</value></Data><Data name="META_ORIG"><value>META_04</value></Data><Data name="BACIA"><value>A</value></Data><Data name="CLASSE"><value>COLETOR</value></Data><Data name="ID_LINK"><value>L_A_0093</value></Data><Data name="NO_IN"><value>N_A_0143</value></Data><Data name="NO_OUT"><value>N_A_0142</value></Data><Data name="COMPR_M"><value>157.46900508565847</value></Data><Data name="DPROP_M"><value>0.4</value></Data><Data name="DREQ25"><value>0.362658234288679</value></Data><Data name="DREQ50"><value>0.378402765072605</value></Data><Data name="Q25_CMS"><value>0.475</value></Data><Data name="Q50_CMS"><value>0.532</value></Data><Data name="STATUS_SW"><value>VELOCIDADE_ALTA</value></Data><Data name="CRITICO"><value>1</value></Data></ExtendedData><LineString><tessellate>1</tessellate><coordinates>-34.91493712,-7.26819928,0 -34.91470431,-7.26679474,0</coordinates></LineString></Placemark><Placemark><name>L_A_0098 — Meta 1 — COLETOR</name><styleUrl>#meta_01_coletor</styleUrl><description>Trecho selecionado para Meta 1 — antiga META_04 (Bacia A).</description><ExtendedData><Data name="META_ADMIN"><value>META_01</value></Data><Data name="META_ORIG"><value>META_04</value></Data><Data name="BACIA"><value>A</value></Data><Data name="CLASSE"><value>COLETOR</value></Data><Data name="ID_LINK"><value>L_A_0098</value></Data><Data name="NO_IN"><value>N_A_0150</value></Data><Data name="NO_OUT"><value>N_A_0151</value></Data><Data name="COMPR_M"><value>90.05292304968324</value></Data><Data name="DPROP_M"><value>0.4</value></Data><Data name="DREQ25"><value>0.37183062510453</value></Data><Data name="DREQ50"><value>0.389460908806235</value></Data><Data name="Q25_CMS"><value>0.289</value></Data><Data name="Q50_CMS"><value>0.327</value></Data><Data name="STATUS_SW"><value>SEM_ALERTA_TRIAGEM</value></Data><Data name="CRITICO"><value>0</value></Data></ExtendedData><LineString><tessellate>1</tessellate><coordinates>-34.92201665,-7.26870744,0 -34.92197861,-7.26789417,0</coordinates></LineString></Placemark><Placemark><name>L_A_0101 — Meta 1 — COLETOR</name><styleUrl>#meta_01_coletor</styleUrl><description>Trecho selecionado para Meta 1 — antiga META_04 (Bacia A).</description><ExtendedData><Data name="META_ADMIN"><value>META_01</value></Data><Data name="META_ORIG"><value>META_04</value></Data><Data name="BACIA"><value>A</value></Data><Data name="CLASSE"><value>COLETOR</value></Data><Data name="ID_LINK"><value>L_A_0101</value></Data><Data name="NO_IN"><value>N_A_0121</value></Data><Data name="NO_OUT"><value>N_A_0154</value></Data><Data name="COMPR_M"><value>254.24079878134899</value></Data><Data name="DPROP_M"><value>0.5</value></Data><Data name="DREQ25"><value>0.463118293906445</value></Data><Data name="DREQ50"><value>0.477632900740988</value></Data><Data name="Q25_CMS"><value>0.478</value></Data><Data name="Q50_CMS"><value>0.519</value></Data><Data name="STATUS_SW"><value>VELOCIDADE_ALTA</value></Data><Data name="CRITICO"><value>1</value></Data></ExtendedData><LineString><tessellate>1</tessellate><coordinates>-34.92077532,-7.26791997,0 -34.92091393,-7.26857746,0 -34.92130244,-7.27015717,0</coordinates></LineString></Placemark><Placemark><name>L_A_0102 — Meta 1 — COLETOR</name><styleUrl>#meta_01_coletor</styleUrl><description>Trecho selecionado para Meta 1 — antiga META_04 (Bacia A).</description><ExtendedData><Data name="META_ADMIN"><value>META_01</value></Data><Data name="META_ORIG"><value>META_04</value></Data><Data name="BACIA"><value>A</value></Data><Data name="CLASSE"><value>COLETOR</value></Data><Data name="ID_LINK"><value>L_A_0102</value></Data><Data name="NO_IN"><value>N_A_0123</value></Data><Data name="NO_OUT"><value>N_A_0155</value></Data><Data name="COMPR_M"><value>314.0993922752514</value></Data><Data name="DPROP_M"><value>0.8</value></Data><Data name="DREQ25"><value>0.640322662165902</value></Data><Data name="DREQ50"><value>0.647550988294375</value></Data><Data name="Q25_CMS"><value>0.724</value></Data><Data name="Q50_CMS"><value>0.746</value></Data><Data name="STATUS_SW"><value>CAPACIDADE_PRELIM</value></Data><Data name="CRITICO"><value>1</value></Data></ExtendedData><LineString><tessellate>1</tessellate><coordinates>-34.92014146,-7.26790186,0 -34.92046522,-7.26952123,0 -34.92073175,-7.27067944,0</coordinates></LineString></Placemark><Placemark><name>L_A_0104 — Meta 1 — COLETOR</name><styleUrl>#meta_01_coletor</styleUrl><description>Trecho selecionado para Meta 1 — antiga META_04 (Bacia A).</description><ExtendedData><Data name="META_ADMIN"><value>META_01</value></Data><Data name="META_ORIG"><value>META_04</value></Data><Data name="BACIA"><value>A</value></Data><Data name="CLASSE"><value>COLETOR</value></Data><Data name="ID_LINK"><value>L_A_0104</value></Data><Data name="NO_IN"><value>N_A_0158</value></Data><Data name="NO_OUT"><value>N_A_0159</value></Data><Data name="COMPR_M"><value>234.9823844271132</value></Data><Data name="DPROP_M"><value>0.8</value></Data><Data name="DREQ25"><value>0.604136193862777</value></Data><Data name="DREQ50"><value>0.636356128663206</value></Data><Data name="Q25_CMS"><value>0.397</value></Data><Data name="Q50_CMS"><value>0.456</value></Data><Data name="STATUS_SW"><value>CAPACIDADE_PRELIM</value></Data><Data name="CRITICO"><value>1</value></Data></ExtendedData><LineString><tessellate>1</tessellate><coordinates>-34.91990381,-7.27000488,0 -34.91946683,-7.26792573,0</coordinates></LineString></Placemark><Placemark><name>L_A_0105 — Meta 1 — COLETOR</name><styleUrl>#meta_01_coletor</styleUrl><description>Trecho selecionado para Meta 1 — antiga META_04 (Bacia A).</description><ExtendedData><Data name="META_ADMIN"><value>META_01</value></Data><Data name="META_ORIG"><value>META_04</value></Data><Data name="BACIA"><value>A</value></Data><Data name="CLASSE"><value>COLETOR</value></Data><Data name="ID_LINK"><value>L_A_0105</value></Data><Data name="NO_IN"><value>N_A_0159</value></Data><Data name="NO_OUT"><value>N_A_0125</value></Data><Data name="COMPR_M"><value>2.373400466646464</value></Data><Data name="DPROP_M"><value>0.6</value></Data><Data name="Q25_CMS"><value>1.918</value></Data><Data name="Q50_CMS"><value>2.134</value></Data><Data name="STATUS_SW"><value>AUDITAR_COTA_SENTIDO</value></Data><Data name="CRITICO"><value>1</value></Data></ExtendedData><LineString><tessellate>1</tessellate><coordinates>-34.91946683,-7.26792573,0 -34.91946242,-7.26790473,0</coordinates></LineString></Placemark><Placemark><name>L_A_0107 — Meta 1 — COLETOR</name><styleUrl>#meta_01_coletor</styleUrl><description>Trecho selecionado para Meta 1 — antiga META_04 (Bacia A).</description><ExtendedData><Data name="META_ADMIN"><value>META_01</value></Data><Data name="META_ORIG"><value>META_04</value></Data><Data name="BACIA"><value>A</value></Data><Data name="CLASSE"><value>COLETOR</value></Data><Data name="ID_LINK"><value>L_A_0107</value></Data><Data name="NO_IN"><value>N_A_0161</value></Data><Data name="NO_OUT"><value>N_A_0127</value></Data><Data name="COMPR_M"><value>265.39056756100257</value></Data><Data name="DPROP_M"><value>0.8</value></Data><Data name="DREQ25"><value>0.620482847137574</value></Data><Data name="DREQ50"><value>0.652005164090775</value></Data><Data name="Q25_CMS"><value>0.361</value></Data><Data name="Q50_CMS"><value>0.412</value></Data><Data name="STATUS_SW"><value>CAPACIDADE_PRELIM</value></Data><Data name="CRITICO"><value>1</value></Data></ExtendedData><LineString><tessellate>1</tessellate><coordinates>-34.91926878,-7.27032507,0 -34.91882951,-7.26796615,0</coordinates></LineString></Placemark><Placemark><name>L_A_0108 — Meta 1 — COLETOR</name><styleUrl>#meta_01_coletor</styleUrl><description>Trecho selecionado para Meta 1 — antiga META_04 (Bacia A).</description><ExtendedData><Data name="META_ADMIN"><value>META_01</value></Data><Data name="META_ORIG"><value>META_04</value></Data><Data name="BACIA"><value>A</value></Data><Data name="CLASSE"><value>COLETOR</value></Data><Data name="ID_LINK"><value>L_A_0108</value></Data><Data name="NO_IN"><value>N_A_0129</value></Data><Data name="NO_OUT"><value>N_A_0162</value></Data><Data name="COMPR_M"><value>312.2287572375513</value></Data><Data name="DPROP_M"><value>1.2</value></Data><Data name="DREQ25"><value>0.96235897012618</value></Data><Data name="DREQ50"><value>1.025259452668804</value></Data><Data name="Q25_CMS"><value>0.647</value></Data><Data name="Q50_CMS"><value>0.766</value></Data><Data name="STATUS_SW"><value>CAPACIDADE_PRELIM</value></Data><Data name="CRITICO"><value>1</value></Data></ExtendedData><LineString><tessellate>1</tessellate><coordinates>-34.91816738,-7.26800706,0 -34.91870459,-7.27077843,0</coordinates></LineString></Placemark><Placemark><name>L_A_0109 — Meta 1 — COLETOR</name><styleUrl>#meta_01_coletor</styleUrl><description>Trecho selecionado para Meta 1 — antiga META_04 (Bacia A).</description><ExtendedData><Data name="META_ADMIN"><value>META_01</value></Data><Data name="META_ORIG"><value>META_04</value></Data><Data name="BACIA"><value>A</value></Data><Data name="CLASSE"><value>COLETOR</value></Data><Data name="ID_LINK"><value>L_A_0109</value></Data><Data name="NO_IN"><value>N_A_0163</value></Data><Data name="NO_OUT"><value>N_A_0132</value></Data><Data name="COMPR_M"><value>246.0492986614718</value></Data><Data name="DPROP_M"><value>0.6</value></Data><Data name="DREQ25"><value>0.520519753633174</value></Data><Data name="DREQ50"><value>0.547765254744648</value></Data><Data name="Q25_CMS"><value>0.446</value></Data><Data name="Q50_CMS"><value>0.511</value></Data><Data name="STATUS_SW"><value>SEM_ALERTA_TRIAGEM</value></Data><Data name="CRITICO"><value>0</value></Data></ExtendedData><LineString><tessellate>1</tessellate><coordinates>-34.91794799,-7.27023918,0 -34.91756166,-7.26804839,0</coordinates></LineString></Placemark><Placemark><name>L_A_0110 — Meta 1 — COLETOR</name><styleUrl>#meta_01_coletor</styleUrl><description>Trecho selecionado para Meta 1 — antiga META_04 (Bacia A).</description><ExtendedData><Data name="META_ADMIN"><value>META_01</value></Data><Data name="META_ORIG"><value>META_04</value></Data><Data name="BACIA"><value>A</value></Data><Data name="CLASSE"><value>COLETOR</value></Data><Data name="ID_LINK"><value>L_A_0110</value></Data><Data name="NO_IN"><value>N_A_0164</value></Data><Data name="NO_OUT"><value>N_A_0136</value></Data><Data name="COMPR_M"><value>234.553429829649</value></Data><Data name="DPROP_M"><value>0.6</value></Data><Data name="DREQ25"><value>0.584670055382165</value></Data><Data name="DREQ50"><value>0.598233166750031</value></Data><Data name="Q25_CMS"><value>0.222</value></Data><Data name="Q50_CMS"><value>0.236</value></Data><Data name="STATUS_SW"><value>SEM_ALERTA_TRIAGEM</value></Data><Data name="CRITICO"><value>0</value></Data></ExtendedData><LineString><tessellate>1</tessellate><coordinates>-34.91722053,-7.27021966,0 -34.91689040,-7.26812487,0</coordinates></LineString></Placemark><Placemark><name>L_A_0111 — Meta 1 — COLETOR</name><styleUrl>#meta_01_coletor</styleUrl><description>Trecho selecionado para Meta 1 — antiga META_04 (Bacia A).</description><ExtendedData><Data name="META_ADMIN"><value>META_01</value></Data><Data name="META_ORIG"><value>META_04</value></Data><Data name="BACIA"><value>A</value></Data><Data name="CLASSE"><value>COLETOR</value></Data><Data name="ID_LINK"><value>L_A_0111</value></Data><Data name="NO_IN"><value>N_A_0136</value></Data><Data name="NO_OUT"><value>N_A_0135</value></Data><Data name="COMPR_M"><value>5.243267147463402</value></Data><Data name="DPROP_M"><value>0.3</value></Data><Data name="DREQ25"><value>0.242722789948672</value></Data><Data name="DREQ50"><value>0.23280714265231</value></Data><Data name="Q25_CMS"><value>0.342</value></Data><Data name="Q50_CMS"><value>0.306</value></Data><Data name="STATUS_SW"><value>SEM_ALERTA_TRIAGEM</value></Data><Data name="CRITICO"><value>0</value></Data></ExtendedData><LineString><tessellate>1</tessellate><coordinates>-34.91689040,-7.26812487,0 -34.91688142,-7.26807833,0</coordinates></LineString></Placemark><Placemark><name>L_A_0112 — Meta 1 — COLETOR</name><styleUrl>#meta_01_coletor</styleUrl><description>Trecho selecionado para Meta 1 — antiga META_04 (Bacia A).</description><ExtendedData><Data name="META_ADMIN"><value>META_01</value></Data><Data name="META_ORIG"><value>META_04</value></Data><Data name="BACIA"><value>A</value></Data><Data name="CLASSE"><value>COLETOR</value></Data><Data name="ID_LINK"><value>L_A_0112</value></Data><Data name="NO_IN"><value>N_A_0134</value></Data><Data name="NO_OUT"><value>N_A_0135</value></Data><Data name="COMPR_M"><value>3.045974712913609</value></Data><Data name="DPROP_M"><value>0.3</value></Data><Data name="DREQ25"><value>0.225945091204408</value></Data><Data name="DREQ50"><value>0.227640434185756</value></Data><Data name="Q25_CMS"><value>0.298</value></Data><Data name="Q50_CMS"><value>0.304</value></Data><Data name="STATUS_SW"><value>SEM_ALERTA_TRIAGEM</value></Data><Data name="CRITICO"><value>0</value></Data></ExtendedData><LineString><tessellate>1</tessellate><coordinates>-34.91687553,-7.26805142,0 -34.91688142,-7.26807833,0</coordinates></LineString></Placemark><Placemark><name>L_A_0114 — Meta 1 — COLETOR</name><styleUrl>#meta_01_coletor</styleUrl><description>Trecho selecionado para Meta 1 — antiga META_04 (Bacia A).</description><ExtendedData><Data name="META_ADMIN"><value>META_01</value></Data><Data name="META_ORIG"><value>META_04</value></Data><Data name="BACIA"><value>A</value></Data><Data name="CLASSE"><value>COLETOR</value></Data><Data name="ID_LINK"><value>L_A_0114</value></Data><Data name="NO_IN"><value>N_A_0167</value></Data><Data name="NO_OUT"><value>N_A_0139</value></Data><Data name="COMPR_M"><value>158.34448518582582</value></Data><Data name="DPROP_M"><value>0.4</value></Data><Data name="DREQ25"><value>0.380861218525546</value></Data><Data name="DREQ50"><value>0.39958390104683</value></Data><Data name="Q25_CMS"><value>0.293</value></Data><Data name="Q50_CMS"><value>0.333</value></Data><Data name="STATUS_SW"><value>SEM_ALERTA_TRIAGEM</value></Data><Data name="CRITICO"><value>0</value></Data></ExtendedData><LineString><tessellate>1</tessellate><coordinates>-34.91646826,-7.26956737,0 -34.91624926,-7.26815260,0</coordinates></LineString></Placemark><Placemark><name>L_A_0116 — Meta 1 — COLETOR</name><styleUrl>#meta_01_coletor</styleUrl><description>Trecho selecionado para Meta 1 — antiga META_04 (Bacia A).</description><ExtendedData><Data name="META_ADMIN"><value>META_01</value></Data><Data name="META_ORIG"><value>META_04</value></Data><Data name="BACIA"><value>A</value></Data><Data name="CLASSE"><value>COLETOR</value></Data><Data name="ID_LINK"><value>L_A_0116</value></Data><Data name="NO_IN"><value>N_A_0170</value></Data><Data name="NO_OUT"><value>N_A_0141</value></Data><Data name="COMPR_M"><value>85.49724167623945</value></Data><Data name="DPROP_M"><value>0.4</value></Data><Data name="DREQ25"><value>0.287137350523562</value></Data><Data name="DREQ50"><value>0.300280100876141</value></Data><Data name="Q25_CMS"><value>0.142</value></Data><Data name="Q50_CMS"><value>0.16</value></Data><Data name="STATUS_SW"><value>SEM_ALERTA_TRIAGEM</value></Data><Data name="CRITICO"><value>0</value></Data></ExtendedData><LineString><tessellate>1</tessellate><coordinates>-34.91573387,-7.26893761,0 -34.91560179,-7.26817598,0</coordinates></LineString></Placemark><Placemark><name>L_A_0117 — Meta 1 — COLETOR</name><styleUrl>#meta_01_coletor</styleUrl><description>Trecho selecionado para Meta 1 — antiga META_04 (Bacia A).</description><ExtendedData><Data name="META_ADMIN"><value>META_01</value></Data><Data name="META_ORIG"><value>META_04</value></Data><Data name="BACIA"><value>A</value></Data><Data name="CLASSE"><value>COLETOR</value></Data><Data name="ID_LINK"><value>L_A_0117</value></Data><Data name="NO_IN"><value>N_A_0171</value></Data><Data name="NO_OUT"><value>N_A_0143</value></Data><Data name="COMPR_M"><value>83.06588504059255</value></Data><Data name="DPROP_M"><value>0.4</value></Data><Data name="DREQ25"><value>0.305474072210843</value></Data><Data name="DREQ50"><value>0.32009115735109</value></Data><Data name="Q25_CMS"><value>0.113</value></Data><Data name="Q50_CMS"><value>0.128</value></Data><Data name="STATUS_SW"><value>SEM_ALERTA_TRIAGEM</value></Data><Data name="CRITICO"><value>0</value></Data></ExtendedData><LineString><tessellate>1</tessellate><coordinates>-34.91505825,-7.26894046,0 -34.91493712,-7.26819928,0</coordinates></LineString></Placemark><Placemark><name>L_A_0119 — Meta 1 — COLETOR</name><styleUrl>#meta_01_coletor</styleUrl><description>Trecho selecionado para Meta 1 — antiga META_04 (Bacia A).</description><ExtendedData><Data name="META_ADMIN"><value>META_01</value></Data><Data name="META_ORIG"><value>META_04</value></Data><Data name="BACIA"><value>A</value></Data><Data name="CLASSE"><value>COLETOR</value></Data><Data name="ID_LINK"><value>L_A_0119</value></Data><Data name="NO_IN"><value>N_A_0044</value></Data><Data name="NO_OUT"><value>N_A_0174</value></Data><Data name="COMPR_M"><value>46.324798006313344</value></Data><Data name="DPROP_M"><value>0.5</value></Data><Data name="DREQ25"><value>0.388260514445101</value></Data><Data name="DREQ50"><value>0.40374918694746</value></Data><Data name="Q25_CMS"><value>0.382</value></Data><Data name="Q50_CMS"><value>0.424</value></Data><Data name="STATUS_SW"><value>VELOCIDADE_ALTA</value></Data><Data name="CRITICO"><value>1</value></Data></ExtendedData><LineString><tessellate>1</tessellate><coordinates>-34.91424375,-7.26821500,0 -34.91444691,-7.26858141,0</coordinates></LineString></Placemark><Placemark><name>L_A_0146 — Meta 1 — TRONCO</name><styleUrl>#meta_01_tronco</styleUrl><description>Trecho selecionado para Meta 1 — antiga META_04 (Bacia A).</description><ExtendedData><Data name="META_ADMIN"><value>META_01</value></Data><Data name="META_ORIG"><value>META_04</value></Data><Data name="BACIA"><value>A</value></Data><Data name="CLASSE"><value>TRONCO</value></Data><Data name="ID_LINK"><value>L_A_0146</value></Data><Data name="NO_IN"><value>N_A_0028</value></Data><Data name="NO_OUT"><value>N_A_0044</value></Data><Data name="COMPR_M"><value>70.0026595952465</value></Data><Data name="DPROP_M"><value>0.6</value></Data><Data name="DREQ25"><value>0.545887775367318</value></Data><Data name="DREQ50"><value>0.566882274932062</value></Data><Data name="Q25_CMS"><value>1.294</value></Data><Data name="Q50_CMS"><value>1.431</value></Data><Data name="STATUS_SW"><value>VELOCIDADE_ALTA</value></Data><Data name="CRITICO"><value>1</value></Data></ExtendedData><LineString><tessellate>1</tessellate><coordinates>-34.91364905,-7.26843388,0 -34.91424375,-7.26821500,0</coordinates></LineString></Placemark><Placemark><name>L_A_0147 — Meta 1 — TRONCO</name><styleUrl>#meta_01_tronco</styleUrl><description>Trecho selecionado para Meta 1 — antiga META_04 (Bacia A).</description><ExtendedData><Data name="META_ADMIN"><value>META_01</value></Data><Data name="META_ORIG"><value>META_04</value></Data><Data name="BACIA"><value>A</value></Data><Data name="CLASSE"><value>TRONCO</value></Data><Data name="ID_LINK"><value>L_A_0147</value></Data><Data name="NO_IN"><value>N_A_0044</value></Data><Data name="NO_OUT"><value>N_A_0143</value></Data><Data name="COMPR_M"><value>76.60167547331872</value></Data><Data name="DPROP_M"><value>0.5</value></Data><Data name="DREQ25"><value>0.416871498338945</value></Data><Data name="DREQ50"><value>0.434690627842128</value></Data><Data name="Q25_CMS"><value>0.94</value></Data><Data name="Q50_CMS"><value>1.051</value></Data><Data name="STATUS_SW"><value>VELOCIDADE_ALTA</value></Data><Data name="CRITICO"><value>1</value></Data></ExtendedData><LineString><tessellate>1</tessellate><coordinates>-34.91424375,-7.26821500,0 -34.91493712,-7.26819928,0</coordinates></LineString></Placemark><Placemark><name>L_A_0148 — Meta 1 — TRONCO</name><styleUrl>#meta_01_tronco</styleUrl><description>Trecho selecionado para Meta 1 — antiga META_04 (Bacia A).</description><ExtendedData><Data name="META_ADMIN"><value>META_01</value></Data><Data name="META_ORIG"><value>META_04</value></Data><Data name="BACIA"><value>A</value></Data><Data name="CLASSE"><value>TRONCO</value></Data><Data name="ID_LINK"><value>L_A_0148</value></Data><Data name="NO_IN"><value>N_A_0143</value></Data><Data name="NO_OUT"><value>N_A_0141</value></Data><Data name="COMPR_M"><value>73.48066620300405</value></Data><Data name="DPROP_M"><value>0.5</value></Data><Data name="DREQ25"><value>0.394021270065811</value></Data><Data name="DREQ50"><value>0.41195483160276</value></Data><Data name="Q25_CMS"><value>0.857</value></Data><Data name="Q50_CMS"><value>0.965</value></Data><Data name="STATUS_SW"><value>VELOCIDADE_ALTA</value></Data><Data name="CRITICO"><value>1</value></Data></ExtendedData><LineString><tessellate>1</tessellate><coordinates>-34.91493712,-7.26819928,0 -34.91534402,-7.26819338,0 -34.91560179,-7.26817598,0</coordinates></LineString></Placemark><Placemark><name>L_A_0149 — Meta 1 — TRONCO</name><styleUrl>#meta_01_tronco</styleUrl><description>Trecho selecionado para Meta 1 — antiga META_04 (Bacia A).</description><ExtendedData><Data name="META_ADMIN"><value>META_01</value></Data><Data name="META_ORIG"><value>META_04</value></Data><Data name="BACIA"><value>A</value></Data><Data name="CLASSE"><value>TRONCO</value></Data><Data name="ID_LINK"><value>L_A_0149</value></Data><Data name="NO_IN"><value>N_A_0141</value></Data><Data name="NO_OUT"><value>N_A_0138</value></Data><Data name="COMPR_M"><value>71.33987369823515</value></Data><Data name="DPROP_M"><value>0.5</value></Data><Data name="DREQ25"><value>0.409236159377703</value></Data><Data name="DREQ50"><value>0.428709103242936</value></Data><Data name="Q25_CMS"><value>0.932</value></Data><Data name="Q50_CMS"><value>1.055</value></Data><Data name="STATUS_SW"><value>VELOCIDADE_ALTA</value></Data><Data name="CRITICO"><value>1</value></Data></ExtendedData><LineString><tessellate>1</tessellate><coordinates>-34.91560179,-7.26817598,0 -34.91606814,-7.26814511,0 -34.91624608,-7.26813050,0</coordinates></LineString></Placemark><Placemark><name>L_A_0150 — Meta 1 — TRONCO</name><styleUrl>#meta_01_tronco</styleUrl><description>Trecho selecionado para Meta 1 — antiga META_04 (Bacia A).</description><ExtendedData><Data name="META_ADMIN"><value>META_01</value></Data><Data name="META_ORIG"><value>META_04</value></Data><Data name="BACIA"><value>A</value></Data><Data name="CLASSE"><value>TRONCO</value></Data><Data name="ID_LINK"><value>L_A_0150</value></Data><Data name="NO_IN"><value>N_A_0138</value></Data><Data name="NO_OUT"><value>N_A_0135</value></Data><Data name="COMPR_M"><value>70.40938609338839</value></Data><Data name="DPROP_M"><value>0.6</value></Data><Data name="DREQ25"><value>0.56636448052297</value></Data><Data name="DREQ50"><value>0.572166150774472</value></Data><Data name="Q25_CMS"><value>1.343</value></Data><Data name="Q50_CMS"><value>1.38</value></Data><Data name="STATUS_SW"><value>VELOCIDADE_ALTA</value></Data><Data name="CRITICO"><value>1</value></Data></ExtendedData><LineString><tessellate>1</tessellate><coordinates>-34.91624608,-7.26813050,0 -34.91688142,-7.26807833,0</coordinates></LineString></Placemark><Placemark><name>L_A_0151 — Meta 1 — TRONCO</name><styleUrl>#meta_01_tronco</styleUrl><description>Trecho selecionado para Meta 1 — antiga META_04 (Bacia A).</description><ExtendedData><Data name="META_ADMIN"><value>META_01</value></Data><Data name="META_ORIG"><value>META_04</value></Data><Data name="BACIA"><value>A</value></Data><Data name="CLASSE"><value>TRONCO</value></Data><Data name="ID_LINK"><value>L_A_0151</value></Data><Data name="NO_IN"><value>N_A_0135</value></Data><Data name="NO_OUT"><value>N_A_0131</value></Data><Data name="COMPR_M"><value>74.90378014666575</value></Data><Data name="DPROP_M"><value>0.8</value></Data><Data name="DREQ25"><value>0.768401500498374</value></Data><Data name="DREQ50"><value>0.765278193122882</value></Data><Data name="Q25_CMS"><value>1.944</value></Data><Data name="Q50_CMS"><value>1.923</value></Data><Data name="STATUS_SW"><value>VELOCIDADE_ALTA</value></Data><Data name="CRITICO"><value>1</value></Data></ExtendedData><LineString><tessellate>1</tessellate><coordinates>-34.91688142,-7.26807833,0 -34.91754221,-7.26802406,0 -34.91755737,-7.26802365,0</coordinates></LineString></Placemark><Placemark><name>L_A_0152 — Meta 1 — TRONCO</name><styleUrl>#meta_01_tronco</styleUrl><description>Trecho selecionado para Meta 1 — antiga META_04 (Bacia A).</description><ExtendedData><Data name="META_ADMIN"><value>META_01</value></Data><Data name="META_ORIG"><value>META_04</value></Data><Data name="BACIA"><value>A</value></Data><Data name="CLASSE"><value>TRONCO</value></Data><Data name="ID_LINK"><value>L_A_0152</value></Data><Data name="NO_IN"><value>N_A_0131</value></Data><Data name="NO_OUT"><value>N_A_0129</value></Data><Data name="COMPR_M"><value>67.39953911342818</value></Data><Data name="DPROP_M"><value>1.0</value></Data><Data name="DREQ25"><value>0.868886324812831</value></Data><Data name="DREQ50"><value>0.882063891797163</value></Data><Data name="Q25_CMS"><value>2.93</value></Data><Data name="Q50_CMS"><value>3.05</value></Data><Data name="STATUS_SW"><value>CAPACIDADE_PRELIM</value></Data><Data name="CRITICO"><value>1</value></Data></ExtendedData><LineString><tessellate>1</tessellate><coordinates>-34.91755737,-7.26802365,0 -34.91816738,-7.26800706,0</coordinates></LineString></Placemark><Placemark><name>L_A_0153 — Meta 1 — TRONCO</name><styleUrl>#meta_01_tronco</styleUrl><description>Trecho selecionado para Meta 1 — antiga META_04 (Bacia A).</description><ExtendedData><Data name="META_ADMIN"><value>META_01</value></Data><Data name="META_ORIG"><value>META_04</value></Data><Data name="BACIA"><value>A</value></Data><Data name="CLASSE"><value>TRONCO</value></Data><Data name="ID_LINK"><value>L_A_0153</value></Data><Data name="NO_IN"><value>N_A_0129</value></Data><Data name="NO_OUT"><value>N_A_0127</value></Data><Data name="COMPR_M"><value>73.27934693833907</value></Data><Data name="DPROP_M"><value>0.8</value></Data><Data name="DREQ25"><value>0.788157518958105</value></Data><Data name="DREQ50"><value>0.794105533483724</value></Data><Data name="Q25_CMS"><value>2.864</value></Data><Data name="Q50_CMS"><value>2.922</value></Data><Data name="STATUS_SW"><value>VELOCIDADE_ALTA</value></Data><Data name="CRITICO"><value>1</value></Data></ExtendedData><LineString><tessellate>1</tessellate><coordinates>-34.91816738,-7.26800706,0 -34.91816738,-7.26800706,0 -34.91858412,-7.26798616,0 -34.91882951,-7.26796615,0</coordinates></LineString></Placemark><Placemark><name>L_A_0154 — Meta 1 — TRONCO</name><styleUrl>#meta_01_tronco</styleUrl><description>Trecho selecionado para Meta 1 — antiga META_04 (Bacia A).</description><ExtendedData><Data name="META_ADMIN"><value>META_01</value></Data><Data name="META_ORIG"><value>META_04</value></Data><Data name="BACIA"><value>A</value></Data><Data name="CLASSE"><value>TRONCO</value></Data><Data name="ID_LINK"><value>L_A_0154</value></Data><Data name="NO_IN"><value>N_A_0127</value></Data><Data name="NO_OUT"><value>N_A_0159</value></Data><Data name="COMPR_M"><value>70.53265352319414</value></Data><Data name="DPROP_M"><value>1.0</value></Data><Data name="DREQ25"><value>0.876143670072877</value></Data><Data name="DREQ50"><value>0.891269541257987</value></Data><Data name="Q25_CMS"><value>3.897</value></Data><Data name="Q50_CMS"><value>4.079</value></Data><Data name="STATUS_SW"><value>CAPACIDADE_PRELIM</value></Data><Data name="CRITICO"><value>1</value></Data></ExtendedData><LineString><tessellate>1</tessellate><coordinates>-34.91882951,-7.26796615,0 -34.91905518,-7.26795166,0 -34.91946683,-7.26792573,0</coordinates></LineString></Placemark><Placemark><name>L_A_0155 — Meta 1 — TRONCO</name><styleUrl>#meta_01_tronco</styleUrl><description>Trecho selecionado para Meta 1 — antiga META_04 (Bacia A).</description><ExtendedData><Data name="META_ADMIN"><value>META_01</value></Data><Data name="META_ORIG"><value>META_04</value></Data><Data name="BACIA"><value>A</value></Data><Data name="CLASSE"><value>TRONCO</value></Data><Data name="ID_LINK"><value>L_A_0155</value></Data><Data name="NO_IN"><value>N_A_0159</value></Data><Data name="NO_OUT"><value>N_A_0123</value></Data><Data name="COMPR_M"><value>74.59069799273485</value></Data><Data name="DPROP_M"><value>1.0</value></Data><Data name="DREQ25"><value>0.82085086632791</value></Data><Data name="DREQ50"><value>0.8225739390643</value></Data><Data name="Q25_CMS"><value>2.675</value></Data><Data name="Q50_CMS"><value>2.69</value></Data><Data name="STATUS_SW"><value>CAPACIDADE_PRELIM</value></Data><Data name="CRITICO"><value>1</value></Data></ExtendedData><LineString><tessellate>1</tessellate><coordinates>-34.91946683,-7.26792573,0 -34.91982457,-7.26790320,0 -34.92014146,-7.26790186,0</coordinates></LineString></Placemark><Placemark><name>L_A_0156 — Meta 1 — TRONCO</name><styleUrl>#meta_01_tronco</styleUrl><description>Trecho selecionado para Meta 1 — antiga META_04 (Bacia A).</description><ExtendedData><Data name="META_ADMIN"><value>META_01</value></Data><Data name="META_ORIG"><value>META_04</value></Data><Data name="BACIA"><value>A</value></Data><Data name="CLASSE"><value>TRONCO</value></Data><Data name="ID_LINK"><value>L_A_0156</value></Data><Data name="NO_IN"><value>N_A_0123</value></Data><Data name="NO_OUT"><value>N_A_0120</value></Data><Data name="COMPR_M"><value>69.70122535328709</value></Data><Data name="DPROP_M"><value>1.0</value></Data><Data name="DREQ25"><value>0.852712397160981</value></Data><Data name="DREQ50"><value>0.86666175202097</value></Data><Data name="Q25_CMS"><value>2.578</value></Data><Data name="Q50_CMS"><value>2.692</value></Data><Data name="STATUS_SW"><value>CAPACIDADE_PRELIM</value></Data><Data name="CRITICO"><value>1</value></Data></ExtendedData><LineString><tessellate>1</tessellate><coordinates>-34.92014146,-7.26790186,0 -34.92018673,-7.26790167,0 -34.92077253,-7.26790034,0</coordinates></LineString></Placemark><Placemark><name>L_A_0157 — Meta 1 — TRONCO</name><styleUrl>#meta_01_tronco</styleUrl><description>Trecho selecionado para Meta 1 — antiga META_04 (Bacia A).</description><ExtendedData><Data name="META_ADMIN"><value>META_01</value></Data><Data name="META_ORIG"><value>META_04</value></Data><Data name="BACIA"><value>A</value></Data><Data name="CLASSE"><value>TRONCO</value></Data><Data name="ID_LINK"><value>L_A_0157</value></Data><Data name="NO_IN"><value>N_A_0120</value></Data><Data name="NO_OUT"><value>N_A_0151</value></Data><Data name="COMPR_M"><value>133.21291190140047</value></Data><Data name="DPROP_M"><value>0.8</value></Data><Data name="DREQ25"><value>0.714060850321706</value></Data><Data name="DREQ50"><value>0.73030423923898</value></Data><Data name="Q25_CMS"><value>2.653</value></Data><Data name="Q50_CMS"><value>2.817</value></Data><Data name="STATUS_SW"><value>VELOCIDADE_ALTA</value></Data><Data name="CRITICO"><value>1</value></Data></ExtendedData><LineString><tessellate>1</tessellate><coordinates>-34.92077253,-7.26790034,0 -34.92167147,-7.26789829,0 -34.92187965,-7.26789510,0 -34.92197861,-7.26789417,0</coordinates></LineString></Placemark><Placemark><name>L_A_0158 — Meta 1 — TRONCO</name><styleUrl>#meta_01_tronco</styleUrl><description>Trecho selecionado para Meta 1 — antiga META_04 (Bacia A).</description><ExtendedData><Data name="META_ADMIN"><value>META_01</value></Data><Data name="META_ORIG"><value>META_04</value></Data><Data name="BACIA"><value>A</value></Data><Data name="CLASSE"><value>TRONCO</value></Data><Data name="ID_LINK"><value>L_A_0158</value></Data><Data name="NO_IN"><value>N_A_0151</value></Data><Data name="NO_OUT"><value>N_A_0193</value></Data><Data name="COMPR_M"><value>20.214522928489433</value></Data><Data name="DPROP_M"><value>1.0</value></Data><Data name="DREQ25"><value>0.854226961406405</value></Data><Data name="DREQ50"><value>0.884272638054853</value></Data><Data name="Q25_CMS"><value>4.629</value></Data><Data name="Q50_CMS"><value>5.076</value></Data><Data name="STATUS_SW"><value>CAPACIDADE_PRELIM</value></Data><Data name="CRITICO"><value>1</value></Data></ExtendedData><LineString><tessellate>1</tessellate><coordinates>-34.92197861,-7.26789417,0 -34.92199752,-7.26789399,0 -34.92204366,-7.26789259,0 -34.92208671,-7.26789193,0 -34.92212705,-7.26789131,0 -34.92216160,-7.26789078,0</coordinates></LineString></Placemark><Placemark><name>L_A_0182 — Meta 1 — TRONCO</name><styleUrl>#meta_01_tronco</styleUrl><description>Trecho selecionado para Meta 1 — antiga META_04 (Bacia A).</description><ExtendedData><Data name="META_ADMIN"><value>META_01</value></Data><Data name="META_ORIG"><value>META_04</value></Data><Data name="BACIA"><value>A</value></Data><Data name="CLASSE"><value>TRONCO</value></Data><Data name="ID_LINK"><value>L_A_0182</value></Data><Data name="NO_IN"><value>N_A_0118</value></Data><Data name="NO_OUT"><value>N_A_0151</value></Data><Data name="COMPR_M"><value>70.02566284760444</value></Data><Data name="DPROP_M"><value>0.6</value></Data><Data name="DREQ25"><value>0.569597662063774</value></Data><Data name="DREQ50"><value>0.599643374590087</value></Data><Data name="Q25_CMS"><value>1.477</value></Data><Data name="Q50_CMS"><value>1.694</value></Data><Data name="STATUS_SW"><value>VELOCIDADE_ALTA</value></Data><Data name="CRITICO"><value>1</value></Data></ExtendedData><LineString><tessellate>1</tessellate><coordinates>-34.92197127,-7.26726120,0 -34.92197902,-7.26763752,0 -34.92197676,-7.26782736,0 -34.92197861,-7.26789417,0</coordinates></LineString></Placemark></Folder><Folder><name>Meta 2 — antiga META_02 (Bacia B)</name><Placemark><name>L_B_0022 — Meta 2 — COLETOR</name><styleUrl>#meta_02_coletor</styleUrl><description>Trecho selecionado para Meta 2 — antiga META_02 (Bacia B).</description><ExtendedData><Data name="META_ADMIN"><value>META_02</value></Data><Data name="META_ORIG"><value>META_02</value></Data><Data name="BACIA"><value>B</value></Data><Data name="CLASSE"><value>COLETOR</value></Data><Data name="ID_LINK"><value>L_B_0022</value></Data><Data name="NO_IN"><value>N_B_0033</value></Data><Data name="NO_OUT"><value>N_B_0034</value></Data><Data name="COMPR_M"><value>314.17755033790985</value></Data><Data name="DPROP_M"><value>0.4</value></Data><Data name="DREQ25"><value>0.366372962125906</value></Data><Data name="DREQ50"><value>0.383839013627661</value></Data><Data name="Q25_CMS"><value>0.363</value></Data><Data name="Q50_CMS"><value>0.411</value></Data><Data name="STATUS_SW"><value>SEM_ALERTA_TRIAGEM</value></Data><Data name="CRITICO"><value>0</value></Data></ExtendedData><LineString><tessellate>1</tessellate><coordinates>-34.91685792,-7.27331721,0 -34.91731402,-7.27370002,0 -34.91780703,-7.27409971,0 -34.91820454,-7.27435665,0 -34.91867655,-7.27473395,0 -34.91908122,-7.27508430,0</coordinates></LineString></Placemark><Placemark><name>L_B_0023 — Meta 2 — COLETOR</name><styleUrl>#meta_02_coletor</styleUrl><description>Trecho selecionado para Meta 2 — antiga META_02 (Bacia B).</description><ExtendedData><Data name="META_ADMIN"><value>META_02</value></Data><Data name="META_ORIG"><value>META_02</value></Data><Data name="BACIA"><value>B</value></Data><Data name="CLASSE"><value>COLETOR</value></Data><Data name="ID_LINK"><value>L_B_0023</value></Data><Data name="NO_IN"><value>N_B_0035</value></Data><Data name="NO_OUT"><value>N_B_0036</value></Data><Data name="COMPR_M"><value>284.5513292071679</value></Data><Data name="DPROP_M"><value>0.4</value></Data><Data name="DREQ25"><value>0.359952971646301</value></Data><Data name="DREQ50"><value>0.379068922539824</value></Data><Data name="Q25_CMS"><value>0.392</value></Data><Data name="Q50_CMS"><value>0.45</value></Data><Data name="STATUS_SW"><value>SEM_ALERTA_TRIAGEM</value></Data><Data name="CRITICO"><value>0</value></Data></ExtendedData><LineString><tessellate>1</tessellate><coordinates>-34.91622521,-7.27393130,0 -34.91731939,-7.27496572,0 -34.91806561,-7.27573087,0</coordinates></LineString></Placemark><Placemark><name>L_B_0025 — Meta 2 — COLETOR</name><styleUrl>#meta_02_coletor</styleUrl><description>Trecho selecionado para Meta 2 — antiga META_02 (Bacia B).</description><ExtendedData><Data name="META_ADMIN"><value>META_02</value></Data><Data name="META_ORIG"><value>META_02</value></Data><Data name="BACIA"><value>B</value></Data><Data name="CLASSE"><value>COLETOR</value></Data><Data name="ID_LINK"><value>L_B_0025</value></Data><Data name="NO_IN"><value>N_B_0039</value></Data><Data name="NO_OUT"><value>N_B_0040</value></Data><Data name="COMPR_M"><value>337.1712776535128</value></Data><Data name="DPROP_M"><value>0.5</value></Data><Data name="DREQ25"><value>0.390287731173965</value></Data><Data name="DREQ50"><value>0.412194766912337</value></Data><Data name="Q25_CMS"><value>0.421</value></Data><Data name="Q50_CMS"><value>0.487</value></Data><Data name="STATUS_SW"><value>SEM_ALERTA_TRIAGEM</value></Data><Data name="CRITICO"><value>0</value></Data></ExtendedData><LineString><tessellate>1</tessellate><coordinates>-34.91762282,-7.27269171,0 -34.91947325,-7.27406171,0 -34.92007897,-7.27450199,0</coordinates></LineString></Placemark><Placemark><name>L_B_0036 — Meta 2 — TRONCO</name><styleUrl>#meta_02_tronco</styleUrl><description>Trecho selecionado para Meta 2 — antiga META_02 (Bacia B).</description><ExtendedData><Data name="META_ADMIN"><value>META_02</value></Data><Data name="META_ORIG"><value>META_02</value></Data><Data name="BACIA"><value>B</value></Data><Data name="CLASSE"><value>TRONCO</value></Data><Data name="ID_LINK"><value>L_B_0036</value></Data><Data name="NO_IN"><value>N_B_0038</value></Data><Data name="NO_OUT"><value>N_B_0036</value></Data><Data name="COMPR_M"><value>114.49472335484492</value></Data><Data name="DPROP_M"><value>1.0</value></Data><Data name="DREQ25"><value>0.919588823873596</value></Data><Data name="DREQ50"><value>0.926669660673153</value></Data><Data name="Q25_CMS"><value>1.984</value></Data><Data name="Q50_CMS"><value>2.025</value></Data><Data name="STATUS_SW"><value>CAPACIDADE_PRELIM</value></Data><Data name="CRITICO"><value>1</value></Data></ExtendedData><LineString><tessellate>1</tessellate><coordinates>-34.91719661,-7.27629528,0 -34.91806561,-7.27573087,0</coordinates></LineString></Placemark><Placemark><name>L_B_0037 — Meta 2 — TRONCO</name><styleUrl>#meta_02_tronco</styleUrl><description>Trecho selecionado para Meta 2 — antiga META_02 (Bacia B).</description><ExtendedData><Data name="META_ADMIN"><value>META_02</value></Data><Data name="META_ORIG"><value>META_02</value></Data><Data name="BACIA"><value>B</value></Data><Data name="CLASSE"><value>TRONCO</value></Data><Data name="ID_LINK"><value>L_B_0037</value></Data><Data name="NO_IN"><value>N_B_0036</value></Data><Data name="NO_OUT"><value>N_B_0034</value></Data><Data name="COMPR_M"><value>133.0556967331609</value></Data><Data name="DPROP_M"><value>1.5</value></Data><Data name="DREQ25"><value>1.203112685411559</value></Data><Data name="DREQ50"><value>1.205949108406102</value></Data><Data name="Q25_CMS"><value>2.54</value></Data><Data name="Q50_CMS"><value>2.556</value></Data><Data name="STATUS_SW"><value>CAPACIDADE_PRELIM</value></Data><Data name="CRITICO"><value>1</value></Data></ExtendedData><LineString><tessellate>1</tessellate><coordinates>-34.91806561,-7.27573087,0 -34.91822867,-7.27562496,0 -34.91900082,-7.27512796,0 -34.91908122,-7.27508430,0</coordinates></LineString></Placemark><Placemark><name>L_B_0038 — Meta 2 — TRONCO</name><styleUrl>#meta_02_tronco</styleUrl><description>Trecho selecionado para Meta 2 — antiga META_02 (Bacia B).</description><ExtendedData><Data name="META_ADMIN"><value>META_02</value></Data><Data name="META_ORIG"><value>META_02</value></Data><Data name="BACIA"><value>B</value></Data><Data name="CLASSE"><value>TRONCO</value></Data><Data name="ID_LINK"><value>L_B_0038</value></Data><Data name="NO_IN"><value>N_B_0034</value></Data><Data name="NO_OUT"><value>N_B_0040</value></Data><Data name="COMPR_M"><value>127.72438826830773</value></Data><Data name="DPROP_M"><value>1.0</value></Data><Data name="DREQ25"><value>0.937181203397847</value></Data><Data name="DREQ50"><value>0.939302252008587</value></Data><Data name="Q25_CMS"><value>3.473</value></Data><Data name="Q50_CMS"><value>3.494</value></Data><Data name="STATUS_SW"><value>CAPACIDADE_PRELIM</value></Data><Data name="CRITICO"><value>1</value></Data></ExtendedData><LineString><tessellate>1</tessellate><coordinates>-34.91908122,-7.27508430,0 -34.91967081,-7.27476411,0 -34.92007897,-7.27450199,0</coordinates></LineString></Placemark><Placemark><name>L_B_0039 — Meta 2 — TRONCO</name><styleUrl>#meta_02_tronco</styleUrl><description>Trecho selecionado para Meta 2 — antiga META_02 (Bacia B).</description><ExtendedData><Data name="META_ADMIN"><value>META_02</value></Data><Data name="META_ORIG"><value>META_02</value></Data><Data name="BACIA"><value>B</value></Data><Data name="CLASSE"><value>TRONCO</value></Data><Data name="ID_LINK"><value>L_B_0039</value></Data><Data name="NO_IN"><value>N_B_0040</value></Data><Data name="NO_OUT"><value>N_B_0044</value></Data><Data name="COMPR_M"><value>39.45357495072143</value></Data><Data name="DPROP_M"><value>1.0</value></Data><Data name="DREQ25"><value>0.963007194760274</value></Data><Data name="DREQ50"><value>0.978388867688396</value></Data><Data name="Q25_CMS"><value>4.68</value></Data><Data name="Q50_CMS"><value>4.882</value></Data><Data name="STATUS_SW"><value>CAPACIDADE_PRELIM</value></Data><Data name="CRITICO"><value>1</value></Data></ExtendedData><LineString><tessellate>1</tessellate><coordinates>-34.92007897,-7.27450199,0 -34.92007897,-7.27450199,0 -34.92033330,-7.27448372,0 -34.92039586,-7.27450064,0 -34.92042420,-7.27447626,0</coordinates></LineString></Placemark><Placemark><name>D_B_02 — Meta 2 — DISSIPADOR</name><styleUrl>#meta_02_coletor</styleUrl><description>Trecho selecionado para Meta 2 — antiga META_02 (Bacia B).</description><ExtendedData><Data name="META_ADMIN"><value>META_02</value></Data><Data name="META_ORIG"><value>META_02</value></Data><Data name="BACIA"><value>B</value></Data><Data name="CLASSE"><value>DISSIPADOR</value></Data><Data name="ID_LINK"><value>D_B_02</value></Data><Data name="NO_IN"><value>N_B_0044</value></Data><Data name="NO_OUT"><value>O_B_DISS_02</value></Data><Data name="COMPR_M"><value>52.30110798222673</value></Data><Data name="DPROP_M"><value>1.2</value></Data><Data name="DREQ25"><value>1.075816540876816</value></Data><Data name="DREQ50"><value>1.107390706522944</value></Data><Data name="Q25_CMS"><value>7.133</value></Data><Data name="Q50_CMS"><value>7.705</value></Data><Data name="STATUS_SW"><value>VELOCIDADE_ALTA</value></Data><Data name="CRITICO"><value>1</value></Data></ExtendedData><LineString><tessellate>1</tessellate><coordinates>-34.92042420,-7.27447626,0 -34.92089290,-7.27454374,0</coordinates></LineString></Placemark></Folder><Folder><name>Meta 3 — fusão META_01 + META_03 (Bacia B)</name><Placemark><name>L_B_0007 — Meta 3 — COLETOR</name><styleUrl>#meta_03_coletor</styleUrl><description>Trecho selecionado para Meta 3 — fusão META_01 + META_03 (Bacia B).</description><ExtendedData><Data name="META_ADMIN"><value>META_03</value></Data><Data name="META_ORIG"><value>META_01</value></Data><Data name="BACIA"><value>B</value></Data><Data name="CLASSE"><value>COLETOR</value></Data><Data name="ID_LINK"><value>L_B_0007</value></Data><Data name="NO_IN"><value>N_B_0009</value></Data><Data name="NO_OUT"><value>N_B_0010</value></Data><Data name="COMPR_M"><value>388.516778750089</value></Data><Data name="DPROP_M"><value>0.5</value></Data><Data name="DREQ25"><value>0.40001153955739</value></Data><Data name="DREQ50"><value>0.42211016224389</value></Data><Data name="Q25_CMS"><value>0.454</value></Data><Data name="Q50_CMS"><value>0.524</value></Data><Data name="STATUS_SW"><value>SEM_ALERTA_TRIAGEM</value></Data><Data name="CRITICO"><value>0</value></Data></ExtendedData><LineString><tessellate>1</tessellate><coordinates>-34.91114207,-7.26947839,0 -34.91164063,-7.27067712,0 -34.91185365,-7.27119770,0 -34.91199439,-7.27162290,0 -34.91220001,-7.27209327,0 -34.91280192,-7.27175206,0</coordinates></LineString></Placemark><Placemark><name>L_B_0008 — Meta 3 — COLETOR</name><styleUrl>#meta_03_coletor</styleUrl><description>Trecho selecionado para Meta 3 — fusão META_01 + META_03 (Bacia B).</description><ExtendedData><Data name="META_ADMIN"><value>META_03</value></Data><Data name="META_ORIG"><value>META_01</value></Data><Data name="BACIA"><value>B</value></Data><Data name="CLASSE"><value>COLETOR</value></Data><Data name="ID_LINK"><value>L_B_0008</value></Data><Data name="NO_IN"><value>N_B_0010</value></Data><Data name="NO_OUT"><value>N_B_0011</value></Data><Data name="COMPR_M"><value>427.15689525897756</value></Data><Data name="DPROP_M"><value>0.8</value></Data><Data name="DREQ25"><value>0.600091928397294</value></Data><Data name="DREQ50"><value>0.600091928397294</value></Data><Data name="Q25_CMS"><value>1.776</value></Data><Data name="Q50_CMS"><value>1.776</value></Data><Data name="STATUS_SW"><value>VELOCIDADE_ALTA</value></Data><Data name="CRITICO"><value>1</value></Data></ExtendedData><LineString><tessellate>1</tessellate><coordinates>-34.91280192,-7.27175206,0 -34.91305171,-7.27209066,0 -34.91327902,-7.27231573,0 -34.91346812,-7.27258432,0 -34.91357629,-7.27278538,0 -34.91389235,-7.27320046,0 -34.91406649,-7.27340946,0 -34.91415145,-7.27358911,0 -34.91473591,-7.27425338,0 -34.91515565,-7.27480012,0</coordinates></LineString></Placemark><Placemark><name>L_B_0009 — Meta 3 — COLETOR</name><styleUrl>#meta_03_coletor</styleUrl><description>Trecho selecionado para Meta 3 — fusão META_01 + META_03 (Bacia B).</description><ExtendedData><Data name="META_ADMIN"><value>META_03</value></Data><Data name="META_ORIG"><value>META_01</value></Data><Data name="BACIA"><value>B</value></Data><Data name="CLASSE"><value>COLETOR</value></Data><Data name="ID_LINK"><value>L_B_0009</value></Data><Data name="NO_IN"><value>N_B_0012</value></Data><Data name="NO_OUT"><value>N_B_0010</value></Data><Data name="COMPR_M"><value>307.7357552197082</value></Data><Data name="DPROP_M"><value>0.5</value></Data><Data name="DREQ25"><value>0.407621436617193</value></Data><Data name="DREQ50"><value>0.429736990377657</value></Data><Data name="Q25_CMS"><value>0.423</value></Data><Data name="Q50_CMS"><value>0.487</value></Data><Data name="STATUS_SW"><value>SEM_ALERTA_TRIAGEM</value></Data><Data name="CRITICO"><value>0</value></Data></ExtendedData><LineString><tessellate>1</tessellate><coordinates>-34.91179565,-7.26918230,0 -34.91198599,-7.26958067,0 -34.91232064,-7.27049813,0 -34.91255944,-7.27135110,0 -34.91264911,-7.27159471,0 -34.91280192,-7.27175206,0</coordinates></LineString></Placemark><Placemark><name>L_B_0010 — Meta 3 — COLETOR</name><styleUrl>#meta_03_coletor</styleUrl><description>Trecho selecionado para Meta 3 — fusão META_01 + META_03 (Bacia B).</description><ExtendedData><Data name="META_ADMIN"><value>META_03</value></Data><Data name="META_ORIG"><value>META_01</value></Data><Data name="BACIA"><value>B</value></Data><Data name="CLASSE"><value>COLETOR</value></Data><Data name="ID_LINK"><value>L_B_0010</value></Data><Data name="NO_IN"><value>N_B_0013</value></Data><Data name="NO_OUT"><value>N_B_0014</value></Data><Data name="COMPR_M"><value>702.483361192465</value></Data><Data name="DPROP_M"><value>0.4</value></Data><Data name="DREQ25"><value>0.377784258373561</value></Data><Data name="DREQ50"><value>0.397340897210235</value></Data><Data name="Q25_CMS"><value>0.472</value></Data><Data name="Q50_CMS"><value>0.54</value></Data><Data name="STATUS_SW"><value>SEM_ALERTA_TRIAGEM</value></Data><Data name="CRITICO"><value>0</value></Data></ExtendedData><LineString><tessellate>1</tessellate><coordinates>-34.91245035,-7.26895229,0 -34.91299256,-7.27027522,0 -34.91347959,-7.27146383,0 -34.91376474,-7.27182048,0 -34.91405203,-7.27223198,0 -34.91464206,-7.27296386,0 -34.91494812,-7.27339314,0 -34.91525600,-7.27378048,0 -34.91567918,-7.27436142,0</coordinates></LineString></Placemark><Placemark><name>L_B_0011 — Meta 3 — COLETOR</name><styleUrl>#meta_03_coletor</styleUrl><description>Trecho selecionado para Meta 3 — fusão META_01 + META_03 (Bacia B).</description><ExtendedData><Data name="META_ADMIN"><value>META_03</value></Data><Data name="META_ORIG"><value>META_01;META_03</value></Data><Data name="BACIA"><value>B</value></Data><Data name="CLASSE"><value>COLETOR</value></Data><Data name="ID_LINK"><value>L_B_0011</value></Data><Data name="NO_IN"><value>N_B_0015</value></Data><Data name="NO_OUT"><value>N_B_0016</value></Data><Data name="COMPR_M"><value>667.5763510532576</value></Data><Data name="DPROP_M"><value>0.4</value></Data><Data name="DREQ25"><value>0.305788589404429</value></Data><Data name="DREQ50"><value>0.321166226686566</value></Data><Data name="Q25_CMS"><value>0.279</value></Data><Data name="Q50_CMS"><value>0.318</value></Data><Data name="STATUS_SW"><value>SEM_ALERTA_TRIAGEM</value></Data><Data name="CRITICO"><value>0</value></Data></ExtendedData><LineString><tessellate>1</tessellate><coordinates>-34.91308164,-7.26875767,0 -34.91351728,-7.26980595,0 -34.91379358,-7.27056069,0 -34.91401173,-7.27106928,0 -34.91413475,-7.27127241,0 -34.91449861,-7.27177050,0 -34.91495402,-7.27230865,0 -34.91540922,-7.27289439,0 -34.91588315,-7.27349868,0 -34.91618923,-7.27386390,0</coordinates></LineString></Placemark><Placemark><name>L_B_0012 — Meta 3 — COLETOR</name><styleUrl>#meta_03_coletor</styleUrl><description>Trecho selecionado para Meta 3 — fusão META_01 + META_03 (Bacia B).</description><ExtendedData><Data name="META_ADMIN"><value>META_03</value></Data><Data name="META_ORIG"><value>META_01</value></Data><Data name="BACIA"><value>B</value></Data><Data name="CLASSE"><value>COLETOR</value></Data><Data name="ID_LINK"><value>L_B_0012</value></Data><Data name="NO_IN"><value>N_B_0017</value></Data><Data name="NO_OUT"><value>N_B_0018</value></Data><Data name="COMPR_M"><value>595.4610067169639</value></Data><Data name="DPROP_M"><value>0.4</value></Data><Data name="DREQ25"><value>0.358377776478934</value></Data><Data name="DREQ50"><value>0.377536409870246</value></Data><Data name="Q25_CMS"><value>0.443</value></Data><Data name="Q50_CMS"><value>0.509</value></Data><Data name="STATUS_SW"><value>SEM_ALERTA_TRIAGEM</value></Data><Data name="CRITICO"><value>0</value></Data></ExtendedData><LineString><tessellate>1</tessellate><coordinates>-34.91382484,-7.26888623,0 -34.91390273,-7.26908371,0 -34.91414976,-7.26971705,0 -34.91426579,-7.26996343,0 -34.91440823,-7.27033599,0 -34.91457539,-7.27073747,0 -34.91494962,-7.27126896,0 -34.91526823,-7.27167446,0 -34.91566602,-7.27213214,0 -34.91593808,-7.27251774,0 -34.91640612,-7.27311620,0 -34.91667889,-7.27338627,0</coordinates></LineString></Placemark><Placemark><name>L_B_0015 — Meta 3 — COLETOR</name><styleUrl>#meta_03_coletor</styleUrl><description>Trecho selecionado para Meta 3 — fusão META_01 + META_03 (Bacia B).</description><ExtendedData><Data name="META_ADMIN"><value>META_03</value></Data><Data name="META_ORIG"><value>META_01</value></Data><Data name="BACIA"><value>B</value></Data><Data name="CLASSE"><value>COLETOR</value></Data><Data name="ID_LINK"><value>L_B_0015</value></Data><Data name="NO_IN"><value>N_B_0021</value></Data><Data name="NO_OUT"><value>N_B_0022</value></Data><Data name="COMPR_M"><value>180.71075721045634</value></Data><Data name="DPROP_M"><value>0.8</value></Data><Data name="DREQ25"><value>0.600032523738191</value></Data><Data name="DREQ50"><value>0.600032523738191</value></Data><Data name="Q25_CMS"><value>1.271</value></Data><Data name="Q50_CMS"><value>1.271</value></Data><Data name="STATUS_SW"><value>VELOCIDADE_ALTA</value></Data><Data name="CRITICO"><value>1</value></Data></ExtendedData><LineString><tessellate>1</tessellate><coordinates>-34.91613036,-7.27167843,0 -34.91619720,-7.27176129,0 -34.91630899,-7.27191008,0 -34.91662902,-7.27230157,0 -34.91706140,-7.27286471,0 -34.91714306,-7.27296132,0</coordinates></LineString></Placemark><Placemark><name>L_B_0022 — Meta 3 — COLETOR</name><styleUrl>#meta_03_coletor</styleUrl><description>Trecho selecionado para Meta 3 — fusão META_01 + META_03 (Bacia B).</description><ExtendedData><Data name="META_ADMIN"><value>META_03</value></Data><Data name="META_ORIG"><value>META_01</value></Data><Data name="BACIA"><value>B</value></Data><Data name="CLASSE"><value>COLETOR</value></Data><Data name="ID_LINK"><value>L_B_0022</value></Data><Data name="NO_IN"><value>N_B_0033</value></Data><Data name="NO_OUT"><value>N_B_0034</value></Data><Data name="COMPR_M"><value>314.17755033790985</value></Data><Data name="DPROP_M"><value>0.4</value></Data><Data name="DREQ25"><value>0.366372962125906</value></Data><Data name="DREQ50"><value>0.383839013627661</value></Data><Data name="Q25_CMS"><value>0.363</value></Data><Data name="Q50_CMS"><value>0.411</value></Data><Data name="STATUS_SW"><value>SEM_ALERTA_TRIAGEM</value></Data><Data name="CRITICO"><value>0</value></Data></ExtendedData><LineString><tessellate>1</tessellate><coordinates>-34.91685792,-7.27331721,0 -34.91731402,-7.27370002,0 -34.91780703,-7.27409971,0 -34.91820454,-7.27435665,0 -34.91867655,-7.27473395,0 -34.91908122,-7.27508430,0</coordinates></LineString></Placemark><Placemark><name>L_B_0024 — Meta 3 — COLETOR</name><styleUrl>#meta_03_coletor</styleUrl><description>Trecho selecionado para Meta 3 — fusão META_01 + META_03 (Bacia B).</description><ExtendedData><Data name="META_ADMIN"><value>META_03</value></Data><Data name="META_ORIG"><value>META_01</value></Data><Data name="BACIA"><value>B</value></Data><Data name="CLASSE"><value>COLETOR</value></Data><Data name="ID_LINK"><value>L_B_0024</value></Data><Data name="NO_IN"><value>N_B_0037</value></Data><Data name="NO_OUT"><value>N_B_0038</value></Data><Data name="COMPR_M"><value>267.20030922733145</value></Data><Data name="DPROP_M"><value>0.4</value></Data><Data name="DREQ25"><value>0.322126097556058</value></Data><Data name="DREQ50"><value>0.338619896036539</value></Data><Data name="Q25_CMS"><value>0.337</value></Data><Data name="Q50_CMS"><value>0.385</value></Data><Data name="STATUS_SW"><value>SEM_ALERTA_TRIAGEM</value></Data><Data name="CRITICO"><value>0</value></Data></ExtendedData><LineString><tessellate>1</tessellate><coordinates>-34.91546177,-7.27461194,0 -34.91692943,-7.27605345,0 -34.91719661,-7.27629528,0</coordinates></LineString></Placemark><Placemark><name>L_B_0029 — Meta 3 — TRONCO</name><styleUrl>#meta_03_tronco</styleUrl><description>Trecho selecionado para Meta 3 — fusão META_01 + META_03 (Bacia B).</description><ExtendedData><Data name="META_ADMIN"><value>META_03</value></Data><Data name="META_ORIG"><value>META_01</value></Data><Data name="BACIA"><value>B</value></Data><Data name="CLASSE"><value>TRONCO</value></Data><Data name="ID_LINK"><value>L_B_0029</value></Data><Data name="NO_IN"><value>N_B_0008</value></Data><Data name="NO_OUT"><value>N_B_0011</value></Data><Data name="COMPR_M"><value>602.8867525231589</value></Data><Data name="DPROP_M"><value>1.0</value></Data><Data name="DREQ25"><value>0.800060884877528</value></Data><Data name="DREQ50"><value>0.800060884877528</value></Data><Data name="Q25_CMS"><value>3.681</value></Data><Data name="Q50_CMS"><value>3.681</value></Data><Data name="STATUS_SW"><value>VELOCIDADE_ALTA</value></Data><Data name="CRITICO"><value>1</value></Data></ExtendedData><LineString><tessellate>1</tessellate><coordinates>-34.91157916,-7.27249219,0 -34.91173352,-7.27237856,0 -34.91187878,-7.27226415,0 -34.91225292,-7.27281753,0 -34.91359767,-7.27448057,0 -34.91433006,-7.27545345,0 -34.91471405,-7.27516478,0 -34.91515565,-7.27480012,0</coordinates></LineString></Placemark><Placemark><name>L_B_0030 — Meta 3 — TRONCO</name><styleUrl>#meta_03_tronco</styleUrl><description>Trecho selecionado para Meta 3 — fusão META_01 + META_03 (Bacia B).</description><ExtendedData><Data name="META_ADMIN"><value>META_03</value></Data><Data name="META_ORIG"><value>META_01</value></Data><Data name="BACIA"><value>B</value></Data><Data name="CLASSE"><value>TRONCO</value></Data><Data name="ID_LINK"><value>L_B_0030</value></Data><Data name="NO_IN"><value>N_B_0011</value></Data><Data name="NO_OUT"><value>N_B_0014</value></Data><Data name="COMPR_M"><value>75.50547046859533</value></Data><Data name="DPROP_M"><value>1.0</value></Data><Data name="DREQ25"><value>0.800097984167979</value></Data><Data name="DREQ50"><value>0.800097984167979</value></Data><Data name="Q25_CMS"><value>3.009</value></Data><Data name="Q50_CMS"><value>3.009</value></Data><Data name="STATUS_SW"><value>VELOCIDADE_ALTA</value></Data><Data name="CRITICO"><value>1</value></Data></ExtendedData><LineString><tessellate>1</tessellate><coordinates>-34.91515565,-7.27480012,0 -34.91563648,-7.27440306,0 -34.91567918,-7.27436142,0</coordinates></LineString></Placemark><Placemark><name>L_B_0031 — Meta 3 — TRONCO</name><styleUrl>#meta_03_tronco</styleUrl><description>Trecho selecionado para Meta 3 — fusão META_01 + META_03 (Bacia B).</description><ExtendedData><Data name="META_ADMIN"><value>META_03</value></Data><Data name="META_ORIG"><value>META_01;META_03</value></Data><Data name="BACIA"><value>B</value></Data><Data name="CLASSE"><value>TRONCO</value></Data><Data name="ID_LINK"><value>L_B_0031</value></Data><Data name="NO_IN"><value>N_B_0014</value></Data><Data name="NO_OUT"><value>N_B_0016</value></Data><Data name="COMPR_M"><value>78.7508481336427</value></Data><Data name="DPROP_M"><value>1.0</value></Data><Data name="DREQ25"><value>0.803768273280598</value></Data><Data name="DREQ50"><value>0.804595337632979</value></Data><Data name="Q25_CMS"><value>2.913</value></Data><Data name="Q50_CMS"><value>2.921</value></Data><Data name="STATUS_SW"><value>CAPACIDADE_PRELIM</value></Data><Data name="CRITICO"><value>1</value></Data></ExtendedData><LineString><tessellate>1</tessellate><coordinates>-34.91567918,-7.27436142,0 -34.91618923,-7.27386390,0</coordinates></LineString></Placemark><Placemark><name>L_B_0032 — Meta 3 — TRONCO</name><styleUrl>#meta_03_tronco</styleUrl><description>Trecho selecionado para Meta 3 — fusão META_01 + META_03 (Bacia B).</description><ExtendedData><Data name="META_ADMIN"><value>META_03</value></Data><Data name="META_ORIG"><value>META_01;META_03</value></Data><Data name="BACIA"><value>B</value></Data><Data name="CLASSE"><value>TRONCO</value></Data><Data name="ID_LINK"><value>L_B_0032</value></Data><Data name="NO_IN"><value>N_B_0016</value></Data><Data name="NO_OUT"><value>N_B_0018</value></Data><Data name="COMPR_M"><value>75.6033884503842</value></Data><Data name="DPROP_M"><value>1.0</value></Data><Data name="DREQ25"><value>0.858924825937728</value></Data><Data name="DREQ50"><value>0.859356844515934</value></Data><Data name="Q25_CMS"><value>2.981</value></Data><Data name="Q50_CMS"><value>2.985</value></Data><Data name="STATUS_SW"><value>CAPACIDADE_PRELIM</value></Data><Data name="CRITICO"><value>1</value></Data></ExtendedData><LineString><tessellate>1</tessellate><coordinates>-34.91618923,-7.27386390,0 -34.91667889,-7.27338627,0 -34.91667889,-7.27338627,0</coordinates></LineString></Placemark><Placemark><name>L_B_0033 — Meta 3 — TRONCO</name><styleUrl>#meta_03_tronco</styleUrl><description>Trecho selecionado para Meta 3 — fusão META_01 + META_03 (Bacia B).</description><ExtendedData><Data name="META_ADMIN"><value>META_03</value></Data><Data name="META_ORIG"><value>META_01</value></Data><Data name="BACIA"><value>B</value></Data><Data name="CLASSE"><value>TRONCO</value></Data><Data name="ID_LINK"><value>L_B_0033</value></Data><Data name="NO_IN"><value>N_B_0018</value></Data><Data name="NO_OUT"><value>N_B_0022</value></Data><Data name="COMPR_M"><value>69.55238814410126</value></Data><Data name="DPROP_M"><value>1.0</value></Data><Data name="DREQ25"><value>0.858367660627003</value></Data><Data name="DREQ50"><value>0.858676877088111</value></Data><Data name="Q25_CMS"><value>3.122</value></Data><Data name="Q50_CMS"><value>3.125</value></Data><Data name="STATUS_SW"><value>CAPACIDADE_PRELIM</value></Data><Data name="CRITICO"><value>1</value></Data></ExtendedData><LineString><tessellate>1</tessellate><coordinates>-34.91667889,-7.27338627,0 -34.91714306,-7.27296132,0</coordinates></LineString></Placemark><Placemark><name>L_B_0034 — Meta 3 — TRONCO</name><styleUrl>#meta_03_tronco</styleUrl><description>Trecho selecionado para Meta 3 — fusão META_01 + META_03 (Bacia B).</description><ExtendedData><Data name="META_ADMIN"><value>META_03</value></Data><Data name="META_ORIG"><value>META_01</value></Data><Data name="BACIA"><value>B</value></Data><Data name="CLASSE"><value>TRONCO</value></Data><Data name="ID_LINK"><value>L_B_0034</value></Data><Data name="NO_IN"><value>N_B_0022</value></Data><Data name="NO_OUT"><value>N_B_0042</value></Data><Data name="COMPR_M"><value>154.25500349808732</value></Data><Data name="DPROP_M"><value>1.0</value></Data><Data name="DREQ25"><value>0.884072904520351</value></Data><Data name="DREQ50"><value>0.884162426358146</value></Data><Data name="Q25_CMS"><value>3.703</value></Data><Data name="Q50_CMS"><value>3.704</value></Data><Data name="STATUS_SW"><value>CAPACIDADE_PRELIM</value></Data><Data name="CRITICO"><value>1</value></Data></ExtendedData><LineString><tessellate>1</tessellate><coordinates>-34.91714306,-7.27296132,0 -34.91717495,-7.27293213,0 -34.91810562,-7.27195097,0</coordinates></LineString></Placemark><Placemark><name>L_B_0035 — Meta 3 — TRONCO</name><styleUrl>#meta_03_tronco</styleUrl><description>Trecho selecionado para Meta 3 — fusão META_01 + META_03 (Bacia B).</description><ExtendedData><Data name="META_ADMIN"><value>META_03</value></Data><Data name="META_ORIG"><value>META_01</value></Data><Data name="BACIA"><value>B</value></Data><Data name="CLASSE"><value>TRONCO</value></Data><Data name="ID_LINK"><value>L_B_0035</value></Data><Data name="NO_IN"><value>N_B_0042</value></Data><Data name="NO_OUT"><value>N_B_0043</value></Data><Data name="COMPR_M"><value>58.12980979554841</value></Data><Data name="DPROP_M"><value>1.0</value></Data><Data name="DREQ25"><value>0.960319094921243</value></Data><Data name="DREQ50"><value>0.960229192835221</value></Data><Data name="Q25_CMS"><value>4.006</value></Data><Data name="Q50_CMS"><value>4.005</value></Data><Data name="STATUS_SW"><value>CAPACIDADE_PRELIM</value></Data><Data name="CRITICO"><value>1</value></Data></ExtendedData><LineString><tessellate>1</tessellate><coordinates>-34.91810562,-7.27195097,0 -34.91843343,-7.27227346,0 -34.91848076,-7.27222733,0</coordinates></LineString></Placemark><Placemark><name>L_B_0044 — Meta 3 — TRONCO</name><styleUrl>#meta_03_tronco</styleUrl><description>Trecho selecionado para Meta 3 — fusão META_01 + META_03 (Bacia B).</description><ExtendedData><Data name="META_ADMIN"><value>META_03</value></Data><Data name="META_ORIG"><value>META_01</value></Data><Data name="BACIA"><value>B</value></Data><Data name="CLASSE"><value>TRONCO</value></Data><Data name="ID_LINK"><value>L_B_0044</value></Data><Data name="NO_IN"><value>N_B_0032</value></Data><Data name="NO_OUT"><value>N_B_0042</value></Data><Data name="COMPR_M"><value>61.2034472538172</value></Data><Data name="DPROP_M"><value>0.4</value></Data><Data name="DREQ25"><value>0.317220071755568</value></Data><Data name="DREQ50"><value>0.317596147983992</value></Data><Data name="Q25_CMS"><value>0.316</value></Data><Data name="Q50_CMS"><value>0.317</value></Data><Data name="STATUS_SW"><value>SEM_ALERTA_TRIAGEM</value></Data><Data name="CRITICO"><value>0</value></Data></ExtendedData><LineString><tessellate>1</tessellate><coordinates>-34.91845374,-7.27152520,0 -34.91838681,-7.27165101,0 -34.91810562,-7.27195097,0</coordinates></LineString></Placemark><Placemark><name>D_B_01 — Meta 3 — DISSIPADOR</name><styleUrl>#meta_03_coletor</styleUrl><description>Trecho selecionado para Meta 3 — fusão META_01 + META_03 (Bacia B).</description><ExtendedData><Data name="META_ADMIN"><value>META_03</value></Data><Data name="META_ORIG"><value>META_01</value></Data><Data name="BACIA"><value>B</value></Data><Data name="CLASSE"><value>DISSIPADOR</value></Data><Data name="ID_LINK"><value>D_B_01</value></Data><Data name="NO_IN"><value>N_B_0043</value></Data><Data name="NO_OUT"><value>O_B_DISS_01</value></Data><Data name="COMPR_M"><value>47.43592009331458</value></Data><Data name="DPROP_M"><value>1.2</value></Data><Data name="Q25_CMS"><value>5.039</value></Data><Data name="Q50_CMS"><value>5.199</value></Data><Data name="STATUS_SW"><value>AUDITAR_COTA_SENTIDO</value></Data><Data name="CRITICO"><value>1</value></Data></ExtendedData><LineString><tessellate>1</tessellate><coordinates>-34.91880050,-7.27194099,0 -34.91848076,-7.27222733,0</coordinates></LineString></Placemark></Folder></Folder><Folder><name>Bacias A e B</name><Placemark><name>Bacia A</name><styleUrl>#bacia_a</styleUrl><ExtendedData><Data name="UNIDADE"><value>Bacia A</value></Data><Data name="CRS"><value>SIRGAS 2000 / UTM 25S — EPSG:31985</value></Data></ExtendedData><Polygon><tessellate>1</tessellate><outerBoundaryIs><LinearRing><coordinates>-34.90886858,-7.26362360,0 -34.90913072,-7.26435828,0 -34.90884905,-7.26472917,0 -34.90895234,-7.26608344,0 -34.90921464,-7.26643367,0 -34.90939851,-7.26678131,0 -34.90968457,-7.26727652,0 -34.90990642,-7.26779994,0 -34.91001413,-7.26850102,0 -34.91032778,-7.26910599,0 -34.91057256,-7.26943151,0 -34.91113909,-7.26941212,0 -34.91121912,-7.26897790,0 -34.91187106,-7.26856577,0 -34.91267270,-7.26853444,0 -34.91319767,-7.26845450,0 -34.91360285,-7.26884369,0 -34.91474194,-7.26899371,0 -34.91579578,-7.26894977,0 -34.91602025,-7.26922260,0 -34.91623683,-7.26951087,0 -34.91671965,-7.26963680,0 -34.91692487,-7.26989889,0 -34.91710236,-7.27015359,0 -34.91774388,-7.27033036,0 -34.91803531,-7.27054938,0 -34.91866438,-7.27080459,0 -34.91896265,-7.27075564,0 -34.91929018,-7.27026866,0 -34.91965655,-7.27013126,0 -34.91995374,-7.27000858,0 -34.92027370,-7.27038723,0 -34.92055007,-7.27051043,0 -34.92136348,-7.27053248,0 -34.92232731,-7.27051008,0 -34.92276625,-7.27043957,0 -34.92333702,-7.26762464,0 -34.92331361,-7.26575591,0 -34.92326231,-7.26343182,0 -34.92344219,-7.26234340,0 -34.92291063,-7.26053796,0 -34.92245754,-7.25896623,0 -34.92214095,-7.25714646,0 -34.92213683,-7.25598586,0 -34.92195168,-7.25481609,0 -34.92119895,-7.25522997,0 -34.92094437,-7.25505334,0 -34.92031324,-7.25501063,0 -34.91975408,-7.25560193,0 -34.91935529,-7.25588296,0 -34.91900411,-7.25615699,0 -34.91871219,-7.25644735,0 -34.91853298,-7.25682634,0 -34.91831546,-7.25716074,0 -34.91812191,-7.25741527,0 -34.91835355,-7.25774357,0 -34.91831788,-7.25894188,0 -34.91854259,-7.25945931,0 -34.91787380,-7.25950625,0 -34.91755242,-7.25968481,0 -34.91712407,-7.25999714,0 -34.91607937,-7.25994933,0 -34.91499154,-7.26007031,0 -34.91448845,-7.26026991,0 -34.91418100,-7.26047755,0 -34.91363151,-7.26066600,0 -34.91319240,-7.26062807,0 -34.91251360,-7.26034868,0 -34.91219694,-7.26052068,0 -34.91139878,-7.26070737,0 -34.91106919,-7.26057585,0 -34.91083093,-7.26086164,0 -34.91055753,-7.26115482,0 -34.91035644,-7.26126682,0 -34.90996547,-7.26140731,0 -34.90980174,-7.26191814,0 -34.90970829,-7.26231510,0 -34.90951586,-7.26254281,0 -34.90923773,-7.26278714,0 -34.90911137,-7.26303273,0 -34.90832024,-7.26301054,0 -34.90849360,-7.26336000,0 -34.90860895,-7.26356157,0 -34.90886858,-7.26362360,0</coordinates></LinearRing></outerBoundaryIs></Polygon></Placemark><Placemark><name>Bacia B</name><styleUrl>#bacia_b</styleUrl><ExtendedData><Data name="UNIDADE"><value>Bacia B</value></Data><Data name="CRS"><value>SIRGAS 2000 / UTM 25S — EPSG:31985</value></Data></ExtendedData><Polygon><tessellate>1</tessellate><outerBoundaryIs><LinearRing><coordinates>-34.91056557,-7.26939542,0 -34.91034609,-7.26917091,0 -34.91024583,-7.27052516,0 -34.90999867,-7.27070140,0 -34.90972284,-7.27115054,0 -34.90960553,-7.27203261,0 -34.91002298,-7.27278938,0 -34.91026727,-7.27325968,0 -34.91024710,-7.27389476,0 -34.91028176,-7.27458638,0 -34.91001199,-7.27483160,0 -34.90998679,-7.27527382,0 -34.90965308,-7.27578666,0 -34.90947984,-7.27708670,0 -34.90972790,-7.27830245,0 -34.90977373,-7.27918072,0 -34.91041880,-7.27972480,0 -34.91194638,-7.27975713,0 -34.91279733,-7.27973100,0 -34.91304773,-7.28004572,0 -34.91495170,-7.27998010,0 -34.91551356,-7.27974239,0 -34.91606043,-7.27984716,0 -34.91658071,-7.28003251,0 -34.91695119,-7.28035360,0 -34.91721127,-7.28146829,0 -34.91834668,-7.28171849,0 -34.92068524,-7.27770220,0 -34.92215211,-7.27295629,0 -34.92277017,-7.27045488,0 -34.92209964,-7.27054306,0 -34.92156790,-7.27057256,0 -34.92129548,-7.27055049,0 -34.92089022,-7.27052592,0 -34.92054994,-7.27051478,0 -34.92025870,-7.27039963,0 -34.91995908,-7.27003171,0 -34.91975189,-7.27011813,0 -34.91955999,-7.27017269,0 -34.91935574,-7.27026032,0 -34.91918797,-7.27041199,0 -34.91907033,-7.27055477,0 -34.91897909,-7.27080389,0 -34.91883829,-7.27082785,0 -34.91855220,-7.27078887,0 -34.91821828,-7.27063369,0 -34.91802020,-7.27053980,0 -34.91769079,-7.27033604,0 -34.91709417,-7.27015293,0 -34.91694518,-7.26998213,0 -34.91675579,-7.26973613,0 -34.91668401,-7.26963781,0 -34.91621470,-7.26953637,0 -34.91588801,-7.26905278,0 -34.91578493,-7.26896361,0 -34.91425340,-7.26895473,0 -34.91361312,-7.26885238,0 -34.91319007,-7.26851005,0 -34.91254415,-7.26852229,0 -34.91166234,-7.26867444,0 -34.91166723,-7.26888522,0 -34.91117301,-7.26893946,0 -34.91109087,-7.26939798,0 -34.91056557,-7.26939542,0</coordinates></LinearRing></outerBoundaryIs></Polygon></Placemark></Folder><Folder><name>Metas — envelopes de apresentação</name><Placemark><name>Meta 1 — Bacia A: tronco e dissipador D05</name><styleUrl>#apresentacao</styleUrl><ExtendedData><Data name="META"><value>Meta 1</value></Data><Data name="TIPO"><value>Envelope esquemático; não usar para seleção analítica</value></Data></ExtendedData><Polygon><tessellate>1</tessellate><outerBoundaryIs><LinearRing><coordinates>-34.92346565,-7.26847543,0 -34.91394199,-7.26851573,0 -34.91393812,-7.26760040,0 -34.92346175,-7.26756010,0 -34.92346565,-7.26847543,0</coordinates></LinearRing></outerBoundaryIs></Polygon></Placemark><Placemark><name>Meta 2 — Bacia B: Dissipador B05 e trechos hachurados</name><styleUrl>#apresentacao</styleUrl><ExtendedData><Data name="META"><value>Meta 2</value></Data><Data name="TIPO"><value>Envelope esquemático; não usar para seleção analítica</value></Data></ExtendedData><Polygon><tessellate>1</tessellate><outerBoundaryIs><LinearRing><coordinates>-34.92118785,-7.27609971,0 -34.91596616,-7.27612183,0 -34.91595568,-7.27365244,0 -34.92117735,-7.27363033,0 -34.92118785,-7.27609971,0</coordinates></LinearRing></outerBoundaryIs></Polygon></Placemark><Placemark><name>Meta 3 — Bacia B: Dissipador B01 e rede das ruas indicadas</name><styleUrl>#apresentacao</styleUrl><ExtendedData><Data name="META"><value>Meta 3</value></Data><Data name="TIPO"><value>Envelope esquemático; não usar para seleção analítica</value></Data></ExtendedData><MultiGeometry><Polygon><tessellate>1</tessellate><outerBoundaryIs><LinearRing><coordinates>-34.91917625,-7.27513868,0 -34.91251722,-7.27516684,0 -34.91250151,-7.27145659,0 -34.91916049,-7.27142844,0 -34.91917625,-7.27513868,0</coordinates></LinearRing></outerBoundaryIs></Polygon><Polygon><tessellate>1</tessellate><outerBoundaryIs><LinearRing><coordinates>-34.91645577,-7.27414788,0 -34.91278886,-7.27416338,0 -34.91276472,-7.26846055,0 -34.91643158,-7.26844507,0 -34.91645577,-7.27414788,0</coordinates></LinearRing></outerBoundaryIs></Polygon></MultiGeometry></Placemark></Folder><Folder><name>Polígonos originais — auditoria</name><Placemark><name>Polígono original META_01</name><styleUrl>#originais</styleUrl><ExtendedData><Data name="META_ORIG"><value>META_01</value></Data><Data name="META_FINAL"><value>META_03</value></Data><Data name="TIPO"><value>Polígono original para auditoria e seleção analítica</value></Data></ExtendedData><Polygon><tessellate>1</tessellate><outerBoundaryIs><LinearRing><coordinates>-34.91290285,-7.27177508,0 -34.91278516,-7.27168142,0 -34.91272919,-7.27177007,0 -34.91306319,-7.27216708,0 -34.91512157,-7.27492981,0 -34.91658922,-7.27359115,0 -34.91783083,-7.27247730,0 -34.91814369,-7.27211434,0 -34.91845581,-7.27241044,0 -34.91893628,-7.27193475,0 -34.91880242,-7.27184033,0 -34.91843913,-7.27212923,0 -34.91803050,-7.27184920,0 -34.91734246,-7.27256978,0 -34.91672335,-7.27319471,0 -34.91627259,-7.27365445,0 -34.91582153,-7.27404356,0 -34.91517637,-7.27459946,0 -34.91438355,-7.27362200,0 -34.91290285,-7.27177508,0</coordinates></LinearRing></outerBoundaryIs></Polygon></Placemark><Placemark><name>Polígono original META_02</name><styleUrl>#originais</styleUrl><ExtendedData><Data name="META_ORIG"><value>META_02</value></Data><Data name="META_FINAL"><value>META_02</value></Data><Data name="TIPO"><value>Polígono original para auditoria e seleção analítica</value></Data></ExtendedData><Polygon><tessellate>1</tessellate><outerBoundaryIs><LinearRing><coordinates>-34.91635391,-7.27387678,0 -34.91622521,-7.27393130,0 -34.91618391,-7.27409308,0 -34.91745633,-7.27523001,0 -34.91809292,-7.27588681,0 -34.91940209,-7.27501723,0 -34.91998911,-7.27466249,0 -34.92034284,-7.27459128,0 -34.92053762,-7.27459045,0 -34.92095545,-7.27467909,0 -34.92083478,-7.27436317,0 -34.92021391,-7.27429823,0 -34.91963199,-7.27468470,0 -34.91871500,-7.27523104,0 -34.91804838,-7.27555030,0 -34.91656802,-7.27411001,0 -34.91635391,-7.27387678,0</coordinates></LinearRing></outerBoundaryIs></Polygon></Placemark><Placemark><name>Polígono original META_03</name><styleUrl>#originais</styleUrl><ExtendedData><Data name="META_ORIG"><value>META_03</value></Data><Data name="META_FINAL"><value>META_03</value></Data><Data name="TIPO"><value>Polígono original para auditoria e seleção analítica</value></Data></ExtendedData><Polygon><tessellate>1</tessellate><outerBoundaryIs><LinearRing><coordinates>-34.91317311,-7.26868485,0 -34.91299234,-7.26876007,0 -34.91356481,-7.27009949,0 -34.91401527,-7.27122771,0 -34.91518248,-7.27280494,0 -34.91604027,-7.27379581,0 -34.91618319,-7.27392301,0 -34.91622777,-7.27376165,0 -34.91518059,-7.27248851,0 -34.91440720,-7.27146572,0 -34.91406931,-7.27100145,0 -34.91326496,-7.26899505,0 -34.91317311,-7.26868485,0</coordinates></LinearRing></outerBoundaryIs></Polygon></Placemark><Placemark><name>Polígono original META_04</name><styleUrl>#originais</styleUrl><ExtendedData><Data name="META_ORIG"><value>META_04</value></Data><Data name="META_FINAL"><value>META_01</value></Data><Data name="TIPO"><value>Polígono original para auditoria e seleção analítica</value></Data></ExtendedData><Polygon><tessellate>1</tessellate><outerBoundaryIs><LinearRing><coordinates>-34.92323663,-7.26784834,0 -34.92208051,-7.26780323,0 -34.92023157,-7.26779982,0 -34.91833073,-7.26792328,0 -34.91774238,-7.26796162,0 -34.91706348,-7.26800046,0 -34.91656561,-7.26802397,0 -34.91544285,-7.26812065,0 -34.91461424,-7.26815126,0 -34.91418326,-7.26816058,0 -34.91416739,-7.26828876,0 -34.91504970,-7.26828503,0 -34.91594207,-7.26823606,0 -34.91955339,-7.26800747,0 -34.92313817,-7.26793436,0 -34.92323663,-7.26784834,0</coordinates></LinearRing></outerBoundaryIs></Polygon></Placemark></Folder><Folder><name>Dissipadores e saídas</name><Placemark><name>DISS_01</name><styleUrl>#dissipador</styleUrl><ExtendedData><Data name="BACIA"><value>A</value></Data><Data name="id_diss"><value>DISS_01</value></Data><Data name="no_provavel"><value>N_A_0200</value></Data><Data name="componente"><value>16</value></Data><Data name="dist_rede_m"><value>0.0</value></Data><Data name="orig_id"><value>0</value></Data><Data name="comprimento_m"><value>30.26</value></Data></ExtendedData><LineString><tessellate>1</tessellate><coordinates>-34.91837305,-7.26242574,0 -34.91835384,-7.26269869,0</coordinates></LineString></Placemark><Placemark><name>DISS_02</name><styleUrl>#dissipador</styleUrl><ExtendedData><Data name="BACIA"><value>A</value></Data><Data name="id_diss"><value>DISS_02</value></Data><Data name="no_provavel"><value>N_A_0190</value></Data><Data name="componente"><value>15</value></Data><Data name="dist_rede_m"><value>0.0</value></Data><Data name="orig_id"><value>0</value></Data><Data name="comprimento_m"><value>51.07</value></Data></ExtendedData><LineString><tessellate>1</tessellate><coordinates>-34.91771878,-7.26239715,0 -34.91799198,-7.26276963,0</coordinates></LineString></Placemark><Placemark><name>DISS_03</name><styleUrl>#dissipador</styleUrl><ExtendedData><Data name="BACIA"><value>A</value></Data><Data name="id_diss"><value>DISS_03</value></Data><Data name="no_provavel"><value>N_A_0191</value></Data><Data name="componente"><value>2</value></Data><Data name="dist_rede_m"><value>0.0</value></Data><Data name="orig_id"><value>0</value></Data><Data name="comprimento_m"><value>64.31</value></Data></ExtendedData><LineString><tessellate>1</tessellate><coordinates>-34.91745347,-7.26345029,0 -34.91798353,-7.26320971,0</coordinates></LineString></Placemark><Placemark><name>DISS_04</name><styleUrl>#dissipador</styleUrl><ExtendedData><Data name="BACIA"><value>A</value></Data><Data name="id_diss"><value>DISS_04</value></Data><Data name="no_provavel"><value>N_A_0195</value></Data><Data name="componente"><value>9</value></Data><Data name="dist_rede_m"><value>28.31</value></Data><Data name="alerta"><value>Revisar snap; afastamento máximo aproximado de 71.35 m.</value></Data><Data name="orig_id"><value>0</value></Data><Data name="comprimento_m"><value>99.65</value></Data></ExtendedData><LineString><tessellate>1</tessellate><coordinates>-34.92268256,-7.26291860,0 -34.92356049,-7.26312638,0</coordinates></LineString></Placemark><Placemark><name>DISS_05</name><styleUrl>#dissipador</styleUrl><ExtendedData><Data name="BACIA"><value>A</value></Data><Data name="id_diss"><value>DISS_05</value></Data><Data name="no_provavel"><value>N_A_0193</value></Data><Data name="componente"><value>3</value></Data><Data name="dist_rede_m"><value>0.0</value></Data><Data name="orig_id"><value>0</value></Data><Data name="comprimento_m"><value>115.7</value></Data></ExtendedData><LineString><tessellate>1</tessellate><coordinates>-34.92216160,-7.26789078,0 -34.92320542,-7.26797928,0</coordinates></LineString></Placemark><Placemark><name>DISS_B_01</name><styleUrl>#dissipador</styleUrl><ExtendedData><Data name="BACIA"><value>B</value></Data><Data name="CODIGO_MODELO"><value>DISS_B_01</value></Data><Data name="NOMENCLATURA_USUARIO"><value>B01/B05 — confirmar correspondência no SWMM</value></Data></ExtendedData><LineString><tessellate>1</tessellate><coordinates>-34.91848076,-7.27222733,0 -34.91880050,-7.27194099,0</coordinates></LineString></Placemark><Placemark><name>DISS_B_02</name><styleUrl>#dissipador</styleUrl><ExtendedData><Data name="BACIA"><value>B</value></Data><Data name="CODIGO_MODELO"><value>DISS_B_02</value></Data><Data name="NOMENCLATURA_USUARIO"><value>B01/B05 — confirmar correspondência no SWMM</value></Data></ExtendedData><LineString><tessellate>1</tessellate><coordinates>-34.92042420,-7.27447626,0 -34.92089290,-7.27454374,0</coordinates></LineString></Placemark></Folder></Document></kml>