{
"type": "FeatureCollection",
"name": "rede_fora_metas_recortada",
"crs": { "type": "name", "properties": { "name": "urn:ogc:def:crs:OGC:1.3:CRS84" } },
"features": [
{ "type": "Feature", "properties": { "id_link": "L_A_0001", "node_in": "N_A_0001", "node_out": "N_A_0002", "classe": "COLETOR", "origem": "ColetarA6_F001", "comp_m": 198.56663836229251, "cota_in": 113.26374816894531, "cota_out": 107.10474395751953, "decl_pct": 3.1017316212950332, "diam_m": 0.6, "obs": "DECLIVE_MDE", "bacia": "A", "ID_LINK_ORIG": "L_A_0001", "ID_LINK_SEG": "L_A_0001_FORA_01", "META_ID": "", "META_ORIG": "", "SELECAO_REC": "DIFERENCA_FORA_POLIGONOS_AUDITORIA", "COMP_REC_M": 198.56663836245883, "PERC_LINK_REC": 100.0, "X_IN_REC": 289131.35020608013, "Y_IN_REC": 9196722.4728820845, "X_OUT_REC": 289100.01777571731, "Y_OUT_REC": 9196918.3172613233 }, "geometry": { "type": "LineString", "coordinates": [ [ -34.909904819337676, -7.263093212724127 ], [ -34.909983035074461, -7.262327413627924 ], [ -34.910104773893863, -7.261657115085747 ], [ -34.910181024103316, -7.26132142805473 ] ] } },
{ "type": "Feature", "properties": { "id_link": "L_A_0002", "node_in": "N_A_0003", "node_out": "N_A_0004", "classe": "COLETOR", "origem": "ColetarA6_F002", "comp_m": 211.83331851803456, "cota_in": 111.07921600341797, "cota_out": 103.98895263671875, "decl_pct": 3.3470954504711612, "diam_m": 0.6, "obs": "DECLIVE_MDE", "bacia": "A", "ID_LINK_ORIG": "L_A_0002", "ID_LINK_SEG": "L_A_0002_FORA_01", "META_ID": "", "META_ORIG": "", "SELECAO_REC": "DIFERENCA_FORA_POLIGONOS_AUDITORIA", "COMP_REC_M": 211.83331851806349, "PERC_LINK_REC": 100.0, "X_IN_REC": 289062.84062461677, "Y_IN_REC": 9196717.6750947088, "X_OUT_REC": 289029.57644926215, "Y_OUT_REC": 9196926.8426743541 }, "geometry": { "type": "LineString", "coordinates": [ [ -34.910525280605803, -7.263133976898641 ], [ -34.910625566254936, -7.262375739724553 ], [ -34.910771506157616, -7.261536936052204 ], [ -34.910818463889292, -7.261241666452748 ] ] } },
{ "type": "Feature", "properties": { "id_link": "L_A_0003", "node_in": "N_A_0005", "node_out": "N_A_0006", "classe": "COLETOR", "origem": "ColetarA6_F003", "comp_m": 188.04779122952817, "cota_in": 109.44850158691406, "cota_out": 96.21295166015625, "decl_pct": 7.0383969097529615, "diam_m": 0.6, "obs": "DECLIVE_MDE", "bacia": "A", "ID_LINK_ORIG": "L_A_0003", "ID_LINK_SEG": "L_A_0003_FORA_01", "META_ID": "", "META_ORIG": "", "SELECAO_REC": "DIFERENCA_FORA_POLIGONOS_AUDITORIA", "COMP_REC_M": 188.04779122944396, "PERC_LINK_REC": 100.00000000000001, "X_IN_REC": 288990.45047983539, "Y_IN_REC": 9196719.7917656116, "X_OUT_REC": 288962.98741604749, "Y_OUT_REC": 9196905.8172613252 }, "geometry": { "type": "LineString", "coordinates": [ [ -34.91118061183343, -7.263112079975769 ], [ -34.91125118780996, -7.26257978152328 ], [ -34.911359331952056, -7.261867439568634 ], [ -34.911422153733767, -7.261429213920206 ] ] } },
{ "type": "Feature", "properties": { "id_link": "L_A_0004", "node_in": "N_A_0007", "node_out": "N_A_0008", "classe": "COLETOR", "origem": "ColetarA6_F004", "comp_m": 189.50200738711732, "cota_in": 105.00653839111328, "cota_out": 88.823944091796875, "decl_pct": 8.5395371386533014, "diam_m": 0.6, "obs": "DECLIVE_MDE", "bacia": "A", "ID_LINK_ORIG": "L_A_0004", "ID_LINK_SEG": "L_A_0004_FORA_01", "META_ID": "", "META_ORIG": "", "SELECAO_REC": "DIFERENCA_FORA_POLIGONOS_AUDITORIA", "COMP_REC_M": 189.50200738716882, "PERC_LINK_REC": 100.0, "X_IN_REC": 288918.9070034147, "Y_IN_REC": 9196713.4417529106, "X_OUT_REC": 288892.06126842706, "Y_OUT_REC": 9196901.0248051379 }, "geometry": { "type": "LineString", "coordinates": [ [ -34.911828600618236, -7.263166759962536 ], [ -34.911992489032905, -7.262040829941491 ], [ -34.912064491286309, -7.261469836192386 ] ] } },
{ "type": "Feature", "properties": { "id_link": "L_A_0005", "node_in": "N_A_0009", "node_out": "N_A_0008", "classe": "COLETOR", "origem": "ColetarA6_F004", "comp_m": 2.9276673597575562, "cota_in": 89.016212463378906, "cota_out": 88.823944091796875, "decl_pct": 6.5672888329073436, "diam_m": 0.6, "obs": "DECLIVE_MDE", "bacia": "A", "ID_LINK_ORIG": "L_A_0005", "ID_LINK_SEG": "L_A_0005_FORA_01", "META_ID": "", "META_ORIG": "", "SELECAO_REC": "DIFERENCA_FORA_POLIGONOS_AUDITORIA", "COMP_REC_M": 2.9276673597546745, "PERC_LINK_REC": 100.0, "X_IN_REC": 288892.04677380854, "Y_IN_REC": 9196903.9524366166, "X_OUT_REC": 288892.06126842706, "Y_OUT_REC": 9196901.0248051379 }, "geometry": { "type": "LineString", "coordinates": [ [ -34.912064510669452, -7.261443367529826 ], [ -34.912064491286309, -7.261469836192386 ] ] } },
{ "type": "Feature", "properties": { "id_link": "L_A_0006", "node_in": "N_A_0010", "node_out": "N_A_0011", "classe": "COLETOR", "origem": "ColetarA6_F005", "comp_m": 178.29054776426744, "cota_in": 93.866134643554688, "cota_out": 81.775154113769531, "decl_pct": 6.7816161212155972, "diam_m": 0.6, "obs": "DECLIVE_MDE", "bacia": "A", "ID_LINK_ORIG": "L_A_0006", "ID_LINK_SEG": "L_A_0006_FORA_01", "META_ID": "", "META_ORIG": "", "SELECAO_REC": "DIFERENCA_FORA_POLIGONOS_AUDITORIA", "COMP_REC_M": 178.29054776422589, "PERC_LINK_REC": 100.0, "X_IN_REC": 288846.83435926819, "Y_IN_REC": 9196711.2192484643, "X_OUT_REC": 288819.83893348835, "Y_OUT_REC": 9196887.3990405239 }, "geometry": { "type": "LineString", "coordinates": [ [ -34.912481222577185, -7.263184102850415 ], [ -34.912592485495409, -7.262303344819896 ], [ -34.912718901786249, -7.261590268138717 ] ] } },
{ "type": "Feature", "properties": { "id_link": "L_A_0007", "node_in": "N_A_0012", "node_out": "N_A_0013", "classe": "COLETOR", "origem": "ColetarA6_F006", "comp_m": 164.49451943459849, "cota_in": 81.200202941894531, "cota_out": 79.295501708984375, "decl_pct": 1.1579116674871639, "diam_m": 0.6, "obs": "DECLIVE_MDE", "bacia": "A", "ID_LINK_ORIG": "L_A_0007", "ID_LINK_SEG": "L_A_0007_FORA_01", "META_ID": "", "META_ORIG": "", "SELECAO_REC": "DIFERENCA_FORA_POLIGONOS_AUDITORIA", "COMP_REC_M": 164.49451943460065, "PERC_LINK_REC": 100.00000000000001, "X_IN_REC": 288773.45643473126, "Y_IN_REC": 9196709.3142446578, "X_OUT_REC": 288768.059772323, "Y_OUT_REC": 9196873.720066078 }, "geometry": { "type": "LineString", "coordinates": [ [ -34.91314565004577, -7.263198524494574 ], [ -34.913170572313078, -7.262294209811937 ], [ -34.913188225122255, -7.261711960527489 ] ] } },
{ "type": "Feature", "properties": { "id_link": "L_A_0008", "node_in": "N_A_0013", "node_out": "N_A_0014", "classe": "COLETOR", "origem": "ColetarA6_F006", "comp_m": 2.0984430741951221, "cota_in": 79.295501708984375, "cota_out": 79.295501708984375, "decl_pct": 0.0, "diam_m": 0.6, "obs": "DIRECAO_ORIGINAL_COTA_IGUAL", "bacia": "A", "ID_LINK_ORIG": "L_A_0008", "ID_LINK_SEG": "L_A_0008_FORA_01", "META_ID": "", "META_ORIG": "", "SELECAO_REC": "DIFERENCA_FORA_POLIGONOS_AUDITORIA", "COMP_REC_M": 2.0984430742151923, "PERC_LINK_REC": 100.0, "X_IN_REC": 288768.059772323, "Y_IN_REC": 9196873.720066078, "X_OUT_REC": 288767.98741604551, "Y_OUT_REC": 9196875.8172613252 }, "geometry": { "type": "LineString", "coordinates": [ [ -34.913188225122255, -7.261711960527489 ], [ -34.913188800052467, -7.261692997470433 ] ] } },
{ "type": "Feature", "properties": { "id_link": "L_A_0009", "node_in": "N_A_0016", "node_out": "N_A_0015", "classe": "COLETOR", "origem": "ColetarA6_F007", "comp_m": 149.96938723564205, "cota_in": 71.330734252929688, "cota_out": 68.918708801269531, "decl_pct": 1.6083452070589705, "diam_m": 0.6, "obs": "DECLIVE_MDE", "bacia": "A", "ID_LINK_ORIG": "L_A_0009", "ID_LINK_SEG": "L_A_0009_FORA_01", "META_ID": "", "META_ORIG": "", "SELECAO_REC": "DIFERENCA_FORA_POLIGONOS_AUDITORIA", "COMP_REC_M": 149.96938723541192, "PERC_LINK_REC": 100.0, "X_IN_REC": 288683.04962770978, "Y_IN_REC": 9196832.8008242417, "X_OUT_REC": 288657.88620359055, "Y_OUT_REC": 9196686.1366983037 }, "geometry": { "type": "LineString", "coordinates": [ [ -34.913959458528694, -7.262078656732067 ], [ -34.913935241390895, -7.262296725922503 ], [ -34.91400555557415, -7.262609314392471 ], [ -34.914192894794802, -7.263403653915644 ] ] } },
{ "type": "Feature", "properties": { "id_link": "L_A_0010", "node_in": "N_A_0017", "node_out": "N_A_0018", "classe": "COLETOR", "origem": "ColetarA6_F008", "comp_m": 171.94885358897102, "cota_in": 63.086246490478516, "cota_out": 56.698802947998047, "decl_pct": 3.7147345906411826, "diam_m": 0.6, "obs": "DECLIVE_MDE", "bacia": "A", "ID_LINK_ORIG": "L_A_0010", "ID_LINK_SEG": "L_A_0010_FORA_01", "META_ID": "", "META_ORIG": "", "SELECAO_REC": "DIFERENCA_FORA_POLIGONOS_AUDITORIA", "COMP_REC_M": 171.94885358859327, "PERC_LINK_REC": 100.0, "X_IN_REC": 288588.56523161399, "Y_IN_REC": 9196674.7066754457, "X_OUT_REC": 288530.80819781718, "Y_OUT_REC": 9196775.8338175081 }, "geometry": { "type": "LineString", "coordinates": [ [ -34.914820955390041, -7.263504341566024 ], [ -34.914751532151513, -7.26294967048308 ], [ -34.914716476446522, -7.262591005419031 ], [ -34.91485519291227, -7.262537794093567 ], [ -34.915209909624885, -7.26257935446105 ], [ -34.915340009091729, -7.26258786635434 ] ] } },
{ "type": "Feature", "properties": { "id_link": "L_A_0011", "node_in": "N_A_0018", "node_out": "N_A_0019", "classe": "COLETOR", "origem": "ColetarA6_F008", "comp_m": 64.246879477550948, "cota_in": 56.698802947998047, "cota_out": 54.322368621826172, "decl_pct": 3.6989101190544909, "diam_m": 0.6, "obs": "DECLIVE_MDE", "bacia": "A", "ID_LINK_ORIG": "L_A_0011", "ID_LINK_SEG": "L_A_0011_FORA_01", "META_ID": "", "META_ORIG": "", "SELECAO_REC": "DIFERENCA_FORA_POLIGONOS_AUDITORIA", "COMP_REC_M": 64.246879477724505, "PERC_LINK_REC": 100.0, "X_IN_REC": 288530.80819781718, "Y_IN_REC": 9196775.8338175081, "X_OUT_REC": 288490.55843572889, "Y_OUT_REC": 9196808.7401574887 }, "geometry": { "type": "LineString", "coordinates": [ [ -34.915340009091729, -7.26258786635434 ], [ -34.915415983628954, -7.262592837049957 ], [ -34.915631477570663, -7.262568006401391 ], [ -34.915703164651177, -7.262288829079337 ] ] } },
{ "type": "Feature", "properties": { "id_link": "L_A_0012", "node_in": "N_A_0020", "node_out": "N_A_0018", "classe": "COLETOR", "origem": "ColetarA6_F009", "comp_m": 104.01657534505389, "cota_in": 58.663017272949219, "cota_out": 56.698802947998047, "decl_pct": 1.8883666554443745, "diam_m": 0.6, "obs": "DECLIVE_MDE", "bacia": "A", "ID_LINK_ORIG": "L_A_0012", "ID_LINK_SEG": "L_A_0012_FORA_01", "META_ID": "", "META_ORIG": "", "SELECAO_REC": "DIFERENCA_FORA_POLIGONOS_AUDITORIA", "COMP_REC_M": 104.01657534505389, "PERC_LINK_REC": 100.0, "X_IN_REC": 288518.185924188, "Y_IN_REC": 9196672.5900045447, "X_OUT_REC": 288530.80819781718, "Y_OUT_REC": 9196775.8338175081 }, "geometry": { "type": "LineString", "coordinates": [ [ -34.915458241526572, -7.263520787904532 ], [ -34.915379073458041, -7.262927884888827 ], [ -34.915340009091729, -7.26258786635434 ] ] } },
{ "type": "Feature", "properties": { "id_link": "L_A_0013", "node_in": "N_A_0021", "node_out": "N_A_0022", "classe": "COLETOR", "origem": "ColetarA6_F010", "comp_m": 219.60208324401293, "cota_in": 56.262020111083984, "cota_out": 45.737747192382813, "decl_pct": 4.7924285431331839, "diam_m": 0.6, "obs": "DECLIVE_MDE", "bacia": "A", "ID_LINK_ORIG": "L_A_0013", "ID_LINK_SEG": "L_A_0013_FORA_01", "META_ID": "", "META_ORIG": "", "SELECAO_REC": "DIFERENCA_FORA_POLIGONOS_AUDITORIA", "COMP_REC_M": 219.60208324378743, "PERC_LINK_REC": 100.0, "X_IN_REC": 288443.89077559591, "Y_IN_REC": 9196676.2941786218, "X_OUT_REC": 288313.1016806839, "Y_OUT_REC": 9196746.1443183199 }, "geometry": { "type": "LineString", "coordinates": [ [ -34.916130758054898, -7.263484458665801 ], [ -34.916032700699446, -7.262956700475878 ], [ -34.916045736039138, -7.26285626425613 ], [ -34.916216172816711, -7.262837278193581 ], [ -34.916473644036692, -7.262814183498268 ], [ -34.916657703739531, -7.26283349947726 ], [ -34.91666668023273, -7.26291670608166 ], [ -34.916910997159277, -7.262909932872832 ], [ -34.917312227813404, -7.262847956943806 ] ] } },
{ "type": "Feature", "properties": { "id_link": "L_A_0014", "node_in": "N_A_0023", "node_out": "N_A_0024", "classe": "COLETOR", "origem": "ColetorA1_F001", "comp_m": 40.674419764477598, "cota_in": 118.89931488037109, "cota_out": 116.56578063964844, "decl_pct": 5.7371051738041352, "diam_m": 0.6, "obs": "DECLIVE_MDE", "bacia": "A", "ID_LINK_ORIG": "L_A_0014", "ID_LINK_SEG": "L_A_0014_FORA_01", "META_ID": "", "META_ORIG": "", "SELECAO_REC": "DIFERENCA_FORA_POLIGONOS_AUDITORIA", "COMP_REC_M": 40.674419764259902, "PERC_LINK_REC": 100.0, "X_IN_REC": 289031.0774113402, "Y_IN_REC": 9196193.3172613233, "X_OUT_REC": 288993.04692947573, "Y_OUT_REC": 9196207.7426165119 }, "geometry": { "type": "LineString", "coordinates": [ [ -34.910832892266654, -7.267873378887813 ], [ -34.911176668122977, -7.267741510895167 ] ] } },
{ "type": "Feature", "properties": { "id_link": "L_A_0015", "node_in": "N_A_0024", "node_out": "N_A_0025", "classe": "COLETOR", "origem": "ColetorA1_F001", "comp_m": 70.66099118775783, "cota_in": 116.56578063964844, "cota_out": 112.76572418212891, "decl_pct": 5.3778702982274318, "diam_m": 0.6, "obs": "DECLIVE_MDE", "bacia": "A", "ID_LINK_ORIG": "L_A_0015", "ID_LINK_SEG": "L_A_0015_FORA_01", "META_ID": "", "META_ORIG": "", "SELECAO_REC": "DIFERENCA_FORA_POLIGONOS_AUDITORIA", "COMP_REC_M": 70.660991188303811, "PERC_LINK_REC": 100.0, "X_IN_REC": 288993.04692947573, "Y_IN_REC": 9196207.7426165119, "X_OUT_REC": 288926.76882845344, "Y_OUT_REC": 9196232.2413715944 }, "geometry": { "type": "LineString", "coordinates": [ [ -34.911176668122977, -7.267741510895167 ], [ -34.911775811719941, -7.267517492875568 ] ] } },
{ "type": "Feature", "properties": { "id_link": "L_A_0016", "node_in": "N_A_0025", "node_out": "N_A_0026", "classe": "COLETOR", "origem": "ColetorA1_F001", "comp_m": 73.384488245667455, "cota_in": 112.76572418212891, "cota_out": 107.72267150878906, "decl_pct": 6.8720962616204933, "diam_m": 0.6, "obs": "DECLIVE_MDE", "bacia": "A", "ID_LINK_ORIG": "L_A_0016", "ID_LINK_SEG": "L_A_0016_FORA_01", "META_ID": "", "META_ORIG": "", "SELECAO_REC": "DIFERENCA_FORA_POLIGONOS_AUDITORIA", "COMP_REC_M": 73.384488245504244, "PERC_LINK_REC": 100.0, "X_IN_REC": 288926.76882845344, "Y_IN_REC": 9196232.2413715944, "X_OUT_REC": 288857.92310622905, "Y_OUT_REC": 9196257.6486815251 }, "geometry": { "type": "LineString", "coordinates": [ [ -34.911775811719941, -7.267517492875568 ], [ -34.912352384915742, -7.267301912985801 ], [ -34.912398166940456, -7.267285162115834 ] ] } },
{ "type": "Feature", "properties": { "id_link": "L_A_0017", "node_in": "N_A_0026", "node_out": "N_A_0027", "classe": "COLETOR", "origem": "ColetorA1_F001", "comp_m": 71.716067686827714, "cota_in": 107.72267150878906, "cota_out": 101.90216827392578, "decl_pct": 8.1160379014092943, "diam_m": 0.6, "obs": "DECLIVE_MDE", "bacia": "A", "ID_LINK_ORIG": "L_A_0017", "ID_LINK_SEG": "L_A_0017_FORA_01", "META_ID": "", "META_ORIG": "", "SELECAO_REC": "DIFERENCA_FORA_POLIGONOS_AUDITORIA", "COMP_REC_M": 71.716067687484582, "PERC_LINK_REC": 100.0, "X_IN_REC": 288857.92310622905, "Y_IN_REC": 9196257.6486815251, "X_OUT_REC": 288790.48152434587, "Y_OUT_REC": 9196282.0377651006 }, "geometry": { "type": "LineString", "coordinates": [ [ -34.912398166940456, -7.267285162115834 ], [ -34.913007847259159, -7.267062089866982 ] ] } },
{ "type": "Feature", "properties": { "id_link": "L_A_0018", "node_in": "N_A_0028", "node_out": "N_A_0027", "classe": "COLETOR", "origem": "ColetorA1_F001", "comp_m": 167.45194642874122, "cota_in": 102.05509185791016, "cota_out": 101.90216827392578, "decl_pct": 0.091323861708261039, "diam_m": 0.6, "obs": "DECLIVE_MDE", "bacia": "A", "ID_LINK_ORIG": "L_A_0018", "ID_LINK_SEG": "L_A_0018_FORA_01", "META_ID": "", "META_ORIG": "", "SELECAO_REC": "DIFERENCA_FORA_POLIGONOS_AUDITORIA", "COMP_REC_M": 167.45194642788186, "PERC_LINK_REC": 99.999999999999986, "X_IN_REC": 288720.3040575246, "Y_IN_REC": 9196130.0076865535, "X_OUT_REC": 288790.48152434587, "Y_OUT_REC": 9196282.0377651006 }, "geometry": { "type": "LineString", "coordinates": [ [ -34.913649048732971, -7.268433879595959 ], [ -34.913199249486368, -7.26745741215935 ], [ -34.913007847259166, -7.267062089866982 ], [ -34.913007847259159, -7.267062089866982 ] ] } },
{ "type": "Feature", "properties": { "id_link": "L_A_0019", "node_in": "N_A_0030", "node_out": "N_A_0029", "classe": "COLETOR", "origem": "ColetorA2_F001", "comp_m": 24.693636653763075, "cota_in": 108.54859161376953, "cota_out": 107.18984985351563, "decl_pct": 5.5023963432573098, "diam_m": 0.6, "obs": "DECLIVE_MDE", "bacia": "A", "ID_LINK_ORIG": "L_A_0019", "ID_LINK_SEG": "L_A_0019_FORA_01", "META_ID": "", "META_ORIG": "", "SELECAO_REC": "DIFERENCA_FORA_POLIGONOS_AUDITORIA", "COMP_REC_M": 24.693636653571208, "PERC_LINK_REC": 100.0, "X_IN_REC": 288842.81265850295, "Y_IN_REC": 9196228.3172613233, "X_OUT_REC": 288852.98741604772, "Y_OUT_REC": 9196250.8172613252 }, "geometry": { "type": "LineString", "coordinates": [ [ -34.912536098128975, -7.267549764228542 ], [ -34.91244311573886, -7.267346735061376 ] ] } },
{ "type": "Feature", "properties": { "id_link": "L_A_0020", "node_in": "N_A_0031", "node_out": "N_A_0032", "classe": "COLETOR", "origem": "ColetorA2_F002", "comp_m": 28.81844213081057, "cota_in": 112.37059783935547, "cota_out": 111.36269378662109, "decl_pct": 3.4974272660519627, "diam_m": 0.6, "obs": "DECLIVE_MDE", "bacia": "A", "ID_LINK_ORIG": "L_A_0020", "ID_LINK_SEG": "L_A_0020_FORA_01", "META_ID": "", "META_ORIG": "", "SELECAO_REC": "DIFERENCA_FORA_POLIGONOS_AUDITORIA", "COMP_REC_M": 28.818442130935225, "PERC_LINK_REC": 100.0, "X_IN_REC": 288922.87928914238, "Y_IN_REC": 9196224.3584830817, "X_OUT_REC": 288910.53597612737, "Y_OUT_REC": 9196198.3172613233 }, "geometry": { "type": "LineString", "coordinates": [ [ -34.911811328863045, -7.267588611942745 ], [ -34.91192408052455, -7.267823573949912 ] ] } },
{ "type": "Feature", "properties": { "id_link": "L_A_0021", "node_in": "N_A_0033", "node_out": "N_A_0034", "classe": "COLETOR", "origem": "ColetorA2_F003", "comp_m": 8.9174842287703626, "cota_in": 116.55980682373047, "cota_out": 116.15007019042969, "decl_pct": 4.5947559063671042, "diam_m": 0.6, "obs": "DECLIVE_MDE", "bacia": "A", "ID_LINK_ORIG": "L_A_0021", "ID_LINK_SEG": "L_A_0021_FORA_01", "META_ID": "", "META_ORIG": "", "SELECAO_REC": "DIFERENCA_FORA_POLIGONOS_AUDITORIA", "COMP_REC_M": 8.9174842288861651, "PERC_LINK_REC": 100.0, "X_IN_REC": 288993.99943138275, "Y_IN_REC": 9196201.4984373637, "X_OUT_REC": 288990.45120878972, "Y_OUT_REC": 9196193.3172613233 }, "geometry": { "type": "LineString", "coordinates": [ [ -34.911168282847513, -7.267797999590838 ], [ -34.911200721067814, -7.26787182850695 ] ] } },
{ "type": "Feature", "properties": { "id_link": "L_A_0022", "node_in": "N_A_0035", "node_out": "N_A_0036", "classe": "COLETOR", "origem": "ColetorA2_F004", "comp_m": 36.020649562244792, "cota_in": 117.48436737060547, "cota_out": 117.38584136962891, "decl_pct": 0.27352644156598716, "diam_m": 0.6, "obs": "DECLIVE_MDE", "bacia": "A", "ID_LINK_ORIG": "L_A_0022", "ID_LINK_SEG": "L_A_0022_FORA_01", "META_ID": "", "META_ORIG": "", "SELECAO_REC": "DIFERENCA_FORA_POLIGONOS_AUDITORIA", "COMP_REC_M": 36.020649562195317, "PERC_LINK_REC": 100.0, "X_IN_REC": 289030.79631091794, "Y_IN_REC": 9196088.3172613233, "X_OUT_REC": 289015.48741604609, "Y_OUT_REC": 9196055.7116646767 }, "geometry": { "type": "LineString", "coordinates": [ [ -34.910839450095935, -7.268822651801067 ], [ -34.910979303092155, -7.269116848072525 ] ] } },
{ "type": "Feature", "properties": { "id_link": "L_A_0023", "node_in": "N_A_0037", "node_out": "N_A_0038", "classe": "COLETOR", "origem": "ColetorA4_F001", "comp_m": 242.07520767050926, "cota_in": 123.53831481933594, "cota_out": 121.11541748046875, "decl_pct": 1.0008861965596307, "diam_m": 0.6, "obs": "DECLIVE_MDE", "bacia": "A", "ID_LINK_ORIG": "L_A_0023", "ID_LINK_SEG": "L_A_0023_FORA_01", "META_ID": "", "META_ORIG": "", "SELECAO_REC": "DIFERENCA_FORA_POLIGONOS_AUDITORIA", "COMP_REC_M": 242.0752076700357, "PERC_LINK_REC": 100.0, "X_IN_REC": 289200.39248305291, "Y_IN_REC": 9196346.1993517578, "X_OUT_REC": 289071.57746814401, "Y_OUT_REC": 9196178.3172613233 }, "geometry": { "type": "LineString", "coordinates": [ [ -34.909294079230612, -7.266497659900068 ], [ -34.909830645976335, -7.266487745740252 ], [ -34.910063430259555, -7.267152723902291 ], [ -34.910357217751276, -7.267740897770554 ], [ -34.910466778612992, -7.268010536138515 ] ] } },
{ "type": "Feature", "properties": { "id_link": "L_A_0024", "node_in": "N_A_0039", "node_out": "N_A_0024", "classe": "COLETOR", "origem": "ColetorA4_F002", "comp_m": 178.15379374322015, "cota_in": 118.15927886962891, "cota_out": 116.56578063964844, "decl_pct": 0.89445091036188562, "diam_m": 0.6, "obs": "DECLIVE_MDE", "bacia": "A", "ID_LINK_ORIG": "L_A_0024", "ID_LINK_SEG": "L_A_0024_FORA_01", "META_ID": "", "META_ORIG": "", "SELECAO_REC": "DIFERENCA_FORA_POLIGONOS_AUDITORIA", "COMP_REC_M": 178.15379374310979, "PERC_LINK_REC": 100.0, "X_IN_REC": 289071.59305878822, "Y_IN_REC": 9196367.4718943033, "X_OUT_REC": 288993.04692947573, "Y_OUT_REC": 9196207.7426165119 }, "geometry": { "type": "LineString", "coordinates": [ [ -34.910459411207604, -7.266300427711832 ], [ -34.910855512929935, -7.267064228149708 ], [ -34.911097391828719, -7.26761338975843 ], [ -34.911176668122977, -7.267741510895167 ] ] } },
{ "type": "Feature", "properties": { "id_link": "L_A_0025", "node_in": "N_A_0040", "node_out": "N_A_0025", "classe": "COLETOR", "origem": "ColetorA4_F003", "comp_m": 190.6815235836637, "cota_in": 115.66951751708984, "cota_out": 112.76572418212891, "decl_pct": 1.5228498704998363, "diam_m": 0.6, "obs": "DECLIVE_MDE", "bacia": "A", "ID_LINK_ORIG": "L_A_0025", "ID_LINK_SEG": "L_A_0025_FORA_01", "META_ID": "", "META_ORIG": "", "SELECAO_REC": "DIFERENCA_FORA_POLIGONOS_AUDITORIA", "COMP_REC_M": 190.68152358368565, "PERC_LINK_REC": 99.999999999999986, "X_IN_REC": 289004.91792543675, "Y_IN_REC": 9196406.1011382267, "X_OUT_REC": 288926.76882845344, "Y_OUT_REC": 9196232.2413715944 }, "geometry": { "type": "LineString", "coordinates": [ [ -34.911061608483578, -7.265948645013095 ], [ -34.911414570856003, -7.266707842412659 ], [ -34.911695243846218, -7.26736687620643 ], [ -34.911775811719941, -7.267517492875568 ] ] } },
{ "type": "Feature", "properties": { "id_link": "L_A_0026", "node_in": "N_A_0041", "node_out": "N_A_0026", "classe": "COLETOR", "origem": "ColetorA4_F004", "comp_m": 206.03538824407997, "cota_in": 111.72206878662109, "cota_out": 107.72267150878906, "decl_pct": 1.941121528644459, "diam_m": 0.6, "obs": "DECLIVE_MDE", "bacia": "A", "ID_LINK_ORIG": "L_A_0026", "ID_LINK_SEG": "L_A_0026_FORA_01", "META_ID": "", "META_ORIG": "", "SELECAO_REC": "DIFERENCA_FORA_POLIGONOS_AUDITORIA", "COMP_REC_M": 206.03538824425283, "PERC_LINK_REC": 100.0, "X_IN_REC": 288946.074474419, "Y_IN_REC": 9196443.7073245496, "X_OUT_REC": 288857.92310622905, "Y_OUT_REC": 9196257.6486815251 }, "geometry": { "type": "LineString", "coordinates": [ [ -34.911592936274303, -7.265606409881965 ], [ -34.911795665091397, -7.2659614984037 ], [ -34.912161315965882, -7.266775181055035 ], [ -34.912398166940456, -7.267285162115834 ] ] } },
{ "type": "Feature", "properties": { "id_link": "L_A_0027", "node_in": "N_A_0027", "node_out": "N_A_0042", "classe": "COLETOR", "origem": "ColetorA4_F005", "comp_m": 218.66831005072697, "cota_in": 101.90216827392578, "cota_out": 100.91004180908203, "decl_pct": 0.45371296124874938, "diam_m": 0.6, "obs": "DECLIVE_MDE", "bacia": "A", "ID_LINK_ORIG": "L_A_0027", "ID_LINK_SEG": "L_A_0027_FORA_01", "META_ID": "", "META_ORIG": "", "SELECAO_REC": "DIFERENCA_FORA_POLIGONOS_AUDITORIA", "COMP_REC_M": 218.66831005109478, "PERC_LINK_REC": 100.0, "X_IN_REC": 288790.48152434587, "Y_IN_REC": 9196282.0377651006, "X_OUT_REC": 288883.6503217906, "Y_OUT_REC": 9196479.814202318 }, "geometry": { "type": "LineString", "coordinates": [ [ -34.913007847259159, -7.267062089866982 ], [ -34.912868936405793, -7.266736388121884 ], [ -34.912545363202909, -7.266085437049815 ], [ -34.912156739869026, -7.265277592589273 ] ] } },
{ "type": "Feature", "properties": { "id_link": "L_A_0028", "node_in": "N_A_0044", "node_out": "N_A_0043", "classe": "COLETOR", "origem": "ColetorA4_F006", "comp_m": 411.23913105418467, "cota_in": 96.908012390136719, "cota_out": 88.613487243652344, "decl_pct": 2.0169591170037493, "diam_m": 0.6, "obs": "DECLIVE_MDE", "bacia": "A", "ID_LINK_ORIG": "L_A_0028", "ID_LINK_SEG": "L_A_0028_FORA_01", "META_ID": "", "META_ORIG": "", "SELECAO_REC": "DIFERENCA_FORA_POLIGONOS_AUDITORIA", "COMP_REC_M": 404.66137285557556, "PERC_LINK_REC": 98.400502845695769, "X_IN_REC": 288656.92407419643, "Y_IN_REC": 9196160.0617531985, "X_OUT_REC": 288828.72271193593, "Y_OUT_REC": 9196525.8517943919 }, "geometry": { "type": "LineString", "coordinates": [ [ -34.914221738932568, -7.268159744840598 ], [ -34.914009349727628, -7.267626462682014 ], [ -34.913835413301243, -7.267282736306259 ], [ -34.913632609360512, -7.266910426564617 ], [ -34.913522109865674, -7.26661236029696 ], [ -34.913429417102108, -7.266446262094505 ], [ -34.913075724593099, -7.265741609776755 ], [ -34.912953703131016, -7.265437850776602 ], [ -34.912652289786287, -7.264859279537982 ] ] } },
{ "type": "Feature", "properties": { "id_link": "L_A_0029", "node_in": "N_A_0045", "node_out": "N_A_0046", "classe": "COLETOR", "origem": "ColetorA5_F001", "comp_m": 485.37920649088142, "cota_in": 121.13532257080078, "cota_out": 102.44920349121094, "decl_pct": 3.8497980197140751, "diam_m": 0.6, "obs": "DECLIVE_MDE", "bacia": "A", "ID_LINK_ORIG": "L_A_0029", "ID_LINK_SEG": "L_A_0029_FORA_01", "META_ID": "", "META_ORIG": "", "SELECAO_REC": "DIFERENCA_FORA_POLIGONOS_AUDITORIA", "COMP_REC_M": 485.37920649076699, "PERC_LINK_REC": 100.0, "X_IN_REC": 289255.29539841437, "Y_IN_REC": 9196694.3705480918, "X_OUT_REC": 288891.61787224328, "Y_OUT_REC": 9196494.265171919 }, "geometry": { "type": "LineString", "coordinates": [ [ -34.908783704928531, -7.263352003351405 ], [ -34.909349326338692, -7.263188874452593 ], [ -34.909952935256605, -7.263171981133472 ], [ -34.910393729876212, -7.26317490938622 ], [ -34.910810589475176, -7.263182722203426 ], [ -34.911529283945868, -7.264323114101185 ], [ -34.91168346654824, -7.264528184140098 ], [ -34.912084049904458, -7.265147248516365 ] ] } },
{ "type": "Feature", "properties": { "id_link": "L_A_0030", "node_in": "N_A_0047", "node_out": "N_A_0048", "classe": "COLETOR", "origem": "ColetorA5_F002", "comp_m": 299.10826445413915, "cota_in": 113.23907470703125, "cota_out": 111.69416809082031, "decl_pct": 0.51650415578798248, "diam_m": 0.6, "obs": "DECLIVE_MDE", "bacia": "A", "ID_LINK_ORIG": "L_A_0030", "ID_LINK_SEG": "L_A_0030_FORA_01", "META_ID": "", "META_ORIG": "", "SELECAO_REC": "DIFERENCA_FORA_POLIGONOS_AUDITORIA", "COMP_REC_M": 299.10826445427182, "PERC_LINK_REC": 100.0, "X_IN_REC": 289112.9874160472, "Y_IN_REC": 9196705.8172613252, "X_OUT_REC": 288950.32726354664, "Y_OUT_REC": 9196454.9032040145 }, "geometry": { "type": "LineString", "coordinates": [ [ -34.910071709813224, -7.263243092977658 ], [ -34.91068593641878, -7.264221415190789 ], [ -34.911307760638955, -7.265113437655996 ], [ -34.911554003950997, -7.265505352535708 ] ] } },
{ "type": "Feature", "properties": { "id_link": "L_A_0031", "node_in": "N_A_0049", "node_out": "N_A_0050", "classe": "COLETOR", "origem": "ColetorA5_F003", "comp_m": 331.63256382976056, "cota_in": 117.24396514892578, "cota_out": 115.53829956054688, "decl_pct": 0.51432391580655767, "diam_m": 0.6, "obs": "DECLIVE_MDE", "bacia": "A", "ID_LINK_ORIG": "L_A_0031", "ID_LINK_SEG": "L_A_0031_FORA_01", "META_ID": "", "META_ORIG": "", "SELECAO_REC": "DIFERENCA_FORA_POLIGONOS_AUDITORIA", "COMP_REC_M": 331.63256382980938, "PERC_LINK_REC": 100.0, "X_IN_REC": 289183.187476422, "Y_IN_REC": 9196697.8630550765, "X_OUT_REC": 289009.13931391307, "Y_OUT_REC": 9196416.6582202855 }, "geometry": { "type": "LineString", "coordinates": [ [ -34.909436429491159, -7.26331768092948 ], [ -34.909663829573077, -7.263842984349545 ], [ -34.909958001831491, -7.264296243569321 ], [ -34.910377388520054, -7.264902068998343 ], [ -34.910700490546759, -7.265398263155673 ], [ -34.911022984923846, -7.265853361638754 ] ] } },
{ "type": "Feature", "properties": { "id_link": "L_A_0032", "node_in": "N_A_0051", "node_out": "N_A_0052", "classe": "COLETOR", "origem": "ColetorA5_F004", "comp_m": 358.87698120311535, "cota_in": 121.21202850341797, "cota_out": 118.15679931640625, "decl_pct": 0.85133049680958384, "diam_m": 0.6, "obs": "DECLIVE_MDE", "bacia": "A", "ID_LINK_ORIG": "L_A_0032", "ID_LINK_SEG": "L_A_0032_FORA_01", "META_ID": "", "META_ORIG": "", "SELECAO_REC": "DIFERENCA_FORA_POLIGONOS_AUDITORIA", "COMP_REC_M": 358.87698120304094, "PERC_LINK_REC": 100.0, "X_IN_REC": 289252.93178257532, "Y_IN_REC": 9196685.1630296763, "X_OUT_REC": 289077.35366632306, "Y_OUT_REC": 9196373.6495739855 }, "geometry": { "type": "LineString", "coordinates": [ [ -34.908805456136207, -7.26343515672957 ], [ -34.909215548174515, -7.264336685795448 ], [ -34.909735296344394, -7.265052702190896 ], [ -34.910133452243812, -7.265680048077738 ], [ -34.910407018979924, -7.266244796269857 ] ] } },
{ "type": "Feature", "properties": { "id_link": "L_A_0033", "node_in": "N_A_0053", "node_out": "N_A_0054", "classe": "COLETOR", "origem": "ColetorA5_F005", "comp_m": 344.74219546877794, "cota_in": 110.2110595703125, "cota_out": 76.958816528320313, "decl_pct": 9.6455390373017806, "diam_m": 0.6, "obs": "DECLIVE_MDE", "bacia": "A", "ID_LINK_ORIG": "L_A_0033", "ID_LINK_SEG": "L_A_0033_FORA_01", "META_ID": "", "META_ORIG": "", "SELECAO_REC": "DIFERENCA_FORA_POLIGONOS_AUDITORIA", "COMP_REC_M": 344.74219546771877, "PERC_LINK_REC": 100.0, "X_IN_REC": 289022.00298738515, "Y_IN_REC": 9196710.1397462953, "X_OUT_REC": 288720.69461967354, "Y_OUT_REC": 9196621.1942357216 }, "geometry": { "type": "LineString", "coordinates": [ [ -34.910895307702276, -7.263200545274589 ], [ -34.911527771341092, -7.263209362912705 ], [ -34.912443827780059, -7.26323309958968 ], [ -34.912784803853008, -7.263852799366613 ], [ -34.913017280852877, -7.263953957705056 ], [ -34.913626719168782, -7.263993183727224 ] ] } },
{ "type": "Feature", "properties": { "id_link": "L_A_0034", "node_in": "N_A_0055", "node_out": "N_A_0056", "classe": "COLETOR", "origem": "ColetorA5_F006", "comp_m": 197.65923903122018, "cota_in": 106.61613464355469, "cota_out": 89.775810241699219, "decl_pct": 8.5198771807451656, "diam_m": 0.6, "obs": "DECLIVE_MDE", "bacia": "A", "ID_LINK_ORIG": "L_A_0034", "ID_LINK_SEG": "L_A_0034_FORA_01", "META_ID": "", "META_ORIG": "", "SELECAO_REC": "DIFERENCA_FORA_POLIGONOS_AUDITORIA", "COMP_REC_M": 197.65923903120861, "PERC_LINK_REC": 99.999999999999986, "X_IN_REC": 288938.39448683464, "Y_IN_REC": 9196700.1913930662, "X_OUT_REC": 288832.32604863012, "Y_OUT_REC": 9196533.4068971407 }, "geometry": { "type": "LineString", "coordinates": [ [ -34.91165266949475, -7.263287297225743 ], [ -34.912241097874599, -7.264212948279038 ], [ -34.91261937663981, -7.264791113022377 ] ] } },
{ "type": "Feature", "properties": { "id_link": "L_A_0035", "node_in": "N_A_0057", "node_out": "N_A_0058", "classe": "COLETOR", "origem": "ColetorA5_F007", "comp_m": 298.27501370318851, "cota_in": 92.401626586914063, "cota_out": 60.479644775390625, "decl_pct": 10.702197752068093, "diam_m": 0.6, "obs": "DECLIVE_MDE", "bacia": "A", "ID_LINK_ORIG": "L_A_0035", "ID_LINK_SEG": "L_A_0035_FORA_01", "META_ID": "", "META_ORIG": "", "SELECAO_REC": "DIFERENCA_FORA_POLIGONOS_AUDITORIA", "COMP_REC_M": 298.27501370301349, "PERC_LINK_REC": 100.0, "X_IN_REC": 288839.54595580301, "Y_IN_REC": 9196702.5550089069, "X_OUT_REC": 288544.1642666097, "Y_OUT_REC": 9196662.1518176347 }, "geometry": { "type": "LineString", "coordinates": [ [ -34.912547542068673, -7.263262156236743 ], [ -34.913329776392089, -7.263339232063255 ], [ -34.914192694078409, -7.263461894117082 ], [ -34.91481984515859, -7.263574067601076 ], [ -34.915223436570962, -7.263616150244539 ] ] } },
{ "type": "Feature", "properties": { "id_link": "L_A_0036", "node_in": "N_A_0059", "node_out": "N_A_0060", "classe": "COLETOR", "origem": "ColetorA7_F001", "comp_m": 52.902142487668684, "cota_in": 55.210258483886719, "cota_out": 54.140972137451172, "decl_pct": 2.0212533862589668, "diam_m": 0.6, "obs": "DECLIVE_MDE", "bacia": "A", "ID_LINK_ORIG": "L_A_0036", "ID_LINK_SEG": "L_A_0036_FORA_01", "META_ID": "", "META_ORIG": "", "SELECAO_REC": "DIFERENCA_FORA_POLIGONOS_AUDITORIA", "COMP_REC_M": 52.902142487651638, "PERC_LINK_REC": 100.0, "X_IN_REC": 288260.50240881834, "Y_IN_REC": 9196418.8858304862, "X_OUT_REC": 288265.6680047171, "Y_OUT_REC": 9196471.5351733007 }, "geometry": { "type": "LineString", "coordinates": [ [ -34.917800998652041, -7.265804610020543 ], [ -34.917752211270901, -7.265328817668504 ] ] } },
{ "type": "Feature", "properties": { "id_link": "L_A_0037", "node_in": "N_A_0060", "node_out": "N_A_0061", "classe": "COLETOR", "origem": "ColetorA7_F001", "comp_m": 139.08283058234858, "cota_in": 54.140972137451172, "cota_out": 47.143692016601563, "decl_pct": 5.0310164752554698, "diam_m": 0.6, "obs": "DECLIVE_MDE", "bacia": "A", "ID_LINK_ORIG": "L_A_0037", "ID_LINK_SEG": "L_A_0037_FORA_01", "META_ID": "", "META_ORIG": "", "SELECAO_REC": "DIFERENCA_FORA_POLIGONOS_AUDITORIA", "COMP_REC_M": 139.08283058301959, "PERC_LINK_REC": 100.0, "X_IN_REC": 288265.6680047171, "Y_IN_REC": 9196471.5351733007, "X_OUT_REC": 288274.14964445902, "Y_OUT_REC": 9196605.5994872097 }, "geometry": { "type": "LineString", "coordinates": [ [ -34.917752211270901, -7.265328817668504 ], [ -34.917671055903121, -7.264537355772949 ], [ -34.917602399526885, -7.264164481132839 ], [ -34.917670280190798, -7.264117098848712 ] ] } },
{ "type": "Feature", "properties": { "id_link": "L_A_0038", "node_in": "N_A_0062", "node_out": "N_A_0063", "classe": "COLETOR", "origem": "ColetorA7_F002", "comp_m": 40.408422911540853, "cota_in": 55.460086822509766, "cota_out": 55.438350677490234, "decl_pct": 0.053791124358192402, "diam_m": 0.6, "obs": "DECLIVE_MDE", "bacia": "A", "ID_LINK_ORIG": "L_A_0038", "ID_LINK_SEG": "L_A_0038_FORA_01", "META_ID": "", "META_ORIG": "", "SELECAO_REC": "DIFERENCA_FORA_POLIGONOS_AUDITORIA", "COMP_REC_M": 40.408422911558226, "PERC_LINK_REC": 100.0, "X_IN_REC": 288186.94809504115, "Y_IN_REC": 9196436.3483654112, "X_OUT_REC": 288192.97759311344, "Y_OUT_REC": 9196476.3044137042 }, "geometry": { "type": "LineString", "coordinates": [ [ -34.918466282284676, -7.265643918844847 ], [ -34.918410159417668, -7.265282916822579 ] ] } },
{ "type": "Feature", "properties": { "id_link": "L_A_0039", "node_in": "N_A_0063", "node_out": "N_A_0064", "classe": "COLETOR", "origem": "ColetorA7_F002", "comp_m": 144.39692465135613, "cota_in": 55.438350677490234, "cota_out": 45.684066772460938, "decl_pct": 6.7551881236950484, "diam_m": 0.6, "obs": "DECLIVE_MDE", "bacia": "A", "ID_LINK_ORIG": "L_A_0039", "ID_LINK_SEG": "L_A_0039_FORA_01", "META_ID": "", "META_ORIG": "", "SELECAO_REC": "DIFERENCA_FORA_POLIGONOS_AUDITORIA", "COMP_REC_M": 144.39692465148642, "PERC_LINK_REC": 100.0, "X_IN_REC": 288192.97759311344, "Y_IN_REC": 9196476.3044137042, "X_OUT_REC": 288214.52362030488, "Y_OUT_REC": 9196619.0848064795 }, "geometry": { "type": "LineString", "coordinates": [ [ -34.918410159417668, -7.265282916822579 ], [ -34.918209609264508, -7.263992898804549 ] ] } },
{ "type": "Feature", "properties": { "id_link": "L_A_0040", "node_in": "N_A_0064", "node_out": "N_A_0065", "classe": "COLETOR", "origem": "ColetorA7_F002", "comp_m": 2.2898805603922945, "cota_in": 45.684066772460938, "cota_out": 45.684066772460938, "decl_pct": 0.0, "diam_m": 0.6, "obs": "DIRECAO_ORIGINAL_COTA_IGUAL", "bacia": "A", "ID_LINK_ORIG": "L_A_0040", "ID_LINK_SEG": "L_A_0040_FORA_01", "META_ID": "", "META_ORIG": "", "SELECAO_REC": "DIFERENCA_FORA_POLIGONOS_AUDITORIA", "COMP_REC_M": 2.2898805603575529, "PERC_LINK_REC": 100.0, "X_IN_REC": 288214.52362030488, "Y_IN_REC": 9196619.0848064795, "X_OUT_REC": 288214.86530229653, "Y_OUT_REC": 9196621.3490516953 }, "geometry": { "type": "LineString", "coordinates": [ [ -34.918209609264508, -7.263992898804549 ], [ -34.918206428909592, -7.263972441390232 ] ] } },
{ "type": "Feature", "properties": { "id_link": "L_A_0041", "node_in": "N_A_0066", "node_out": "N_A_0067", "classe": "COLETOR", "origem": "ColetorA7_F003", "comp_m": 40.730636021822072, "cota_in": 54.601333618164063, "cota_out": 54.542720794677734, "decl_pct": 0.14390353112808107, "diam_m": 0.6, "obs": "DECLIVE_MDE", "bacia": "A", "ID_LINK_ORIG": "L_A_0041", "ID_LINK_SEG": "L_A_0041_FORA_01", "META_ID": "", "META_ORIG": "", "SELECAO_REC": "DIFERENCA_FORA_POLIGONOS_AUDITORIA", "COMP_REC_M": 40.730636021756204, "PERC_LINK_REC": 100.0, "X_IN_REC": 288118.68545851763, "Y_IN_REC": 9196437.4067008607, "X_OUT_REC": 288125.26969918131, "Y_OUT_REC": 9196477.6016319543 }, "geometry": { "type": "LineString", "coordinates": [ [ -34.919084284321073, -7.26563173587525 ], [ -34.919023129244557, -7.26526859562869 ] ] } },
{ "type": "Feature", "properties": { "id_link": "L_A_0042", "node_in": "N_A_0067", "node_out": "N_A_0068", "classe": "COLETOR", "origem": "ColetorA7_F003", "comp_m": 150.08014030080162, "cota_in": 54.542720794677734, "cota_out": 45.462467193603516, "decl_pct": 6.0502699310347854, "diam_m": 0.6, "obs": "DECLIVE_MDE", "bacia": "A", "ID_LINK_ORIG": "L_A_0042", "ID_LINK_SEG": "L_A_0042_FORA_01", "META_ID": "", "META_ORIG": "", "SELECAO_REC": "DIFERENCA_FORA_POLIGONOS_AUDITORIA", "COMP_REC_M": 150.08014030086747, "PERC_LINK_REC": 100.0, "X_IN_REC": 288125.26969918131, "Y_IN_REC": 9196477.6016319543, "X_OUT_REC": 288149.53064521961, "Y_OUT_REC": 9196625.7078607567 }, "geometry": { "type": "LineString", "coordinates": [ [ -34.919023129244557, -7.26526859562869 ], [ -34.918797792676258, -7.263930532727069 ] ] } },
{ "type": "Feature", "properties": { "id_link": "L_A_0043", "node_in": "N_A_0069", "node_out": "N_A_0070", "classe": "COLETOR", "origem": "ColetorA7_F004", "comp_m": 213.21900802428411, "cota_in": 49.974773406982422, "cota_out": 40.939559936523438, "decl_pct": 4.237527204624242, "diam_m": 0.6, "obs": "DECLIVE_MDE", "bacia": "A", "ID_LINK_ORIG": "L_A_0043", "ID_LINK_SEG": "L_A_0043_FORA_01", "META_ID": "", "META_ORIG": "", "SELECAO_REC": "DIFERENCA_FORA_POLIGONOS_AUDITORIA", "COMP_REC_M": 213.21900802412082, "PERC_LINK_REC": 100.0, "X_IN_REC": 288048.3560295502, "Y_IN_REC": 9196475.8172613233, "X_OUT_REC": 288088.22913891223, "Y_OUT_REC": 9196685.2748477999 }, "geometry": { "type": "LineString", "coordinates": [ [ -34.91971956507669, -7.265281780715664 ], [ -34.919350522685264, -7.263389654309792 ] ] } },
{ "type": "Feature", "properties": { "id_link": "L_A_0044", "node_in": "N_A_0071", "node_out": "N_A_0072", "classe": "COLETOR", "origem": "ColetorA7_F005", "comp_m": 218.91392006090865, "cota_in": 46.520084381103516, "cota_out": 39.0726318359375, "decl_pct": 3.4020004498087211, "diam_m": 0.6, "obs": "DECLIVE_MDE", "bacia": "A", "ID_LINK_ORIG": "L_A_0044", "ID_LINK_SEG": "L_A_0044_FORA_01", "META_ID": "", "META_ORIG": "", "SELECAO_REC": "DIFERENCA_FORA_POLIGONOS_AUDITORIA", "COMP_REC_M": 218.91392006106304, "PERC_LINK_REC": 100.0, "X_IN_REC": 287974.27558636025, "Y_IN_REC": 9196476.4063621946, "X_OUT_REC": 288012.98741604551, "Y_OUT_REC": 9196691.8702771291 }, "geometry": { "type": "LineString", "coordinates": [ [ -34.920390257861648, -7.265273615380733 ], [ -34.920031496377831, -7.263327144043281 ] ] } },
{ "type": "Feature", "properties": { "id_link": "L_A_0045", "node_in": "N_A_0073", "node_out": "N_A_0074", "classe": "COLETOR", "origem": "ColetorA7_F006", "comp_m": 234.20151583401088, "cota_in": 46.272987365722656, "cota_out": 30.917213439941406, "decl_pct": 6.5566501015580858, "diam_m": 0.6, "obs": "DECLIVE_MDE", "bacia": "A", "ID_LINK_ORIG": "L_A_0045", "ID_LINK_SEG": "L_A_0045_FORA_01", "META_ID": "", "META_ORIG": "", "SELECAO_REC": "DIFERENCA_FORA_POLIGONOS_AUDITORIA", "COMP_REC_M": 234.20151583447654, "PERC_LINK_REC": 100.0, "X_IN_REC": 287966.7084878934, "Y_IN_REC": 9196474.1309409793, "X_OUT_REC": 287808.37841912033, "Y_OUT_REC": 9196545.8172613252 }, "geometry": { "type": "LineString", "coordinates": [ [ -34.920458856802398, -7.265293896793314 ], [ -34.921923389776957, -7.265293823288439 ], [ -34.921889603084708, -7.26463972729961 ] ] } },
{ "type": "Feature", "properties": { "id_link": "L_A_0046", "node_in": "N_A_0075", "node_out": "N_A_0074", "classe": "COLETOR", "origem": "ColetorA7_F006", "comp_m": 70.001954594583054, "cota_in": 31.917379379272461, "cota_out": 30.917213439941406, "decl_pct": 1.428768589567998, "diam_m": 0.6, "obs": "DECLIVE_MDE", "bacia": "A", "ID_LINK_ORIG": "L_A_0046", "ID_LINK_SEG": "L_A_0046_FORA_01", "META_ID": "", "META_ORIG": "", "SELECAO_REC": "DIFERENCA_FORA_POLIGONOS_AUDITORIA", "COMP_REC_M": 70.001954594594537, "PERC_LINK_REC": 100.0, "X_IN_REC": 287810.67941849376, "Y_IN_REC": 9196615.7813881971, "X_OUT_REC": 287808.37841912033, "Y_OUT_REC": 9196545.8172613252 }, "geometry": { "type": "LineString", "coordinates": [ [ -34.92186608244549, -7.264007288121345 ], [ -34.921889603084708, -7.26463972729961 ] ] } },
{ "type": "Feature", "properties": { "id_link": "L_A_0047", "node_in": "N_A_0075", "node_out": "N_A_0076", "classe": "COLETOR", "origem": "ColetorA7_F006", "comp_m": 72.295853451080362, "cota_in": 31.917379379272461, "cota_out": 30.389497756958008, "decl_pct": 2.1133737958405985, "diam_m": 0.6, "obs": "DECLIVE_MDE", "bacia": "A", "ID_LINK_ORIG": "L_A_0047", "ID_LINK_SEG": "L_A_0047_FORA_01", "META_ID": "", "META_ORIG": "", "SELECAO_REC": "DIFERENCA_FORA_POLIGONOS_AUDITORIA", "COMP_REC_M": 72.29585345114144, "PERC_LINK_REC": 100.0, "X_IN_REC": 287810.67941849376, "Y_IN_REC": 9196615.7813881971, "X_OUT_REC": 287813.05581947416, "Y_OUT_REC": 9196688.0381743461 }, "geometry": { "type": "LineString", "coordinates": [ [ -34.92186608244549, -7.264007288121345 ], [ -34.921841791369857, -7.263354124463449 ], [ -34.921841791369843, -7.263354124463413 ] ] } },
{ "type": "Feature", "properties": { "id_link": "L_A_0048", "node_in": "N_A_0076", "node_out": "N_A_0077", "classe": "COLETOR", "origem": "ColetorA7_F006", "comp_m": 75.795599453147133, "cota_in": 30.389497756958008, "cota_out": 29.454181671142578, "decl_pct": 1.2339978739710253, "diam_m": 0.6, "obs": "DECLIVE_MDE", "bacia": "A", "ID_LINK_ORIG": "L_A_0048", "ID_LINK_SEG": "L_A_0048_FORA_01", "META_ID": "", "META_ORIG": "", "SELECAO_REC": "DIFERENCA_FORA_POLIGONOS_AUDITORIA", "COMP_REC_M": 75.795599453159198, "PERC_LINK_REC": 100.0, "X_IN_REC": 287813.05581947416, "Y_IN_REC": 9196688.0381743461, "X_OUT_REC": 287822.48497128673, "Y_OUT_REC": 9196762.5591127146 }, "geometry": { "type": "LineString", "coordinates": [ [ -34.921841791369843, -7.263354124463413 ], [ -34.921819007359822, -7.262862984042241 ], [ -34.921753559331563, -7.262680761627062 ] ] } },
{ "type": "Feature", "properties": { "id_link": "L_A_0049", "node_in": "N_A_0078", "node_out": "N_A_0071", "classe": "COLETOR", "origem": "ColetorA7_F007", "comp_m": 66.492187249506699, "cota_in": 49.632591247558594, "cota_out": 46.520084381103516, "decl_pct": 4.6810114017991937, "diam_m": 0.6, "obs": "DECLIVE_MDE", "bacia": "A", "ID_LINK_ORIG": "L_A_0049", "ID_LINK_SEG": "L_A_0049_FORA_01", "META_ID": "", "META_ORIG": "", "SELECAO_REC": "DIFERENCA_FORA_POLIGONOS_AUDITORIA", "COMP_REC_M": 66.492187250438008, "PERC_LINK_REC": 100.0, "X_IN_REC": 288040.76727489743, "Y_IN_REC": 9196476.1488339007, "X_OUT_REC": 287974.27558636025, "Y_OUT_REC": 9196476.4063621946 }, "geometry": { "type": "LineString", "coordinates": [ [ -34.919788260033258, -7.265278492227607 ], [ -34.920390257861648, -7.265273615380733 ] ] } },
{ "type": "Feature", "properties": { "id_link": "L_A_0050", "node_in": "N_A_0079", "node_out": "N_A_0069", "classe": "COLETOR", "origem": "ColetorA7_F008", "comp_m": 68.615550607260175, "cota_in": 54.403026580810547, "cota_out": 49.974773406982422, "decl_pct": 6.4537165914100729, "diam_m": 0.6, "obs": "DECLIVE_MDE", "bacia": "A", "ID_LINK_ORIG": "L_A_0050", "ID_LINK_SEG": "L_A_0050_FORA_01", "META_ID": "", "META_ORIG": "", "SELECAO_REC": "DIFERENCA_FORA_POLIGONOS_AUDITORIA", "COMP_REC_M": 68.615550607434784, "PERC_LINK_REC": 100.0, "X_IN_REC": 288116.96742729831, "Y_IN_REC": 9196476.5721680801, "X_OUT_REC": 288048.3560295502, "Y_OUT_REC": 9196475.8172613233 }, "geometry": { "type": "LineString", "coordinates": [ [ -34.91909833655108, -7.265277584706411 ], [ -34.91971956507669, -7.265281780715664 ] ] } },
{ "type": "Feature", "properties": { "id_link": "L_A_0051", "node_in": "N_A_0080", "node_out": "N_A_0067", "classe": "COLETOR", "origem": "ColetorA7_F009", "comp_m": 58.384830794666847, "cota_in": 55.375591278076172, "cota_out": 54.542720794677734, "decl_pct": 1.4265186214678829, "diam_m": 0.6, "obs": "DECLIVE_MDE", "bacia": "A", "ID_LINK_ORIG": "L_A_0051", "ID_LINK_SEG": "L_A_0051_FORA_01", "META_ID": "", "META_ORIG": "", "SELECAO_REC": "DIFERENCA_FORA_POLIGONOS_AUDITORIA", "COMP_REC_M": 58.384830795189849, "PERC_LINK_REC": 100.0, "X_IN_REC": 288183.55789381475, "Y_IN_REC": 9196474.2438300904, "X_OUT_REC": 288125.26969918131, "Y_OUT_REC": 9196477.6016319543 }, "geometry": { "type": "LineString", "coordinates": [ [ -34.918495523350892, -7.265301185312748 ], [ -34.919023129244557, -7.26526859562869 ] ] } },
{ "type": "Feature", "properties": { "id_link": "L_A_0052", "node_in": "N_A_0063", "node_out": "N_A_0081", "classe": "COLETOR", "origem": "ColetorA7_F010", "comp_m": 66.124910371392474, "cota_in": 55.438350677490234, "cota_out": 54.652225494384766, "decl_pct": 1.1888487692311021, "diam_m": 0.6, "obs": "DECLIVE_MDE", "bacia": "A", "ID_LINK_ORIG": "L_A_0052", "ID_LINK_SEG": "L_A_0052_FORA_01", "META_ID": "", "META_ORIG": "", "SELECAO_REC": "DIFERENCA_FORA_POLIGONOS_AUDITORIA", "COMP_REC_M": 66.124910372146985, "PERC_LINK_REC": 100.0, "X_IN_REC": 288192.97759311344, "Y_IN_REC": 9196476.3044137042, "X_OUT_REC": 288258.91137785756, "Y_OUT_REC": 9196471.2804908305 }, "geometry": { "type": "LineString", "coordinates": [ [ -34.918410159417668, -7.265282916822579 ], [ -34.917813394808775, -7.265330861522243 ] ] } },
{ "type": "Feature", "properties": { "id_link": "L_A_0053", "node_in": "N_A_0060", "node_out": "N_A_0082", "classe": "COLETOR", "origem": "ColetorA7_F011", "comp_m": 64.08993085694101, "cota_in": 54.140972137451172, "cota_out": 50.984340667724609, "decl_pct": 4.9253157672656398, "diam_m": 0.6, "obs": "DECLIVE_MDE", "bacia": "A", "ID_LINK_ORIG": "L_A_0053", "ID_LINK_SEG": "L_A_0053_FORA_01", "META_ID": "", "META_ORIG": "", "SELECAO_REC": "DIFERENCA_FORA_POLIGONOS_AUDITORIA", "COMP_REC_M": 64.089930857406046, "PERC_LINK_REC": 100.0, "X_IN_REC": 288265.6680047171, "Y_IN_REC": 9196471.5351733007, "X_OUT_REC": 288329.67168604425, "Y_OUT_REC": 9196468.2113180272 }, "geometry": { "type": "LineString", "coordinates": [ [ -34.917752211270901, -7.265328817668504 ], [ -34.917172856103385, -7.265361317757256 ] ] } },
{ "type": "Feature", "properties": { "id_link": "L_A_0054", "node_in": "N_A_0083", "node_out": "N_A_0084", "classe": "COLETOR", "origem": "ColetorA7_F012", "comp_m": 202.89486071492863, "cota_in": 52.860866546630859, "cota_out": 51.343353271484375, "decl_pct": 0.74793085926341973, "diam_m": 0.6, "obs": "DECLIVE_MDE", "bacia": "A", "ID_LINK_ORIG": "L_A_0054", "ID_LINK_SEG": "L_A_0054_FORA_01", "META_ID": "", "META_ORIG": "", "SELECAO_REC": "DIFERENCA_FORA_POLIGONOS_AUDITORIA", "COMP_REC_M": 202.89486071447303, "PERC_LINK_REC": 100.0, "X_IN_REC": 288405.04534012266, "Y_IN_REC": 9196460.8172613233, "X_OUT_REC": 288358.31414806895, "Y_OUT_REC": 9196599.8905824516 }, "geometry": { "type": "LineString", "coordinates": [ [ -34.916490714003714, -7.265431049881349 ], [ -34.917097658098207, -7.265383280112111 ], [ -34.916908507661873, -7.264205637786259 ], [ -34.916908484378936, -7.264171932497844 ] ] } },
{ "type": "Feature", "properties": { "id_link": "L_A_0055", "node_in": "N_A_0085", "node_out": "N_A_0084", "classe": "COLETOR", "origem": "ColetorA7_F012", "comp_m": 69.690667099223845, "cota_in": 53.278118133544922, "cota_out": 51.343353271484375, "decl_pct": 2.7762180254436029, "diam_m": 0.6, "obs": "DECLIVE_MDE", "bacia": "A", "ID_LINK_ORIG": "L_A_0055", "ID_LINK_SEG": "L_A_0055_FORA_01", "META_ID": "", "META_ORIG": "", "SELECAO_REC": "DIFERENCA_FORA_POLIGONOS_AUDITORIA", "COMP_REC_M": 69.690667099205754, "PERC_LINK_REC": 100.0, "X_IN_REC": 288369.1470549365, "Y_IN_REC": 9196668.7341530267, "X_OUT_REC": 288358.31414806895, "Y_OUT_REC": 9196599.8905824516 }, "geometry": { "type": "LineString", "coordinates": [ [ -34.916807767056675, -7.263549948300236 ], [ -34.916908484378936, -7.264171932497844 ] ] } },
{ "type": "Feature", "properties": { "id_link": "L_A_0056", "node_in": "N_A_0087", "node_out": "N_A_0086", "classe": "COLETOR", "origem": "ColetorA7_F013", "comp_m": 262.89785392353321, "cota_in": 56.732429504394531, "cota_out": 55.689315795898438, "decl_pct": 0.3967752847459512, "diam_m": 0.6, "obs": "DECLIVE_MDE", "bacia": "A", "ID_LINK_ORIG": "L_A_0056", "ID_LINK_SEG": "L_A_0056_FORA_01", "META_ID": "", "META_ORIG": "", "SELECAO_REC": "DIFERENCA_FORA_POLIGONOS_AUDITORIA", "COMP_REC_M": 262.89785392355242, "PERC_LINK_REC": 100.0, "X_IN_REC": 288431.07080551161, "Y_IN_REC": 9196592.9326230194, "X_OUT_REC": 288387.67905206152, "Y_OUT_REC": 9196333.6404377725 }, "geometry": { "type": "LineString", "coordinates": [ [ -34.916250021148279, -7.26423762102077 ], [ -34.916652820124852, -7.266580161429696 ] ] } },
{ "type": "Feature", "properties": { "id_link": "L_A_0057", "node_in": "N_A_0087", "node_out": "N_A_0088", "classe": "COLETOR", "origem": "ColetorA7_F013", "comp_m": 70.315161009905083, "cota_in": 56.732429504394531, "cota_out": 56.701618194580078, "decl_pct": 0.04381887116793038, "diam_m": 0.6, "obs": "DECLIVE_MDE", "bacia": "A", "ID_LINK_ORIG": "L_A_0057", "ID_LINK_SEG": "L_A_0057_FORA_01", "META_ID": "", "META_ORIG": "", "SELECAO_REC": "DIFERENCA_FORA_POLIGONOS_AUDITORIA", "COMP_REC_M": 70.315161009808392, "PERC_LINK_REC": 100.0, "X_IN_REC": 288431.07080551161, "Y_IN_REC": 9196592.9326230194, "X_OUT_REC": 288441.6887739416, "Y_OUT_REC": 9196662.4414757956 }, "geometry": { "type": "LineString", "coordinates": [ [ -34.916250021148279, -7.26423762102077 ], [ -34.916151225200679, -7.263609613562193 ] ] } },
{ "type": "Feature", "properties": { "id_link": "L_A_0058", "node_in": "N_A_0089", "node_out": "N_A_0090", "classe": "COLETOR", "origem": "ColetorA7_F014", "comp_m": 339.5456691976035, "cota_in": 60.392959594726563, "cota_out": 58.61834716796875, "decl_pct": 0.52264322232455018, "diam_m": 0.6, "obs": "DECLIVE_MDE", "bacia": "A", "ID_LINK_ORIG": "L_A_0058", "ID_LINK_SEG": "L_A_0058_FORA_01", "META_ID": "", "META_ORIG": "", "SELECAO_REC": "DIFERENCA_FORA_POLIGONOS_AUDITORIA", "COMP_REC_M": 339.54566919766921, "PERC_LINK_REC": 100.0, "X_IN_REC": 288462.98741604801, "Y_IN_REC": 9196325.8172613252, "X_OUT_REC": 288513.5033376693, "Y_OUT_REC": 9196661.3691302147 }, "geometry": { "type": "LineString", "coordinates": [ [ -34.915971283520506, -7.26665377034468 ], [ -34.915855288321389, -7.265758421811616 ], [ -34.915749309077562, -7.265170416569497 ], [ -34.915508835725205, -7.26380782959467 ], [ -34.91550106663481, -7.263622054282552 ] ] } },
{ "type": "Feature", "properties": { "id_link": "L_A_0059", "node_in": "N_A_0091", "node_out": "N_A_0087", "classe": "COLETOR", "origem": "ColetorA7_F015", "comp_m": 63.535120824290871, "cota_in": 59.308200836181641, "cota_out": 56.732429504394531, "decl_pct": 4.0540905539638725, "diam_m": 0.6, "obs": "DECLIVE_MDE", "bacia": "A", "ID_LINK_ORIG": "L_A_0059", "ID_LINK_SEG": "L_A_0059_FORA_01", "META_ID": "", "META_ORIG": "", "SELECAO_REC": "DIFERENCA_FORA_POLIGONOS_AUDITORIA", "COMP_REC_M": 63.535120824581107, "PERC_LINK_REC": 100.0, "X_IN_REC": 288494.42982112011, "Y_IN_REC": 9196588.2053913437, "X_OUT_REC": 288431.07080551161, "Y_OUT_REC": 9196592.9326230194 }, "geometry": { "type": "LineString", "coordinates": [ [ -34.915676557212954, -7.264282781810548 ], [ -34.916250021148279, -7.26423762102077 ] ] } },
{ "type": "Feature", "properties": { "id_link": "L_A_0060", "node_in": "N_A_0092", "node_out": "N_A_0084", "classe": "COLETOR", "origem": "ColetorA7_F016", "comp_m": 67.95709806891341, "cota_in": 56.379844665527344, "cota_out": 51.343353271484375, "decl_pct": 7.4112808480073751, "diam_m": 0.6, "obs": "DECLIVE_MDE", "bacia": "A", "ID_LINK_ORIG": "L_A_0060", "ID_LINK_SEG": "L_A_0060_FORA_01", "META_ID": "", "META_ORIG": "", "SELECAO_REC": "DIFERENCA_FORA_POLIGONOS_AUDITORIA", "COMP_REC_M": 67.957098068450634, "PERC_LINK_REC": 100.0, "X_IN_REC": 288425.84968395787, "Y_IN_REC": 9196592.3328996003, "X_OUT_REC": 288358.31414806895, "Y_OUT_REC": 9196599.8905824516 }, "geometry": { "type": "LineString", "coordinates": [ [ -34.916297315521334, -7.264242843284352 ], [ -34.916908484378936, -7.264171932497844 ] ] } },
{ "type": "Feature", "properties": { "id_link": "L_A_0061", "node_in": "N_A_0084", "node_out": "N_A_0093", "classe": "COLETOR", "origem": "ColetorA7_F017", "comp_m": 75.244289318594042, "cota_in": 51.343353271484375, "cota_out": 47.357082366943359, "decl_pct": 5.2977720178373007, "diam_m": 0.6, "obs": "DECLIVE_MDE", "bacia": "A", "ID_LINK_ORIG": "L_A_0061", "ID_LINK_SEG": "L_A_0061_FORA_01", "META_ID": "", "META_ORIG": "", "SELECAO_REC": "DIFERENCA_FORA_POLIGONOS_AUDITORIA", "COMP_REC_M": 75.244289318941114, "PERC_LINK_REC": 100.0, "X_IN_REC": 288358.31414806895, "Y_IN_REC": 9196599.8905824516, "X_OUT_REC": 288283.53884377994, "Y_OUT_REC": 9196608.2784870528 }, "geometry": { "type": "LineString", "coordinates": [ [ -34.916908484378936, -7.264171932497844 ], [ -34.917585168925953, -7.264093238013415 ] ] } },
{ "type": "Feature", "properties": { "id_link": "L_A_0062", "node_in": "N_A_0094", "node_out": "N_A_0095", "classe": "COLETOR", "origem": "ColetorA7_F018", "comp_m": 325.85453458095975, "cota_in": 64.650238037109375, "cota_out": 63.461761474609375, "decl_pct": 0.36472610823978535, "diam_m": 0.6, "obs": "DECLIVE_MDE", "bacia": "A", "ID_LINK_ORIG": "L_A_0062", "ID_LINK_SEG": "L_A_0062_FORA_01", "META_ID": "", "META_ORIG": "", "SELECAO_REC": "DIFERENCA_FORA_POLIGONOS_AUDITORIA", "COMP_REC_M": 325.85453458087085, "PERC_LINK_REC": 100.0, "X_IN_REC": 288532.98741604493, "Y_IN_REC": 9196325.8172613252, "X_OUT_REC": 288586.38506533671, "Y_OUT_REC": 9196647.2662796229 }, "geometry": { "type": "LineString", "coordinates": [ [ -34.91533750839325, -7.266656447725427 ], [ -34.915165912315665, -7.26566106524279 ], [ -34.915030264027969, -7.264855026617306 ], [ -34.914867423878896, -7.263906773444286 ], [ -34.914841744523521, -7.263752340755221 ] ] } },
{ "type": "Feature", "properties": { "id_link": "L_A_0063", "node_in": "N_A_0096", "node_out": "N_A_0097", "classe": "COLETOR", "origem": "ColetorA7_F019", "comp_m": 313.33746852887697, "cota_in": 70.337326049804688, "cota_out": 70.120803833007813, "decl_pct": 0.069101923179966093, "diam_m": 0.6, "obs": "DECLIVE_MDE", "bacia": "A", "ID_LINK_ORIG": "L_A_0063", "ID_LINK_SEG": "L_A_0063_FORA_01", "META_ID": "", "META_ORIG": "", "SELECAO_REC": "DIFERENCA_FORA_POLIGONOS_AUDITORIA", "COMP_REC_M": 313.33746852905188, "PERC_LINK_REC": 100.0, "X_IN_REC": 288606.69275398226, "Y_IN_REC": 9196324.208023075, "X_OUT_REC": 288656.64449652709, "Y_OUT_REC": 9196633.5221649334 }, "geometry": { "type": "LineString", "coordinates": [ [ -34.914670246743768, -7.2666738146371 ], [ -34.914549974422052, -7.265878236016182 ], [ -34.9144910398064, -7.265537851654743 ], [ -34.914390521154701, -7.264926475801976 ], [ -34.914206150030012, -7.263879282931044 ] ] } },
{ "type": "Feature", "properties": { "id_link": "L_A_0064", "node_in": "N_A_0097", "node_out": "N_A_0098", "classe": "COLETOR", "origem": "ColetorA7_F019", "comp_m": 2.3285857358383444, "cota_in": 70.120803833007813, "cota_out": 70.120803833007813, "decl_pct": 0.0, "diam_m": 0.6, "obs": "DIRECAO_ORIGINAL_COTA_IGUAL", "bacia": "A", "ID_LINK_ORIG": "L_A_0064", "ID_LINK_SEG": "L_A_0064_FORA_01", "META_ID": "", "META_ORIG": "", "SELECAO_REC": "DIFERENCA_FORA_POLIGONOS_AUDITORIA", "COMP_REC_M": 2.3285857358088351, "PERC_LINK_REC": 100.0, "X_IN_REC": 288656.64449652709, "Y_IN_REC": 9196633.5221649334, "X_OUT_REC": 288657.03799886489, "Y_OUT_REC": 9196635.8172613233 }, "geometry": { "type": "LineString", "coordinates": [ [ -34.914206150030012, -7.263879282931044 ], [ -34.914202499495417, -7.263858548502048 ] ] } },
{ "type": "Feature", "properties": { "id_link": "L_A_0065", "node_in": "N_A_0100", "node_out": "N_A_0099", "classe": "COLETOR", "origem": "ColetorA7_F020", "comp_m": 276.18161174113771, "cota_in": 82.656761169433594, "cota_out": 79.110260009765625, "decl_pct": 1.2841192204324121, "diam_m": 0.6, "obs": "DECLIVE_MDE", "bacia": "A", "ID_LINK_ORIG": "L_A_0065", "ID_LINK_SEG": "L_A_0065_FORA_01", "META_ID": "", "META_ORIG": "", "SELECAO_REC": "DIFERENCA_FORA_POLIGONOS_AUDITORIA", "COMP_REC_M": 276.18161174110304, "PERC_LINK_REC": 100.0, "X_IN_REC": 288772.65799424204, "Y_IN_REC": 9196571.652875172, "X_OUT_REC": 288672.30191534688, "Y_OUT_REC": 9196315.8172613252 }, "geometry": { "type": "LineString", "coordinates": [ [ -34.913158143050396, -7.264443061002408 ], [ -34.913337232758245, -7.264848951323117 ], [ -34.913691325419265, -7.265648328527164 ], [ -34.913886008614554, -7.26598450554169 ], [ -34.914005651079542, -7.266447203171041 ], [ -34.91407654662806, -7.266752181436286 ] ] } },
{ "type": "Feature", "properties": { "id_link": "L_A_0066", "node_in": "N_A_0102", "node_out": "N_A_0101", "classe": "COLETOR", "origem": "ColetorA7_F021", "comp_m": 184.64794944994986, "cota_in": 77.195121765136719, "cota_out": 76.513107299804688, "decl_pct": 0.36935934970504297, "diam_m": 0.6, "obs": "DECLIVE_MDE", "bacia": "A", "ID_LINK_ORIG": "L_A_0066", "ID_LINK_SEG": "L_A_0066_FORA_01", "META_ID": "", "META_ORIG": "", "SELECAO_REC": "DIFERENCA_FORA_POLIGONOS_AUDITORIA", "COMP_REC_M": 184.64794944995458, "PERC_LINK_REC": 100.0, "X_IN_REC": 288723.55212538794, "Y_IN_REC": 9196591.3491760325, "X_OUT_REC": 288691.15497846378, "Y_OUT_REC": 9196409.8344165497 }, "geometry": { "type": "LineString", "coordinates": [ [ -34.913601989190305, -7.264263115591629 ], [ -34.91371365180791, -7.26467429601945 ], [ -34.91380809175228, -7.265389490331738 ], [ -34.913902254326523, -7.265902913396798 ] ] } },
{ "type": "Feature", "properties": { "id_link": "L_A_0067", "node_in": "N_A_0103", "node_out": "N_A_0076", "classe": "COLETOR", "origem": "ColetorA8_F001", "comp_m": 186.71695960915923, "cota_in": 38.669918060302734, "cota_out": 30.389497756958008, "decl_pct": 4.4347446106007276, "diam_m": 0.6, "obs": "DECLIVE_MDE", "bacia": "A", "ID_LINK_ORIG": "L_A_0067", "ID_LINK_SEG": "L_A_0067_FORA_01", "META_ID": "", "META_ORIG": "", "SELECAO_REC": "DIFERENCA_FORA_POLIGONOS_AUDITORIA", "COMP_REC_M": 186.71695960881001, "PERC_LINK_REC": 100.00000000000001, "X_IN_REC": 287999.77088735602, "Y_IN_REC": 9196687.1976795923, "X_OUT_REC": 287813.05581947416, "Y_OUT_REC": 9196688.0381743461 }, "geometry": { "type": "LineString", "coordinates": [ [ -34.920151336032447, -7.263368881375809 ], [ -34.921841791369843, -7.263354124463413 ] ] } },
{ "type": "Feature", "properties": { "id_link": "L_A_0068", "node_in": "N_A_0104", "node_out": "N_A_0075", "classe": "COLETOR", "origem": "ColetorA8_F002", "comp_m": 184.19354274606889, "cota_in": 42.338443756103516, "cota_out": 31.917379379272461, "decl_pct": 5.6576708507081825, "diam_m": 0.6, "obs": "DECLIVE_MDE", "bacia": "A", "ID_LINK_ORIG": "L_A_0068", "ID_LINK_SEG": "L_A_0068_FORA_01", "META_ID": "", "META_ORIG": "", "SELECAO_REC": "DIFERENCA_FORA_POLIGONOS_AUDITORIA", "COMP_REC_M": 184.19354274624348, "PERC_LINK_REC": 100.0, "X_IN_REC": 287994.84962751472, "Y_IN_REC": 9196612.8496142309, "X_OUT_REC": 287810.67941849376, "Y_OUT_REC": 9196615.7813881971 }, "geometry": { "type": "LineString", "coordinates": [ [ -34.920198745739846, -7.264040854961884 ], [ -34.92186608244549, -7.264007288121345 ] ] } },
{ "type": "Feature", "properties": { "id_link": "L_A_0069", "node_in": "N_A_0075", "node_out": "N_A_0105", "classe": "COLETOR", "origem": "ColetorA8_F002", "comp_m": 2.2537884687925263, "cota_in": 31.917379379272461, "cota_out": 30.911811828613281, "decl_pct": 44.616767038386499, "diam_m": 0.6, "obs": "DECLIVE_MDE", "bacia": "A", "ID_LINK_ORIG": "L_A_0069", "ID_LINK_SEG": "L_A_0069_FORA_01", "META_ID": "", "META_ORIG": "", "SELECAO_REC": "DIFERENCA_FORA_POLIGONOS_AUDITORIA", "COMP_REC_M": 2.2537884691999279, "PERC_LINK_REC": 100.0, "X_IN_REC": 287810.67941849376, "Y_IN_REC": 9196615.7813881971, "X_OUT_REC": 287808.42591553554, "Y_OUT_REC": 9196615.8172613233 }, "geometry": { "type": "LineString", "coordinates": [ [ -34.92186608244549, -7.264007288121345 ], [ -34.921886483932234, -7.264006877360588 ] ] } },
{ "type": "Feature", "properties": { "id_link": "L_A_0070", "node_in": "N_A_0106", "node_out": "N_A_0074", "classe": "COLETOR", "origem": "ColetorA8_F003", "comp_m": 171.51890924771456, "cota_in": 45.611049652099609, "cota_out": 30.917213439941406, "decl_pct": 8.5668899578511013, "diam_m": 0.6, "obs": "DECLIVE_MDE", "bacia": "A", "ID_LINK_ORIG": "L_A_0070", "ID_LINK_SEG": "L_A_0070_FORA_01", "META_ID": "", "META_ORIG": "", "SELECAO_REC": "DIFERENCA_FORA_POLIGONOS_AUDITORIA", "COMP_REC_M": 171.51890924689977, "PERC_LINK_REC": 100.00000000000001, "X_IN_REC": 287979.87418089545, "Y_IN_REC": 9196542.999474531, "X_OUT_REC": 287808.37841912033, "Y_OUT_REC": 9196545.8172613252 }, "geometry": { "type": "LineString", "coordinates": [ [ -34.920337012455157, -7.264671778493274 ], [ -34.921889603084708, -7.26463972729961 ] ] } },
{ "type": "Feature", "properties": { "id_link": "L_A_0071", "node_in": "N_A_0107", "node_out": "N_A_0108", "classe": "COLETOR", "origem": "ColetorA8_F004", "comp_m": 69.408169209906447, "cota_in": 46.785980224609375, "cota_out": 45.454902648925781, "decl_pct": 1.9177534731655372, "diam_m": 0.6, "obs": "DECLIVE_MDE", "bacia": "A", "ID_LINK_ORIG": "L_A_0071", "ID_LINK_SEG": "L_A_0071_FORA_01", "META_ID": "", "META_ORIG": "", "SELECAO_REC": "DIFERENCA_FORA_POLIGONOS_AUDITORIA", "COMP_REC_M": 69.408169209834725, "PERC_LINK_REC": 100.0, "X_IN_REC": 287977.16484214412, "Y_IN_REC": 9196470.397662662, "X_OUT_REC": 287966.47565410257, "Y_OUT_REC": 9196401.8175255079 }, "geometry": { "type": "LineString", "coordinates": [ [ -34.920364329572692, -7.26532804927456 ], [ -34.920463741291563, -7.265947655126639 ] ] } },
{ "type": "Feature", "properties": { "id_link": "L_A_0072", "node_in": "N_A_0108", "node_out": "N_A_0109", "classe": "COLETOR", "origem": "ColetorA8_F004", "comp_m": 163.884918904047, "cota_in": 45.454902648925781, "cota_out": 31.622295379638672, "decl_pct": 8.4404394021062821, "diam_m": 0.6, "obs": "DECLIVE_MDE", "bacia": "A", "ID_LINK_ORIG": "L_A_0072", "ID_LINK_SEG": "L_A_0072_FORA_01", "META_ID": "", "META_ORIG": "", "SELECAO_REC": "DIFERENCA_FORA_POLIGONOS_AUDITORIA", "COMP_REC_M": 163.88491890542139, "PERC_LINK_REC": 100.00000000000001, "X_IN_REC": 287966.47565410257, "Y_IN_REC": 9196401.8175255079, "X_OUT_REC": 287802.59240966372, "Y_OUT_REC": 9196401.0766906925 }, "geometry": { "type": "LineString", "coordinates": [ [ -34.920463741291563, -7.265947655126639 ], [ -34.920463741291563, -7.265947655126653 ], [ -34.921947550068289, -7.265948067019142 ] ] } },
{ "type": "Feature", "properties": { "id_link": "L_A_0073", "node_in": "N_A_0110", "node_out": "N_A_0108", "classe": "COLETOR", "origem": "ColetorA8_F005", "comp_m": 171.74867901754698, "cota_in": 54.602622985839844, "cota_out": 45.454902648925781, "decl_pct": 5.3262245679219875, "diam_m": 0.6, "obs": "DECLIVE_MDE", "bacia": "A", "ID_LINK_ORIG": "L_A_0073", "ID_LINK_SEG": "L_A_0073_FORA_01", "META_ID": "", "META_ORIG": "", "SELECAO_REC": "DIFERENCA_FORA_POLIGONOS_AUDITORIA", "COMP_REC_M": 171.74867901761729, "PERC_LINK_REC": 100.0, "X_IN_REC": 288118.24095763417, "Y_IN_REC": 9196430.4454994258, "X_OUT_REC": 287966.47565410257, "Y_OUT_REC": 9196401.8175255079 }, "geometry": { "type": "LineString", "coordinates": [ [ -34.919088575866489, -7.265694653354253 ], [ -34.919137085830336, -7.265917109909111 ], [ -34.920463741291563, -7.265947655126639 ] ] } },
{ "type": "Feature", "properties": { "id_link": "L_A_0074", "node_in": "N_A_0111", "node_out": "N_A_0112", "classe": "COLETOR", "origem": "ColetorA8_F006", "comp_m": 65.016379057895833, "cota_in": 54.234375, "cota_out": 50.735774993896484, "decl_pct": 5.3811055872368403, "diam_m": 0.6, "obs": "DECLIVE_MDE", "bacia": "A", "ID_LINK_ORIG": "L_A_0074", "ID_LINK_SEG": "L_A_0074_FORA_01", "META_ID": "", "META_ORIG": "", "SELECAO_REC": "DIFERENCA_FORA_POLIGONOS_AUDITORIA", "COMP_REC_M": 65.016379057895833, "PERC_LINK_REC": 100.0, "X_IN_REC": 288111.61577771546, "Y_IN_REC": 9196399.0552699789, "X_OUT_REC": 288102.7990440086, "Y_OUT_REC": 9196334.6394741479 }, "geometry": { "type": "LineString", "coordinates": [ [ -34.919149763960519, -7.265978190852187 ], [ -34.919232061620818, -7.266560220324258 ] ] } },
{ "type": "Feature", "properties": { "id_link": "L_A_0075", "node_in": "N_A_0113", "node_out": "N_A_0114", "classe": "COLETOR", "origem": "ColetorA8_F007", "comp_m": 64.784697404800994, "cota_in": 45.100105285644531, "cota_out": 43.956615447998047, "decl_pct": 1.7650616325356856, "diam_m": 0.6, "obs": "DECLIVE_MDE", "bacia": "A", "ID_LINK_ORIG": "L_A_0075", "ID_LINK_SEG": "L_A_0075_FORA_01", "META_ID": "", "META_ORIG": "", "SELECAO_REC": "DIFERENCA_FORA_POLIGONOS_AUDITORIA", "COMP_REC_M": 64.784697404904463, "PERC_LINK_REC": 100.0, "X_IN_REC": 287964.04148256721, "Y_IN_REC": 9196395.9225970432, "X_OUT_REC": 287955.18321483955, "Y_OUT_REC": 9196331.7463700529 }, "geometry": { "type": "LineString", "coordinates": [ [ -34.920486006361216, -7.266000856351023 ], [ -34.920568672535978, -7.266580717654489 ] ] } },
{ "type": "Feature", "properties": { "id_link": "L_A_0076", "node_in": "N_A_0115", "node_out": "N_A_0109", "classe": "COLETOR", "origem": "ColetorA8_F008", "comp_m": 66.732119674579039, "cota_in": 32.645336151123047, "cota_out": 31.622295379638672, "decl_pct": 1.5330560103189597, "diam_m": 0.6, "obs": "DECLIVE_MDE", "bacia": "A", "ID_LINK_ORIG": "L_A_0076", "ID_LINK_SEG": "L_A_0076_FORA_01", "META_ID": "", "META_ORIG": "", "SELECAO_REC": "DIFERENCA_FORA_POLIGONOS_AUDITORIA", "COMP_REC_M": 66.732119674626446, "PERC_LINK_REC": 100.0, "X_IN_REC": 287806.77283469489, "Y_IN_REC": 9196467.6777405553, "X_OUT_REC": 287802.59240966372, "Y_OUT_REC": 9196401.0766906925 }, "geometry": { "type": "LineString", "coordinates": [ [ -34.921907141938966, -7.26534610472507 ], [ -34.921947550068289, -7.265948067019142 ] ] } },
{ "type": "Feature", "properties": { "id_link": "L_A_0077", "node_in": "N_A_0116", "node_out": "N_A_0109", "classe": "COLETOR", "origem": "ColetorA8_F008", "comp_m": 72.324119302288636, "cota_in": 36.072437286376953, "cota_out": 31.622295379638672, "decl_pct": 6.1530537110839871, "diam_m": 0.6, "obs": "DECLIVE_MDE", "bacia": "A", "ID_LINK_ORIG": "L_A_0077", "ID_LINK_SEG": "L_A_0077_FORA_01", "META_ID": "", "META_ORIG": "", "SELECAO_REC": "DIFERENCA_FORA_POLIGONOS_AUDITORIA", "COMP_REC_M": 72.324119302274383, "PERC_LINK_REC": 100.0, "X_IN_REC": 287801.23068471206, "Y_IN_REC": 9196328.7653918657, "X_OUT_REC": 287802.59240966372, "Y_OUT_REC": 9196401.0766906925 }, "geometry": { "type": "LineString", "coordinates": [ [ -34.921962657744466, -7.266601762296536 ], [ -34.921947550068289, -7.265948067019142 ] ] } },
{ "type": "Feature", "properties": { "id_link": "L_A_0078", "node_in": "N_A_0117", "node_out": "N_A_0118", "classe": "COLETOR", "origem": "ColetorA8_F009", "comp_m": 213.50739170942094, "cota_in": 44.748062133789063, "cota_out": 33.01202392578125, "decl_pct": 5.4967830921658738, "diam_m": 0.6, "obs": "DECLIVE_MDE", "bacia": "A", "ID_LINK_ORIG": "L_A_0078", "ID_LINK_SEG": "L_A_0078_FORA_01", "META_ID": "", "META_ORIG": "", "SELECAO_REC": "DIFERENCA_FORA_POLIGONOS_AUDITORIA", "COMP_REC_M": 213.50739170966364, "PERC_LINK_REC": 100.0, "X_IN_REC": 287953.92633592832, "Y_IN_REC": 9196325.8172613252, "X_OUT_REC": 287800.58900624944, "Y_OUT_REC": 9196255.821854284 }, "geometry": { "type": "LineString", "coordinates": [ [ -34.920580279885968, -7.266634273021154 ], [ -34.92069458148282, -7.267279575418212 ], [ -34.921971270776766, -7.267261201082722 ] ] } },
{ "type": "Feature", "properties": { "id_link": "L_A_0079", "node_in": "N_A_0119", "node_out": "N_A_0120", "classe": "COLETOR", "origem": "ColetorA8_F010", "comp_m": 63.362494545413121, "cota_in": 40.287742614746094, "cota_out": 37.494678497314453, "decl_pct": 4.4080715847287202, "diam_m": 0.6, "obs": "DECLIVE_MDE", "bacia": "A", "ID_LINK_ORIG": "L_A_0079", "ID_LINK_SEG": "L_A_0079_FORA_01", "META_ID": "", "META_ORIG": "", "SELECAO_REC": "DIFERENCA_FORA_POLIGONOS_AUDITORIA", "COMP_REC_M": 52.241523155228393, "PERC_LINK_REC": 82.448652834704831, "X_IN_REC": 287941.92227166134, "Y_IN_REC": 9196248.461191019, "X_OUT_REC": 287934.80204247957, "Y_OUT_REC": 9196196.7071662676 }, "geometry": { "type": "LineString", "coordinates": [ [ -34.920691934491394, -7.267333169182066 ], [ -34.920758388370395, -7.267800790997605 ] ] } },
{ "type": "Feature", "properties": { "id_link": "L_A_0081", "node_in": "N_A_0122", "node_out": "N_A_0123", "classe": "COLETOR", "origem": "ColetorA8_F011", "comp_m": 147.5584743293287, "cota_in": 47.393653869628906, "cota_out": 39.380046844482422, "decl_pct": 5.4308009496366152, "diam_m": 0.6, "obs": "DECLIVE_MDE", "bacia": "A", "ID_LINK_ORIG": "L_A_0081", "ID_LINK_SEG": "L_A_0081_FORA_01", "META_ID": "", "META_ORIG": "", "SELECAO_REC": "DIFERENCA_FORA_POLIGONOS_AUDITORIA", "COMP_REC_M": 136.87156931502616, "PERC_LINK_REC": 92.75751185232005, "X_IN_REC": 288028.70577856025, "Y_IN_REC": 9196331.1171896644, "X_OUT_REC": 288004.85006540216, "Y_OUT_REC": 9196196.340591412 }, "geometry": { "type": "LineString", "coordinates": [ [ -34.919903030416762, -7.266589224724124 ], [ -34.920124192700783, -7.26780679143984 ] ] } },
{ "type": "Feature", "properties": { "id_link": "L_A_0082", "node_in": "N_A_0124", "node_out": "N_A_0125", "classe": "COLETOR", "origem": "ColetorA8_F012", "comp_m": 145.58230691205034, "cota_in": 50.390205383300781, "cota_out": 42.040752410888672, "decl_pct": 5.7352113381856276, "diam_m": 0.6, "obs": "DECLIVE_MDE", "bacia": "A", "ID_LINK_ORIG": "L_A_0082", "ID_LINK_SEG": "L_A_0082_FORA_01", "META_ID": "", "META_ORIG": "", "SELECAO_REC": "DIFERENCA_FORA_POLIGONOS_AUDITORIA", "COMP_REC_M": 139.49418241776573, "PERC_LINK_REC": 95.818087634815086, "X_IN_REC": 288099.19091953291, "Y_IN_REC": 9196329.8471871223, "X_OUT_REC": 288078.87412797892, "Y_OUT_REC": 9196191.8404665999 }, "geometry": { "type": "LineString", "coordinates": [ [ -34.919264913160312, -7.266603407943607 ], [ -34.919454156654929, -7.267850313798509 ] ] } },
{ "type": "Feature", "properties": { "id_link": "L_A_0083", "node_in": "N_A_0126", "node_out": "N_A_0127", "classe": "COLETOR", "origem": "ColetorA8_F013", "comp_m": 148.64194906498153, "cota_in": 51.374828338623047, "cota_out": 45.812713623046875, "decl_pct": 3.7419549128386311, "diam_m": 0.6, "obs": "DECLIVE_MDE", "bacia": "A", "ID_LINK_ORIG": "L_A_0083", "ID_LINK_SEG": "L_A_0083_FORA_01", "META_ID": "", "META_ORIG": "", "SELECAO_REC": "DIFERENCA_FORA_POLIGONOS_AUDITORIA", "COMP_REC_M": 140.29285537311642, "PERC_LINK_REC": 94.383083816951384, "X_IN_REC": 288171.76627301658, "Y_IN_REC": 9196326.0371795017, "X_OUT_REC": 288149.25844106224, "Y_OUT_REC": 9196187.561612092 }, "geometry": { "type": "LineString", "coordinates": [ [ -34.918607968465842, -7.266640633911344 ], [ -34.918817065797811, -7.267891695283073 ] ] } },
{ "type": "Feature", "properties": { "id_link": "L_A_0084", "node_in": "N_A_0128", "node_out": "N_A_0129", "classe": "COLETOR", "origem": "ColetorA8_F014", "comp_m": 150.75640723849509, "cota_in": 53.586463928222656, "cota_out": 49.535263061523438, "decl_pct": 2.6872495444192035, "diam_m": 0.6, "obs": "DECLIVE_MDE", "bacia": "A", "ID_LINK_ORIG": "L_A_0084", "ID_LINK_SEG": "L_A_0084_FORA_01", "META_ID": "", "META_ORIG": "", "SELECAO_REC": "DIFERENCA_FORA_POLIGONOS_AUDITORIA", "COMP_REC_M": 142.65111676914373, "PERC_LINK_REC": 94.623584749892359, "X_IN_REC": 288243.83891716378, "Y_IN_REC": 9196324.1321756914, "X_OUT_REC": 288222.29279356007, "Y_OUT_REC": 9196183.1176173184 }, "geometry": { "type": "LineString", "coordinates": [ [ -34.91795550184645, -7.266660617022806 ], [ -34.918155987620061, -7.267934670405558 ] ] } },
{ "type": "Feature", "properties": { "id_link": "L_A_0085", "node_in": "N_A_0130", "node_out": "N_A_0131", "classe": "COLETOR", "origem": "ColetorA8_F015", "comp_m": 146.70019034838558, "cota_in": 53.165458679199219, "cota_out": 51.665386199951172, "decl_pct": 1.0225429671806523, "diam_m": 0.6, "obs": "DECLIVE_MDE", "bacia": "A", "ID_LINK_ORIG": "L_A_0085", "ID_LINK_SEG": "L_A_0085_FORA_01", "META_ID": "", "META_ORIG": "", "SELECAO_REC": "DIFERENCA_FORA_POLIGONOS_AUDITORIA", "COMP_REC_M": 140.98229979029978, "PERC_LINK_REC": 96.102329148731371, "X_IN_REC": 288312.89530527708, "Y_IN_REC": 9196318.2054971736, "X_OUT_REC": 288289.40308745141, "Y_OUT_REC": 9196179.1942582186 }, "geometry": { "type": "LineString", "coordinates": [ [ -34.917330498051889, -7.266716842749648 ], [ -34.917548525210997, -7.267972710806504 ] ] } },
{ "type": "Feature", "properties": { "id_link": "L_A_0087", "node_in": "N_A_0133", "node_out": "N_A_0134", "classe": "COLETOR", "origem": "ColetorA8_F016", "comp_m": 144.47449399160928, "cota_in": 55.444015502929688, "cota_out": 54.984043121337891, "decl_pct": 0.31837618453158312, "diam_m": 0.6, "obs": "DECLIVE_MDE", "bacia": "A", "ID_LINK_ORIG": "L_A_0087", "ID_LINK_SEG": "L_A_0087_FORA_01", "META_ID": "", "META_ORIG": "", "SELECAO_REC": "DIFERENCA_FORA_POLIGONOS_AUDITORIA", "COMP_REC_M": 139.79987944652189, "PERC_LINK_REC": 96.764401510690249, "X_IN_REC": 288384.6504487904, "Y_IN_REC": 9196313.7604882829, "X_OUT_REC": 288364.44614647719, "Y_OUT_REC": 9196175.4283067007 }, "geometry": { "type": "LineString", "coordinates": [ [ -34.91668100275745, -7.266759775506704 ], [ -34.916869233586752, -7.268009631003831 ] ] } },
{ "type": "Feature", "properties": { "id_link": "L_A_0090", "node_in": "N_A_0137", "node_out": "N_A_0138", "classe": "COLETOR", "origem": "ColetorA8_F017", "comp_m": 153.42034742871758, "cota_in": 60.202003479003906, "cota_out": 58.254493713378906, "decl_pct": 1.2693947043301119, "diam_m": 0.6, "obs": "DECLIVE_MDE", "bacia": "A", "ID_LINK_ORIG": "L_A_0090", "ID_LINK_SEG": "L_A_0090_FORA_01", "META_ID": "", "META_ORIG": "", "SELECAO_REC": "DIFERENCA_FORA_POLIGONOS_AUDITORIA", "COMP_REC_M": 144.69857378134836, "PERC_LINK_REC": 94.315112829932602, "X_IN_REC": 288454.50213467202, "Y_IN_REC": 9196314.3025426976, "X_OUT_REC": 288434.53195931885, "Y_OUT_REC": 9196170.9886586852 }, "geometry": { "type": "LineString", "coordinates": [ [ -34.916048549804273, -7.26675754765481 ], [ -34.916234850088593, -7.268052451247824 ] ] } },
{ "type": "Feature", "properties": { "id_link": "L_A_0092", "node_in": "N_A_0141", "node_out": "N_A_0140", "classe": "COLETOR", "origem": "ColetorA8_F018", "comp_m": 156.99656466527571, "cota_in": 70.903800964355469, "cota_out": 65.1036376953125, "decl_pct": 3.6944523476734652, "diam_m": 0.6, "obs": "DECLIVE_MDE", "bacia": "A", "ID_LINK_ORIG": "L_A_0092", "ID_LINK_SEG": "L_A_0092_FORA_01", "META_ID": "", "META_ORIG": "", "SELECAO_REC": "DIFERENCA_FORA_POLIGONOS_AUDITORIA", "COMP_REC_M": 149.37374071358363, "PERC_LINK_REC": 95.144591878239751, "X_IN_REC": 288505.64938749769, "Y_IN_REC": 9196165.1588960942, "X_OUT_REC": 288527.98741604458, "Y_OUT_REC": 9196312.8529274408 }, "geometry": { "type": "LineString", "coordinates": [ [ -34.915591179290786, -7.268107877807112 ], [ -34.915383274572363, -7.266773464114346 ] ] } },
{ "type": "Feature", "properties": { "id_link": "L_A_0093", "node_in": "N_A_0143", "node_out": "N_A_0142", "classe": "COLETOR", "origem": "ColetorA8_F019", "comp_m": 157.46900508565847, "cota_in": 84.388076782226563, "cota_out": 70.572288513183594, "decl_pct": 8.7736556546652391, "diam_m": 0.6, "obs": "DECLIVE_MDE", "bacia": "A", "ID_LINK_ORIG": "L_A_0093", "ID_LINK_SEG": "L_A_0093_FORA_01", "META_ID": "", "META_ORIG": "", "SELECAO_REC": "DIFERENCA_FORA_POLIGONOS_AUDITORIA", "COMP_REC_M": 150.78863284101536, "PERC_LINK_REC": 95.757658949449009, "X_IN_REC": 288578.9936003848, "Y_IN_REC": 9196161.9498417731, "X_OUT_REC": 288602.9874160458, "Y_OUT_REC": 9196310.8172613252 }, "geometry": { "type": "LineString", "coordinates": [ [ -34.914927246501463, -7.268139695415752 ], [ -34.914704307306529, -7.266794735872242 ] ] } },
{ "type": "Feature", "properties": { "id_link": "L_A_0094", "node_in": "N_A_0144", "node_out": "N_A_0145", "classe": "COLETOR", "origem": "ColetorA8_F020", "comp_m": 83.978028522852313, "cota_in": 55.242034912109375, "cota_out": 53.805240631103516, "decl_pct": 1.7109168984776479, "diam_m": 0.6, "obs": "DECLIVE_MDE", "bacia": "A", "ID_LINK_ORIG": "L_A_0094", "ID_LINK_SEG": "L_A_0094_FORA_01", "META_ID": "", "META_ORIG": "", "SELECAO_REC": "DIFERENCA_FORA_POLIGONOS_AUDITORIA", "COMP_REC_M": 83.978028522969481, "PERC_LINK_REC": 100.00000000000001, "X_IN_REC": 288258.81436378259, "Y_IN_REC": 9196411.4448503219, "X_OUT_REC": 288243.44589365984, "Y_OUT_REC": 9196328.88505744 }, "geometry": { "type": "LineString", "coordinates": [ [ -34.917816567354386, -7.265871817510322 ], [ -34.917958877976375, -7.266617632311712 ] ] } },
{ "type": "Feature", "properties": { "id_link": "L_A_0095", "node_in": "N_A_0146", "node_out": "N_A_0147", "classe": "COLETOR", "origem": "ColetorA8_F021", "comp_m": 97.300724169535187, "cota_in": 55.388656616210938, "cota_out": 51.713390350341797, "decl_pct": 3.7772239592640817, "diam_m": 0.6, "obs": "DECLIVE_MDE", "bacia": "A", "ID_LINK_ORIG": "L_A_0095", "ID_LINK_SEG": "L_A_0095_FORA_01", "META_ID": "", "META_ORIG": "", "SELECAO_REC": "DIFERENCA_FORA_POLIGONOS_AUDITORIA", "COMP_REC_M": 97.300724169518745, "PERC_LINK_REC": 100.0, "X_IN_REC": 288185.7892177297, "Y_IN_REC": 9196427.3198820744, "X_OUT_REC": 288172.03445710032, "Y_OUT_REC": 9196330.9962739404 }, "geometry": { "type": "LineString", "coordinates": [ [ -34.918477120927683, -7.265725498785262 ], [ -34.918605350105587, -7.266595810221857 ] ] } },
{ "type": "Feature", "properties": { "id_link": "L_A_0096", "node_in": "N_A_0149", "node_out": "N_A_0148", "classe": "COLETOR", "origem": "ColetorA8_F022", "comp_m": 93.503568226361949, "cota_in": 21.870588302612305, "cota_out": 18.441564559936523, "decl_pct": 3.6672651190962982, "diam_m": 0.6, "obs": "DECLIVE_MDE", "bacia": "A", "ID_LINK_ORIG": "L_A_0096", "ID_LINK_SEG": "L_A_0096_FORA_01", "META_ID": "", "META_ORIG": "", "SELECAO_REC": "DIFERENCA_FORA_POLIGONOS_AUDITORIA", "COMP_REC_M": 93.503568226367449, "PERC_LINK_REC": 100.0, "X_IN_REC": 287793.6334299692, "Y_IN_REC": 9196026.7811000645, "X_OUT_REC": 287798.04156722664, "Y_OUT_REC": 9195933.3814983685 }, "geometry": { "type": "LineString", "coordinates": [ [ -34.922043050335297, -7.269331631375687 ], [ -34.922006730258673, -7.270176201804994 ] ] } },
{ "type": "Feature", "properties": { "id_link": "L_A_0097", "node_in": "N_A_0150", "node_out": "N_A_0149", "classe": "COLETOR", "origem": "ColetorA8_F022", "comp_m": 69.125631432962876, "cota_in": 30.225093841552734, "cota_out": 21.870588302612305, "decl_pct": 12.085973561113173, "diam_m": 0.6, "obs": "DECLIVE_MDE", "bacia": "A", "ID_LINK_ORIG": "L_A_0097", "ID_LINK_SEG": "L_A_0097_FORA_01", "META_ID": "", "META_ORIG": "", "SELECAO_REC": "DIFERENCA_FORA_POLIGONOS_AUDITORIA", "COMP_REC_M": 69.125631432976363, "PERC_LINK_REC": 100.0, "X_IN_REC": 287796.25595803722, "Y_IN_REC": 9196095.8345963117, "X_OUT_REC": 287793.6334299692, "Y_OUT_REC": 9196026.7811000645 }, "geometry": { "type": "LineString", "coordinates": [ [ -34.922016651418524, -7.268707437563024 ], [ -34.922044963407004, -7.269249928236889 ], [ -34.922043050335297, -7.269331631375687 ] ] } },
{ "type": "Feature", "properties": { "id_link": "L_A_0098", "node_in": "N_A_0150", "node_out": "N_A_0151", "classe": "COLETOR", "origem": "ColetorA8_F022", "comp_m": 90.052923049683244, "cota_in": 30.225093841552734, "cota_out": 27.665307998657227, "decl_pct": 2.8425349852144657, "diam_m": 0.6, "obs": "DECLIVE_MDE", "bacia": "A", "ID_LINK_ORIG": "L_A_0098", "ID_LINK_SEG": "L_A_0098_FORA_01", "META_ID": "", "META_ORIG": "", "SELECAO_REC": "DIFERENCA_FORA_POLIGONOS_AUDITORIA", "COMP_REC_M": 82.990497121521429, "PERC_LINK_REC": 92.157471752179418, "X_IN_REC": 287796.25595803722, "Y_IN_REC": 9196095.8345963117, "X_OUT_REC": 287799.77563875052, "Y_OUT_REC": 9196178.7504238728 }, "geometry": { "type": "LineString", "coordinates": [ [ -34.922016651418524, -7.268707437563024 ], [ -34.921981597211364, -7.267957952450015 ] ] } },
{ "type": "Feature", "properties": { "id_link": "L_A_0099", "node_in": "N_A_0152", "node_out": "N_A_0150", "classe": "COLETOR", "origem": "ColetorA8_F023", "comp_m": 114.13366127243947, "cota_in": 38.036991119384766, "cota_out": 30.225093841552734, "decl_pct": 6.8445164999875603, "diam_m": 0.6, "obs": "DECLIVE_MDE", "bacia": "A", "ID_LINK_ORIG": "L_A_0099", "ID_LINK_SEG": "L_A_0099_FORA_01", "META_ID": "", "META_ORIG": "", "SELECAO_REC": "DIFERENCA_FORA_POLIGONOS_AUDITORIA", "COMP_REC_M": 114.1336612723826, "PERC_LINK_REC": 100.0, "X_IN_REC": 287910.08168339729, "Y_IN_REC": 9196102.911528673, "X_OUT_REC": 287796.25595803722, "Y_OUT_REC": 9196095.8345963117 }, "geometry": { "type": "LineString", "coordinates": [ [ -34.920985808183438, -7.268647824990772 ], [ -34.921610744244191, -7.268664110522904 ], [ -34.922016651418524, -7.268707437563024 ] ] } },
{ "type": "Feature", "properties": { "id_link": "L_A_0100", "node_in": "N_A_0153", "node_out": "N_A_0149", "classe": "COLETOR", "origem": "ColetorA8_F024", "comp_m": 99.094267001578686, "cota_in": 35.423969268798828, "cota_out": 21.870588302612305, "decl_pct": 13.677260427155288, "diam_m": 0.6, "obs": "DECLIVE_MDE", "bacia": "A", "ID_LINK_ORIG": "L_A_0100", "ID_LINK_SEG": "L_A_0100_FORA_01", "META_ID": "", "META_ORIG": "", "SELECAO_REC": "DIFERENCA_FORA_POLIGONOS_AUDITORIA", "COMP_REC_M": 99.094267002043267, "PERC_LINK_REC": 100.0, "X_IN_REC": 287892.49800614198, "Y_IN_REC": 9196020.0380050149, "X_OUT_REC": 287793.6334299692, "Y_OUT_REC": 9196026.7811000645 }, "geometry": { "type": "LineString", "coordinates": [ [ -34.921148194298027, -7.269396388469024 ], [ -34.922043050335297, -7.269331631375687 ] ] } },
{ "type": "Feature", "properties": { "id_link": "L_A_0101", "node_in": "N_A_0121", "node_out": "N_A_0154", "classe": "COLETOR", "origem": "ColetorA8_F025", "comp_m": 254.24079878134899, "cota_in": 37.494678497314453, "cota_out": 31.364458084106445, "decl_pct": 2.4111867342267486, "diam_m": 0.6, "obs": "DECLIVE_MDE", "bacia": "A", "ID_LINK_ORIG": "L_A_0101", "ID_LINK_SEG": "L_A_0101_FORA_01", "META_ID": "", "META_ORIG": "", "SELECAO_REC": "DIFERENCA_FORA_POLIGONOS_AUDITORIA", "COMP_REC_M": 247.19666232769404, "PERC_LINK_REC": 97.229344586914934, "X_IN_REC": 287931.56567079108, "Y_IN_REC": 9196176.6182246618, "X_OUT_REC": 287875.81950969645, "Y_OUT_REC": 9195935.8172613252 }, "geometry": { "type": "LineString", "coordinates": [ [ -34.92078846192053, -7.267982285837806 ], [ -34.920913929819811, -7.268577458570354 ], [ -34.921302437562588, -7.270157166331506 ] ] } },
{ "type": "Feature", "properties": { "id_link": "L_A_0102", "node_in": "N_A_0123", "node_out": "N_A_0155", "classe": "COLETOR", "origem": "ColetorA8_F026", "comp_m": 314.09939227525138, "cota_in": 39.380046844482422, "cota_out": 36.293277740478516, "decl_pct": 0.98273641398799993, "diam_m": 0.6, "obs": "DECLIVE_MDE", "bacia": "A", "ID_LINK_ORIG": "L_A_0102", "ID_LINK_SEG": "L_A_0102_FORA_01", "META_ID": "", "META_ORIG": "", "SELECAO_REC": "DIFERENCA_FORA_POLIGONOS_AUDITORIA", "COMP_REC_M": 303.58257429654725, "PERC_LINK_REC": 96.651754751121146, "X_IN_REC": 288000.97226758319, "Y_IN_REC": 9196175.4953120369, "X_OUT_REC": 287939.09502674354, "Y_OUT_REC": 9195878.3172613233 }, "geometry": { "type": "LineString", "coordinates": [ [ -34.920160102481731, -7.267995099651687 ], [ -34.920465219514504, -7.269521230678883 ], [ -34.920731752273362, -7.270679437180076 ] ] } },
{ "type": "Feature", "properties": { "id_link": "L_A_0103", "node_in": "N_A_0156", "node_out": "N_A_0157", "classe": "COLETOR", "origem": "ColetorA8_F027", "comp_m": 20.417701926343785, "cota_in": 43.239791870117188, "cota_out": 43.190757751464844, "decl_pct": 0.24015493432724597, "diam_m": 0.6, "obs": "DECLIVE_MDE", "bacia": "A", "ID_LINK_ORIG": "L_A_0103", "ID_LINK_SEG": "L_A_0103_FORA_01", "META_ID": "", "META_ORIG": "", "SELECAO_REC": "DIFERENCA_FORA_POLIGONOS_AUDITORIA", "COMP_REC_M": 20.417701926425782, "PERC_LINK_REC": 100.0, "X_IN_REC": 288025.08612328139, "Y_IN_REC": 9195928.3172613233, "X_OUT_REC": 288029.19496155472, "Y_OUT_REC": 9195948.3172613233 }, "geometry": { "type": "LineString", "coordinates": [ [ -34.919951269578092, -7.270230698689515 ], [ -34.919913300087636, -7.27005004132053 ] ] } },
{ "type": "Feature", "properties": { "id_link": "L_A_0104", "node_in": "N_A_0158", "node_out": "N_A_0159", "classe": "COLETOR", "origem": "ColetorA8_F027", "comp_m": 234.9823844271132, "cota_in": 42.988147735595703, "cota_out": 42.040752410888672, "decl_pct": 0.4031771687978995, "diam_m": 0.6, "obs": "DECLIVE_MDE", "bacia": "A", "ID_LINK_ORIG": "L_A_0104", "ID_LINK_SEG": "L_A_0104_FORA_01", "META_ID": "", "META_ORIG": "", "SELECAO_REC": "DIFERENCA_FORA_POLIGONOS_AUDITORIA", "COMP_REC_M": 225.25469052177189, "PERC_LINK_REC": 95.860245469491716, "X_IN_REC": 288030.22217112302, "Y_IN_REC": 9195953.3172613233, "X_OUT_REC": 288075.55220370466, "Y_OUT_REC": 9196173.9637291133 }, "geometry": { "type": "LineString", "coordinates": [ [ -34.919903807722598, -7.270004876976331 ], [ -34.919484919378363, -7.268011805595744 ] ] } },
{ "type": "Feature", "properties": { "id_link": "L_A_0106", "node_in": "N_A_0160", "node_out": "N_A_0161", "classe": "COLETOR", "origem": "ColetorA8_F028", "comp_m": 25.288491507874536, "cota_in": 47.120780944824219, "cota_out": 46.579673767089844, "decl_pct": 2.1397368742452691, "diam_m": 0.6, "obs": "DECLIVE_MDE", "bacia": "A", "ID_LINK_ORIG": "L_A_0106", "ID_LINK_SEG": "L_A_0106_FORA_01", "META_ID": "", "META_ORIG": "", "SELECAO_REC": "DIFERENCA_FORA_POLIGONOS_AUDITORIA", "COMP_REC_M": 25.288491507874536, "PERC_LINK_REC": 100.0, "X_IN_REC": 288095.99240955594, "Y_IN_REC": 9195893.3172613233, "X_OUT_REC": 288100.50885073113, "Y_OUT_REC": 9195918.1991736665 }, "geometry": { "type": "LineString", "coordinates": [ [ -34.919310629315341, -7.270549843967684 ], [ -34.919268782130473, -7.270325065960928 ] ] } },
{ "type": "Feature", "properties": { "id_link": "L_A_0107", "node_in": "N_A_0161", "node_out": "N_A_0127", "classe": "COLETOR", "origem": "ColetorA8_F028", "comp_m": 265.39056756100257, "cota_in": 46.579673767089844, "cota_out": 45.812713623046875, "decl_pct": 0.28899299289025243, "diam_m": 0.6, "obs": "DECLIVE_MDE", "bacia": "A", "ID_LINK_ORIG": "L_A_0107", "ID_LINK_SEG": "L_A_0107_FORA_01", "META_ID": "", "META_ORIG": "", "SELECAO_REC": "DIFERENCA_FORA_POLIGONOS_AUDITORIA", "COMP_REC_M": 255.70055280221598, "PERC_LINK_REC": 96.3487719824371, "X_IN_REC": 288100.50885073113, "Y_IN_REC": 9195918.1991736665, "X_OUT_REC": 288146.18790623284, "Y_OUT_REC": 9196169.786527466 }, "geometry": { "type": "LineString", "coordinates": [ [ -34.919268782130473, -7.270325065960928 ], [ -34.918845548345288, -7.268052277796706 ] ] } },
{ "type": "Feature", "properties": { "id_link": "L_A_0108", "node_in": "N_A_0129", "node_out": "N_A_0162", "classe": "COLETOR", "origem": "ColetorA8_F029", "comp_m": 312.22875723755129, "cota_in": 49.535263061523438, "cota_out": 49.256107330322266, "decl_pct": 0.089407437569494388, "diam_m": 0.6, "obs": "DECLIVE_MDE", "bacia": "A", "ID_LINK_ORIG": "L_A_0108", "ID_LINK_SEG": "L_A_0108_FORA_01", "META_ID": "", "META_ORIG": "", "SELECAO_REC": "DIFERENCA_FORA_POLIGONOS_AUDITORIA", "COMP_REC_M": 302.41861884641207, "PERC_LINK_REC": 96.858028556394316, "X_IN_REC": 288219.24516881478, "Y_IN_REC": 9196165.4661214016, "X_OUT_REC": 288163.03506314743, "Y_OUT_REC": 9195868.3172613233 }, "geometry": { "type": "LineString", "coordinates": [ [ -34.918184257782364, -7.268094136563258 ], [ -34.918704585421608, -7.270778432937571 ] ] } },
{ "type": "Feature", "properties": { "id_link": "L_A_0109", "node_in": "N_A_0163", "node_out": "N_A_0132", "classe": "COLETOR", "origem": "ColetorA8_F030", "comp_m": 246.04929866147179, "cota_in": 54.474021911621094, "cota_out": 51.704093933105469, "decl_pct": 1.1257613793594448, "diam_m": 0.6, "obs": "DECLIVE_MDE", "bacia": "A", "ID_LINK_ORIG": "L_A_0109", "ID_LINK_SEG": "L_A_0109_FORA_01", "META_ID": "", "META_ORIG": "", "SELECAO_REC": "DIFERENCA_FORA_POLIGONOS_AUDITORIA", "COMP_REC_M": 236.59115653836847, "PERC_LINK_REC": 96.155997121465816, "X_IN_REC": 288246.34600190446, "Y_IN_REC": 9195928.3172613233, "X_OUT_REC": 288286.38671888929, "Y_OUT_REC": 9196161.4955543429 }, "geometry": { "type": "LineString", "coordinates": [ [ -34.917947986062202, -7.270239180207499 ], [ -34.917576513993225, -7.268132605050122 ] ] } },
{ "type": "Feature", "properties": { "id_link": "L_A_0110", "node_in": "N_A_0164", "node_out": "N_A_0136", "classe": "COLETOR", "origem": "ColetorA8_F031", "comp_m": 234.55342982964899, "cota_in": 56.054256439208984, "cota_out": 55.702465057373047, "decl_pct": 0.14998347374047605, "diam_m": 0.6, "obs": "DECLIVE_MDE", "bacia": "A", "ID_LINK_ORIG": "L_A_0110", "ID_LINK_SEG": "L_A_0110_FORA_01", "META_ID": "", "META_ORIG": "", "SELECAO_REC": "DIFERENCA_FORA_POLIGONOS_AUDITORIA", "COMP_REC_M": 228.88168494685053, "PERC_LINK_REC": 97.581896420416371, "X_IN_REC": 288326.68195482541, "Y_IN_REC": 9195930.8172613252, "X_OUT_REC": 288361.30474634125, "Y_OUT_REC": 9196157.0651077498 }, "geometry": { "type": "LineString", "coordinates": [ [ -34.917220529108604, -7.270219655619486 ], [ -34.916898379650078, -7.268175528108552 ] ] } },
{ "type": "Feature", "properties": { "id_link": "L_A_0113", "node_in": "N_A_0166", "node_out": "N_A_0165", "classe": "COLETOR", "origem": "ColetorA8_F032", "comp_m": 10.112227718143426, "cota_in": 62.236557006835938, "cota_out": 62.057304382324219, "decl_pct": 1.7726323962236581, "diam_m": 0.6, "obs": "DECLIVE_MDE", "bacia": "A", "ID_LINK_ORIG": "L_A_0113", "ID_LINK_SEG": "L_A_0113_FORA_01", "META_ID": "", "META_ORIG": "", "SELECAO_REC": "DIFERENCA_FORA_POLIGONOS_AUDITORIA", "COMP_REC_M": 10.112227718056946, "PERC_LINK_REC": 100.0, "X_IN_REC": 288408.71086658025, "Y_IN_REC": 9195998.3172613233, "X_OUT_REC": 288407.20848532976, "Y_OUT_REC": 9195988.3172613233 }, "geometry": { "type": "LineString", "coordinates": [ [ -34.916475251915514, -7.269612544867337 ], [ -34.91648923781964, -7.269702895016297 ] ] } },
{ "type": "Feature", "properties": { "id_link": "L_A_0114", "node_in": "N_A_0167", "node_out": "N_A_0139", "classe": "COLETOR", "origem": "ColetorA8_F032", "comp_m": 158.34448518582582, "cota_in": 62.374935150146484, "cota_out": 58.254493713378906, "decl_pct": 2.6022007851628159, "diam_m": 0.6, "obs": "DECLIVE_MDE", "bacia": "A", "ID_LINK_ORIG": "L_A_0114", "ID_LINK_SEG": "L_A_0114_FORA_01", "META_ID": "", "META_ORIG": "", "SELECAO_REC": "DIFERENCA_FORA_POLIGONOS_AUDITORIA", "COMP_REC_M": 151.24966749130263, "PERC_LINK_REC": 95.519378091256513, "X_IN_REC": 288409.46205720585, "Y_IN_REC": 9196003.3172613233, "X_OUT_REC": 288431.93333366513, "Y_OUT_REC": 9196152.8883268759 }, "geometry": { "type": "LineString", "coordinates": [ [ -34.916468258967278, -7.269567369792023 ], [ -34.916259071604678, -7.268215992703641 ] ] } },
{ "type": "Feature", "properties": { "id_link": "L_A_0115", "node_in": "N_A_0169", "node_out": "N_A_0168", "classe": "COLETOR", "origem": "ColetorA8_F033", "comp_m": 5.0707125529363575, "cota_in": 72.791282653808594, "cota_out": 72.596511840820313, "decl_pct": 3.8410935535182924, "diam_m": 0.6, "obs": "DECLIVE_MDE", "bacia": "A", "ID_LINK_ORIG": "L_A_0115", "ID_LINK_SEG": "L_A_0115_FORA_01", "META_ID": "", "META_ORIG": "", "SELECAO_REC": "DIFERENCA_FORA_POLIGONOS_AUDITORIA", "COMP_REC_M": 5.0707125528782351, "PERC_LINK_REC": 100.0, "X_IN_REC": 288489.43444541539, "Y_IN_REC": 9196068.3172613233, "X_OUT_REC": 288488.59056995425, "Y_OUT_REC": 9196063.3172613233 }, "geometry": { "type": "LineString", "coordinates": [ [ -34.91574169927749, -7.268982780479461 ], [ -34.915749531298026, -7.269027952042073 ] ] } },
{ "type": "Feature", "properties": { "id_link": "L_A_0116", "node_in": "N_A_0170", "node_out": "N_A_0141", "classe": "COLETOR", "origem": "ColetorA8_F033", "comp_m": 85.497241676239454, "cota_in": 73.232978820800781, "cota_out": 70.903800964355469, "decl_pct": 2.724272515440243, "diam_m": 0.6, "obs": "DECLIVE_MDE", "bacia": "A", "ID_LINK_ORIG": "L_A_0116", "ID_LINK_SEG": "L_A_0116_FORA_01", "META_ID": "", "META_ORIG": "", "SELECAO_REC": "DIFERENCA_FORA_POLIGONOS_AUDITORIA", "COMP_REC_M": 76.73974608601236, "PERC_LINK_REC": 89.756984648262062, "X_IN_REC": 288490.27832087711, "Y_IN_REC": 9196073.3172613233, "X_OUT_REC": 288503.0517404555, "Y_OUT_REC": 9196148.9864649773 }, "geometry": { "type": "LineString", "coordinates": [ [ -34.915733867259661, -7.268937608916217 ], [ -34.915615317869516, -7.268253989685344 ] ] } },
{ "type": "Feature", "properties": { "id_link": "L_A_0117", "node_in": "N_A_0171", "node_out": "N_A_0143", "classe": "COLETOR", "origem": "ColetorA8_F034", "comp_m": 83.065885040592548, "cota_in": 85.417755126953125, "cota_out": 84.388076782226563, "decl_pct": 1.2395923359191086, "diam_m": 0.6, "obs": "DECLIVE_MDE", "bacia": "A", "ID_LINK_ORIG": "L_A_0117", "ID_LINK_SEG": "L_A_0117_FORA_01", "META_ID": "", "META_ORIG": "", "SELECAO_REC": "DIFERENCA_FORA_POLIGONOS_AUDITORIA", "COMP_REC_M": 73.409004816266901, "PERC_LINK_REC": 88.374432873897405, "X_IN_REC": 288564.89915038645, "Y_IN_REC": 9196073.3172613233, "X_OUT_REC": 288576.41562449984, "Y_OUT_REC": 9196145.8172807172 }, "geometry": { "type": "LineString", "coordinates": [ [ -34.915058251949091, -7.268940463542899 ], [ -34.914951205250134, -7.268285447680842 ] ] } },
{ "type": "Feature", "properties": { "id_link": "L_A_0118", "node_in": "N_A_0173", "node_out": "N_A_0172", "classe": "COLETOR", "origem": "ColetorA8_F035", "comp_m": 2.0309862851852114, "cota_in": 95.080963134765625, "cota_out": 94.993682861328125, "decl_pct": 4.2974329306975436, "diam_m": 0.6, "obs": "DECLIVE_MDE", "bacia": "A", "ID_LINK_ORIG": "L_A_0118", "ID_LINK_SEG": "L_A_0118_FORA_01", "META_ID": "", "META_ORIG": "", "SELECAO_REC": "DIFERENCA_FORA_POLIGONOS_AUDITORIA", "COMP_REC_M": 2.0309862850732952, "PERC_LINK_REC": 100.0, "X_IN_REC": 288630.48741604574, "Y_IN_REC": 9196110.0982287414, "X_OUT_REC": 288629.5111679493, "Y_OUT_REC": 9196108.3172613233 }, "geometry": { "type": "LineString", "coordinates": [ [ -34.914463008646308, -7.26861044326747 ], [ -34.914471915767635, -7.268626507270388 ] ] } },
{ "type": "Feature", "properties": { "id_link": "L_A_0119", "node_in": "N_A_0044", "node_out": "N_A_0174", "classe": "COLETOR", "origem": "ColetorA8_F035", "comp_m": 46.324798006313344, "cota_in": 96.908012390136719, "cota_out": 95.080963134765625, "decl_pct": 3.9439983205584528, "diam_m": 0.6, "obs": "DECLIVE_MDE", "bacia": "A", "ID_LINK_ORIG": "L_A_0119", "ID_LINK_SEG": "L_A_0119_FORA_01", "META_ID": "", "META_ORIG": "", "SELECAO_REC": "DIFERENCA_FORA_POLIGONOS_AUDITORIA", "COMP_REC_M": 37.062508701236595, "PERC_LINK_REC": 80.005764290809481, "X_IN_REC": 288650.0670383423, "Y_IN_REC": 9196145.817293901, "X_OUT_REC": 288632.25194828695, "Y_OUT_REC": 9196113.3172613233 }, "geometry": { "type": "LineString", "coordinates": [ [ -34.914284367663605, -7.268288263707576 ], [ -34.914446909356606, -7.268581408176855 ] ] } },
{ "type": "Feature", "properties": { "id_link": "L_A_0120", "node_in": "N_A_0175", "node_out": "N_A_0176", "classe": "COLETOR", "origem": "ColetorA9_F001", "comp_m": 133.75917986028881, "cota_in": 53.734844207763672, "cota_out": 47.805496215820313, "decl_pct": 4.4328531306311474, "diam_m": 0.6, "obs": "DECLIVE_MDE", "bacia": "A", "ID_LINK_ORIG": "L_A_0120", "ID_LINK_SEG": "L_A_0120_FORA_01", "META_ID": "", "META_ORIG": "", "SELECAO_REC": "DIFERENCA_FORA_POLIGONOS_AUDITORIA", "COMP_REC_M": 133.75917986027002, "PERC_LINK_REC": 100.0, "X_IN_REC": 288340.70395118161, "Y_IN_REC": 9196927.2334513366, "X_OUT_REC": 288337.38668637961, "Y_OUT_REC": 9196793.5154123474 }, "geometry": { "type": "LineString", "coordinates": [ [ -34.917055384054926, -7.261211828490485 ], [ -34.917090540266287, -7.26242061511051 ] ] } },
{ "type": "Feature", "properties": { "id_link": "L_A_0121", "node_in": "N_A_0177", "node_out": "N_A_0178", "classe": "COLETOR", "origem": "ColetorA9_F002", "comp_m": 131.19104874917156, "cota_in": 55.130966186523438, "cota_out": 50.836784362792969, "decl_pct": 3.2732277580467053, "diam_m": 0.6, "obs": "DECLIVE_MDE", "bacia": "A", "ID_LINK_ORIG": "L_A_0121", "ID_LINK_SEG": "L_A_0121_FORA_01", "META_ID": "", "META_ORIG": "", "SELECAO_REC": "DIFERENCA_FORA_POLIGONOS_AUDITORIA", "COMP_REC_M": 131.19104874916195, "PERC_LINK_REC": 100.0, "X_IN_REC": 288414.78743268101, "Y_IN_REC": 9196931.9959608596, "X_OUT_REC": 288412.98741604679, "Y_OUT_REC": 9196800.8172613233 }, "geometry": { "type": "LineString", "coordinates": [ [ -34.91638446350342, -7.261171604768867 ], [ -34.916405783733005, -7.26235749235172 ] ] } },
{ "type": "Feature", "properties": { "id_link": "L_A_0122", "node_in": "N_A_0179", "node_out": "N_A_0180", "classe": "COLETOR", "origem": "ColetorA9_F003", "comp_m": 27.098758130430696, "cota_in": 57.794136047363281, "cota_out": 57.549419403076172, "decl_pct": 0.90305483044370027, "diam_m": 0.6, "obs": "DECLIVE_MDE", "bacia": "A", "ID_LINK_ORIG": "L_A_0122", "ID_LINK_SEG": "L_A_0122_FORA_01", "META_ID": "", "META_ORIG": "", "SELECAO_REC": "DIFERENCA_FORA_POLIGONOS_AUDITORIA", "COMP_REC_M": 27.098758130398704, "PERC_LINK_REC": 100.0, "X_IN_REC": 288483.05006920698, "Y_IN_REC": 9196931.4667931348, "X_OUT_REC": 288484.70486638579, "Y_OUT_REC": 9196904.418607641 }, "geometry": { "type": "LineString", "coordinates": [ [ -34.915766446240028, -7.261178998398489 ], [ -34.91575249933782, -7.261423598160713 ] ] } },
{ "type": "Feature", "properties": { "id_link": "L_A_0123", "node_in": "N_A_0180", "node_out": "N_A_0019", "classe": "COLETOR", "origem": "ColetorA9_F003", "comp_m": 95.857342429203868, "cota_in": 57.549419403076172, "cota_out": 54.322368621826172, "decl_pct": 3.3665139252461138, "diam_m": 0.6, "obs": "DECLIVE_MDE", "bacia": "A", "ID_LINK_ORIG": "L_A_0123", "ID_LINK_SEG": "L_A_0123_FORA_01", "META_ID": "", "META_ORIG": "", "SELECAO_REC": "DIFERENCA_FORA_POLIGONOS_AUDITORIA", "COMP_REC_M": 95.857342429239409, "PERC_LINK_REC": 100.0, "X_IN_REC": 288484.70486638579, "Y_IN_REC": 9196904.418607641, "X_OUT_REC": 288490.55843572889, "Y_OUT_REC": 9196808.7401574887 }, "geometry": { "type": "LineString", "coordinates": [ [ -34.91575249933782, -7.261423598160713 ], [ -34.915703164651177, -7.262288829079337 ] ] } },
{ "type": "Feature", "properties": { "id_link": "L_A_0124", "node_in": "N_A_0181", "node_out": "N_A_0180", "classe": "COLETOR", "origem": "ColetorA9_F004", "comp_m": 58.23112006350005, "cota_in": 61.401542663574219, "cota_out": 57.549419403076172, "decl_pct": 6.6152312651677851, "diam_m": 0.6, "obs": "DECLIVE_MDE", "bacia": "A", "ID_LINK_ORIG": "L_A_0124", "ID_LINK_SEG": "L_A_0124_FORA_01", "META_ID": "", "META_ORIG": "", "SELECAO_REC": "DIFERENCA_FORA_POLIGONOS_AUDITORIA", "COMP_REC_M": 58.231120064255585, "PERC_LINK_REC": 100.0, "X_IN_REC": 288542.84602213197, "Y_IN_REC": 9196907.6542455126, "X_OUT_REC": 288484.70486638579, "Y_OUT_REC": 9196904.418607641 }, "geometry": { "type": "LineString", "coordinates": [ [ -34.915225975575126, -7.261396567500518 ], [ -34.91575249933782, -7.261423598160713 ] ] } },
{ "type": "Feature", "properties": { "id_link": "L_A_0125", "node_in": "N_A_0182", "node_out": "N_A_0183", "classe": "COLETOR", "origem": "ColetorA9_F005", "comp_m": 120.58323790861429, "cota_in": 62.731834411621094, "cota_out": 59.161708831787109, "decl_pct": 2.9607146413995404, "diam_m": 0.6, "obs": "DECLIVE_MDE", "bacia": "A", "ID_LINK_ORIG": "L_A_0125", "ID_LINK_SEG": "L_A_0125_FORA_01", "META_ID": "", "META_ORIG": "", "SELECAO_REC": "DIFERENCA_FORA_POLIGONOS_AUDITORIA", "COMP_REC_M": 120.58323790861728, "PERC_LINK_REC": 100.0, "X_IN_REC": 288558.19188615534, "Y_IN_REC": 9196935.7001349367, "X_OUT_REC": 288558.43928507197, "Y_OUT_REC": 9196815.1171508208 }, "geometry": { "type": "LineString", "coordinates": [ [ -34.915085963618338, -7.261143597251423 ], [ -34.915088337959453, -7.26223377053438 ] ] } },
{ "type": "Feature", "properties": { "id_link": "L_A_0126", "node_in": "N_A_0184", "node_out": "N_A_0185", "classe": "COLETOR", "origem": "ColetorA9_F006", "comp_m": 91.333841258725414, "cota_in": 78.703262329101563, "cota_out": 74.71807861328125, "decl_pct": 4.3633155694517507, "diam_m": 0.6, "obs": "DECLIVE_MDE", "bacia": "A", "ID_LINK_ORIG": "L_A_0126", "ID_LINK_SEG": "L_A_0126_FORA_01", "META_ID": "", "META_ORIG": "", "SELECAO_REC": "DIFERENCA_FORA_POLIGONOS_AUDITORIA", "COMP_REC_M": 91.333841258746361, "PERC_LINK_REC": 100.0, "X_IN_REC": 288703.2896763531, "Y_IN_REC": 9196943.2143166307, "X_OUT_REC": 288702.09966580966, "Y_OUT_REC": 9196853.1208648812 }, "geometry": { "type": "LineString", "coordinates": [ [ -34.913771986055536, -7.26108120517299 ], [ -34.913843436965337, -7.261662659663173 ], [ -34.913786205299076, -7.261895675143288 ] ] } },
{ "type": "Feature", "properties": { "id_link": "L_A_0127", "node_in": "N_A_0186", "node_out": "N_A_0187", "classe": "COLETOR", "origem": "ColetorA9_F007", "comp_m": 16.804162926559659, "cota_in": 97.1483154296875, "cota_out": 96.6446533203125, "decl_pct": 2.9972460489474408, "diam_m": 0.6, "obs": "DECLIVE_MDE", "bacia": "A", "ID_LINK_ORIG": "L_A_0127", "ID_LINK_SEG": "L_A_0127_FORA_01", "META_ID": "", "META_ORIG": "", "SELECAO_REC": "DIFERENCA_FORA_POLIGONOS_AUDITORIA", "COMP_REC_M": 16.80416292655709, "PERC_LINK_REC": 100.0, "X_IN_REC": 288962.98741604725, "Y_IN_REC": 9196955.8172613233, "X_OUT_REC": 288962.24557499558, "Y_OUT_REC": 9196939.029481139 }, "geometry": { "type": "LineString", "coordinates": [ [ -34.911420244215158, -7.260977174104602 ], [ -34.911427601845013, -7.26112892071673 ] ] } },
{ "type": "Feature", "properties": { "id_link": "L_A_0128", "node_in": "N_A_0188", "node_out": "N_A_0009", "classe": "COLETOR", "origem": "ColetorA9_F009", "comp_m": 45.813040828093129, "cota_in": 90.766799926757813, "cota_out": 89.016212463378906, "decl_pct": 3.8211553560649572, "diam_m": 0.6, "obs": "DECLIVE_MDE", "bacia": "A", "ID_LINK_ORIG": "L_A_0128", "ID_LINK_SEG": "L_A_0128_FORA_01", "META_ID": "", "META_ORIG": "", "SELECAO_REC": "DIFERENCA_FORA_POLIGONOS_AUDITORIA", "COMP_REC_M": 45.813040828120037, "PERC_LINK_REC": 100.0, "X_IN_REC": 288886.75212661293, "Y_IN_REC": 9196949.4584957846, "X_OUT_REC": 288892.04677380854, "Y_OUT_REC": 9196903.9524366166 }, "geometry": { "type": "LineString", "coordinates": [ [ -34.912110709055675, -7.261031754694825 ], [ -34.912064510669452, -7.261443367529826 ] ] } },
{ "type": "Feature", "properties": { "id_link": "L_A_0129", "node_in": "N_A_0009", "node_out": "N_A_0008", "classe": "COLETOR", "origem": "ColetorA9_F009", "comp_m": 2.9276673597575562, "cota_in": 89.016212463378906, "cota_out": 88.823944091796875, "decl_pct": 6.5672888329073436, "diam_m": 0.6, "obs": "DECLIVE_MDE", "bacia": "A", "ID_LINK_ORIG": "L_A_0129", "ID_LINK_SEG": "L_A_0129_FORA_01", "META_ID": "", "META_ORIG": "", "SELECAO_REC": "DIFERENCA_FORA_POLIGONOS_AUDITORIA", "COMP_REC_M": 2.9276673597546745, "PERC_LINK_REC": 100.0, "X_IN_REC": 288892.04677380854, "Y_IN_REC": 9196903.9524366166, "X_OUT_REC": 288892.06126842706, "Y_OUT_REC": 9196901.0248051379 }, "geometry": { "type": "LineString", "coordinates": [ [ -34.912064510669452, -7.261443367529826 ], [ -34.912064491286309, -7.261469836192386 ] ] } },
{ "type": "Feature", "properties": { "id_link": "L_A_0130", "node_in": "N_A_0189", "node_out": "N_A_0190", "classe": "COLETOR", "origem": "ColetorA9_F010", "comp_m": 62.826487082442604, "cota_in": 47.504230499267578, "cota_out": 44.277423858642578, "decl_pct": 5.1360609043614005, "diam_m": 0.6, "obs": "DECLIVE_MDE", "bacia": "A", "ID_LINK_ORIG": "L_A_0130", "ID_LINK_SEG": "L_A_0130_FORA_01", "META_ID": "", "META_ORIG": "", "SELECAO_REC": "DIFERENCA_FORA_POLIGONOS_AUDITORIA", "COMP_REC_M": 62.826487082617213, "PERC_LINK_REC": 100.0, "X_IN_REC": 288330.80851472635, "Y_IN_REC": 9196794.9944368638, "X_OUT_REC": 288267.98741604883, "Y_OUT_REC": 9196795.8172613233 }, "geometry": { "type": "LineString", "coordinates": [ [ -34.917150041302506, -7.262406991946381 ], [ -34.917718781687185, -7.262397149352467 ] ] } },
{ "type": "Feature", "properties": { "id_link": "L_A_0131", "node_in": "N_A_0052", "node_out": "N_A_0050", "classe": "TRONCO", "origem": "TroncoA1_F001", "comp_m": 80.640818022331118, "cota_in": 118.15679931640625, "cota_out": 115.53829956054688, "decl_pct": 3.2471145755667536, "diam_m": 0.8, "obs": "DECLIVE_MDE", "bacia": "A", "ID_LINK_ORIG": "L_A_0131", "ID_LINK_SEG": "L_A_0131_FORA_01", "META_ID": "", "META_ORIG": "", "SELECAO_REC": "DIFERENCA_FORA_POLIGONOS_AUDITORIA", "COMP_REC_M": 80.640818022134169, "PERC_LINK_REC": 100.0, "X_IN_REC": 289077.35366632306, "Y_IN_REC": 9196373.6495739855, "X_OUT_REC": 289009.13931391307, "Y_OUT_REC": 9196416.6582202855 }, "geometry": { "type": "LineString", "coordinates": [ [ -34.910407018979924, -7.266244796269857 ], [ -34.911022984923846, -7.265853361638754 ] ] } },
{ "type": "Feature", "properties": { "id_link": "L_A_0132", "node_in": "N_A_0050", "node_out": "N_A_0048", "classe": "TRONCO", "origem": "TroncoA1_F001", "comp_m": 70.232800554618649, "cota_in": 115.53829956054688, "cota_out": 111.69416809082031, "decl_pct": 5.4734133330438075, "diam_m": 0.8, "obs": "DECLIVE_MDE", "bacia": "A", "ID_LINK_ORIG": "L_A_0132", "ID_LINK_SEG": "L_A_0132_FORA_01", "META_ID": "", "META_ORIG": "", "SELECAO_REC": "DIFERENCA_FORA_POLIGONOS_AUDITORIA", "COMP_REC_M": 70.232800554920374, "PERC_LINK_REC": 100.0, "X_IN_REC": 289009.13931391307, "Y_IN_REC": 9196416.6582202855, "X_OUT_REC": 288950.32726354664, "Y_OUT_REC": 9196454.9032040145 }, "geometry": { "type": "LineString", "coordinates": [ [ -34.911022984923846, -7.265853361638754 ], [ -34.911109411847747, -7.265794037268086 ], [ -34.91146781853184, -7.265574368119897 ], [ -34.911554003950997, -7.265505352535708 ] ] } },
{ "type": "Feature", "properties": { "id_link": "L_A_0133", "node_in": "N_A_0048", "node_out": "N_A_0046", "classe": "TRONCO", "origem": "TroncoA1_F001", "comp_m": 70.690335630809457, "cota_in": 111.69416809082031, "cota_out": 102.44920349121094, "decl_pct": 13.078116714415597, "diam_m": 0.8, "obs": "DECLIVE_MDE", "bacia": "A", "ID_LINK_ORIG": "L_A_0133", "ID_LINK_SEG": "L_A_0133_FORA_01", "META_ID": "", "META_ORIG": "", "SELECAO_REC": "DIFERENCA_FORA_POLIGONOS_AUDITORIA", "COMP_REC_M": 70.690335630475644, "PERC_LINK_REC": 100.0, "X_IN_REC": 288950.32726354664, "Y_IN_REC": 9196454.9032040145, "X_OUT_REC": 288891.61787224328, "Y_OUT_REC": 9196494.265171919 }, "geometry": { "type": "LineString", "coordinates": [ [ -34.911554003950997, -7.265505352535708 ], [ -34.911777331894754, -7.265349163856102 ], [ -34.912084049904458, -7.265147248516365 ] ] } },
{ "type": "Feature", "properties": { "id_link": "L_A_0134", "node_in": "N_A_0046", "node_out": "N_A_0056", "classe": "TRONCO", "origem": "TroncoA1_F001", "comp_m": 71.051094573814936, "cota_in": 102.44920349121094, "cota_out": 89.775810241699219, "decl_pct": 17.837013385269298, "diam_m": 0.8, "obs": "DECLIVE_MDE", "bacia": "A", "ID_LINK_ORIG": "L_A_0134", "ID_LINK_SEG": "L_A_0134_FORA_01", "META_ID": "", "META_ORIG": "", "SELECAO_REC": "DIFERENCA_FORA_POLIGONOS_AUDITORIA", "COMP_REC_M": 71.051094573778244, "PERC_LINK_REC": 100.0, "X_IN_REC": 288891.61787224328, "Y_IN_REC": 9196494.265171919, "X_OUT_REC": 288832.32604863012, "Y_OUT_REC": 9196533.4068971407 }, "geometry": { "type": "LineString", "coordinates": [ [ -34.912084049904458, -7.265147248516365 ], [ -34.91213280251187, -7.265115154186928 ], [ -34.912408013903196, -7.264936022381819 ], [ -34.91261937663981, -7.264791113022377 ] ] } },
{ "type": "Feature", "properties": { "id_link": "L_A_0135", "node_in": "N_A_0056", "node_out": "N_A_0100", "classe": "TRONCO", "origem": "TroncoA1_F001", "comp_m": 70.934569535905894, "cota_in": 89.775810241699219, "cota_out": 82.656761169433594, "decl_pct": 10.036078485909583, "diam_m": 0.8, "obs": "DECLIVE_MDE", "bacia": "A", "ID_LINK_ORIG": "L_A_0135", "ID_LINK_SEG": "L_A_0135_FORA_01", "META_ID": "", "META_ORIG": "", "SELECAO_REC": "DIFERENCA_FORA_POLIGONOS_AUDITORIA", "COMP_REC_M": 70.93456953610513, "PERC_LINK_REC": 100.0, "X_IN_REC": 288832.32604863012, "Y_IN_REC": 9196533.4068971407, "X_OUT_REC": 288772.65799424204, "Y_OUT_REC": 9196571.652875172 }, "geometry": { "type": "LineString", "coordinates": [ [ -34.91261937663981, -7.264791113022377 ], [ -34.912987974434323, -7.264538403603178 ], [ -34.913158143050396, -7.264443061002408 ] ] } },
{ "type": "Feature", "properties": { "id_link": "L_A_0136", "node_in": "N_A_0100", "node_out": "N_A_0102", "classe": "TRONCO", "origem": "TroncoA1_F001", "comp_m": 52.997526758292594, "cota_in": 82.656761169433594, "cota_out": 77.195121765136719, "decl_pct": 10.305460911800541, "diam_m": 0.8, "obs": "DECLIVE_MDE", "bacia": "A", "ID_LINK_ORIG": "L_A_0136", "ID_LINK_SEG": "L_A_0136_FORA_01", "META_ID": "", "META_ORIG": "", "SELECAO_REC": "DIFERENCA_FORA_POLIGONOS_AUDITORIA", "COMP_REC_M": 52.997526757990194, "PERC_LINK_REC": 100.0, "X_IN_REC": 288772.65799424204, "Y_IN_REC": 9196571.652875172, "X_OUT_REC": 288723.55212538794, "Y_OUT_REC": 9196591.3491760325 }, "geometry": { "type": "LineString", "coordinates": [ [ -34.913158143050396, -7.264443061002408 ], [ -34.913194461349825, -7.264422712460863 ], [ -34.913512985358928, -7.264289325608168 ], [ -34.913601989190305, -7.264263115591629 ] ] } },
{ "type": "Feature", "properties": { "id_link": "L_A_0137", "node_in": "N_A_0102", "node_out": "N_A_0054", "classe": "TRONCO", "origem": "TroncoA1_F001", "comp_m": 29.981543102208445, "cota_in": 77.195121765136719, "cota_out": 76.958816528320313, "decl_pct": 0.7881690278943646, "diam_m": 0.8, "obs": "DECLIVE_MDE", "bacia": "A", "ID_LINK_ORIG": "L_A_0137", "ID_LINK_SEG": "L_A_0137_FORA_01", "META_ID": "", "META_ORIG": "", "SELECAO_REC": "DIFERENCA_FORA_POLIGONOS_AUDITORIA", "COMP_REC_M": 29.981543102277747, "PERC_LINK_REC": 100.0, "X_IN_REC": 288723.55212538794, "Y_IN_REC": 9196591.3491760325, "X_OUT_REC": 288720.69461967354, "Y_OUT_REC": 9196621.1942357216 }, "geometry": { "type": "LineString", "coordinates": [ [ -34.913601989190305, -7.264263115591629 ], [ -34.913601989190312, -7.264263115591629 ], [ -34.913626719168782, -7.263993183727224 ] ] } },
{ "type": "Feature", "properties": { "id_link": "L_A_0138", "node_in": "N_A_0054", "node_out": "N_A_0097", "classe": "TRONCO", "origem": "TroncoA1_F001", "comp_m": 65.229776929322327, "cota_in": 76.958816528320313, "cota_out": 70.120803833007813, "decl_pct": 10.48296194960411, "diam_m": 0.8, "obs": "DECLIVE_MDE", "bacia": "A", "ID_LINK_ORIG": "L_A_0138", "ID_LINK_SEG": "L_A_0138_FORA_01", "META_ID": "", "META_ORIG": "", "SELECAO_REC": "DIFERENCA_FORA_POLIGONOS_AUDITORIA", "COMP_REC_M": 65.229776929264389, "PERC_LINK_REC": 100.0, "X_IN_REC": 288720.69461967354, "Y_IN_REC": 9196621.1942357216, "X_OUT_REC": 288656.64449652709, "Y_OUT_REC": 9196633.5221649334 }, "geometry": { "type": "LineString", "coordinates": [ [ -34.913626719168782, -7.263993183727224 ], [ -34.914074782518348, -7.263902307691379 ], [ -34.914206150030012, -7.263879282931044 ] ] } },
{ "type": "Feature", "properties": { "id_link": "L_A_0139", "node_in": "N_A_0097", "node_out": "N_A_0095", "classe": "TRONCO", "origem": "TroncoA1_F001", "comp_m": 71.683809030896271, "cota_in": 70.120803833007813, "cota_out": 63.461761474609375, "decl_pct": 9.2894650108901704, "diam_m": 0.8, "obs": "DECLIVE_MDE", "bacia": "A", "ID_LINK_ORIG": "L_A_0139", "ID_LINK_SEG": "L_A_0139_FORA_01", "META_ID": "", "META_ORIG": "", "SELECAO_REC": "DIFERENCA_FORA_POLIGONOS_AUDITORIA", "COMP_REC_M": 71.683809031269064, "PERC_LINK_REC": 100.0, "X_IN_REC": 288656.64449652709, "Y_IN_REC": 9196633.5221649334, "X_OUT_REC": 288586.38506533671, "Y_OUT_REC": 9196647.2662796229 }, "geometry": { "type": "LineString", "coordinates": [ [ -34.914206150030012, -7.263879282931044 ], [ -34.914393633794546, -7.263846422618141 ], [ -34.914775665643063, -7.263775918144848 ], [ -34.914841744523521, -7.263752340755221 ] ] } },
{ "type": "Feature", "properties": { "id_link": "L_A_0140", "node_in": "N_A_0095", "node_out": "N_A_0058", "classe": "TRONCO", "origem": "TroncoA1_F001", "comp_m": 44.768014106196205, "cota_in": 63.461761474609375, "cota_out": 60.479644775390625, "decl_pct": 6.6612664393482763, "diam_m": 0.8, "obs": "DECLIVE_MDE", "bacia": "A", "ID_LINK_ORIG": "L_A_0140", "ID_LINK_SEG": "L_A_0140_FORA_01", "META_ID": "", "META_ORIG": "", "SELECAO_REC": "DIFERENCA_FORA_POLIGONOS_AUDITORIA", "COMP_REC_M": 44.76801410658048, "PERC_LINK_REC": 99.999999999999986, "X_IN_REC": 288586.38506533671, "Y_IN_REC": 9196647.2662796229, "X_OUT_REC": 288544.1642666097, "Y_OUT_REC": 9196662.1518176347 }, "geometry": { "type": "LineString", "coordinates": [ [ -34.914841744523521, -7.263752340755221 ], [ -34.915223436570962, -7.263616150244539 ] ] } },
{ "type": "Feature", "properties": { "id_link": "L_A_0141", "node_in": "N_A_0058", "node_out": "N_A_0090", "classe": "TRONCO", "origem": "TroncoA1_F001", "comp_m": 30.670917220378531, "cota_in": 60.479644775390625, "cota_out": 58.61834716796875, "decl_pct": 6.0686075804253479, "diam_m": 0.8, "obs": "DECLIVE_MDE", "bacia": "A", "ID_LINK_ORIG": "L_A_0141", "ID_LINK_SEG": "L_A_0141_FORA_01", "META_ID": "", "META_ORIG": "", "SELECAO_REC": "DIFERENCA_FORA_POLIGONOS_AUDITORIA", "COMP_REC_M": 30.670917219505416, "PERC_LINK_REC": 100.0, "X_IN_REC": 288544.1642666097, "Y_IN_REC": 9196662.1518176347, "X_OUT_REC": 288513.5033376693, "Y_OUT_REC": 9196661.3691302147 }, "geometry": { "type": "LineString", "coordinates": [ [ -34.915223436570962, -7.263616150244539 ], [ -34.91550106663481, -7.263622054282552 ] ] } },
{ "type": "Feature", "properties": { "id_link": "L_A_0142", "node_in": "N_A_0090", "node_out": "N_A_0088", "classe": "TRONCO", "origem": "TroncoA1_F001", "comp_m": 71.844137497170408, "cota_in": 58.61834716796875, "cota_out": 56.701618194580078, "decl_pct": 2.6678989269850479, "diam_m": 0.8, "obs": "DECLIVE_MDE", "bacia": "A", "ID_LINK_ORIG": "L_A_0142", "ID_LINK_SEG": "L_A_0142_FORA_01", "META_ID": "", "META_ORIG": "", "SELECAO_REC": "DIFERENCA_FORA_POLIGONOS_AUDITORIA", "COMP_REC_M": 71.844137498217407, "PERC_LINK_REC": 100.0, "X_IN_REC": 288513.5033376693, "Y_IN_REC": 9196661.3691302147, "X_OUT_REC": 288441.6887739416, "Y_OUT_REC": 9196662.4414757956 }, "geometry": { "type": "LineString", "coordinates": [ [ -34.91550106663481, -7.263622054282552 ], [ -34.915655153726476, -7.263625331000974 ], [ -34.915928221333225, -7.263619393645737 ], [ -34.916151225200679, -7.263609613562193 ] ] } },
{ "type": "Feature", "properties": { "id_link": "L_A_0143", "node_in": "N_A_0088", "node_out": "N_A_0085", "classe": "TRONCO", "origem": "TroncoA1_F001", "comp_m": 72.831595031913537, "cota_in": 56.701618194580078, "cota_out": 53.278118133544922, "decl_pct": 4.7005699374495888, "diam_m": 0.8, "obs": "DECLIVE_MDE", "bacia": "A", "ID_LINK_ORIG": "L_A_0143", "ID_LINK_SEG": "L_A_0143_FORA_01", "META_ID": "", "META_ORIG": "", "SELECAO_REC": "DIFERENCA_FORA_POLIGONOS_AUDITORIA", "COMP_REC_M": 72.83159503086776, "PERC_LINK_REC": 100.0, "X_IN_REC": 288441.6887739416, "Y_IN_REC": 9196662.4414757956, "X_OUT_REC": 288369.1470549365, "Y_OUT_REC": 9196668.7341530267 }, "geometry": { "type": "LineString", "coordinates": [ [ -34.916151225200679, -7.263609613562193 ], [ -34.916230004573308, -7.263606158578848 ], [ -34.916701747060891, -7.263563500250745 ], [ -34.916807767056675, -7.263549948300236 ] ] } },
{ "type": "Feature", "properties": { "id_link": "L_A_0144", "node_in": "N_A_0085", "node_out": "N_A_0191", "classe": "TRONCO", "origem": "TroncoA1_F001", "comp_m": 72.194427945758576, "cota_in": 53.278118133544922, "cota_out": 46.413650512695313, "decl_pct": 9.5083066881658098, "diam_m": 0.8, "obs": "DECLIVE_MDE", "bacia": "A", "ID_LINK_ORIG": "L_A_0144", "ID_LINK_SEG": "L_A_0144_FORA_01", "META_ID": "", "META_ORIG": "", "SELECAO_REC": "DIFERENCA_FORA_POLIGONOS_AUDITORIA", "COMP_REC_M": 72.194427945931366, "PERC_LINK_REC": 100.0, "X_IN_REC": 288369.1470549365, "Y_IN_REC": 9196668.7341530267, "X_OUT_REC": 288297.78377385216, "Y_OUT_REC": 9196679.455602238 }, "geometry": { "type": "LineString", "coordinates": [ [ -34.916807767056675, -7.263549948300236 ], [ -34.917166231849073, -7.263504127542117 ], [ -34.917453469359472, -7.263450287749166 ] ] } },
{ "type": "Feature", "properties": { "id_link": "L_A_0145", "node_in": "N_A_0192", "node_out": "N_A_0028", "classe": "TRONCO", "origem": "TroncoA2_F001", "comp_m": 37.439146378786923, "cota_in": 103.52889251708984, "cota_out": 102.05509185791016, "decl_pct": 3.9365231361544746, "diam_m": 0.8, "obs": "DECLIVE_MDE", "bacia": "A", "ID_LINK_ORIG": "L_A_0145", "ID_LINK_SEG": "L_A_0145_FORA_01", "META_ID": "", "META_ORIG": "", "SELECAO_REC": "DIFERENCA_FORA_POLIGONOS_AUDITORIA", "COMP_REC_M": 37.439146378404018, "PERC_LINK_REC": 100.0, "X_IN_REC": 288755.48741604586, "Y_IN_REC": 9196117.2084301412, "X_OUT_REC": 288720.3040575246, "Y_OUT_REC": 9196130.0076865535 }, "geometry": { "type": "LineString", "coordinates": [ [ -34.913330989188758, -7.268550939410228 ], [ -34.913649048732971, -7.268433879595959 ] ] } },
{ "type": "Feature", "properties": { "id_link": "L_A_0146", "node_in": "N_A_0028", "node_out": "N_A_0044", "classe": "TRONCO", "origem": "TroncoA2_F001", "comp_m": 70.002659595246499, "cota_in": 102.05509185791016, "cota_out": 96.908012390136719, "decl_pct": 7.3526913084927248, "diam_m": 0.8, "obs": "DECLIVE_MDE", "bacia": "A", "ID_LINK_ORIG": "L_A_0146", "ID_LINK_SEG": "L_A_0146_FORA_01", "META_ID": "", "META_ORIG": "", "SELECAO_REC": "DIFERENCA_FORA_POLIGONOS_AUDITORIA", "COMP_REC_M": 61.711525187522682, "PERC_LINK_REC": 88.15597227883589, "X_IN_REC": 288720.3040575246, "Y_IN_REC": 9196130.0076865535, "X_OUT_REC": 288662.31078242022, "Y_OUT_REC": 9196151.1048992518 }, "geometry": { "type": "LineString", "coordinates": [ [ -34.913649048732971, -7.268433879595959 ], [ -34.914173310738796, -7.26824092769524 ] ] } },
{ "type": "Feature", "properties": { "id_link": "L_A_0159", "node_in": "N_A_0194", "node_out": "N_A_0004", "classe": "TRONCO", "origem": "TroncoA3_F001", "comp_m": 61.303648780516738, "cota_in": 106.56615447998047, "cota_out": 103.98895263671875, "decl_pct": 4.2039942067539613, "diam_m": 0.8, "obs": "DECLIVE_MDE", "bacia": "A", "ID_LINK_ORIG": "L_A_0159", "ID_LINK_SEG": "L_A_0159_FORA_01", "META_ID": "", "META_ORIG": "", "SELECAO_REC": "DIFERENCA_FORA_POLIGONOS_AUDITORIA", "COMP_REC_M": 61.303648781151097, "PERC_LINK_REC": 100.0, "X_IN_REC": 289090.48741604621, "Y_IN_REC": 9196920.0970861595, "X_OUT_REC": 289029.57644926215, "Y_OUT_REC": 9196926.8426743541 }, "geometry": { "type": "LineString", "coordinates": [ [ -34.910267242641943, -7.261304973788293 ], [ -34.910776526582424, -7.261250310375224 ], [ -34.910818463889292, -7.261241666452748 ] ] } },
{ "type": "Feature", "properties": { "id_link": "L_A_0160", "node_in": "N_A_0004", "node_out": "N_A_0187", "classe": "TRONCO", "origem": "TroncoA3_F001", "comp_m": 68.442476707985833, "cota_in": 103.98895263671875, "cota_out": 96.6446533203125, "decl_pct": 10.730615941531703, "diam_m": 0.8, "obs": "DECLIVE_MDE", "bacia": "A", "ID_LINK_ORIG": "L_A_0160", "ID_LINK_SEG": "L_A_0160_FORA_01", "META_ID": "", "META_ORIG": "", "SELECAO_REC": "DIFERENCA_FORA_POLIGONOS_AUDITORIA", "COMP_REC_M": 68.442476707354018, "PERC_LINK_REC": 100.0, "X_IN_REC": 289029.57644926215, "Y_IN_REC": 9196926.8426743541, "X_OUT_REC": 288962.24557499558, "Y_OUT_REC": 9196939.029481139 }, "geometry": { "type": "LineString", "coordinates": [ [ -34.910818463889292, -7.261241666452748 ], [ -34.911155650773566, -7.261172166916472 ], [ -34.911427601845013, -7.26112892071673 ] ] } },
{ "type": "Feature", "properties": { "id_link": "L_A_0161", "node_in": "N_A_0187", "node_out": "N_A_0006", "classe": "TRONCO", "origem": "TroncoA3_F001", "comp_m": 33.220503806479101, "cota_in": 96.6446533203125, "cota_out": 96.21295166015625, "decl_pct": 1.2995036519345435, "diam_m": 0.8, "obs": "DECLIVE_MDE", "bacia": "A", "ID_LINK_ORIG": "L_A_0161", "ID_LINK_SEG": "L_A_0161_FORA_01", "META_ID": "", "META_ORIG": "", "SELECAO_REC": "DIFERENCA_FORA_POLIGONOS_AUDITORIA", "COMP_REC_M": 33.220503806422194, "PERC_LINK_REC": 100.0, "X_IN_REC": 288962.24557499558, "Y_IN_REC": 9196939.029481139, "X_OUT_REC": 288962.98741604749, "Y_OUT_REC": 9196905.8172613252 }, "geometry": { "type": "LineString", "coordinates": [ [ -34.911427601845013, -7.26112892071673 ], [ -34.91142760184502, -7.26112892071673 ], [ -34.911422153733767, -7.261429213920206 ] ] } },
{ "type": "Feature", "properties": { "id_link": "L_A_0162", "node_in": "N_A_0006", "node_out": "N_A_0008", "classe": "TRONCO", "origem": "TroncoA3_F001", "comp_m": 71.08787556764905, "cota_in": 96.21295166015625, "cota_out": 88.823944091796875, "decl_pct": 10.394188192229496, "diam_m": 0.8, "obs": "DECLIVE_MDE", "bacia": "A", "ID_LINK_ORIG": "L_A_0162", "ID_LINK_SEG": "L_A_0162_FORA_01", "META_ID": "", "META_ORIG": "", "SELECAO_REC": "DIFERENCA_FORA_POLIGONOS_AUDITORIA", "COMP_REC_M": 71.08787556840312, "PERC_LINK_REC": 100.0, "X_IN_REC": 288962.98741604749, "Y_IN_REC": 9196905.8172613252, "X_OUT_REC": 288892.06126842706, "Y_OUT_REC": 9196901.0248051379 }, "geometry": { "type": "LineString", "coordinates": [ [ -34.911422153733767, -7.261429213920206 ], [ -34.911422153733767, -7.261429213920223 ], [ -34.912064491286309, -7.261469836192386 ] ] } },
{ "type": "Feature", "properties": { "id_link": "L_A_0163", "node_in": "N_A_0008", "node_out": "N_A_0011", "classe": "TRONCO", "origem": "TroncoA3_F001", "comp_m": 73.803606669984859, "cota_in": 88.823944091796875, "cota_out": 81.775154113769531, "decl_pct": 9.5507391793821537, "diam_m": 0.8, "obs": "DECLIVE_MDE", "bacia": "A", "ID_LINK_ORIG": "L_A_0163", "ID_LINK_SEG": "L_A_0163_FORA_01", "META_ID": "", "META_ORIG": "", "SELECAO_REC": "DIFERENCA_FORA_POLIGONOS_AUDITORIA", "COMP_REC_M": 73.803606669413938, "PERC_LINK_REC": 100.0, "X_IN_REC": 288892.06126842706, "Y_IN_REC": 9196901.0248051379, "X_OUT_REC": 288819.83893348835, "Y_OUT_REC": 9196887.3990405239 }, "geometry": { "type": "LineString", "coordinates": [ [ -34.912064491286309, -7.261469836192386 ], [ -34.912101383246096, -7.261471557135802 ], [ -34.912404686962468, -7.261501789261457 ], [ -34.912718901786249, -7.261590268138717 ] ] } },
{ "type": "Feature", "properties": { "id_link": "L_A_0164", "node_in": "N_A_0011", "node_out": "N_A_0013", "classe": "TRONCO", "origem": "TroncoA3_F001", "comp_m": 53.556521443799006, "cota_in": 81.775154113769531, "cota_out": 79.295501708984375, "decl_pct": 4.6299728547292727, "diam_m": 0.8, "obs": "DECLIVE_MDE", "bacia": "A", "ID_LINK_ORIG": "L_A_0164", "ID_LINK_SEG": "L_A_0164_FORA_01", "META_ID": "", "META_ORIG": "", "SELECAO_REC": "DIFERENCA_FORA_POLIGONOS_AUDITORIA", "COMP_REC_M": 53.556521443740621, "PERC_LINK_REC": 100.0, "X_IN_REC": 288819.83893348835, "Y_IN_REC": 9196887.3990405239, "X_OUT_REC": 288768.059772323, "Y_OUT_REC": 9196873.720066078 }, "geometry": { "type": "LineString", "coordinates": [ [ -34.912718901786249, -7.261590268138717 ], [ -34.912755352452969, -7.261600532162974 ], [ -34.913188225122255, -7.261711960527489 ] ] } },
{ "type": "Feature", "properties": { "id_link": "L_A_0165", "node_in": "N_A_0013", "node_out": "N_A_0185", "classe": "TRONCO", "origem": "TroncoA3_F001", "comp_m": 69.126561019266944, "cota_in": 79.295501708984375, "cota_out": 74.71807861328125, "decl_pct": 6.6218006916723455, "diam_m": 0.8, "obs": "DECLIVE_MDE", "bacia": "A", "ID_LINK_ORIG": "L_A_0165", "ID_LINK_SEG": "L_A_0165_FORA_01", "META_ID": "", "META_ORIG": "", "SELECAO_REC": "DIFERENCA_FORA_POLIGONOS_AUDITORIA", "COMP_REC_M": 69.126561019375472, "PERC_LINK_REC": 100.0, "X_IN_REC": 288768.059772323, "Y_IN_REC": 9196873.720066078, "X_OUT_REC": 288702.09966580966, "Y_OUT_REC": 9196853.1208648812 }, "geometry": { "type": "LineString", "coordinates": [ [ -34.913188225122255, -7.261711960527489 ], [ -34.913340502024688, -7.261751158924836 ], [ -34.913786205299076, -7.261895675143288 ] ] } },
{ "type": "Feature", "properties": { "id_link": "L_A_0166", "node_in": "N_A_0185", "node_out": "N_A_0016", "classe": "TRONCO", "origem": "TroncoA3_F001", "comp_m": 27.853330199404489, "cota_in": 74.71807861328125, "cota_out": 71.330734252929688, "decl_pct": 12.161362164241261, "diam_m": 0.8, "obs": "DECLIVE_MDE", "bacia": "A", "ID_LINK_ORIG": "L_A_0166", "ID_LINK_SEG": "L_A_0166_FORA_01", "META_ID": "", "META_ORIG": "", "SELECAO_REC": "DIFERENCA_FORA_POLIGONOS_AUDITORIA", "COMP_REC_M": 27.853330199404489, "PERC_LINK_REC": 100.0, "X_IN_REC": 288702.09966580966, "Y_IN_REC": 9196853.1208648812, "X_OUT_REC": 288683.04962770978, "Y_OUT_REC": 9196832.8008242417 }, "geometry": { "type": "LineString", "coordinates": [ [ -34.913786205299076, -7.261895675143288 ], [ -34.913959458528694, -7.262078656732067 ] ] } },
{ "type": "Feature", "properties": { "id_link": "L_A_0167", "node_in": "N_A_0016", "node_out": "N_A_0183", "classe": "TRONCO", "origem": "TroncoA3_F001", "comp_m": 125.8633307516084, "cota_in": 71.330734252929688, "cota_out": 59.161708831787109, "decl_pct": 9.668443817968063, "diam_m": 0.8, "obs": "DECLIVE_MDE", "bacia": "A", "ID_LINK_ORIG": "L_A_0167", "ID_LINK_SEG": "L_A_0167_FORA_01", "META_ID": "", "META_ORIG": "", "SELECAO_REC": "DIFERENCA_FORA_POLIGONOS_AUDITORIA", "COMP_REC_M": 125.86333075137574, "PERC_LINK_REC": 100.0, "X_IN_REC": 288683.04962770978, "Y_IN_REC": 9196832.8008242417, "X_OUT_REC": 288558.43928507197, "Y_OUT_REC": 9196815.1171508208 }, "geometry": { "type": "LineString", "coordinates": [ [ -34.913959458528694, -7.262078656732067 ], [ -34.914928794584732, -7.262215221573917 ], [ -34.915088337959453, -7.26223377053438 ] ] } },
{ "type": "Feature", "properties": { "id_link": "L_A_0168", "node_in": "N_A_0183", "node_out": "N_A_0019", "classe": "TRONCO", "origem": "TroncoA3_F001", "comp_m": 68.220287687838578, "cota_in": 59.161708831787109, "cota_out": 54.322368621826172, "decl_pct": 7.0936965732315898, "diam_m": 0.8, "obs": "DECLIVE_MDE", "bacia": "A", "ID_LINK_ORIG": "L_A_0168", "ID_LINK_SEG": "L_A_0168_FORA_01", "META_ID": "", "META_ORIG": "", "SELECAO_REC": "DIFERENCA_FORA_POLIGONOS_AUDITORIA", "COMP_REC_M": 68.220287688128565, "PERC_LINK_REC": 100.0, "X_IN_REC": 288558.43928507197, "Y_IN_REC": 9196815.1171508208, "X_OUT_REC": 288490.55843572889, "Y_OUT_REC": 9196808.7401574887 }, "geometry": { "type": "LineString", "coordinates": [ [ -34.915088337959453, -7.26223377053438 ], [ -34.915474384734011, -7.262278653169927 ], [ -34.915703164651177, -7.262288829079337 ] ] } },
{ "type": "Feature", "properties": { "id_link": "L_A_0169", "node_in": "N_A_0019", "node_out": "N_A_0178", "classe": "TRONCO", "origem": "TroncoA3_F001", "comp_m": 78.204944468238963, "cota_in": 54.322368621826172, "cota_out": 50.836784362792969, "decl_pct": 4.4569870648636396, "diam_m": 0.8, "obs": "DECLIVE_MDE", "bacia": "A", "ID_LINK_ORIG": "L_A_0169", "ID_LINK_SEG": "L_A_0169_FORA_01", "META_ID": "", "META_ORIG": "", "SELECAO_REC": "DIFERENCA_FORA_POLIGONOS_AUDITORIA", "COMP_REC_M": 78.204944468470273, "PERC_LINK_REC": 100.0, "X_IN_REC": 288490.55843572889, "Y_IN_REC": 9196808.7401574887, "X_OUT_REC": 288412.98741604679, "Y_OUT_REC": 9196800.8172613233 }, "geometry": { "type": "LineString", "coordinates": [ [ -34.915703164651177, -7.262288829079337 ], [ -34.916181682356772, -7.262310112704887 ], [ -34.916405783733005, -7.26235749235172 ] ] } },
{ "type": "Feature", "properties": { "id_link": "L_A_0170", "node_in": "N_A_0178", "node_out": "N_A_0176", "classe": "TRONCO", "origem": "TroncoA3_F001", "comp_m": 77.162013762163653, "cota_in": 50.836784362792969, "cota_out": 47.805496215820313, "decl_pct": 3.9284720540290601, "diam_m": 0.8, "obs": "DECLIVE_MDE", "bacia": "A", "ID_LINK_ORIG": "L_A_0170", "ID_LINK_SEG": "L_A_0170_FORA_01", "META_ID": "", "META_ORIG": "", "SELECAO_REC": "DIFERENCA_FORA_POLIGONOS_AUDITORIA", "COMP_REC_M": 77.162013761740639, "PERC_LINK_REC": 100.0, "X_IN_REC": 288412.98741604679, "Y_IN_REC": 9196800.8172613233, "X_OUT_REC": 288337.38668637961, "Y_OUT_REC": 9196793.5154123474 }, "geometry": { "type": "LineString", "coordinates": [ [ -34.916405783733005, -7.26235749235172 ], [ -34.916405783733026, -7.26235749235172 ], [ -34.916584637057255, -7.262428971818126 ], [ -34.917090540266287, -7.26242061511051 ] ] } },
{ "type": "Feature", "properties": { "id_link": "L_A_0171", "node_in": "N_A_0061", "node_out": "N_A_0064", "classe": "TRONCO", "origem": "TroncoA4_F001", "comp_m": 61.240409445779804, "cota_in": 47.143692016601563, "cota_out": 45.684066772460938, "decl_pct": 2.3834348224482858, "diam_m": 0.8, "obs": "DECLIVE_MDE", "bacia": "A", "ID_LINK_ORIG": "L_A_0171", "ID_LINK_SEG": "L_A_0171_FORA_01", "META_ID": "", "META_ORIG": "", "SELECAO_REC": "DIFERENCA_FORA_POLIGONOS_AUDITORIA", "COMP_REC_M": 61.240409445036036, "PERC_LINK_REC": 100.0, "X_IN_REC": 288274.14964445902, "Y_IN_REC": 9196605.5994872097, "X_OUT_REC": 288214.52362030488, "Y_OUT_REC": 9196619.0848064795 }, "geometry": { "type": "LineString", "coordinates": [ [ -34.917670280190798, -7.264117098848712 ], [ -34.917926416909587, -7.264072958477833 ], [ -34.918103451109019, -7.2640171920492 ], [ -34.918209609264508, -7.263992898804549 ] ] } },
{ "type": "Feature", "properties": { "id_link": "L_A_0172", "node_in": "N_A_0064", "node_out": "N_A_0068", "classe": "TRONCO", "origem": "TroncoA4_F001", "comp_m": 65.651917622444188, "cota_in": 45.684066772460938, "cota_out": 45.462467193603516, "decl_pct": 0.33753710003082138, "diam_m": 0.8, "obs": "DECLIVE_MDE", "bacia": "A", "ID_LINK_ORIG": "L_A_0172", "ID_LINK_SEG": "L_A_0172_FORA_01", "META_ID": "", "META_ORIG": "", "SELECAO_REC": "DIFERENCA_FORA_POLIGONOS_AUDITORIA", "COMP_REC_M": 65.651917622330416, "PERC_LINK_REC": 100.0, "X_IN_REC": 288214.52362030488, "Y_IN_REC": 9196619.0848064795, "X_OUT_REC": 288149.53064521961, "Y_OUT_REC": 9196625.7078607567 }, "geometry": { "type": "LineString", "coordinates": [ [ -34.918209609264508, -7.263992898804549 ], [ -34.918316448271369, -7.263968449727622 ], [ -34.918603908954374, -7.263967234010978 ], [ -34.918797792676258, -7.263930532727069 ] ] } },
{ "type": "Feature", "properties": { "id_link": "L_A_0173", "node_in": "N_A_0068", "node_out": "N_A_0070", "classe": "TRONCO", "origem": "TroncoA4_F001", "comp_m": 112.06744541871379, "cota_in": 45.462467193603516, "cota_out": 40.939559936523438, "decl_pct": 4.0358796795816065, "diam_m": 0.8, "obs": "DECLIVE_MDE", "bacia": "A", "ID_LINK_ORIG": "L_A_0173", "ID_LINK_SEG": "L_A_0173_FORA_01", "META_ID": "", "META_ORIG": "", "SELECAO_REC": "DIFERENCA_FORA_POLIGONOS_AUDITORIA", "COMP_REC_M": 112.06744541993412, "PERC_LINK_REC": 100.0, "X_IN_REC": 288149.53064521961, "Y_IN_REC": 9196625.7078607567, "X_OUT_REC": 288088.22913891223, "Y_OUT_REC": 9196685.2748477999 }, "geometry": { "type": "LineString", "coordinates": [ [ -34.918797792676258, -7.263930532727069 ], [ -34.918797792676266, -7.263930532727069 ], [ -34.918767291195216, -7.263516831706462 ], [ -34.919013693092388, -7.263436850796051 ], [ -34.919346475009561, -7.263389993453814 ], [ -34.919350522685264, -7.263389654309792 ] ] } },
{ "type": "Feature", "properties": { "id_link": "L_A_0174", "node_in": "N_A_0070", "node_out": "N_A_0077", "classe": "TRONCO", "origem": "TroncoA4_F001", "comp_m": 339.92506894167451, "cota_in": 40.939559936523438, "cota_out": 29.454181671142578, "decl_pct": 3.3787970687597508, "diam_m": 0.8, "obs": "DECLIVE_MDE", "bacia": "A", "ID_LINK_ORIG": "L_A_0174", "ID_LINK_SEG": "L_A_0174_FORA_01", "META_ID": "", "META_ORIG": "", "SELECAO_REC": "DIFERENCA_FORA_POLIGONOS_AUDITORIA", "COMP_REC_M": 339.92506894188961, "PERC_LINK_REC": 100.0, "X_IN_REC": 288088.22913891223, "Y_IN_REC": 9196685.2748477999, "X_OUT_REC": 287822.48497128673, "Y_OUT_REC": 9196762.5591127146 }, "geometry": { "type": "LineString", "coordinates": [ [ -34.919350522685264, -7.263389654309792 ], [ -34.919442661842787, -7.263325478747126 ], [ -34.919747284257305, -7.263304096329122 ], [ -34.92004914164329, -7.263308559873815 ], [ -34.919963414790622, -7.262752046561625 ], [ -34.920213407202276, -7.262728024618656 ], [ -34.920874515396576, -7.262713744140159 ], [ -34.921717558945723, -7.262669987208203 ], [ -34.921753559331563, -7.262680761627062 ] ] } },
{ "type": "Feature", "properties": { "id_link": "L_A_0175", "node_in": "N_A_0077", "node_out": "N_A_0195", "classe": "TRONCO", "origem": "TroncoA4_F001", "comp_m": 177.5085466580542, "cota_in": 29.454181671142578, "cota_out": 13.17209529876709, "decl_pct": 9.1725647462714495, "diam_m": 0.8, "obs": "DECLIVE_MDE", "bacia": "A", "ID_LINK_ORIG": "L_A_0175", "ID_LINK_SEG": "L_A_0175_FORA_01", "META_ID": "", "META_ORIG": "", "SELECAO_REC": "DIFERENCA_FORA_POLIGONOS_AUDITORIA", "COMP_REC_M": 177.50854665792826, "PERC_LINK_REC": 100.0, "X_IN_REC": 287822.48497128673, "Y_IN_REC": 9196762.5591127146, "X_OUT_REC": 287650.48741604597, "Y_OUT_REC": 9196719.6753933169 }, "geometry": { "type": "LineString", "coordinates": [ [ -34.921753559331563, -7.262680761627062 ], [ -34.921827893939522, -7.262703008938317 ], [ -34.922283393528673, -7.262784801949723 ], [ -34.922556733968236, -7.262843445647888 ], [ -34.923000002811712, -7.262978393770997 ], [ -34.923195731381661, -7.263037844406092 ], [ -34.923312441540055, -7.263061863229206 ] ] } },
{ "type": "Feature", "properties": { "id_link": "L_A_0176", "node_in": "N_A_0196", "node_out": "N_A_0145", "classe": "TRONCO", "origem": "TroncoA5_F001", "comp_m": 429.74227402471388, "cota_in": 79.553298950195313, "cota_out": 53.805240631103516, "decl_pct": 5.9915116281092375, "diam_m": 0.8, "obs": "DECLIVE_MDE", "bacia": "A", "ID_LINK_ORIG": "L_A_0176", "ID_LINK_SEG": "L_A_0176_FORA_01", "META_ID": "", "META_ORIG": "", "SELECAO_REC": "DIFERENCA_FORA_POLIGONOS_AUDITORIA", "COMP_REC_M": 429.74227402529516, "PERC_LINK_REC": 100.00000000000001, "X_IN_REC": 288672.65351090307, "Y_IN_REC": 9196312.3029839452, "X_OUT_REC": 288243.44589365984, "Y_OUT_REC": 9196328.88505744 }, "geometry": { "type": "LineString", "coordinates": [ [ -34.914073497804559, -7.266783966682083 ], [ -34.914327342601936, -7.266763758416487 ], [ -34.914679724793125, -7.266728745886411 ], [ -34.914971566828015, -7.266720372820586 ], [ -34.915297368353649, -7.266721388920698 ], [ -34.915718938423225, -7.266709641098978 ], [ -34.915994890609717, -7.266705604706564 ], [ -34.916210512055699, -7.266710434597514 ], [ -34.916667444006606, -7.26667692797967 ], [ -34.916811151016361, -7.266670579543615 ], [ -34.917958877976375, -7.266617632311712 ] ] } },
{ "type": "Feature", "properties": { "id_link": "L_A_0177", "node_in": "N_A_0145", "node_out": "N_A_0147", "classe": "TRONCO", "origem": "TroncoA5_F001", "comp_m": 71.450442411733746, "cota_in": 53.805240631103516, "cota_out": 51.713390350341797, "decl_pct": 2.9276939514347786, "diam_m": 0.8, "obs": "DECLIVE_MDE", "bacia": "A", "ID_LINK_ORIG": "L_A_0177", "ID_LINK_SEG": "L_A_0177_FORA_01", "META_ID": "", "META_ORIG": "", "SELECAO_REC": "DIFERENCA_FORA_POLIGONOS_AUDITORIA", "COMP_REC_M": 71.450442411326648, "PERC_LINK_REC": 100.0, "X_IN_REC": 288243.44589365984, "Y_IN_REC": 9196328.88505744, "X_OUT_REC": 288172.03445710032, "Y_OUT_REC": 9196330.9962739404 }, "geometry": { "type": "LineString", "coordinates": [ [ -34.917958877976375, -7.266617632311712 ], [ -34.918338742877779, -7.266600107652208 ], [ -34.918605350105587, -7.266595810221857 ] ] } },
{ "type": "Feature", "properties": { "id_link": "L_A_0178", "node_in": "N_A_0147", "node_out": "N_A_0112", "classe": "TRONCO", "origem": "TroncoA5_F001", "comp_m": 69.361334833689966, "cota_in": 51.713390350341797, "cota_out": 50.735774993896484, "decl_pct": 1.4094529160797931, "diam_m": 0.8, "obs": "DECLIVE_MDE", "bacia": "A", "ID_LINK_ORIG": "L_A_0178", "ID_LINK_SEG": "L_A_0178_FORA_01", "META_ID": "", "META_ORIG": "", "SELECAO_REC": "DIFERENCA_FORA_POLIGONOS_AUDITORIA", "COMP_REC_M": 69.36133483334028, "PERC_LINK_REC": 100.0, "X_IN_REC": 288172.03445710032, "Y_IN_REC": 9196330.9962739404, "X_OUT_REC": 288102.7990440086, "Y_OUT_REC": 9196334.6394741479 }, "geometry": { "type": "LineString", "coordinates": [ [ -34.918605350105587, -7.266595810221857 ], [ -34.91882165523689, -7.266592323493972 ], [ -34.919232061620818, -7.266560220324258 ] ] } },
{ "type": "Feature", "properties": { "id_link": "L_A_0179", "node_in": "N_A_0112", "node_out": "N_A_0114", "classe": "TRONCO", "origem": "TroncoA5_F001", "comp_m": 147.80244663148085, "cota_in": 50.735774993896484, "cota_out": 43.956615447998047, "decl_pct": 4.5866355398033889, "diam_m": 0.8, "obs": "DECLIVE_MDE", "bacia": "A", "ID_LINK_ORIG": "L_A_0179", "ID_LINK_SEG": "L_A_0179_FORA_01", "META_ID": "", "META_ORIG": "", "SELECAO_REC": "DIFERENCA_FORA_POLIGONOS_AUDITORIA", "COMP_REC_M": 147.80244663211718, "PERC_LINK_REC": 100.0, "X_IN_REC": 288102.7990440086, "Y_IN_REC": 9196334.6394741479, "X_OUT_REC": 287955.18321483955, "Y_OUT_REC": 9196331.7463700529 }, "geometry": { "type": "LineString", "coordinates": [ [ -34.919232061620818, -7.266560220324258 ], [ -34.919287197867646, -7.266555907380098 ], [ -34.919809131112707, -7.266545660632731 ], [ -34.920269111033249, -7.266553281342359 ], [ -34.920568672535978, -7.266580717654489 ] ] } },
{ "type": "Feature", "properties": { "id_link": "L_A_0180", "node_in": "N_A_0114", "node_out": "N_A_0116", "classe": "TRONCO", "origem": "TroncoA5_F001", "comp_m": 154.51379958882674, "cota_in": 43.956615447998047, "cota_out": 36.072437286376953, "decl_pct": 5.1025721861746369, "diam_m": 0.8, "obs": "DECLIVE_MDE", "bacia": "A", "ID_LINK_ORIG": "L_A_0180", "ID_LINK_SEG": "L_A_0180_FORA_01", "META_ID": "", "META_ORIG": "", "SELECAO_REC": "DIFERENCA_FORA_POLIGONOS_AUDITORIA", "COMP_REC_M": 154.51379958894344, "PERC_LINK_REC": 100.0, "X_IN_REC": 287955.18321483955, "Y_IN_REC": 9196331.7463700529, "X_OUT_REC": 287801.23068471206, "Y_OUT_REC": 9196328.7653918657 }, "geometry": { "type": "LineString", "coordinates": [ [ -34.920568672535978, -7.266580717654489 ], [ -34.920568672535985, -7.266580717654507 ], [ -34.920647846511571, -7.266609087261778 ], [ -34.921215594011358, -7.266609074294966 ], [ -34.921553351537959, -7.266605251100173 ], [ -34.921962657744466, -7.266601762296536 ] ] } },
{ "type": "Feature", "properties": { "id_link": "L_A_0181", "node_in": "N_A_0116", "node_out": "N_A_0118", "classe": "TRONCO", "origem": "TroncoA5_F001", "comp_m": 72.946359924847542, "cota_in": 36.072437286376953, "cota_out": 33.01202392578125, "decl_pct": 4.1954298524952742, "diam_m": 0.8, "obs": "DECLIVE_MDE", "bacia": "A", "ID_LINK_ORIG": "L_A_0181", "ID_LINK_SEG": "L_A_0181_FORA_01", "META_ID": "", "META_ORIG": "", "SELECAO_REC": "DIFERENCA_FORA_POLIGONOS_AUDITORIA", "COMP_REC_M": 72.946359924844984, "PERC_LINK_REC": 100.0, "X_IN_REC": 287801.23068471206, "Y_IN_REC": 9196328.7653918657, "X_OUT_REC": 287800.58900624944, "Y_OUT_REC": 9196255.821854284 }, "geometry": { "type": "LineString", "coordinates": [ [ -34.921962657744466, -7.266601762296536 ], [ -34.921962657744473, -7.266601762296536 ], [ -34.921971270776766, -7.267261201082722 ] ] } },
{ "type": "Feature", "properties": { "id_link": "L_A_0182", "node_in": "N_A_0118", "node_out": "N_A_0151", "classe": "TRONCO", "origem": "TroncoA5_F001", "comp_m": 70.025662847604437, "cota_in": 33.01202392578125, "cota_out": 27.665307998657227, "decl_pct": 7.6353663924038582, "diam_m": 0.8, "obs": "DECLIVE_MDE", "bacia": "A", "ID_LINK_ORIG": "L_A_0182", "ID_LINK_SEG": "L_A_0182_FORA_01", "META_ID": "", "META_ORIG": "", "SELECAO_REC": "DIFERENCA_FORA_POLIGONOS_AUDITORIA", "COMP_REC_M": 59.942857119159456, "PERC_LINK_REC": 85.601270565075154, "X_IN_REC": 287800.58900624944, "Y_IN_REC": 9196255.821854284, "X_OUT_REC": 287800.20516129053, "Y_OUT_REC": 9196195.8869176321 }, "geometry": { "type": "LineString", "coordinates": [ [ -34.921971270776766, -7.267261201082722 ], [ -34.921979019446788, -7.267637519458113 ], [ -34.921977049673778, -7.267803042393017 ] ] } },
{ "type": "Feature", "properties": { "id_link": "L_A_0183", "node_in": "N_A_0176", "node_out": "N_A_0022", "classe": "TRONCO", "origem": "TroncoA6_F001", "comp_m": 53.23330588350057, "cota_in": 47.805496215820313, "cota_out": 45.737747192382813, "decl_pct": 3.8843145078434622, "diam_m": 0.8, "obs": "DECLIVE_MDE", "bacia": "A", "ID_LINK_ORIG": "L_A_0183", "ID_LINK_SEG": "L_A_0183_FORA_01", "META_ID": "", "META_ORIG": "", "SELECAO_REC": "DIFERENCA_FORA_POLIGONOS_AUDITORIA", "COMP_REC_M": 53.233305883579902, "PERC_LINK_REC": 100.0, "X_IN_REC": 288337.38668637961, "Y_IN_REC": 9196793.5154123474, "X_OUT_REC": 288313.1016806839, "Y_OUT_REC": 9196746.1443183199 }, "geometry": { "type": "LineString", "coordinates": [ [ -34.917090540266287, -7.26242061511051 ], [ -34.917248080094836, -7.262724772607716 ], [ -34.917312227813404, -7.262847956943806 ] ] } },
{ "type": "Feature", "properties": { "id_link": "L_A_0184", "node_in": "N_A_0191", "node_out": "N_A_0022", "classe": "TRONCO", "origem": "TroncoA6_F001", "comp_m": 68.425310538986096, "cota_in": 46.413650512695313, "cota_out": 45.737747192382813, "decl_pct": 0.98779722735404529, "diam_m": 0.8, "obs": "DECLIVE_MDE", "bacia": "A", "ID_LINK_ORIG": "L_A_0184", "ID_LINK_SEG": "L_A_0184_FORA_01", "META_ID": "", "META_ORIG": "", "SELECAO_REC": "DIFERENCA_FORA_POLIGONOS_AUDITORIA", "COMP_REC_M": 68.425310538999128, "PERC_LINK_REC": 100.0, "X_IN_REC": 288297.78377385216, "Y_IN_REC": 9196679.455602238, "X_OUT_REC": 288313.1016806839, "Y_OUT_REC": 9196746.1443183199 }, "geometry": { "type": "LineString", "coordinates": [ [ -34.917453469359472, -7.263450287749166 ], [ -34.917312227813404, -7.262847956943806 ] ] } },
{ "type": "Feature", "properties": { "id_link": "L_A_0185", "node_in": "N_A_0197", "node_out": "N_A_0191", "classe": "TRONCO", "origem": "TroncoA6_F002", "comp_m": 63.633551449073508, "cota_in": 47.297771453857422, "cota_out": 46.413650512695313, "decl_pct": 1.389394306979203, "diam_m": 0.8, "obs": "DECLIVE_MDE", "bacia": "A", "ID_LINK_ORIG": "L_A_0185", "ID_LINK_SEG": "L_A_0185_FORA_01", "META_ID": "", "META_ORIG": "", "SELECAO_REC": "DIFERENCA_FORA_POLIGONOS_AUDITORIA", "COMP_REC_M": 63.633551449060839, "PERC_LINK_REC": 100.0, "X_IN_REC": 288283.93395568285, "Y_IN_REC": 9196617.3475399055, "X_OUT_REC": 288297.78377385216, "Y_OUT_REC": 9196679.455602238 }, "geometry": { "type": "LineString", "coordinates": [ [ -34.91758124403048, -7.26401126198295 ], [ -34.917453469359472, -7.263450287749166 ] ] } },
{ "type": "Feature", "properties": { "id_link": "L_A_0186", "node_in": "N_A_0198", "node_out": "N_A_0190", "classe": "TRONCO", "origem": "TroncoA7_F001", "comp_m": 129.79648293006247, "cota_in": 50.583255767822266, "cota_out": 44.277423858642578, "decl_pct": 4.8582455909667637, "diam_m": 0.8, "obs": "DECLIVE_MDE", "bacia": "A", "ID_LINK_ORIG": "L_A_0186", "ID_LINK_SEG": "L_A_0186_FORA_01", "META_ID": "", "META_ORIG": "", "SELECAO_REC": "DIFERENCA_FORA_POLIGONOS_AUDITORIA", "COMP_REC_M": 129.79648293001762, "PERC_LINK_REC": 100.0, "X_IN_REC": 288269.10755799105, "Y_IN_REC": 9196925.5930313896, "X_OUT_REC": 288267.98741604883, "Y_OUT_REC": 9196795.8172613233 }, "geometry": { "type": "LineString", "coordinates": [ [ -34.917703667211903, -7.261223920275163 ], [ -34.917710961436136, -7.261588442868312 ], [ -34.917710690477485, -7.26220273086373 ], [ -34.917718781687185, -7.262397149352467 ] ] } },
{ "type": "Feature", "properties": { "id_link": "L_A_0187", "node_in": "N_A_0199", "node_out": "N_A_0200", "classe": "TRONCO", "origem": "TroncoA7_F002", "comp_m": 127.55686522844591, "cota_in": 49.396217346191406, "cota_out": 41.818229675292969, "decl_pct": 5.9408701031706626, "diam_m": 0.8, "obs": "DECLIVE_MDE", "bacia": "A", "ID_LINK_ORIG": "L_A_0187", "ID_LINK_SEG": "L_A_0187_FORA_01", "META_ID": "", "META_ORIG": "", "SELECAO_REC": "DIFERENCA_FORA_POLIGONOS_AUDITORIA", "COMP_REC_M": 127.55686522844591, "PERC_LINK_REC": 100.0, "X_IN_REC": 288193.09261429496, "Y_IN_REC": 9196919.8780199662, "X_OUT_REC": 288195.73845291976, "Y_OUT_REC": 9196792.3485982437 }, "geometry": { "type": "LineString", "coordinates": [ [ -34.918392111044582, -7.261272679408441 ], [ -34.918373044665792, -7.262425743463466 ] ] } },
{ "type": "Feature", "properties": { "id_link": "L_B_0001", "node_in": "N_B_0001", "node_out": "N_B_0002", "classe": "COLETOR", "origem": "ColetorB1_F001", "comp_m": 107.97038234729256, "cota_in": 121.68566131591797, "cota_out": 117.58277893066406, "decl_pct": 3.8000072761220425, "diam_m": 0.6, "obs": "DECLIVE_MDE", "bacia": "B", "ID_LINK_ORIG": "L_B_0001", "ID_LINK_SEG": "L_B_0001_FORA_01", "META_ID": "", "META_ORIG": "", "SELECAO_REC": "DIFERENCA_FORA_POLIGONOS_AUDITORIA", "COMP_REC_M": 107.97038234746863, "PERC_LINK_REC": 100.0, "X_IN_REC": 289147.00475127087, "Y_IN_REC": 9195815.2395120542, "X_OUT_REC": 289079.44990486233, "Y_OUT_REC": 9195731.4107859805 }, "geometry": { "type": "LineString", "coordinates": [ [ -34.909797731526858, -7.271295927207817 ], [ -34.910028675661273, -7.271524594764999 ], [ -34.910370827115003, -7.271992002516035 ], [ -34.910412581093169, -7.272051227736367 ] ] } },
{ "type": "Feature", "properties": { "id_link": "L_B_0002", "node_in": "N_B_0002", "node_out": "N_B_0003", "classe": "COLETOR", "origem": "ColetorB1_F001", "comp_m": 107.96487129845748, "cota_in": 117.58277893066406, "cota_out": 112.58860778808594, "decl_pct": 4.6257371333053934, "diam_m": 0.6, "obs": "DECLIVE_MDE", "bacia": "B", "ID_LINK_ORIG": "L_B_0002", "ID_LINK_SEG": "L_B_0002_FORA_01", "META_ID": "", "META_ORIG": "", "SELECAO_REC": "DIFERENCA_FORA_POLIGONOS_AUDITORIA", "COMP_REC_M": 107.96487129858616, "PERC_LINK_REC": 100.0, "X_IN_REC": 289079.44990486233, "Y_IN_REC": 9195731.4107859805, "X_OUT_REC": 289012.63796955586, "Y_OUT_REC": 9195647.169597188 }, "geometry": { "type": "LineString", "coordinates": [ [ -34.910412581093169, -7.272051227736367 ], [ -34.910515430580119, -7.27219711274057 ], [ -34.910583719409622, -7.272257105514524 ], [ -34.910724316164774, -7.272421088548554 ], [ -34.910866772817144, -7.272571667957997 ], [ -34.910988302416449, -7.27275869534198 ], [ -34.911020722227704, -7.27281028423144 ] ] } },
{ "type": "Feature", "properties": { "id_link": "L_B_0003", "node_in": "N_B_0004", "node_out": "N_B_0005", "classe": "COLETOR", "origem": "ColetorB1_F002", "comp_m": 66.017206008827088, "cota_in": 117.33136749267578, "cota_out": 115.79794311523438, "decl_pct": 2.3227647308133181, "diam_m": 0.6, "obs": "DECLIVE_MDE", "bacia": "B", "ID_LINK_ORIG": "L_B_0003", "ID_LINK_SEG": "L_B_0003_FORA_01", "META_ID": "", "META_ORIG": "", "SELECAO_REC": "DIFERENCA_FORA_POLIGONOS_AUDITORIA", "COMP_REC_M": 66.017206008827912, "PERC_LINK_REC": 100.0, "X_IN_REC": 289078.00127993105, "Y_IN_REC": 9195716.8143152054, "X_OUT_REC": 289072.77663059288, "Y_OUT_REC": 9195651.091683777 }, "geometry": { "type": "LineString", "coordinates": [ [ -34.910426255040193, -7.27218313617233 ], [ -34.910471878959768, -7.272548455414027 ], [ -34.910476072041725, -7.272777121689312 ] ] } },
{ "type": "Feature", "properties": { "id_link": "L_B_0004", "node_in": "N_B_0006", "node_out": "N_B_0002", "classe": "COLETOR", "origem": "ColetorB1_F003", "comp_m": 163.62129796761479, "cota_in": 121.73796844482422, "cota_out": 117.58277893066406, "decl_pct": 2.5395162889996046, "diam_m": 0.6, "obs": "DECLIVE_MDE", "bacia": "B", "ID_LINK_ORIG": "L_B_0004", "ID_LINK_SEG": "L_B_0004_FORA_01", "META_ID": "", "META_ORIG": "", "SELECAO_REC": "DIFERENCA_FORA_POLIGONOS_AUDITORIA", "COMP_REC_M": 163.6212979677307, "PERC_LINK_REC": 100.0, "X_IN_REC": 289131.2355530645, "Y_IN_REC": 9195860.3246022239, "X_OUT_REC": 289079.44990486233, "Y_OUT_REC": 9195731.4107859805 }, "geometry": { "type": "LineString", "coordinates": [ [ -34.909938783849285, -7.270887720208143 ], [ -34.910275253123658, -7.270917877721383 ], [ -34.910334348275555, -7.271296535988903 ], [ -34.910412581093169, -7.272051227736367 ] ] } },
{ "type": "Feature", "properties": { "id_link": "L_B_0005", "node_in": "N_B_0002", "node_out": "N_B_0004", "classe": "COLETOR", "origem": "ColetorB1_F003", "comp_m": 14.668178935352751, "cota_in": 117.58277893066406, "cota_out": 117.33136749267578, "decl_pct": 1.7139921669644884, "diam_m": 0.6, "obs": "DECLIVE_MDE", "bacia": "B", "ID_LINK_ORIG": "L_B_0005", "ID_LINK_SEG": "L_B_0005_FORA_01", "META_ID": "", "META_ORIG": "", "SELECAO_REC": "DIFERENCA_FORA_POLIGONOS_AUDITORIA", "COMP_REC_M": 14.668178935347003, "PERC_LINK_REC": 100.0, "X_IN_REC": 289079.44990486233, "Y_IN_REC": 9195731.4107859805, "X_OUT_REC": 289078.00127993105, "Y_OUT_REC": 9195716.8143152054 }, "geometry": { "type": "LineString", "coordinates": [ [ -34.910412581093169, -7.272051227736367 ], [ -34.910426255040193, -7.27218313617233 ] ] } },
{ "type": "Feature", "properties": { "id_link": "L_B_0006", "node_in": "N_B_0007", "node_out": "N_B_0008", "classe": "COLETOR", "origem": "ColetorB1_F004", "comp_m": 281.69998766754463, "cota_in": 119.14454650878906, "cota_out": 109.52175903320313, "decl_pct": 3.4159701444298656, "diam_m": 0.6, "obs": "DECLIVE_MDE", "bacia": "B", "ID_LINK_ORIG": "L_B_0006", "ID_LINK_SEG": "L_B_0006_FORA_01", "META_ID": "", "META_ORIG": "", "SELECAO_REC": "DIFERENCA_FORA_POLIGONOS_AUDITORIA", "COMP_REC_M": 281.69998766769595, "PERC_LINK_REC": 100.0, "X_IN_REC": 289088.37296734145, "Y_IN_REC": 9195864.7696111146, "X_OUT_REC": 288950.81187611609, "Y_OUT_REC": 9195682.0927342568 }, "geometry": { "type": "LineString", "coordinates": [ [ -34.910326693718304, -7.270845898135657 ], [ -34.910662519658452, -7.270723921054455 ], [ -34.910912421102942, -7.270676939303643 ], [ -34.910958743439529, -7.270754247743708 ], [ -34.911188221324281, -7.271315899849891 ], [ -34.911354214352684, -7.271820409291549 ], [ -34.911579164460207, -7.272492190093846 ] ] } },
{ "type": "Feature", "properties": { "id_link": "L_B_0007", "node_in": "N_B_0009", "node_out": "N_B_0010", "classe": "COLETOR", "origem": "ColetorB1_F005", "comp_m": 388.51677875008897, "cota_in": 116.99341583251953, "cota_out": 98.531539916992188, "decl_pct": 4.7518863856849878, "diam_m": 0.6, "obs": "DECLIVE_MDE", "bacia": "B", "ID_LINK_ORIG": "L_B_0007", "ID_LINK_SEG": "L_B_0007_FORA_01", "META_ID": "", "META_ORIG": "", "SELECAO_REC": "DIFERENCA_FORA_POLIGONOS_AUDITORIA", "COMP_REC_M": 380.95990523214897, "PERC_LINK_REC": 98.054942815575984, "X_IN_REC": 288997.67891095206, "Y_IN_REC": 9196015.6459128633, "X_OUT_REC": 288822.00538190419, "Y_OUT_REC": 9195759.6836256944 }, "geometry": { "type": "LineString", "coordinates": [ [ -34.911142072995581, -7.269478394563582 ], [ -34.911640634557109, -7.270677121585755 ], [ -34.911853649291736, -7.27119769864861 ], [ -34.911994393081862, -7.271622896828197 ], [ -34.912200009633985, -7.272093270831459 ], [ -34.91274241714553, -7.27178578595257 ] ] } },
{ "type": "Feature", "properties": { "id_link": "L_B_0009", "node_in": "N_B_0012", "node_out": "N_B_0010", "classe": "COLETOR", "origem": "ColetorB1_F006", "comp_m": 307.73575521970821, "cota_in": 110.01205444335938, "cota_out": 98.531539916992188, "decl_pct": 3.7306404379857208, "diam_m": 0.6, "obs": "DECLIVE_MDE", "bacia": "B", "ID_LINK_ORIG": "L_B_0009", "ID_LINK_SEG": "L_B_0009_FORA_01", "META_ID": "", "META_ORIG": "", "SELECAO_REC": "DIFERENCA_FORA_POLIGONOS_AUDITORIA", "COMP_REC_M": 301.83697469435458, "PERC_LINK_REC": 98.083166994587572, "X_IN_REC": 288925.355088529, "Y_IN_REC": 9196048.0909499731, "X_OUT_REC": 288819.50663476164, "Y_OUT_REC": 9195767.6385936886 }, "geometry": { "type": "LineString", "coordinates": [ [ -34.911795652811001, -7.269182304473126 ], [ -34.911985989490454, -7.269580673946714 ], [ -34.912320636676334, -7.270498131321286 ], [ -34.91255944054376, -7.271351099410876 ], [ -34.912649108806846, -7.27159471402382 ], [ -34.912764736460488, -7.271713771302124 ] ] } },
{ "type": "Feature", "properties": { "id_link": "L_B_0010", "node_in": "N_B_0013", "node_out": "N_B_0014", "classe": "COLETOR", "origem": "ColetorB1_F007", "comp_m": 702.48336119246505, "cota_in": 107.85828399658203, "cota_out": 58.916793823242188, "decl_pct": 6.9669251795888369, "diam_m": 0.6, "obs": "DECLIVE_MDE", "bacia": "B", "ID_LINK_ORIG": "L_B_0010", "ID_LINK_SEG": "L_B_0010_FORA_01", "META_ID": "", "META_ORIG": "", "SELECAO_REC": "DIFERENCA_FORA_POLIGONOS_AUDITORIA", "COMP_REC_M": 686.0800540939689, "PERC_LINK_REC": 97.664954359851009, "X_IN_REC": 288852.93848536036, "Y_IN_REC": 9196073.2264169119, "X_OUT_REC": 288508.45062203152, "Y_OUT_REC": 9195486.73190495 }, "geometry": { "type": "LineString", "coordinates": [ [ -34.91245035121527, -7.268952294388249 ], [ -34.912992561286273, -7.270275223627198 ], [ -34.913479586956406, -7.271463829424841 ], [ -34.913764736030416, -7.271820481560227 ], [ -34.914052034431272, -7.272231982839465 ], [ -34.914642057718481, -7.272963860500778 ], [ -34.91494811886021, -7.273393142411832 ], [ -34.915255999105611, -7.273780475045234 ], [ -34.91559181878057, -7.274241487551655 ] ] } },
{ "type": "Feature", "properties": { "id_link": "L_B_0012", "node_in": "N_B_0017", "node_out": "N_B_0018", "classe": "COLETOR", "origem": "ColetorB1_F009", "comp_m": 595.46100671696388, "cota_in": 100.972900390625, "cota_out": 52.559803009033203, "decl_pct": 8.1303556127905523, "diam_m": 0.6, "obs": "DECLIVE_MDE", "bacia": "B", "ID_LINK_ORIG": "L_B_0012", "ID_LINK_SEG": "L_B_0012_FORA_01", "META_ID": "", "META_ORIG": "", "SELECAO_REC": "DIFERENCA_FORA_POLIGONOS_AUDITORIA", "COMP_REC_M": 584.14659216997018, "PERC_LINK_REC": 98.09988993077404, "X_IN_REC": 288701.09996751684, "Y_IN_REC": 9196079.8926141299, "X_OUT_REC": 288395.98790659034, "Y_OUT_REC": 9195588.8177730795 }, "geometry": { "type": "LineString", "coordinates": [ [ -34.913824840413831, -7.268886225003871 ], [ -34.913902729593438, -7.269083714673033 ], [ -34.914149761186309, -7.269717053080563 ], [ -34.914265792805182, -7.269963426421134 ], [ -34.914408231486917, -7.27033599032578 ], [ -34.914575387720653, -7.270737473682406 ], [ -34.914949615443923, -7.271268963300387 ], [ -34.915268230827081, -7.271674458879046 ], [ -34.915666023368082, -7.272132138883753 ], [ -34.915938075633775, -7.272517738648787 ], [ -34.916406120485796, -7.27311619657936 ], [ -34.916606149078582, -7.273314246357427 ] ] } },
{ "type": "Feature", "properties": { "id_link": "L_B_0013", "node_in": "N_B_0019", "node_out": "N_B_0020", "classe": "COLETOR", "origem": "ColetorB1_F010", "comp_m": 204.89696792644355, "cota_in": 92.289581298828125, "cota_out": 70.556640625, "decl_pct": 10.606765387387327, "diam_m": 0.6, "obs": "DECLIVE_MDE", "bacia": "B", "ID_LINK_ORIG": "L_B_0013", "ID_LINK_SEG": "L_B_0013_FORA_01", "META_ID": "", "META_ORIG": "", "SELECAO_REC": "DIFERENCA_FORA_POLIGONOS_AUDITORIA", "COMP_REC_M": 204.89696792710834, "PERC_LINK_REC": 100.0, "X_IN_REC": 288609.99515865353, "Y_IN_REC": 9196071.6750640105, "X_OUT_REC": 288542.34490028542, "Y_OUT_REC": 9195890.4778139107 }, "geometry": { "type": "LineString", "coordinates": [ [ -34.914650016463121, -7.268957034945656 ], [ -34.914677135512598, -7.269006959573392 ], [ -34.914825426377298, -7.269268123108541 ], [ -34.914944730372845, -7.269563089574271 ], [ -34.914985130547443, -7.269689986493006 ], [ -34.915012086602061, -7.269885449535532 ], [ -34.91507611980871, -7.270162278189468 ], [ -34.915183345567939, -7.270621870988635 ], [ -34.915269462736759, -7.270592610684144 ] ] } },
{ "type": "Feature", "properties": { "id_link": "L_B_0014", "node_in": "N_B_0020", "node_out": "N_B_0021", "classe": "COLETOR", "origem": "ColetorB1_F010", "comp_m": 153.21334134072998, "cota_in": 70.556640625, "cota_out": 57.638088226318359, "decl_pct": 8.4317411823505442, "diam_m": 0.6, "obs": "DECLIVE_MDE", "bacia": "B", "ID_LINK_ORIG": "L_B_0014", "ID_LINK_SEG": "L_B_0014_FORA_01", "META_ID": "", "META_ORIG": "", "SELECAO_REC": "DIFERENCA_FORA_POLIGONOS_AUDITORIA", "COMP_REC_M": 153.21334134034598, "PERC_LINK_REC": 100.0, "X_IN_REC": 288542.34490028542, "Y_IN_REC": 9195890.4778139107, "X_OUT_REC": 288447.77088863024, "Y_OUT_REC": 9195769.9743842911 }, "geometry": { "type": "LineString", "coordinates": [ [ -34.915269462736759, -7.270592610684144 ], [ -34.915536785677411, -7.270950049156186 ], [ -34.91597563989388, -7.271486657507352 ], [ -34.916130356462027, -7.271678434836341 ] ] } },
{ "type": "Feature", "properties": { "id_link": "L_B_0015", "node_in": "N_B_0021", "node_out": "N_B_0022", "classe": "COLETOR", "origem": "ColetorB1_F010", "comp_m": 180.71075721045634, "cota_in": 57.638088226318359, "cota_out": 49.897239685058594, "decl_pct": 4.2835571389060965, "diam_m": 0.6, "obs": "DECLIVE_MDE", "bacia": "B", "ID_LINK_ORIG": "L_B_0015", "ID_LINK_SEG": "L_B_0015_FORA_01", "META_ID": "", "META_ORIG": "", "SELECAO_REC": "DIFERENCA_FORA_POLIGONOS_AUDITORIA", "COMP_REC_M": 165.84598087365072, "PERC_LINK_REC": 91.774271456566737, "X_IN_REC": 288447.77088863024, "Y_IN_REC": 9195769.9743842911, "X_OUT_REC": 288346.03037426661, "Y_OUT_REC": 9195639.028703969 }, "geometry": { "type": "LineString", "coordinates": [ [ -34.916130356462027, -7.271678434836341 ], [ -34.916197199033689, -7.271761288777088 ], [ -34.916308985629016, -7.271910082087399 ], [ -34.916629019847733, -7.272301570326595 ], [ -34.917056541039486, -7.272858387591041 ] ] } },
{ "type": "Feature", "properties": { "id_link": "L_B_0016", "node_in": "N_B_0023", "node_out": "N_B_0020", "classe": "COLETOR", "origem": "ColetorB1_F011", "comp_m": 193.24082824751363, "cota_in": 84.946273803710938, "cota_out": 70.556640625, "decl_pct": 7.4464766629337209, "diam_m": 0.6, "obs": "DECLIVE_MDE", "bacia": "B", "ID_LINK_ORIG": "L_B_0016", "ID_LINK_SEG": "L_B_0016_FORA_01", "META_ID": "", "META_ORIG": "", "SELECAO_REC": "DIFERENCA_FORA_POLIGONOS_AUDITORIA", "COMP_REC_M": 193.24082824703771, "PERC_LINK_REC": 100.0, "X_IN_REC": 288563.77619314851, "Y_IN_REC": 9196065.3148302473, "X_OUT_REC": 288542.34490028542, "Y_OUT_REC": 9195890.4778139107 }, "geometry": { "type": "LineString", "coordinates": [ [ -34.915068725710753, -7.269012768761316 ], [ -34.915185803520323, -7.269506000593037 ], [ -34.915352065064667, -7.270091941172916 ], [ -34.915489216264312, -7.270407794238671 ], [ -34.915269462736759, -7.270592610684144 ] ] } },
{ "type": "Feature", "properties": { "id_link": "L_B_0017", "node_in": "N_B_0024", "node_out": "N_B_0021", "classe": "COLETOR", "origem": "ColetorB1_F012", "comp_m": 287.50538505680612, "cota_in": 72.570457458496094, "cota_out": 57.638088226318359, "decl_pct": 5.1937702764166849, "diam_m": 0.6, "obs": "DECLIVE_MDE", "bacia": "B", "ID_LINK_ORIG": "L_B_0017", "ID_LINK_SEG": "L_B_0017_FORA_01", "META_ID": "", "META_ORIG": "", "SELECAO_REC": "DIFERENCA_FORA_POLIGONOS_AUDITORIA", "COMP_REC_M": 287.50538505676138, "PERC_LINK_REC": 100.0, "X_IN_REC": 288486.72937238845, "Y_IN_REC": 9196053.9906409383, "X_OUT_REC": 288447.77088863024, "Y_OUT_REC": 9195769.9743842911 }, "geometry": { "type": "LineString", "coordinates": [ [ -34.915766739926084, -7.269112200658456 ], [ -34.915947610530985, -7.270186917395964 ], [ -34.916079191882403, -7.270750893026906 ], [ -34.916091997291161, -7.271244565047656 ], [ -34.916107258837904, -7.271566953449813 ], [ -34.916130356462027, -7.271678434836341 ] ] } },
{ "type": "Feature", "properties": { "id_link": "L_B_0018", "node_in": "N_B_0025", "node_out": "N_B_0026", "classe": "COLETOR", "origem": "ColetorB1_F013", "comp_m": 204.05926122263651, "cota_in": 61.720058441162109, "cota_out": 50.771980285644531, "decl_pct": 5.3651464236032904, "diam_m": 0.6, "obs": "DECLIVE_MDE", "bacia": "B", "ID_LINK_ORIG": "L_B_0018", "ID_LINK_SEG": "L_B_0018_FORA_01", "META_ID": "", "META_ORIG": "", "SELECAO_REC": "DIFERENCA_FORA_POLIGONOS_AUDITORIA", "COMP_REC_M": 204.05926122273641, "PERC_LINK_REC": 100.0, "X_IN_REC": 288405.29045951157, "Y_IN_REC": 9195982.0767471157, "X_OUT_REC": 288375.20198266732, "Y_OUT_REC": 9195780.8172787782 }, "geometry": { "type": "LineString", "coordinates": [ [ -34.916506842845386, -7.269759240620432 ], [ -34.916685024455241, -7.27053830638875 ], [ -34.91675140867109, -7.270939895629158 ], [ -34.916786981413225, -7.271577628079244 ] ] } },
{ "type": "Feature", "properties": { "id_link": "L_B_0019", "node_in": "N_B_0027", "node_out": "N_B_0028", "classe": "COLETOR", "origem": "ColetorB1_F014", "comp_m": 139.45251341878165, "cota_in": 55.402122497558594, "cota_out": 49.7247314453125, "decl_pct": 4.0712002337287778, "diam_m": 0.6, "obs": "DECLIVE_MDE", "bacia": "B", "ID_LINK_ORIG": "L_B_0019", "ID_LINK_SEG": "L_B_0019_FORA_01", "META_ID": "", "META_ORIG": "", "SELECAO_REC": "DIFERENCA_FORA_POLIGONOS_AUDITORIA", "COMP_REC_M": 139.45251341877216, "PERC_LINK_REC": 100.0, "X_IN_REC": 288319.29541252239, "Y_IN_REC": 9195919.603205502, "X_OUT_REC": 288296.54120034585, "Y_OUT_REC": 9195782.0195970051 }, "geometry": { "type": "LineString", "coordinates": [ [ -34.91728783693776, -7.270320756328006 ], [ -34.917499131659255, -7.271563745203238 ] ] } },
{ "type": "Feature", "properties": { "id_link": "L_B_0020", "node_in": "N_B_0029", "node_out": "N_B_0030", "classe": "COLETOR", "origem": "ColetorB1_F015", "comp_m": 112.49564600512983, "cota_in": 53.561653137207031, "cota_out": 45.244766235351563, "decl_pct": 7.3930744852793833, "diam_m": 0.6, "obs": "DECLIVE_MDE", "bacia": "B", "ID_LINK_ORIG": "L_B_0020", "ID_LINK_SEG": "L_B_0020_FORA_01", "META_ID": "", "META_ORIG": "", "SELECAO_REC": "DIFERENCA_FORA_POLIGONOS_AUDITORIA", "COMP_REC_M": 112.49564600515426, "PERC_LINK_REC": 100.0, "X_IN_REC": 288241.29673014506, "Y_IN_REC": 9195896.7740998082, "X_OUT_REC": 288217.69520932116, "Y_OUT_REC": 9195786.7821065318 }, "geometry": { "type": "LineString", "coordinates": [ [ -34.917994912447767, -7.270524160835615 ], [ -34.91821282180625, -7.271517667299189 ] ] } },
{ "type": "Feature", "properties": { "id_link": "L_B_0021", "node_in": "N_B_0031", "node_out": "N_B_0032", "classe": "COLETOR", "origem": "ColetorB1_F016", "comp_m": 103.00381874076153, "cota_in": 49.035385131835938, "cota_out": 47.650627136230469, "decl_pct": 1.3443753955283997, "diam_m": 0.6, "obs": "DECLIVE_MDE", "bacia": "B", "ID_LINK_ORIG": "L_B_0021", "ID_LINK_SEG": "L_B_0021_FORA_01", "META_ID": "", "META_ORIG": "", "SELECAO_REC": "DIFERENCA_FORA_POLIGONOS_AUDITORIA", "COMP_REC_M": 103.00381874100837, "PERC_LINK_REC": 100.00000000000001, "X_IN_REC": 288160.69537865499, "Y_IN_REC": 9195860.0471419431, "X_OUT_REC": 288191.09077277698, "Y_OUT_REC": 9195785.8366601877 }, "geometry": { "type": "LineString", "coordinates": [ [ -34.91872608638689, -7.270853111367522 ], [ -34.918809424106698, -7.271297685489433 ], [ -34.918816996741036, -7.271388552479755 ], [ -34.918613720784585, -7.271470743881029 ], [ -34.918453735025288, -7.271525195173072 ] ] } },
{ "type": "Feature", "properties": { "id_link": "L_B_0022", "node_in": "N_B_0033", "node_out": "N_B_0034", "classe": "COLETOR", "origem": "ColetorB2_F001", "comp_m": 314.17755033790985, "cota_in": 51.967029571533203, "cota_out": 36.719928741455078, "decl_pct": 4.8530204700110779, "diam_m": 0.6, "obs": "DECLIVE_MDE", "bacia": "B", "ID_LINK_ORIG": "L_B_0022", "ID_LINK_SEG": "L_B_0022_FORA_01", "META_ID": "", "META_ORIG": "", "SELECAO_REC": "DIFERENCA_FORA_POLIGONOS_AUDITORIA", "COMP_REC_M": 304.29846933516467, "PERC_LINK_REC": 96.855573865054438, "X_IN_REC": 288366.09757027362, "Y_IN_REC": 9195586.6052094288, "X_OUT_REC": 288128.83700858254, "Y_OUT_REC": 9195396.580493547 }, "geometry": { "type": "LineString", "coordinates": [ [ -34.916876862798489, -7.27333310467482 ], [ -34.917314020071466, -7.273700015375389 ], [ -34.917807027157352, -7.274099707285109 ], [ -34.918204544657769, -7.274356654147727 ], [ -34.918676545453664, -7.274733952146129 ], [ -34.919032331367603, -7.275041976783726 ] ] } },
{ "type": "Feature", "properties": { "id_link": "L_B_0024", "node_in": "N_B_0037", "node_out": "N_B_0038", "classe": "COLETOR", "origem": "ColetorB2_F003", "comp_m": 267.20030922733145, "cota_in": 60.706134796142578, "cota_out": 38.503372192382813, "decl_pct": 8.3094075257487319, "diam_m": 0.6, "obs": "DECLIVE_MDE", "bacia": "B", "ID_LINK_ORIG": "L_B_0024", "ID_LINK_SEG": "L_B_0024_FORA_01", "META_ID": "", "META_ORIG": "", "SELECAO_REC": "DIFERENCA_FORA_POLIGONOS_AUDITORIA", "COMP_REC_M": 266.5809851621558, "PERC_LINK_REC": 99.768217309647511, "X_IN_REC": 288522.5477287735, "Y_IN_REC": 9195445.3811125569, "X_OUT_REC": 288332.17112160218, "Y_OUT_REC": 9195258.8143575564 }, "geometry": { "type": "LineString", "coordinates": [ [ -34.915465767861221, -7.274615870252901 ], [ -34.916929425627579, -7.276053447470366 ], [ -34.917196614803387, -7.276295283440997 ] ] } },
{ "type": "Feature", "properties": { "id_link": "L_B_0025", "node_in": "N_B_0039", "node_out": "N_B_0040", "classe": "COLETOR", "origem": "ColetorB2_F004", "comp_m": 337.17127765351279, "cota_in": 48.641410827636719, "cota_out": 32.932491302490234, "decl_pct": 4.6590325351762125, "diam_m": 0.6, "obs": "DECLIVE_MDE", "bacia": "B", "ID_LINK_ORIG": "L_B_0025", "ID_LINK_SEG": "L_B_0025_FORA_01", "META_ID": "", "META_ORIG": "", "SELECAO_REC": "DIFERENCA_FORA_POLIGONOS_AUDITORIA", "COMP_REC_M": 325.96197510296759, "PERC_LINK_REC": 96.675487120816129, "X_IN_REC": 288283.40937407617, "Y_IN_REC": 9195657.1995140333, "X_OUT_REC": 288022.02185795543, "Y_OUT_REC": 9195462.4525701404 }, "geometry": { "type": "LineString", "coordinates": [ [ -34.91762281710988, -7.272691710392502 ], [ -34.919473246594364, -7.27406171274815 ], [ -34.919996912322986, -7.274442345685669 ] ] } },
{ "type": "Feature", "properties": { "id_link": "L_B_0026", "node_in": "N_B_0041", "node_out": "N_B_0005", "classe": "TRONCO", "origem": "TroncoB1_F001", "comp_m": 51.848047727325522, "cota_in": 118.57159423828125, "cota_out": 115.79794311523438, "decl_pct": 5.3495767818179107, "diam_m": 0.8, "obs": "DECLIVE_MDE", "bacia": "B", "ID_LINK_ORIG": "L_B_0026", "ID_LINK_SEG": "L_B_0026_FORA_01", "META_ID": "", "META_ORIG": "", "SELECAO_REC": "DIFERENCA_FORA_POLIGONOS_AUDITORIA", "COMP_REC_M": 51.848047727267364, "PERC_LINK_REC": 100.0, "X_IN_REC": 289124.58294700424, "Y_IN_REC": 9195653.1714993976, "X_OUT_REC": 289072.77663059288, "Y_OUT_REC": 9195651.091683777 }, "geometry": { "type": "LineString", "coordinates": [ [ -34.910006933919163, -7.272760296055812 ], [ -34.910476072041725, -7.272777121689312 ] ] } },
{ "type": "Feature", "properties": { "id_link": "L_B_0027", "node_in": "N_B_0005", "node_out": "N_B_0003", "classe": "TRONCO", "origem": "TroncoB1_F001", "comp_m": 60.26641945984553, "cota_in": 115.79794311523438, "cota_out": 112.58860778808594, "decl_pct": 5.3252463907977177, "diam_m": 0.8, "obs": "DECLIVE_MDE", "bacia": "B", "ID_LINK_ORIG": "L_B_0027", "ID_LINK_SEG": "L_B_0027_FORA_01", "META_ID": "", "META_ORIG": "", "SELECAO_REC": "DIFERENCA_FORA_POLIGONOS_AUDITORIA", "COMP_REC_M": 60.26641946007787, "PERC_LINK_REC": 100.0, "X_IN_REC": 289072.77663059288, "Y_IN_REC": 9195651.091683777, "X_OUT_REC": 289012.63796955586, "Y_OUT_REC": 9195647.169597188 }, "geometry": { "type": "LineString", "coordinates": [ [ -34.910476072041725, -7.272777121689312 ], [ -34.911020722227704, -7.27281028423144 ] ] } },
{ "type": "Feature", "properties": { "id_link": "L_B_0028", "node_in": "N_B_0003", "node_out": "N_B_0008", "classe": "TRONCO", "origem": "TroncoB1_F001", "comp_m": 73.528360098295522, "cota_in": 112.58860778808594, "cota_out": 109.52175903320313, "decl_pct": 4.1709739626763493, "diam_m": 0.8, "obs": "DECLIVE_MDE", "bacia": "B", "ID_LINK_ORIG": "L_B_0028", "ID_LINK_SEG": "L_B_0028_FORA_01", "META_ID": "", "META_ORIG": "", "SELECAO_REC": "DIFERENCA_FORA_POLIGONOS_AUDITORIA", "COMP_REC_M": 73.528360098096442, "PERC_LINK_REC": 100.0, "X_IN_REC": 289012.63796955586, "Y_IN_REC": 9195647.169597188, "X_OUT_REC": 288950.81187611609, "Y_OUT_REC": 9195682.0927342568 }, "geometry": { "type": "LineString", "coordinates": [ [ -34.911020722227704, -7.27281028423144 ], [ -34.911137429610768, -7.272817390197994 ], [ -34.911579164460207, -7.272492190093846 ] ] } },
{ "type": "Feature", "properties": { "id_link": "L_B_0029", "node_in": "N_B_0008", "node_out": "N_B_0011", "classe": "TRONCO", "origem": "TroncoB1_F001", "comp_m": 602.88675252315886, "cota_in": 109.52175903320313, "cota_out": 62.823890686035156, "decl_pct": 7.7457114709738377, "diam_m": 0.8, "obs": "DECLIVE_MDE", "bacia": "B", "ID_LINK_ORIG": "L_B_0029", "ID_LINK_SEG": "L_B_0029_FORA_01", "META_ID": "", "META_ORIG": "", "SELECAO_REC": "DIFERENCA_FORA_POLIGONOS_AUDITORIA", "COMP_REC_M": 591.28886408994185, "PERC_LINK_REC": 98.07627412867582, "X_IN_REC": 288950.81187611609, "Y_IN_REC": 9195682.0927342568, "X_OUT_REC": 288565.85365192033, "Y_OUT_REC": 9195417.7934619877 }, "geometry": { "type": "LineString", "coordinates": [ [ -34.911579164460207, -7.272492190093846 ], [ -34.911733515701407, -7.272378558306402 ], [ -34.911878779981343, -7.27226414571876 ], [ -34.91225291965771, -7.272817531628827 ], [ -34.913597669730436, -7.27448057419776 ], [ -34.914330059151283, -7.275453450839163 ], [ -34.914714050123067, -7.275164777441169 ], [ -34.915074729638313, -7.274866941748697 ] ] } },
{ "type": "Feature", "properties": { "id_link": "L_B_0036", "node_in": "N_B_0038", "node_out": "N_B_0036", "classe": "TRONCO", "origem": "TroncoB2_F001", "comp_m": 114.49472335484492, "cota_in": 38.503372192382813, "cota_out": 37.277458190917969, "decl_pct": 1.0707165933450578, "diam_m": 0.8, "obs": "DECLIVE_MDE", "bacia": "B", "ID_LINK_ORIG": "L_B_0036", "ID_LINK_SEG": "L_B_0036_FORA_01", "META_ID": "", "META_ORIG": "", "SELECAO_REC": "DIFERENCA_FORA_POLIGONOS_AUDITORIA", "COMP_REC_M": 104.48213323068616, "PERC_LINK_REC": 91.254976796699836, "X_IN_REC": 288332.17112160218, "Y_IN_REC": 9195258.8143575564, "X_OUT_REC": 288244.34646672365, "Y_OUT_REC": 9195315.4124684781 }, "geometry": { "type": "LineString", "coordinates": [ [ -34.917196614803387, -7.276295283440997 ], [ -34.917989615756973, -7.275780226778003 ] ] } },
{ "type": "Feature", "properties": { "id_link": "L_B_0040", "node_in": "N_B_0045", "node_out": "N_B_0026", "classe": "TRONCO", "origem": "TroncoB3_F001", "comp_m": 67.969584561030857, "cota_in": 56.943119049072266, "cota_out": 50.771980285644531, "decl_pct": 9.0792650908239416, "diam_m": 0.8, "obs": "DECLIVE_MDE", "bacia": "B", "ID_LINK_ORIG": "L_B_0040", "ID_LINK_SEG": "L_B_0040_FORA_01", "META_ID": "", "META_ORIG": "", "SELECAO_REC": "DIFERENCA_FORA_POLIGONOS_AUDITORIA", "COMP_REC_M": 67.969584560566446, "PERC_LINK_REC": 100.0, "X_IN_REC": 288442.98741196695, "Y_IN_REC": 9195775.8172787782, "X_OUT_REC": 288375.20198266732, "Y_OUT_REC": 9195780.8172787782 }, "geometry": { "type": "LineString", "coordinates": [ [ -34.91617344217299, -7.271625427455896 ], [ -34.916786981413217, -7.271577628079244 ], [ -34.916786981413225, -7.271577628079244 ] ] } },
{ "type": "Feature", "properties": { "id_link": "L_B_0041", "node_in": "N_B_0026", "node_out": "N_B_0028", "classe": "TRONCO", "origem": "TroncoB3_F001", "comp_m": 78.669970411956783, "cota_in": 50.771980285644531, "cota_out": 49.7247314453125, "decl_pct": 1.3311926200659452, "diam_m": 0.8, "obs": "DECLIVE_MDE", "bacia": "B", "ID_LINK_ORIG": "L_B_0041", "ID_LINK_SEG": "L_B_0041_FORA_01", "META_ID": "", "META_ORIG": "", "SELECAO_REC": "DIFERENCA_FORA_POLIGONOS_AUDITORIA", "COMP_REC_M": 78.669970411491178, "PERC_LINK_REC": 100.0, "X_IN_REC": 288375.20198266732, "Y_IN_REC": 9195780.8172787782, "X_OUT_REC": 288296.54120034585, "Y_OUT_REC": 9195782.0195970051 }, "geometry": { "type": "LineString", "coordinates": [ [ -34.916786981413225, -7.271577628079244 ], [ -34.917499131659248, -7.271563745203238 ], [ -34.917499131659255, -7.271563745203238 ] ] } },
{ "type": "Feature", "properties": { "id_link": "L_B_0042", "node_in": "N_B_0028", "node_out": "N_B_0030", "classe": "TRONCO", "origem": "TroncoB3_F001", "comp_m": 78.989694249328977, "cota_in": 49.7247314453125, "cota_out": 45.244766235351563, "decl_pct": 5.6715819101920317, "diam_m": 0.8, "obs": "DECLIVE_MDE", "bacia": "B", "ID_LINK_ORIG": "L_B_0042", "ID_LINK_SEG": "L_B_0042_FORA_01", "META_ID": "", "META_ORIG": "", "SELECAO_REC": "DIFERENCA_FORA_POLIGONOS_AUDITORIA", "COMP_REC_M": 78.989694249677584, "PERC_LINK_REC": 100.0, "X_IN_REC": 288296.54120034585, "Y_IN_REC": 9195782.0195970051, "X_OUT_REC": 288217.69520932116, "Y_OUT_REC": 9195786.7821065318 }, "geometry": { "type": "LineString", "coordinates": [ [ -34.917499131659255, -7.271563745203238 ], [ -34.918212821806236, -7.271517667299189 ], [ -34.91821282180625, -7.271517667299189 ] ] } },
{ "type": "Feature", "properties": { "id_link": "L_B_0043", "node_in": "N_B_0032", "node_out": "N_B_0030", "classe": "TRONCO", "origem": "TroncoB3_F001", "comp_m": 26.621230486580302, "cota_in": 47.650627136230469, "cota_out": 45.244766235351563, "decl_pct": 9.0373767737434036, "diam_m": 0.8, "obs": "DECLIVE_MDE", "bacia": "B", "ID_LINK_ORIG": "L_B_0043", "ID_LINK_SEG": "L_B_0043_FORA_01", "META_ID": "", "META_ORIG": "", "SELECAO_REC": "DIFERENCA_FORA_POLIGONOS_AUDITORIA", "COMP_REC_M": 26.621230486638474, "PERC_LINK_REC": 100.0, "X_IN_REC": 288191.09077277698, "Y_IN_REC": 9195785.8366601877, "X_OUT_REC": 288217.69520932116, "Y_OUT_REC": 9195786.7821065318 }, "geometry": { "type": "LineString", "coordinates": [ [ -34.918453735025288, -7.271525195173072 ], [ -34.91821282180625, -7.271517667299189 ] ] } },
{ "type": "Feature", "properties": { "id_link": "L_B_0044", "node_in": "N_B_0032", "node_out": "N_B_0042", "classe": "TRONCO", "origem": "TroncoB3_F001", "comp_m": 61.203447253817203, "cota_in": 47.650627136230469, "cota_out": 42.798110961914063, "decl_pct": 7.9285014031848666, "diam_m": 0.8, "obs": "DECLIVE_MDE", "bacia": "B", "ID_LINK_ORIG": "L_B_0044", "ID_LINK_SEG": "L_B_0044_FORA_01", "META_ID": "", "META_ORIG": "", "SELECAO_REC": "DIFERENCA_FORA_POLIGONOS_AUDITORIA", "COMP_REC_M": 56.5641577231669, "PERC_LINK_REC": 92.419888520827413, "X_IN_REC": 288191.09077277698, "Y_IN_REC": 9195785.8366601877, "X_OUT_REC": 288226.55362810363, "Y_OUT_REC": 9195742.2788009252 }, "geometry": { "type": "LineString", "coordinates": [ [ -34.918453735025288, -7.271525195173072 ], [ -34.91838680944425, -7.27165101490101 ], [ -34.918134325615988, -7.271920350338768 ] ] } }
]
}
