
  EPA STORM WATER MANAGEMENT MODEL - VERSION 5.2 (Build 5.2.4)
  ------------------------------------------------------------

  WARNING 04: minimum elevation drop used for Conduit L_A_0008
  WARNING 04: minimum elevation drop used for Conduit L_A_0040
  WARNING 04: minimum elevation drop used for Conduit L_A_0064
  WARNING 04: minimum elevation drop used for Conduit L_A_0080
  
  *************
  Element Count
  *************
  Number of rain gages ...... 1
  Number of subcatchments ... 208
  Number of nodes ........... 206
  Number of links ........... 193
  Number of pollutants ...... 0
  Number of land uses ....... 0
  
  
  ****************
  Raingage Summary
  ****************
                                                      Data       Recording
  Name                 Data Source                    Type       Interval 
  ------------------------------------------------------------------------
  RG_TR50              TS_TR50                        INTENSITY    5 min.
  
  
  ********************
  Subcatchment Summary
  ********************
  Name                       Area     Width   %Imperv    %Slope Rain Gage            Outlet              
  -----------------------------------------------------------------------------------------------------------
  SC_A_0001                  2.19     98.38     30.00    5.4310 RG_TR50              N_A_0195            
  SC_A_0002                  1.65    109.42     30.00   14.8540 RG_TR50              N_A_0109            
  SC_A_0003                  0.60     79.41     30.00   18.7890 RG_TR50              N_A_0151            
  SC_A_0004                  1.27    102.73     30.00   30.2930 RG_TR50              N_A_0150            
  SC_A_0005                  1.48    116.51     30.00    5.9110 RG_TR50              N_A_0193            
  SC_A_0006                  1.28    104.11     30.00   19.6760 RG_TR50              N_A_0149            
  SC_A_0007                  0.85     79.37     30.00   17.9710 RG_TR50              N_A_0154            
  SC_A_0008                  1.42     87.24     30.00    8.0440 RG_TR50              N_A_0148            
  SC_A_0009                  1.09    102.86     30.00    7.7670 RG_TR50              N_A_0153            
  SC_A_0010                  0.35     41.17     30.00    9.3420 RG_TR50              N_A_0155            
  SC_A_0011                  0.34     49.92     30.00    4.7700 RG_TR50              N_A_0120            
  SC_A_0012                  1.30     94.52     30.00    9.0730 RG_TR50              N_A_0118            
  SC_A_0013                  0.43     58.94     30.00   15.5640 RG_TR50              N_A_0121            
  SC_A_0014                  1.66    110.99     30.00   32.8040 RG_TR50              N_A_0116            
  SC_A_0015                  1.25    108.75     30.00   40.1080 RG_TR50              N_A_0152            
  SC_A_0016                  1.67    109.14     30.00   21.7310 RG_TR50              N_A_0115            
  SC_A_0017                  1.72    113.60     30.00   20.7200 RG_TR50              N_A_0074            
  SC_A_0018                  0.50     59.84     30.00    7.1680 RG_TR50              N_A_0113            
  SC_A_0019                  0.66     81.39     30.00   10.4940 RG_TR50              N_A_0075            
  SC_A_0020                  0.88     91.50     30.00   14.8170 RG_TR50              N_A_0119            
  SC_A_0021                  0.83     86.29     30.00   16.1910 RG_TR50              N_A_0105            
  SC_A_0022                  1.28    103.53     30.00   12.6010 RG_TR50              N_A_0076            
  SC_A_0023                 11.24    271.59     30.00   12.4520 RG_TR50              N_A_0077            
  SC_A_0024                 24.05    406.42     30.00    8.7550 RG_TR50              N_A_0199            
  SC_A_0025                  0.62     82.07     30.00    7.3290 RG_TR50              N_A_0073            
  SC_A_0026                  1.00     92.11     30.00    7.7290 RG_TR50              N_A_0106            
  SC_A_0027                  0.14     20.00     30.00    3.9810 RG_TR50              N_A_0157            
  SC_A_0028                  0.51     62.66     30.00    4.3690 RG_TR50              N_A_0117            
  SC_A_0029                  0.39     52.57     30.00    5.4490 RG_TR50              N_A_0114            
  SC_A_0030                  1.05     93.65     30.00   90.2460 RG_TR50              N_A_0123            
  SC_A_0031                  0.32     50.34     30.00    8.1690 RG_TR50              N_A_0162            
  SC_A_0032                  0.87     93.62     30.00    7.1910 RG_TR50              N_A_0122            
  SC_A_0033                  0.46     53.41     30.00    5.5440 RG_TR50              N_A_0108            
  SC_A_0034                  0.20     43.41     30.00    4.5040 RG_TR50              N_A_0107            
  SC_A_0035                  1.19    101.61     30.00    7.7140 RG_TR50              N_A_0104            
  SC_A_0036                  0.13     34.04     30.00    4.1990 RG_TR50              N_A_0071            
  SC_A_0037                  1.17     94.39     30.00    4.9770 RG_TR50              N_A_0103            
  SC_A_0038                  0.38     48.96     30.00    4.6060 RG_TR50              N_A_0078            
  SC_A_0039                  1.60    108.93     30.00    8.7890 RG_TR50              N_A_0072            
  SC_A_0040                  0.49     55.44     30.00    6.7220 RG_TR50              N_A_0069            
  SC_A_0041                  1.18    103.65     30.00    5.7400 RG_TR50              N_A_0068            
  SC_A_0042                  0.00     20.00     30.00    5.4260 RG_TR50              N_A_0160            
  SC_A_0043                  0.09     22.83     30.00    3.2880 RG_TR50              N_A_0160            
  SC_A_0044                  1.39    117.97     30.00    3.5820 RG_TR50              N_A_0158            
  SC_A_0045                  0.16     22.28     30.00    5.4580 RG_TR50              N_A_0156            
  SC_A_0046                  0.51     68.88     30.00    5.7290 RG_TR50              N_A_0111            
  SC_A_0047                  1.08     85.12     30.00    7.2740 RG_TR50              N_A_0161            
  SC_A_0048                  0.85     88.77     30.00    4.9020 RG_TR50              N_A_0159            
  SC_A_0049                  0.55     75.66     30.00    9.8740 RG_TR50              N_A_0125            
  SC_A_0050                  0.26     44.32     30.00    6.4630 RG_TR50              N_A_0112            
  SC_A_0051                  1.35    104.67     30.00    4.2460 RG_TR50              N_A_0070            
  SC_A_0052                  1.48    108.52     30.00   25.1410 RG_TR50              N_A_0127            
  SC_A_0053                  0.54     70.19     30.00   12.4160 RG_TR50              N_A_0124            
  SC_A_0054                  0.37     54.31     30.00    3.0510 RG_TR50              N_A_0067            
  SC_A_0055                  0.56     76.28     30.00    8.9800 RG_TR50              N_A_0126            
  SC_A_0056                  0.15     30.08     30.00    2.1370 RG_TR50              N_A_0110            
  SC_A_0057                  0.36     51.89     30.00    5.1470 RG_TR50              N_A_0079            
  SC_A_0058                  0.16     33.73     30.00    3.8970 RG_TR50              N_A_0066            
  SC_A_0059                  0.35     59.77     30.00    2.6040 RG_TR50              N_A_0146            
  SC_A_0060                  0.34     58.68     30.00    7.7620 RG_TR50              N_A_0147            
  SC_A_0061                  1.91    131.49     30.00    5.7790 RG_TR50              N_A_0200            
  SC_A_0062                  1.50    119.11     30.00    5.7470 RG_TR50              N_A_0163            
  SC_A_0063                  0.16     35.28     30.00    1.3720 RG_TR50              N_A_0062            
  SC_A_0064                  1.40    104.34     30.00   11.9000 RG_TR50              N_A_0129            
  SC_A_0065                  0.33     55.69     30.00    4.4510 RG_TR50              N_A_0145            
  SC_A_0066                  0.25     41.12     30.00    3.8310 RG_TR50              N_A_0080            
  SC_A_0067                  0.43     60.73     30.00    5.3610 RG_TR50              N_A_0063            
  SC_A_0068                  0.43     59.64     30.00    4.1110 RG_TR50              N_A_0144            
  SC_A_0069                  1.90    113.62     30.00    3.8480 RG_TR50              N_A_0198            
  SC_A_0070                  0.07     20.00     30.00    1.5720 RG_TR50              N_A_0198            
  SC_A_0071                  0.48     69.98     30.00    6.9620 RG_TR50              N_A_0065            
  SC_A_0072                  0.43     65.36     30.00    7.5200 RG_TR50              N_A_0064            
  SC_A_0073                  0.26     42.10     30.00    3.7440 RG_TR50              N_A_0059            
  SC_A_0074                  0.42     59.62     30.00    3.5880 RG_TR50              N_A_0061            
  SC_A_0075                  0.83     88.88     30.00    7.8430 RG_TR50              N_A_0132            
  SC_A_0076                  0.33     50.69     30.00    6.8660 RG_TR50              N_A_0081            
  SC_A_0077                  0.91     92.28     30.00    2.2420 RG_TR50              N_A_0130            
  SC_A_0078                  0.53     73.45     30.00   19.2360 RG_TR50              N_A_0128            
  SC_A_0079                  0.54     74.38     30.00   14.6850 RG_TR50              N_A_0131            
  SC_A_0080                  0.61     69.93     30.00    8.2320 RG_TR50              N_A_0164            
  SC_A_0081                  0.35     53.30     30.00    9.1890 RG_TR50              N_A_0060            
  SC_A_0082                  0.69     81.63     30.00   10.7360 RG_TR50              N_A_0191            
  SC_A_0083                  0.22     41.78     30.00    1.1110 RG_TR50              N_A_0093            
  SC_A_0084                  0.76     81.72     30.00    9.0950 RG_TR50              N_A_0190            
  SC_A_0085                  0.24     46.39     30.00    5.4700 RG_TR50              N_A_0197            
  SC_A_0086                  0.35     54.68     30.00    6.9790 RG_TR50              N_A_0189            
  SC_A_0087                  1.47    101.13     30.00    1.6940 RG_TR50              N_A_0175            
  SC_A_0088                  0.89     91.96     30.00    5.9010 RG_TR50              N_A_0082            
  SC_A_0089                  0.70     81.71     30.00    9.3130 RG_TR50              N_A_0136            
  SC_A_0090                  0.73     85.32     30.00    7.7520 RG_TR50              N_A_0084            
  SC_A_0091                  0.56     69.02     30.00   10.8360 RG_TR50              N_A_0022            
  SC_A_0092                  0.39     53.07     30.00    6.6750 RG_TR50              N_A_0176            
  SC_A_0093                  0.00     20.00     30.00   11.0860 RG_TR50              N_A_0036            
  SC_A_0094                  0.14     21.01     30.00    3.3240 RG_TR50              N_A_0036            
  SC_A_0095                  0.64     80.99     30.00    6.7430 RG_TR50              N_A_0085            
  SC_A_0096                  0.55     75.48     30.00    8.4890 RG_TR50              N_A_0134            
  SC_A_0097                  1.42    106.02     30.00    3.4040 RG_TR50              N_A_0177            
  SC_A_0098                  0.62     80.88     30.00    4.5770 RG_TR50              N_A_0086            
  SC_A_0099                  0.98     99.78     30.00    2.8700 RG_TR50              N_A_0178            
  SC_A_0100                  0.03     20.00     30.00    7.6230 RG_TR50              N_A_0135            
  SC_A_0101                  0.45     66.66     30.00   12.5740 RG_TR50              N_A_0139            
  SC_A_0102                  0.07     20.00     30.00    7.0040 RG_TR50              N_A_0166            
  SC_A_0103                  0.87     79.52     30.00   16.9650 RG_TR50              N_A_0167            
  SC_A_0104                  0.60     78.28     30.00   19.8870 RG_TR50              N_A_0133            
  SC_A_0105                  1.69    131.13     30.00    7.7710 RG_TR50              N_A_0083            
  SC_A_0106                  0.41     57.61     30.00    8.8400 RG_TR50              N_A_0092            
  SC_A_0107                  0.31     50.26     30.00   21.7100 RG_TR50              N_A_0171            
  SC_A_0108                  0.10     20.00     30.00    7.4030 RG_TR50              N_A_0165            
  SC_A_0109                  0.17     27.59     30.00   14.5190 RG_TR50              N_A_0168            
  SC_A_0110                  0.01     20.00     30.00   41.0930 RG_TR50              N_A_0168            
  SC_A_0111                  0.00     20.00     30.00   13.5950 RG_TR50              N_A_0168            
  SC_A_0112                  0.53     73.67     30.00   10.4770 RG_TR50              N_A_0138            
  SC_A_0113                  0.30     54.30     30.00    3.3430 RG_TR50              N_A_0088            
  SC_A_0114                  0.47     69.22     30.00    6.2520 RG_TR50              N_A_0180            
  SC_A_0115                  0.59     75.93     30.00   16.0520 RG_TR50              N_A_0137            
  SC_A_0116                  0.33     47.37     30.00    5.5240 RG_TR50              N_A_0087            
  SC_A_0117                  0.60     73.82     30.00    8.1130 RG_TR50              N_A_0089            
  SC_A_0118                  0.55     76.90     30.00    5.3630 RG_TR50              N_A_0021            
  SC_A_0119                  0.04     20.00     30.00   21.4950 RG_TR50              N_A_0169            
  SC_A_0120                  0.01     20.00     30.00   48.5590 RG_TR50              N_A_0169            
  SC_A_0121                  1.63    132.59     30.00    7.5720 RG_TR50              N_A_0091            
  SC_A_0122                  0.63     76.25     30.00    5.1260 RG_TR50              N_A_0019            
  SC_A_0123                  0.86     92.30     30.00    7.4020 RG_TR50              N_A_0141            
  SC_A_0124                  0.24     48.44     30.00    3.6460 RG_TR50              N_A_0090            
  SC_A_0125                  1.56    118.88     30.00    7.3000 RG_TR50              N_A_0182            
  SC_A_0126                  0.98     91.46     30.00    5.6760 RG_TR50              N_A_0179            
  SC_A_0127                  0.87     92.26     30.00    8.9640 RG_TR50              N_A_0183            
  SC_A_0128                  0.66     77.90     30.00    6.0910 RG_TR50              N_A_0018            
  SC_A_0129                  0.39     52.36     30.00   24.7690 RG_TR50              N_A_0170            
  SC_A_0130                  0.95     94.67     30.00    8.3380 RG_TR50              N_A_0094            
  SC_A_0131                  0.26     42.30     30.00    7.2120 RG_TR50              N_A_0058            
  SC_A_0132                  0.62     79.96     30.00   38.6650 RG_TR50              N_A_0140            
  SC_A_0133                  0.84     92.87     30.00   12.0470 RG_TR50              N_A_0143            
  SC_A_0134                  0.33     56.90     30.00    6.8810 RG_TR50              N_A_0020            
  SC_A_0135                  0.50     64.97     30.00    8.1920 RG_TR50              N_A_0181            
  SC_A_0136                  0.48     68.33     30.00    8.1070 RG_TR50              N_A_0017            
  SC_A_0137                  0.65     74.05     30.00    7.8510 RG_TR50              N_A_0096            
  SC_A_0138                  0.60     70.04     30.00    9.2500 RG_TR50              N_A_0095            
  SC_A_0139                  1.43     99.79     30.00    8.5600 RG_TR50              N_A_0184            
  SC_A_0140                  1.09     99.68     30.00   16.3530 RG_TR50              N_A_0016            
  SC_A_0141                  0.63     80.86     30.00   29.5860 RG_TR50              N_A_0142            
  SC_A_0142                  0.41     33.56     30.00    5.8440 RG_TR50              N_A_0192            
  SC_A_0143                  0.09     26.11     30.00   18.5270 RG_TR50              N_A_0172            
  SC_A_0144                  2.60    166.71     30.00    6.3840 RG_TR50              N_A_0101            
  SC_A_0145                  0.18     38.24     30.00   12.9230 RG_TR50              N_A_0098            
  SC_A_0146                  0.01     20.00     30.00   17.5680 RG_TR50              N_A_0173            
  SC_A_0147                  0.67     75.31     30.00    8.9100 RG_TR50              N_A_0097            
  SC_A_0148                  0.85     93.28     30.00   39.6140 RG_TR50              N_A_0044            
  SC_A_0149                  0.12     25.94     30.00   14.6660 RG_TR50              N_A_0174            
  SC_A_0150                  0.51     58.92     30.00    4.1120 RG_TR50              N_A_0028            
  SC_A_0151                  0.05     20.00     30.00    8.4260 RG_TR50              N_A_0028            
  SC_A_0152                  0.73     84.43     30.00  151.2030 RG_TR50              N_A_0196            
  SC_A_0153                  0.91     99.76     30.00   10.1650 RG_TR50              N_A_0015            
  SC_A_0154                  0.45     61.09     30.00   20.0200 RG_TR50              N_A_0099            
  SC_A_0155                  0.51     70.21     30.00   11.0450 RG_TR50              N_A_0054            
  SC_A_0156                  1.18    109.15     30.00   16.2360 RG_TR50              N_A_0012            
  SC_A_0157                  1.62    125.35     30.00   15.2910 RG_TR50              N_A_0027            
  SC_A_0158                  0.54     58.04     30.00   10.2240 RG_TR50              N_A_0185            
  SC_A_0159                  0.83     85.33     30.00   11.5770 RG_TR50              N_A_0102            
  SC_A_0160                  0.51     70.11     30.00    6.8830 RG_TR50              N_A_0013            
  SC_A_0161                  0.99     87.31     30.00    7.9600 RG_TR50              N_A_0011            
  SC_A_0162                  0.33     54.22     30.00    6.3570 RG_TR50              N_A_0014            
  SC_A_0163                  0.92     86.22     30.00   11.4380 RG_TR50              N_A_0100            
  SC_A_0164                  0.68     81.58     30.00   11.1650 RG_TR50              N_A_0043            
  SC_A_0165                  0.70     83.55     30.00   19.2950 RG_TR50              N_A_0056            
  SC_A_0166                  0.70     78.03     30.00   17.4700 RG_TR50              N_A_0010            
  SC_A_0167                  0.78     86.97     30.00    5.6080 RG_TR50              N_A_0026            
  SC_A_0168                  0.41     41.38     30.00    9.2850 RG_TR50              N_A_0030            
  SC_A_0169                  0.94     89.72     30.00   10.3380 RG_TR50              N_A_0188            
  SC_A_0170                  0.68     79.28     30.00   18.5720 RG_TR50              N_A_0057            
  SC_A_0171                  0.80     78.52     30.00   12.8260 RG_TR50              N_A_0007            
  SC_A_0172                  0.12     26.60     30.00   15.9130 RG_TR50              N_A_0029            
  SC_A_0173                  0.93     97.72     30.00   18.5430 RG_TR50              N_A_0042            
  SC_A_0174                  1.03     95.86     30.00    5.9040 RG_TR50              N_A_0055            
  SC_A_0175                  0.19     24.42     30.00    8.5350 RG_TR50              N_A_0032            
  SC_A_0176                  0.11     22.73     30.00   13.6150 RG_TR50              N_A_0032            
  SC_A_0177                  0.18     36.82     30.00    9.0660 RG_TR50              N_A_0009            
  SC_A_0178                  0.72     83.59     30.00    6.4220 RG_TR50              N_A_0025            
  SC_A_0179                  0.86     88.77     30.00   16.8600 RG_TR50              N_A_0046            
  SC_A_0180                  0.14     30.13     30.00   12.3940 RG_TR50              N_A_0031            
  SC_A_0181                  0.38     53.56     30.00    8.6350 RG_TR50              N_A_0186            
  SC_A_0182                  0.89     93.34     30.00   18.1630 RG_TR50              N_A_0006            
  SC_A_0183                  0.64     79.11     30.00   14.0850 RG_TR50              N_A_0008            
  SC_A_0184                  1.01     93.50     30.00    4.1490 RG_TR50              N_A_0048            
  SC_A_0185                  0.75     84.59     30.00    8.7250 RG_TR50              N_A_0041            
  SC_A_0186                  0.10     22.23     30.00   12.0970 RG_TR50              N_A_0034            
  SC_A_0187                  0.83     78.20     30.00    4.8260 RG_TR50              N_A_0005            
  SC_A_0188                  0.18     37.74     30.00   11.5560 RG_TR50              N_A_0187            
  SC_A_0189                  0.54     70.88     30.00    5.0660 RG_TR50              N_A_0024            
  SC_A_0190                  0.77     86.71     30.00    7.7930 RG_TR50              N_A_0040            
  SC_A_0191                  0.88     70.85     30.00    6.2260 RG_TR50              N_A_0003            
  SC_A_0192                  0.69     67.92     30.00    7.1940 RG_TR50              N_A_0004            
  SC_A_0193                  1.16     95.28     30.00    5.8410 RG_TR50              N_A_0047            
  SC_A_0194                  1.01     78.87     30.00    1.8040 RG_TR50              N_A_0053            
  SC_A_0195                  0.27     32.83     30.00    4.7940 RG_TR50              N_A_0035            
  SC_A_0196                  1.21    102.08     30.00    1.9020 RG_TR50              N_A_0050            
  SC_A_0197                  0.37     56.57     30.00    3.0350 RG_TR50              N_A_0023            
  SC_A_0198                  0.03     20.00     30.00    5.9950 RG_TR50              N_A_0033            
  SC_A_0199                  1.00     98.90     30.00    3.7190 RG_TR50              N_A_0039            
  SC_A_0200                  0.34     46.88     30.00    6.5990 RG_TR50              N_A_0194            
  SC_A_0201                  1.88    104.07     30.00    5.2500 RG_TR50              N_A_0037            
  SC_A_0202                  0.72     72.65     30.00    4.1820 RG_TR50              N_A_0038            
  SC_A_0203                  0.48     59.75     30.00    6.4870 RG_TR50              N_A_0002            
  SC_A_0204                  1.39    104.93     30.00    5.7980 RG_TR50              N_A_0052            
  SC_A_0205                  1.44     96.89     30.00    4.2890 RG_TR50              N_A_0049            
  SC_A_0206                  0.31     48.02     30.00    3.9900 RG_TR50              N_A_0045            
  SC_A_0207                  0.81     82.63     30.00    5.7000 RG_TR50              N_A_0001            
  SC_A_0208                  0.67     47.19     30.00    1.5650 RG_TR50              N_A_0051            
  
  
  ************
  Node Summary
  ************
                                           Invert      Max.    Ponded    External
  Name                 Type                 Elev.     Depth      Area    Inflow  
  -------------------------------------------------------------------------------
  N_A_0001             JUNCTION            113.26     10.00       0.0
  N_A_0003             JUNCTION            111.08     10.00       0.0
  N_A_0004             JUNCTION            103.99     10.00       0.0
  N_A_0005             JUNCTION            109.45     10.00       0.0
  N_A_0006             JUNCTION             96.21     10.00       0.0
  N_A_0007             JUNCTION            105.01     10.00       0.0
  N_A_0008             JUNCTION             88.82     10.00       0.0
  N_A_0009             JUNCTION             89.02     10.00       0.0
  N_A_0010             JUNCTION             93.87     10.00       0.0
  N_A_0011             JUNCTION             81.78     10.00       0.0
  N_A_0012             JUNCTION             81.20     10.00       0.0
  N_A_0013             JUNCTION             79.30     10.00       0.0
  N_A_0016             JUNCTION             71.33     10.00       0.0
  N_A_0017             JUNCTION             63.09     10.00       0.0
  N_A_0018             JUNCTION             56.70     10.00       0.0
  N_A_0019             JUNCTION             54.32     10.00       0.0
  N_A_0020             JUNCTION             58.66     10.00       0.0
  N_A_0021             JUNCTION             56.26     10.00       0.0
  N_A_0023             JUNCTION            118.90     10.00       0.0
  N_A_0024             JUNCTION            116.57     10.00       0.0
  N_A_0025             JUNCTION            112.77     10.00       0.0
  N_A_0026             JUNCTION            107.72     10.00       0.0
  N_A_0027             JUNCTION            101.90     10.00       0.0
  N_A_0028             JUNCTION            102.06     10.00       0.0
  N_A_0030             JUNCTION            108.55     10.00       0.0
  N_A_0031             JUNCTION            112.37     10.00       0.0
  N_A_0033             JUNCTION            116.56     10.00       0.0
  N_A_0035             JUNCTION            117.48     10.00       0.0
  N_A_0037             JUNCTION            123.54     10.00       0.0
  N_A_0039             JUNCTION            118.16     10.00       0.0
  N_A_0040             JUNCTION            115.67     10.00       0.0
  N_A_0041             JUNCTION            111.72     10.00       0.0
  N_A_0044             JUNCTION             96.91     10.00       0.0
  N_A_0045             JUNCTION            121.14     10.00       0.0
  N_A_0046             JUNCTION            102.45     10.00       0.0
  N_A_0047             JUNCTION            113.24     10.00       0.0
  N_A_0048             JUNCTION            111.69     10.00       0.0
  N_A_0049             JUNCTION            117.24     10.00       0.0
  N_A_0050             JUNCTION            115.54     10.00       0.0
  N_A_0051             JUNCTION            121.21     10.00       0.0
  N_A_0052             JUNCTION            118.16     10.00       0.0
  N_A_0053             JUNCTION            110.21     10.00       0.0
  N_A_0054             JUNCTION             76.96     10.00       0.0
  N_A_0055             JUNCTION            106.62     10.00       0.0
  N_A_0056             JUNCTION             89.78     10.00       0.0
  N_A_0057             JUNCTION             92.40     10.00       0.0
  N_A_0058             JUNCTION             60.48     10.00       0.0
  N_A_0059             JUNCTION             55.21     10.00       0.0
  N_A_0060             JUNCTION             54.14     10.00       0.0
  N_A_0061             JUNCTION             47.14     10.00       0.0
  N_A_0062             JUNCTION             55.46     10.00       0.0
  N_A_0063             JUNCTION             55.44     10.00       0.0
  N_A_0064             JUNCTION             45.68     10.00       0.0
  N_A_0066             JUNCTION             54.60     10.00       0.0
  N_A_0067             JUNCTION             54.54     10.00       0.0
  N_A_0068             JUNCTION             45.46     10.00       0.0
  N_A_0069             JUNCTION             49.98     10.00       0.0
  N_A_0070             JUNCTION             40.94     10.00       0.0
  N_A_0071             JUNCTION             46.52     10.00       0.0
  N_A_0073             JUNCTION             46.27     10.00       0.0
  N_A_0075             JUNCTION             31.92     10.00       0.0
  N_A_0076             JUNCTION             30.39     10.00       0.0
  N_A_0077             JUNCTION             29.45     10.00       0.0
  N_A_0078             JUNCTION             49.63     10.00       0.0
  N_A_0079             JUNCTION             54.40     10.00       0.0
  N_A_0080             JUNCTION             55.38     10.00       0.0
  N_A_0083             JUNCTION             52.86     10.00       0.0
  N_A_0084             JUNCTION             51.34     10.00       0.0
  N_A_0085             JUNCTION             53.28     10.00       0.0
  N_A_0087             JUNCTION             56.73     10.00       0.0
  N_A_0088             JUNCTION             56.70     10.00       0.0
  N_A_0089             JUNCTION             60.39     10.00       0.0
  N_A_0090             JUNCTION             58.62     10.00       0.0
  N_A_0091             JUNCTION             59.31     10.00       0.0
  N_A_0092             JUNCTION             56.38     10.00       0.0
  N_A_0094             JUNCTION             64.65     10.00       0.0
  N_A_0095             JUNCTION             63.46     10.00       0.0
  N_A_0096             JUNCTION             70.34     10.00       0.0
  N_A_0097             JUNCTION             70.12     10.00       0.0
  N_A_0100             JUNCTION             82.66     10.00       0.0
  N_A_0102             JUNCTION             77.19     10.00       0.0
  N_A_0103             JUNCTION             38.67     10.00       0.0
  N_A_0104             JUNCTION             42.34     10.00       0.0
  N_A_0106             JUNCTION             45.61     10.00       0.0
  N_A_0107             JUNCTION             46.79     10.00       0.0
  N_A_0108             JUNCTION             45.46     10.00       0.0
  N_A_0110             JUNCTION             54.60     10.00       0.0
  N_A_0111             JUNCTION             54.23     10.00       0.0
  N_A_0112             JUNCTION             50.74     10.00       0.0
  N_A_0113             JUNCTION             45.10     10.00       0.0
  N_A_0114             JUNCTION             43.96     10.00       0.0
  N_A_0115             JUNCTION             32.65     10.00       0.0
  N_A_0116             JUNCTION             36.07     10.00       0.0
  N_A_0117             JUNCTION             44.75     10.00       0.0
  N_A_0118             JUNCTION             33.01     10.00       0.0
  N_A_0119             JUNCTION             40.29     10.00       0.0
  N_A_0120             JUNCTION             37.49     10.00       0.0
  N_A_0121             JUNCTION             37.49     10.00       0.0
  N_A_0122             JUNCTION             47.39     10.00       0.0
  N_A_0123             JUNCTION             39.38     10.00       0.0
  N_A_0124             JUNCTION             50.39     10.00       0.0
  N_A_0126             JUNCTION             51.38     10.00       0.0
  N_A_0127             JUNCTION             45.81     10.00       0.0
  N_A_0128             JUNCTION             53.59     10.00       0.0
  N_A_0129             JUNCTION             49.53     10.00       0.0
  N_A_0130             JUNCTION             53.16     10.00       0.0
  N_A_0131             JUNCTION             51.66     10.00       0.0
  N_A_0132             JUNCTION             51.70     10.00       0.0
  N_A_0133             JUNCTION             55.44     10.00       0.0
  N_A_0134             JUNCTION             54.98     10.00       0.0
  N_A_0135             JUNCTION             53.67     10.00       0.0
  N_A_0136             JUNCTION             55.70     10.00       0.0
  N_A_0137             JUNCTION             60.20     10.00       0.0
  N_A_0138             JUNCTION             58.25     10.00       0.0
  N_A_0141             JUNCTION             70.90     10.00       0.0
  N_A_0143             JUNCTION             84.39     10.00       0.0
  N_A_0144             JUNCTION             55.24     10.00       0.0
  N_A_0145             JUNCTION             53.80     10.00       0.0
  N_A_0146             JUNCTION             55.39     10.00       0.0
  N_A_0147             JUNCTION             51.71     10.00       0.0
  N_A_0149             JUNCTION             21.87     10.00       0.0
  N_A_0150             JUNCTION             30.23     10.00       0.0
  N_A_0151             JUNCTION             27.66     10.00       0.0
  N_A_0152             JUNCTION             38.04     10.00       0.0
  N_A_0153             JUNCTION             35.42     10.00       0.0
  N_A_0156             JUNCTION             43.24     10.00       0.0
  N_A_0158             JUNCTION             42.99     10.00       0.0
  N_A_0159             JUNCTION             42.04     10.00       0.0
  N_A_0160             JUNCTION             47.12     10.00       0.0
  N_A_0161             JUNCTION             46.58     10.00       0.0
  N_A_0163             JUNCTION             54.47     10.00       0.0
  N_A_0164             JUNCTION             56.05     10.00       0.0
  N_A_0166             JUNCTION             62.24     10.00       0.0
  N_A_0167             JUNCTION             62.38     10.00       0.0
  N_A_0169             JUNCTION             72.79     10.00       0.0
  N_A_0170             JUNCTION             73.23     10.00       0.0
  N_A_0171             JUNCTION             85.42     10.00       0.0
  N_A_0173             JUNCTION             95.08     10.00       0.0
  N_A_0175             JUNCTION             53.73     10.00       0.0
  N_A_0176             JUNCTION             47.80     10.00       0.0
  N_A_0177             JUNCTION             55.13     10.00       0.0
  N_A_0178             JUNCTION             50.84     10.00       0.0
  N_A_0179             JUNCTION             57.79     10.00       0.0
  N_A_0180             JUNCTION             57.55     10.00       0.0
  N_A_0181             JUNCTION             61.40     10.00       0.0
  N_A_0182             JUNCTION             62.73     10.00       0.0
  N_A_0183             JUNCTION             59.16     10.00       0.0
  N_A_0184             JUNCTION             78.70     10.00       0.0
  N_A_0185             JUNCTION             74.72     10.00       0.0
  N_A_0186             JUNCTION             97.15     10.00       0.0
  N_A_0187             JUNCTION             96.64     10.00       0.0
  N_A_0188             JUNCTION             90.77     10.00       0.0
  N_A_0189             JUNCTION             47.50     10.00       0.0
  N_A_0191             JUNCTION             46.41     10.00       0.0
  N_A_0192             JUNCTION            103.53     10.00       0.0
  N_A_0194             JUNCTION            106.57     10.00       0.0
  N_A_0196             JUNCTION             79.55     10.00       0.0
  N_A_0197             JUNCTION             47.30     10.00       0.0
  N_A_0198             JUNCTION             50.58     10.00       0.0
  N_A_0199             JUNCTION             49.40     10.00       0.0
  N_A_C0022            JUNCTION             45.79     10.00       0.0
  N_A_C0074            JUNCTION             30.97     10.00       0.0
  N_A_C0109            JUNCTION             31.67     10.00       0.0
  N_A_C0125            JUNCTION             42.09     10.00       0.0
  N_A_C0139            JUNCTION             58.30     10.00       0.0
  N_A_C0190            JUNCTION             44.33     10.00       0.0
  N_A_0002             OUTFALL             107.10      0.60       0.0
  N_A_0014             OUTFALL              79.30      0.60       0.0
  N_A_0015             OUTFALL              68.92      0.60       0.0
  N_A_0022             OUTFALL              45.74      0.80       0.0
  N_A_0029             OUTFALL             107.19      0.60       0.0
  N_A_0032             OUTFALL             111.36      0.60       0.0
  N_A_0034             OUTFALL             116.15      0.60       0.0
  N_A_0036             OUTFALL             117.39      0.60       0.0
  N_A_0038             OUTFALL             121.11      0.60       0.0
  N_A_0042             OUTFALL             100.91      0.60       0.0
  N_A_0043             OUTFALL              88.61      0.60       0.0
  N_A_0065             OUTFALL              45.68      0.60       0.0
  N_A_0072             OUTFALL              39.07      0.60       0.0
  N_A_0074             OUTFALL              30.92      0.60       0.0
  N_A_0081             OUTFALL              54.65      0.60       0.0
  N_A_0082             OUTFALL              50.98      0.60       0.0
  N_A_0086             OUTFALL              55.69      0.60       0.0
  N_A_0093             OUTFALL              47.36      0.60       0.0
  N_A_0098             OUTFALL              70.12      0.60       0.0
  N_A_0099             OUTFALL              79.11      0.60       0.0
  N_A_0101             OUTFALL              76.51      0.60       0.0
  N_A_0105             OUTFALL              30.91      0.60       0.0
  N_A_0109             OUTFALL              31.62      0.60       0.0
  N_A_0125             OUTFALL              42.04      0.60       0.0
  N_A_0139             OUTFALL              58.25      0.60       0.0
  N_A_0140             OUTFALL              65.10      0.60       0.0
  N_A_0142             OUTFALL              70.57      0.60       0.0
  N_A_0148             OUTFALL              18.44      0.60       0.0
  N_A_0154             OUTFALL              31.36      0.60       0.0
  N_A_0155             OUTFALL              36.29      0.60       0.0
  N_A_0157             OUTFALL              43.19      0.60       0.0
  N_A_0162             OUTFALL              49.26      0.60       0.0
  N_A_0165             OUTFALL              62.06      0.60       0.0
  N_A_0168             OUTFALL              72.60      0.60       0.0
  N_A_0172             OUTFALL              94.99      0.60       0.0
  N_A_0174             OUTFALL              95.08      0.60       0.0
  N_A_0190             OUTFALL              44.28      0.80       0.0
  N_A_0193             OUTFALL              25.92      0.80       0.0
  N_A_0195             OUTFALL              13.17      0.80       0.0
  N_A_0200             OUTFALL              41.82      0.80       0.0
  
  
  ************
  Link Summary
  ************
  Name             From Node        To Node          Type            Length    %Slope Roughness
  ---------------------------------------------------------------------------------------------
  L_A_0001         N_A_0001         N_A_0002         CONDUIT          198.6    3.1032    0.0130
  L_A_0002         N_A_0003         N_A_0004         CONDUIT          211.8    3.3489    0.0130
  L_A_0003         N_A_0005         N_A_0006         CONDUIT          188.0    7.0561    0.0130
  L_A_0004         N_A_0007         N_A_0008         CONDUIT          189.5    8.5711    0.0130
  L_A_0005         N_A_0009         N_A_0008         CONDUIT            2.9    6.5715    0.0130
  L_A_0006         N_A_0010         N_A_0011         CONDUIT          178.3    6.7973    0.0130
  L_A_0007         N_A_0012         N_A_0013         CONDUIT          164.5    1.1576    0.0130
  L_A_0008         N_A_0013         N_A_0014         CONDUIT            2.1    0.0145    0.0130
  L_A_0009         N_A_0016         N_A_0015         CONDUIT          150.0    1.6085    0.0130
  L_A_0010         N_A_0017         N_A_0018         CONDUIT          171.9    3.7170    0.0130
  L_A_0011         N_A_0018         N_A_0019         CONDUIT           64.2    3.7023    0.0130
  L_A_0012         N_A_0020         N_A_0018         CONDUIT          104.0    1.8885    0.0130
  L_A_0013         N_A_0021         N_A_C0022        CONDUIT          219.6    4.7750    0.0130
  L_A_0014         N_A_0023         N_A_0024         CONDUIT           40.7    5.7453    0.0130
  L_A_0015         N_A_0024         N_A_0025         CONDUIT           70.7    5.3856    0.0130
  L_A_0016         N_A_0025         N_A_0026         CONDUIT           73.4    6.8884    0.0130
  L_A_0017         N_A_0026         N_A_0027         CONDUIT           71.7    8.1436    0.0130
  L_A_0018         N_A_0028         N_A_0027         CONDUIT          167.5    0.0914    0.0130
  L_A_0019         N_A_0030         N_A_0029         CONDUIT           24.7    5.5117    0.0130
  L_A_0020         N_A_0031         N_A_0032         CONDUIT           28.8    3.5000    0.0130
  L_A_0021         N_A_0033         N_A_0034         CONDUIT            8.9    4.6028    0.0130
  L_A_0022         N_A_0035         N_A_0036         CONDUIT           36.0    0.2721    0.0130
  L_A_0023         N_A_0037         N_A_0038         CONDUIT          242.1    1.0010    0.0130
  L_A_0024         N_A_0039         N_A_0024         CONDUIT          178.2    0.8942    0.0130
  L_A_0025         N_A_0040         N_A_0025         CONDUIT          190.7    1.5231    0.0130
  L_A_0026         N_A_0041         N_A_0026         CONDUIT          206.0    1.9413    0.0130
  L_A_0027         N_A_0027         N_A_0042         CONDUIT          218.7    0.4537    0.0130
  L_A_0028         N_A_0044         N_A_0043         CONDUIT          411.2    2.0175    0.0130
  L_A_0029         N_A_0045         N_A_0046         CONDUIT          485.4    3.8526    0.0130
  L_A_0030         N_A_0047         N_A_0048         CONDUIT          299.1    0.5165    0.0130
  L_A_0031         N_A_0049         N_A_0050         CONDUIT          331.6    0.5144    0.0130
  L_A_0032         N_A_0051         N_A_0052         CONDUIT          358.9    0.8513    0.0130
  L_A_0033         N_A_0053         N_A_0054         CONDUIT          344.7    9.6907    0.0130
  L_A_0034         N_A_0055         N_A_0056         CONDUIT          197.7    8.5508    0.0130
  L_A_0035         N_A_0057         N_A_0058         CONDUIT          298.3   10.7640    0.0130
  L_A_0036         N_A_0059         N_A_0060         CONDUIT           52.9    2.0211    0.0130
  L_A_0037         N_A_0060         N_A_0061         CONDUIT          139.1    5.0372    0.0130
  L_A_0038         N_A_0062         N_A_0063         CONDUIT           40.4    0.0544    0.0130
  L_A_0039         N_A_0063         N_A_0064         CONDUIT          144.4    6.7705    0.0130
  L_A_0040         N_A_0064         N_A_0065         CONDUIT            2.3    0.0133    0.0130
  L_A_0041         N_A_0066         N_A_0067         CONDUIT           40.7    0.1424    0.0130
  L_A_0042         N_A_0067         N_A_0068         CONDUIT          150.1    6.0619    0.0130
  L_A_0043         N_A_0069         N_A_0070         CONDUIT          213.2    4.2412    0.0130
  L_A_0044         N_A_0071         N_A_0072         CONDUIT          218.9    3.4038    0.0130
  L_A_0045         N_A_0073         N_A_C0074        CONDUIT          234.2    6.5494    0.0130
  L_A_0046         N_A_0075         N_A_C0074        CONDUIT           70.0    1.3572    0.0130
  L_A_0047         N_A_0075         N_A_0076         CONDUIT           72.3    2.1140    0.0130
  L_A_0048         N_A_0076         N_A_0077         CONDUIT           75.8    1.2337    0.0130
  L_A_0049         N_A_0078         N_A_0071         CONDUIT           66.5    4.6869    0.0130
  L_A_0050         N_A_0079         N_A_0069         CONDUIT           68.6    6.4668    0.0130
  L_A_0051         N_A_0080         N_A_0067         CONDUIT           58.4    1.4269    0.0130
  L_A_0052         N_A_0063         N_A_0081         CONDUIT           66.1    1.1887    0.0130
  L_A_0053         N_A_0060         N_A_0082         CONDUIT           64.1    4.9319    0.0130
  L_A_0054         N_A_0083         N_A_0084         CONDUIT          202.9    0.7482    0.0130
  L_A_0055         N_A_0085         N_A_0084         CONDUIT           69.7    2.7776    0.0130
  L_A_0056         N_A_0087         N_A_0086         CONDUIT          262.9    0.3967    0.0130
  L_A_0057         N_A_0087         N_A_0088         CONDUIT           70.3    0.0427    0.0130
  L_A_0058         N_A_0089         N_A_0090         CONDUIT          339.5    0.5228    0.0130
  L_A_0059         N_A_0091         N_A_0087         CONDUIT           63.5    4.0578    0.0130
  L_A_0060         N_A_0092         N_A_0084         CONDUIT           68.0    7.4325    0.0130
  L_A_0061         N_A_0084         N_A_0093         CONDUIT           75.2    5.3049    0.0130
  L_A_0062         N_A_0094         N_A_0095         CONDUIT          325.9    0.3646    0.0130
  L_A_0063         N_A_0096         N_A_0097         CONDUIT          313.3    0.0689    0.0130
  L_A_0064         N_A_0097         N_A_0098         CONDUIT            2.3    0.0131    0.0130
  L_A_0065         N_A_0100         N_A_0099         CONDUIT          276.2    1.2844    0.0130
  L_A_0066         N_A_0102         N_A_0101         CONDUIT          184.6    0.3694    0.0130
  L_A_0067         N_A_0103         N_A_0076         CONDUIT          186.7    4.4394    0.0130
  L_A_0068         N_A_0104         N_A_0075         CONDUIT          184.2    5.6667    0.0130
  L_A_0069         N_A_0075         N_A_0105         CONDUIT            2.3   49.8130    0.0130
  L_A_0070         N_A_0106         N_A_C0074        CONDUIT          171.5    8.5691    0.0130
  L_A_0071         N_A_0107         N_A_0108         CONDUIT           69.4    1.9180    0.0130
  L_A_0072         N_A_0108         N_A_C0109        CONDUIT          163.9    8.4401    0.0130
  L_A_0073         N_A_0110         N_A_0108         CONDUIT          171.7    5.3339    0.0130
  L_A_0074         N_A_0111         N_A_0112         CONDUIT           65.0    5.3880    0.0130
  L_A_0075         N_A_0113         N_A_0114         CONDUIT           64.8    1.7646    0.0130
  L_A_0076         N_A_0115         N_A_C0109        CONDUIT           66.7    1.4582    0.0130
  L_A_0077         N_A_0116         N_A_C0109        CONDUIT           72.3    6.0950    0.0130
  L_A_0078         N_A_0117         N_A_0118         CONDUIT          213.5    5.5051    0.0130
  L_A_0079         N_A_0119         N_A_0120         CONDUIT           63.4    4.4123    0.0130
  L_A_0080         N_A_0120         N_A_0121         CONDUIT            2.2    0.0139    0.0130
  L_A_0081         N_A_0122         N_A_0123         CONDUIT          147.6    5.4391    0.0130
  L_A_0082         N_A_0124         N_A_C0125        CONDUIT          145.6    5.7099    0.0130
  L_A_0083         N_A_0126         N_A_0127         CONDUIT          148.6    3.7445    0.0130
  L_A_0084         N_A_0128         N_A_0129         CONDUIT          150.8    2.6881    0.0130
  L_A_0085         N_A_0130         N_A_0131         CONDUIT          146.7    1.0225    0.0130
  L_A_0086         N_A_0132         N_A_0131         CONDUIT            2.8    1.4040    0.0130
  L_A_0087         N_A_0133         N_A_0134         CONDUIT          144.5    0.3184    0.0130
  L_A_0088         N_A_0134         N_A_0135         CONDUIT            3.0   47.7272    0.0130
  L_A_0089         N_A_0136         N_A_0135         CONDUIT            5.2   41.9937    0.0130
  L_A_0090         N_A_0137         N_A_0138         CONDUIT          153.4    1.2698    0.0130
  L_A_0091         N_A_0138         N_A_C0139        CONDUIT            2.5   -2.0247    0.0130
  L_A_0092         N_A_0141         N_A_0140         CONDUIT          157.0    3.6969    0.0130
  L_A_0093         N_A_0143         N_A_0142         CONDUIT          157.5    8.8078    0.0130
  L_A_0094         N_A_0144         N_A_0145         CONDUIT           84.0    1.7114    0.0130
  L_A_0095         N_A_0146         N_A_0147         CONDUIT           97.3    3.7807    0.0130
  L_A_0096         N_A_0149         N_A_0148         CONDUIT           93.5    3.6697    0.0130
  L_A_0097         N_A_0150         N_A_0149         CONDUIT           69.1   12.1744    0.0130
  L_A_0098         N_A_0150         N_A_0151         CONDUIT           90.1    2.8439    0.0130
  L_A_0099         N_A_0152         N_A_0150         CONDUIT          114.1    6.8607    0.0130
  L_A_0100         N_A_0153         N_A_0149         CONDUIT           99.1   13.8067    0.0130
  L_A_0101         N_A_0121         N_A_0154         CONDUIT          254.2    2.4122    0.0130
  L_A_0102         N_A_0123         N_A_0155         CONDUIT          314.1    0.9829    0.0130
  L_A_0103         N_A_0156         N_A_0157         CONDUIT           20.4    0.2400    0.0130
  L_A_0104         N_A_0158         N_A_0159         CONDUIT          235.0    0.4030    0.0130
  L_A_0105         N_A_0159         N_A_C0125        CONDUIT            2.4   -2.1075    0.0130
  L_A_0106         N_A_0160         N_A_0161         CONDUIT           25.3    2.1398    0.0130
  L_A_0107         N_A_0161         N_A_0127         CONDUIT          265.4    0.2890    0.0130
  L_A_0108         N_A_0129         N_A_0162         CONDUIT          312.2    0.0894    0.0130
  L_A_0109         N_A_0163         N_A_0132         CONDUIT          246.0    1.1259    0.0130
  L_A_0110         N_A_0164         N_A_0136         CONDUIT          234.6    0.1501    0.0130
  L_A_0111         N_A_0136         N_A_0135         CONDUIT            5.2   41.9937    0.0130
  L_A_0112         N_A_0134         N_A_0135         CONDUIT            3.0   47.7272    0.0130
  L_A_0113         N_A_0166         N_A_0165         CONDUIT           10.1    1.7803    0.0130
  L_A_0114         N_A_0167         N_A_C0139        CONDUIT          158.3    2.5718    0.0130
  L_A_0115         N_A_0169         N_A_0168         CONDUIT            5.1    3.8285    0.0130
  L_A_0116         N_A_0170         N_A_0141         CONDUIT           85.5    2.7251    0.0130
  L_A_0117         N_A_0171         N_A_0143         CONDUIT           83.1    1.2401    0.0130
  L_A_0118         N_A_0173         N_A_0172         CONDUIT            2.0    4.2875    0.0130
  L_A_0119         N_A_0044         N_A_0174         CONDUIT           46.3    3.9469    0.0130
  L_A_0120         N_A_0175         N_A_0176         CONDUIT          133.8    4.4377    0.0130
  L_A_0121         N_A_0177         N_A_0178         CONDUIT          131.2    3.2748    0.0130
  L_A_0122         N_A_0179         N_A_0180         CONDUIT           27.1    0.9041    0.0130
  L_A_0123         N_A_0180         N_A_0019         CONDUIT           95.9    3.3684    0.0130
  L_A_0124         N_A_0181         N_A_0180         CONDUIT           58.2    6.6313    0.0130
  L_A_0125         N_A_0182         N_A_0183         CONDUIT          120.6    2.9619    0.0130
  L_A_0126         N_A_0184         N_A_0185         CONDUIT           91.3    4.3673    0.0130
  L_A_0127         N_A_0186         N_A_0187         CONDUIT           16.8    2.9947    0.0130
  L_A_0128         N_A_0188         N_A_0009         CONDUIT           45.8    3.8249    0.0130
  L_A_0129         N_A_0009         N_A_0008         CONDUIT            2.9    6.5715    0.0130
  L_A_0130         N_A_0189         N_A_C0190        CONDUIT           62.8    5.0633    0.0130
  L_A_0131         N_A_0052         N_A_0050         CONDUIT           80.6    3.2494    0.0130
  L_A_0132         N_A_0050         N_A_0048         CONDUIT           70.2    5.4814    0.0130
  L_A_0133         N_A_0048         N_A_0046         CONDUIT           70.7   13.1915    0.0130
  L_A_0134         N_A_0046         N_A_0056         CONDUIT           71.1   18.1272    0.0130
  L_A_0135         N_A_0056         N_A_0100         CONDUIT           70.9   10.0869    0.0130
  L_A_0136         N_A_0100         N_A_0102         CONDUIT           53.0   10.3612    0.0130
  L_A_0137         N_A_0102         N_A_0054         CONDUIT           30.0    0.7872    0.0130
  L_A_0138         N_A_0054         N_A_0097         CONDUIT           65.2   10.5410    0.0130
  L_A_0139         N_A_0097         N_A_0095         CONDUIT           71.7    9.3297    0.0130
  L_A_0140         N_A_0095         N_A_0058         CONDUIT           44.8    6.6758    0.0130
  L_A_0141         N_A_0058         N_A_0090         CONDUIT           30.7    6.0821    0.0130
  L_A_0142         N_A_0090         N_A_0088         CONDUIT           71.8    2.6678    0.0130
  L_A_0143         N_A_0088         N_A_0085         CONDUIT           72.8    4.7064    0.0130
  L_A_0144         N_A_0085         N_A_0191         CONDUIT           72.2    9.5510    0.0130
  L_A_0145         N_A_0192         N_A_0028         CONDUIT           37.4    3.9401    0.0130
  L_A_0146         N_A_0028         N_A_0044         CONDUIT           70.0    7.3725    0.0130
  L_A_0147         N_A_0044         N_A_0143         CONDUIT           76.6   16.5670    0.0130
  L_A_0148         N_A_0143         N_A_0141         CONDUIT           73.5   18.6673    0.0130
  L_A_0149         N_A_0141         N_A_0138         CONDUIT           71.3   18.0175    0.0130
  L_A_0150         N_A_0138         N_A_0135         CONDUIT           70.4    6.5215    0.0130
  L_A_0151         N_A_0135         N_A_0131         CONDUIT           74.9    2.6804    0.0130
  L_A_0152         N_A_0131         N_A_0129         CONDUIT           67.4    3.1618    0.0130
  L_A_0153         N_A_0129         N_A_0127         CONDUIT           73.3    5.0858    0.0130
  L_A_0154         N_A_0127         N_A_0159         CONDUIT           70.5    5.3555    0.0130
  L_A_0155         N_A_0159         N_A_0123         CONDUIT           74.6    3.5697    0.0130
  L_A_0156         N_A_0123         N_A_0120         CONDUIT           69.7    2.7054    0.0130
  L_A_0157         N_A_0120         N_A_0151         CONDUIT          133.2    7.3993    0.0130
  L_A_0158         N_A_0151         N_A_0193         CONDUIT           20.2    8.6695    0.0130
  L_A_0159         N_A_0194         N_A_0004         CONDUIT           61.3    4.2074    0.0130
  L_A_0160         N_A_0004         N_A_0187         CONDUIT           68.4   10.7926    0.0130
  L_A_0161         N_A_0187         N_A_0006         CONDUIT           33.2    1.3005    0.0130
  L_A_0162         N_A_0006         N_A_0008         CONDUIT           71.1   10.4508    0.0130
  L_A_0163         N_A_0008         N_A_0011         CONDUIT           73.8    9.5948    0.0130
  L_A_0164         N_A_0011         N_A_0013         CONDUIT           53.6    4.6337    0.0130
  L_A_0165         N_A_0013         N_A_0185         CONDUIT           69.1    6.6372    0.0130
  L_A_0166         N_A_0185         N_A_0016         CONDUIT           27.9   12.2512    0.0130
  L_A_0167         N_A_0016         N_A_0183         CONDUIT          125.9    9.7140    0.0130
  L_A_0168         N_A_0183         N_A_0019         CONDUIT           68.2    7.1126    0.0130
  L_A_0169         N_A_0019         N_A_0178         CONDUIT           78.2    4.4607    0.0130
  L_A_0170         N_A_0178         N_A_0176         CONDUIT           77.2    3.9324    0.0130
  L_A_0171         N_A_0061         N_A_0064         CONDUIT           61.2    2.3847    0.0130
  L_A_0172         N_A_0064         N_A_0068         CONDUIT           65.7    0.3381    0.0130
  L_A_0173         N_A_0068         N_A_0070         CONDUIT          112.1    4.0384    0.0130
  L_A_0174         N_A_0070         N_A_0077         CONDUIT          339.9    3.3809    0.0130
  L_A_0175         N_A_0077         N_A_0195         CONDUIT          177.5    9.2113    0.0130
  L_A_0176         N_A_0196         N_A_0145         CONDUIT          429.7    6.0023    0.0130
  L_A_0177         N_A_0145         N_A_0147         CONDUIT           71.5    2.9292    0.0130
  L_A_0178         N_A_0147         N_A_0112         CONDUIT           69.4    1.4087    0.0130
  L_A_0179         N_A_0112         N_A_0114         CONDUIT          147.8    4.5914    0.0130
  L_A_0180         N_A_0114         N_A_0116         CONDUIT          154.5    5.1098    0.0130
  L_A_0181         N_A_0116         N_A_0118         CONDUIT           72.9    4.1986    0.0130
  L_A_0182         N_A_0118         N_A_0151         CONDUIT           70.0    7.6581    0.0130
  L_A_0183         N_A_0176         N_A_C0022        CONDUIT           53.2    3.7917    0.0130
  L_A_0184         N_A_0191         N_A_C0022        CONDUIT           68.4    0.9149    0.0130
  L_A_0185         N_A_0197         N_A_0191         CONDUIT           63.6    1.3893    0.0130
  L_A_0186         N_A_0198         N_A_C0190        CONDUIT          129.8    4.8255    0.0130
  L_A_0187         N_A_0199         N_A_0200         CONDUIT          127.6    5.9514    0.0130
  L_A_C0022        N_A_C0022        N_A_0022         CONDUIT           10.0    0.5000    0.0130
  L_A_C0074        N_A_C0074        N_A_0074         CONDUIT           10.0    0.5000    0.0130
  L_A_C0109        N_A_C0109        N_A_0109         CONDUIT           10.0    0.5000    0.0130
  L_A_C0125        N_A_C0125        N_A_0125         CONDUIT           10.0    0.5000    0.0130
  L_A_C0139        N_A_C0139        N_A_0139         CONDUIT           10.0    0.5000    0.0130
  L_A_C0190        N_A_C0190        N_A_0190         CONDUIT           10.0    0.5000    0.0130
  
  
  *********************
  Cross Section Summary
  *********************
                                        Full     Full     Hyd.     Max.   No. of     Full
  Conduit          Shape               Depth     Area     Rad.    Width  Barrels     Flow
  ---------------------------------------------------------------------------------------
  L_A_0001         CIRCULAR             0.60     0.28     0.15     0.60        1     1.08
  L_A_0002         CIRCULAR             0.60     0.28     0.15     0.60        1     1.12
  L_A_0003         CIRCULAR             0.60     0.28     0.15     0.60        1     1.63
  L_A_0004         CIRCULAR             0.60     0.28     0.15     0.60        1     1.80
  L_A_0005         CIRCULAR             0.60     0.28     0.15     0.60        1     1.57
  L_A_0006         CIRCULAR             0.60     0.28     0.15     0.60        1     1.60
  L_A_0007         CIRCULAR             0.60     0.28     0.15     0.60        1     0.66
  L_A_0008         CIRCULAR             0.60     0.28     0.15     0.60        1     0.07
  L_A_0009         CIRCULAR             0.60     0.28     0.15     0.60        1     0.78
  L_A_0010         CIRCULAR             0.60     0.28     0.15     0.60        1     1.18
  L_A_0011         CIRCULAR             0.60     0.28     0.15     0.60        1     1.18
  L_A_0012         CIRCULAR             0.60     0.28     0.15     0.60        1     0.84
  L_A_0013         CIRCULAR             0.60     0.28     0.15     0.60        1     1.34
  L_A_0014         CIRCULAR             0.60     0.28     0.15     0.60        1     1.47
  L_A_0015         CIRCULAR             0.60     0.28     0.15     0.60        1     1.43
  L_A_0016         CIRCULAR             0.60     0.28     0.15     0.60        1     1.61
  L_A_0017         CIRCULAR             0.60     0.28     0.15     0.60        1     1.75
  L_A_0018         CIRCULAR             0.60     0.28     0.15     0.60        1     0.19
  L_A_0019         CIRCULAR             0.60     0.28     0.15     0.60        1     1.44
  L_A_0020         CIRCULAR             0.60     0.28     0.15     0.60        1     1.15
  L_A_0021         CIRCULAR             0.60     0.28     0.15     0.60        1     1.32
  L_A_0022         CIRCULAR             0.60     0.28     0.15     0.60        1     0.32
  L_A_0023         CIRCULAR             0.60     0.28     0.15     0.60        1     0.61
  L_A_0024         CIRCULAR             0.60     0.28     0.15     0.60        1     0.58
  L_A_0025         CIRCULAR             0.60     0.28     0.15     0.60        1     0.76
  L_A_0026         CIRCULAR             0.60     0.28     0.15     0.60        1     0.86
  L_A_0027         CIRCULAR             0.60     0.28     0.15     0.60        1     0.41
  L_A_0028         CIRCULAR             0.60     0.28     0.15     0.60        1     0.87
  L_A_0029         CIRCULAR             0.60     0.28     0.15     0.60        1     1.21
  L_A_0030         CIRCULAR             0.60     0.28     0.15     0.60        1     0.44
  L_A_0031         CIRCULAR             0.60     0.28     0.15     0.60        1     0.44
  L_A_0032         CIRCULAR             0.60     0.28     0.15     0.60        1     0.57
  L_A_0033         CIRCULAR             0.60     0.28     0.15     0.60        1     1.91
  L_A_0034         CIRCULAR             0.60     0.28     0.15     0.60        1     1.80
  L_A_0035         CIRCULAR             0.60     0.28     0.15     0.60        1     2.01
  L_A_0036         CIRCULAR             0.60     0.28     0.15     0.60        1     0.87
  L_A_0037         CIRCULAR             0.60     0.28     0.15     0.60        1     1.38
  L_A_0038         CIRCULAR             0.60     0.28     0.15     0.60        1     0.14
  L_A_0039         CIRCULAR             0.60     0.28     0.15     0.60        1     1.60
  L_A_0040         CIRCULAR             0.60     0.28     0.15     0.60        1     0.07
  L_A_0041         CIRCULAR             0.60     0.28     0.15     0.60        1     0.23
  L_A_0042         CIRCULAR             0.60     0.28     0.15     0.60        1     1.51
  L_A_0043         CIRCULAR             0.60     0.28     0.15     0.60        1     1.26
  L_A_0044         CIRCULAR             0.60     0.28     0.15     0.60        1     1.13
  L_A_0045         CIRCULAR             0.60     0.28     0.15     0.60        1     1.57
  L_A_0046         CIRCULAR             0.60     0.28     0.15     0.60        1     0.72
  L_A_0047         CIRCULAR             0.60     0.28     0.15     0.60        1     0.89
  L_A_0048         CIRCULAR             0.60     0.28     0.15     0.60        1     0.68
  L_A_0049         CIRCULAR             0.60     0.28     0.15     0.60        1     1.33
  L_A_0050         CIRCULAR             0.60     0.28     0.15     0.60        1     1.56
  L_A_0051         CIRCULAR             0.60     0.28     0.15     0.60        1     0.73
  L_A_0052         CIRCULAR             0.60     0.28     0.15     0.60        1     0.67
  L_A_0053         CIRCULAR             0.60     0.28     0.15     0.60        1     1.36
  L_A_0054         CIRCULAR             0.60     0.28     0.15     0.60        1     0.53
  L_A_0055         CIRCULAR             0.60     0.28     0.15     0.60        1     1.02
  L_A_0056         CIRCULAR             0.60     0.28     0.15     0.60        1     0.39
  L_A_0057         CIRCULAR             0.60     0.28     0.15     0.60        1     0.13
  L_A_0058         CIRCULAR             0.60     0.28     0.15     0.60        1     0.44
  L_A_0059         CIRCULAR             0.60     0.28     0.15     0.60        1     1.24
  L_A_0060         CIRCULAR             0.60     0.28     0.15     0.60        1     1.67
  L_A_0061         CIRCULAR             0.60     0.28     0.15     0.60        1     1.41
  L_A_0062         CIRCULAR             0.60     0.28     0.15     0.60        1     0.37
  L_A_0063         CIRCULAR             0.60     0.28     0.15     0.60        1     0.16
  L_A_0064         CIRCULAR             0.60     0.28     0.15     0.60        1     0.07
  L_A_0065         CIRCULAR             0.60     0.28     0.15     0.60        1     0.70
  L_A_0066         CIRCULAR             0.60     0.28     0.15     0.60        1     0.37
  L_A_0067         CIRCULAR             0.60     0.28     0.15     0.60        1     1.29
  L_A_0068         CIRCULAR             0.60     0.28     0.15     0.60        1     1.46
  L_A_0069         CIRCULAR             0.60     0.28     0.15     0.60        1     4.33
  L_A_0070         CIRCULAR             0.60     0.28     0.15     0.60        1     1.80
  L_A_0071         CIRCULAR             0.60     0.28     0.15     0.60        1     0.85
  L_A_0072         CIRCULAR             0.60     0.28     0.15     0.60        1     1.78
  L_A_0073         CIRCULAR             0.60     0.28     0.15     0.60        1     1.42
  L_A_0074         CIRCULAR             0.60     0.28     0.15     0.60        1     1.43
  L_A_0075         CIRCULAR             0.60     0.28     0.15     0.60        1     0.82
  L_A_0076         CIRCULAR             0.60     0.28     0.15     0.60        1     0.74
  L_A_0077         CIRCULAR             0.60     0.28     0.15     0.60        1     1.52
  L_A_0078         CIRCULAR             0.60     0.28     0.15     0.60        1     1.44
  L_A_0079         CIRCULAR             0.60     0.28     0.15     0.60        1     1.29
  L_A_0080         CIRCULAR             0.60     0.28     0.15     0.60        1     0.07
  L_A_0081         CIRCULAR             0.60     0.28     0.15     0.60        1     1.43
  L_A_0082         CIRCULAR             0.60     0.28     0.15     0.60        1     1.47
  L_A_0083         CIRCULAR             0.60     0.28     0.15     0.60        1     1.19
  L_A_0084         CIRCULAR             0.60     0.28     0.15     0.60        1     1.01
  L_A_0085         CIRCULAR             0.60     0.28     0.15     0.60        1     0.62
  L_A_0086         CIRCULAR             0.60     0.28     0.15     0.60        1     0.73
  L_A_0087         CIRCULAR             0.60     0.28     0.15     0.60        1     0.35
  L_A_0088         CIRCULAR             0.60     0.28     0.15     0.60        1     4.24
  L_A_0089         CIRCULAR             0.60     0.28     0.15     0.60        1     3.98
  L_A_0090         CIRCULAR             0.60     0.28     0.15     0.60        1     0.69
  L_A_0091         CIRCULAR             0.60     0.28     0.15     0.60        1     0.87
  L_A_0092         CIRCULAR             0.60     0.28     0.15     0.60        1     1.18
  L_A_0093         CIRCULAR             0.60     0.28     0.15     0.60        1     1.82
  L_A_0094         CIRCULAR             0.60     0.28     0.15     0.60        1     0.80
  L_A_0095         CIRCULAR             0.60     0.28     0.15     0.60        1     1.19
  L_A_0096         CIRCULAR             0.60     0.28     0.15     0.60        1     1.18
  L_A_0097         CIRCULAR             0.60     0.28     0.15     0.60        1     2.14
  L_A_0098         CIRCULAR             0.60     0.28     0.15     0.60        1     1.04
  L_A_0099         CIRCULAR             0.60     0.28     0.15     0.60        1     1.61
  L_A_0100         CIRCULAR             0.60     0.28     0.15     0.60        1     2.28
  L_A_0101         CIRCULAR             0.60     0.28     0.15     0.60        1     0.95
  L_A_0102         CIRCULAR             0.60     0.28     0.15     0.60        1     0.61
  L_A_0103         CIRCULAR             0.60     0.28     0.15     0.60        1     0.30
  L_A_0104         CIRCULAR             0.60     0.28     0.15     0.60        1     0.39
  L_A_0105         CIRCULAR             0.60     0.28     0.15     0.60        1     0.89
  L_A_0106         CIRCULAR             0.60     0.28     0.15     0.60        1     0.90
  L_A_0107         CIRCULAR             0.60     0.28     0.15     0.60        1     0.33
  L_A_0108         CIRCULAR             0.60     0.28     0.15     0.60        1     0.18
  L_A_0109         CIRCULAR             0.60     0.28     0.15     0.60        1     0.65
  L_A_0110         CIRCULAR             0.60     0.28     0.15     0.60        1     0.24
  L_A_0111         CIRCULAR             0.60     0.28     0.15     0.60        1     3.98
  L_A_0112         CIRCULAR             0.60     0.28     0.15     0.60        1     4.24
  L_A_0113         CIRCULAR             0.60     0.28     0.15     0.60        1     0.82
  L_A_0114         CIRCULAR             0.60     0.28     0.15     0.60        1     0.98
  L_A_0115         CIRCULAR             0.60     0.28     0.15     0.60        1     1.20
  L_A_0116         CIRCULAR             0.60     0.28     0.15     0.60        1     1.01
  L_A_0117         CIRCULAR             0.60     0.28     0.15     0.60        1     0.68
  L_A_0118         CIRCULAR             0.60     0.28     0.15     0.60        1     1.27
  L_A_0119         CIRCULAR             0.60     0.28     0.15     0.60        1     1.22
  L_A_0120         CIRCULAR             0.60     0.28     0.15     0.60        1     1.29
  L_A_0121         CIRCULAR             0.60     0.28     0.15     0.60        1     1.11
  L_A_0122         CIRCULAR             0.60     0.28     0.15     0.60        1     0.58
  L_A_0123         CIRCULAR             0.60     0.28     0.15     0.60        1     1.13
  L_A_0124         CIRCULAR             0.60     0.28     0.15     0.60        1     1.58
  L_A_0125         CIRCULAR             0.60     0.28     0.15     0.60        1     1.06
  L_A_0126         CIRCULAR             0.60     0.28     0.15     0.60        1     1.28
  L_A_0127         CIRCULAR             0.60     0.28     0.15     0.60        1     1.06
  L_A_0128         CIRCULAR             0.60     0.28     0.15     0.60        1     1.20
  L_A_0129         CIRCULAR             0.60     0.28     0.15     0.60        1     1.57
  L_A_0130         CIRCULAR             0.60     0.28     0.15     0.60        1     1.38
  L_A_0131         CIRCULAR             0.80     0.50     0.20     0.80        1     2.38
  L_A_0132         CIRCULAR             0.80     0.50     0.20     0.80        1     3.10
  L_A_0133         CIRCULAR             0.80     0.50     0.20     0.80        1     4.80
  L_A_0134         CIRCULAR             0.80     0.50     0.20     0.80        1     5.63
  L_A_0135         CIRCULAR             0.80     0.50     0.20     0.80        1     4.20
  L_A_0136         CIRCULAR             0.80     0.50     0.20     0.80        1     4.26
  L_A_0137         CIRCULAR             0.80     0.50     0.20     0.80        1     1.17
  L_A_0138         CIRCULAR             0.80     0.50     0.20     0.80        1     4.29
  L_A_0139         CIRCULAR             0.80     0.50     0.20     0.80        1     4.04
  L_A_0140         CIRCULAR             0.80     0.50     0.20     0.80        1     3.42
  L_A_0141         CIRCULAR             0.80     0.50     0.20     0.80        1     3.26
  L_A_0142         CIRCULAR             0.80     0.50     0.20     0.80        1     2.16
  L_A_0143         CIRCULAR             0.80     0.50     0.20     0.80        1     2.87
  L_A_0144         CIRCULAR             0.80     0.50     0.20     0.80        1     4.09
  L_A_0145         CIRCULAR             0.80     0.50     0.20     0.80        1     2.63
  L_A_0146         CIRCULAR             0.80     0.50     0.20     0.80        1     3.59
  L_A_0147         CIRCULAR             0.80     0.50     0.20     0.80        1     5.38
  L_A_0148         CIRCULAR             0.80     0.50     0.20     0.80        1     5.71
  L_A_0149         CIRCULAR             0.80     0.50     0.20     0.80        1     5.61
  L_A_0150         CIRCULAR             0.80     0.50     0.20     0.80        1     3.38
  L_A_0151         CIRCULAR             0.80     0.50     0.20     0.80        1     2.17
  L_A_0152         CIRCULAR             0.80     0.50     0.20     0.80        1     2.35
  L_A_0153         CIRCULAR             0.80     0.50     0.20     0.80        1     2.98
  L_A_0154         CIRCULAR             0.80     0.50     0.20     0.80        1     3.06
  L_A_0155         CIRCULAR             0.80     0.50     0.20     0.80        1     2.50
  L_A_0156         CIRCULAR             0.80     0.50     0.20     0.80        1     2.18
  L_A_0157         CIRCULAR             0.80     0.50     0.20     0.80        1     3.60
  L_A_0158         CIRCULAR             0.80     0.50     0.20     0.80        1     3.89
  L_A_0159         CIRCULAR             0.80     0.50     0.20     0.80        1     2.71
  L_A_0160         CIRCULAR             0.80     0.50     0.20     0.80        1     4.34
  L_A_0161         CIRCULAR             0.80     0.50     0.20     0.80        1     1.51
  L_A_0162         CIRCULAR             0.80     0.50     0.20     0.80        1     4.28
  L_A_0163         CIRCULAR             0.80     0.50     0.20     0.80        1     4.10
  L_A_0164         CIRCULAR             0.80     0.50     0.20     0.80        1     2.85
  L_A_0165         CIRCULAR             0.80     0.50     0.20     0.80        1     3.41
  L_A_0166         CIRCULAR             0.80     0.50     0.20     0.80        1     4.63
  L_A_0167         CIRCULAR             0.80     0.50     0.20     0.80        1     4.12
  L_A_0168         CIRCULAR             0.80     0.50     0.20     0.80        1     3.53
  L_A_0169         CIRCULAR             0.80     0.50     0.20     0.80        1     2.79
  L_A_0170         CIRCULAR             0.80     0.50     0.20     0.80        1     2.62
  L_A_0171         CIRCULAR             0.80     0.50     0.20     0.80        1     2.04
  L_A_0172         CIRCULAR             0.80     0.50     0.20     0.80        1     0.77
  L_A_0173         CIRCULAR             0.80     0.50     0.20     0.80        1     2.66
  L_A_0174         CIRCULAR             0.80     0.50     0.20     0.80        1     2.43
  L_A_0175         CIRCULAR             0.80     0.50     0.20     0.80        1     4.01
  L_A_0176         CIRCULAR             0.80     0.50     0.20     0.80        1     3.24
  L_A_0177         CIRCULAR             0.80     0.50     0.20     0.80        1     2.26
  L_A_0178         CIRCULAR             0.80     0.50     0.20     0.80        1     1.57
  L_A_0179         CIRCULAR             0.80     0.50     0.20     0.80        1     2.83
  L_A_0180         CIRCULAR             0.80     0.50     0.20     0.80        1     2.99
  L_A_0181         CIRCULAR             0.80     0.50     0.20     0.80        1     2.71
  L_A_0182         CIRCULAR             0.80     0.50     0.20     0.80        1     3.66
  L_A_0183         CIRCULAR             0.80     0.50     0.20     0.80        1     2.58
  L_A_0184         CIRCULAR             0.80     0.50     0.20     0.80        1     1.27
  L_A_0185         CIRCULAR             0.80     0.50     0.20     0.80        1     1.56
  L_A_0186         CIRCULAR             0.80     0.50     0.20     0.80        1     2.91
  L_A_0187         CIRCULAR             0.80     0.50     0.20     0.80        1     3.23
  L_A_C0022        CIRCULAR             0.80     0.50     0.20     0.80        1     0.94
  L_A_C0074        CIRCULAR             0.60     0.28     0.15     0.60        1     0.43
  L_A_C0109        CIRCULAR             0.60     0.28     0.15     0.60        1     0.43
  L_A_C0125        CIRCULAR             0.60     0.28     0.15     0.60        1     0.43
  L_A_C0139        CIRCULAR             0.60     0.28     0.15     0.60        1     0.43
  L_A_C0190        CIRCULAR             0.80     0.50     0.20     0.80        1     0.94
  
  
  ****************
  Analysis Options
  ****************
  Flow Units ............... CMS
  Process Models:
    Rainfall/Runoff ........ YES
    RDII ................... NO
    Snowmelt ............... NO
    Groundwater ............ NO
    Flow Routing ........... YES
    Ponding Allowed ........ YES
    Water Quality .......... NO
  Infiltration Method ...... CURVE_NUMBER
  Flow Routing Method ...... DYNWAVE
  Surcharge Method ......... EXTRAN
  Starting Date ............ 01/01/2026 00:00:00
  Ending Date .............. 01/01/2026 06:00:00
  Antecedent Dry Days ...... 0.0
  Report Time Step ......... 00:01:00
  Wet Time Step ............ 00:01:00
  Dry Time Step ............ 01:00:00
  Routing Time Step ........ 20.00 sec
  Variable Time Step ....... YES
  Maximum Trials ........... 20
  Number of Threads ........ 4
  Head Tolerance ........... 0.000500 m
  
  
  **************************        Volume         Depth
  Runoff Quantity Continuity     hectare-m            mm
  **************************     ---------       -------
  Total Precipitation ......        20.654       116.234
  Evaporation Loss .........         0.000         0.000
  Infiltration Loss ........         6.243        35.132
  Surface Runoff ...........        14.200        79.913
  Final Storage ............         0.215         1.209
  Continuity Error (%) .....        -0.018
  
  
  **************************        Volume        Volume
  Flow Routing Continuity        hectare-m      10^6 ltr
  **************************     ---------     ---------
  Dry Weather Inflow .......         0.000         0.000
  Wet Weather Inflow .......        14.200       142.002
  Groundwater Inflow .......         0.000         0.000
  RDII Inflow ..............         0.000         0.000
  External Inflow ..........         0.000         0.000
  External Outflow .........        14.061       140.612
  Flooding Loss ............         0.140         1.396
  Evaporation Loss .........         0.000         0.000
  Exfiltration Loss ........         0.000         0.000
  Initial Stored Volume ....         0.000         0.000
  Final Stored Volume ......         0.000         0.001
  Continuity Error (%) .....        -0.005
  
  
  ***************************
  Time-Step Critical Elements
  ***************************
  Link L_A_0069 (93.60%)
  Link L_A_0086 (5.36%)
  
  
  ********************************
  Highest Flow Instability Indexes
  ********************************
  Link L_A_0080 (33)
  Link L_A_0157 (25)
  Link L_A_0101 (12)
  Link L_A_0185 (4)
  Link L_A_0088 (4)
  
  
  *********************************
  Most Frequent Nonconverging Nodes
  *********************************
  Node N_A_0002 (4.57%)
  Node N_A_0014 (4.57%)
  Node N_A_0015 (4.57%)
  Node N_A_0022 (4.57%)
  Node N_A_0029 (4.57%)
  
  
  *************************
  Routing Time Step Summary
  *************************
  Minimum Time Step           :     0.01 sec
  Average Time Step           :     0.85 sec
  Maximum Time Step           :    20.00 sec
  % of Time in Steady State   :     0.00
  Average Iterations per Step :     4.60
  % of Steps Not Converging   :     4.57
  Time Step Frequencies       :
     20.000 -  9.564 sec      :     0.01 %
      9.564 -  4.573 sec      :     4.90 %
      4.573 -  2.187 sec      :     0.94 %
      2.187 -  1.046 sec      :    12.56 %
      1.046 -  0.500 sec      :    81.58 %
  
  
  ***************************
  Subcatchment Runoff Summary
  ***************************
  
  ------------------------------------------------------------------------------------------------------------------------------
                            Total      Total      Total      Total     Imperv       Perv      Total       Total     Peak  Runoff
                           Precip      Runon       Evap      Infil     Runoff     Runoff     Runoff      Runoff   Runoff   Coeff
  Subcatchment                 mm         mm         mm         mm         mm         mm         mm    10^6 ltr      CMS
  ------------------------------------------------------------------------------------------------------------------------------
  SC_A_0001                116.23       0.00       0.00      36.07      34.54      44.44      78.98        1.73     0.64   0.680
  SC_A_0002                116.23       0.00       0.00      34.54      34.55      45.96      80.51        1.33     0.60   0.693
  SC_A_0003                116.23       0.00       0.00      33.73      34.55      46.76      81.31        0.49     0.25   0.700
  SC_A_0004                116.23       0.00       0.00      33.95      34.55      46.56      81.10        1.03     0.50   0.698
  SC_A_0005                116.23       0.00       0.00      34.94      34.54      45.56      80.11        1.19     0.51   0.689
  SC_A_0006                116.23       0.00       0.00      34.14      34.55      46.36      80.91        1.03     0.49   0.696
  SC_A_0007                116.23       0.00       0.00      34.06      34.55      46.44      80.99        0.69     0.33   0.697
  SC_A_0008                116.23       0.00       0.00      35.09      34.54      45.42      79.96        1.13     0.47   0.688
  SC_A_0009                116.23       0.00       0.00      34.50      34.55      46.00      80.55        0.88     0.40   0.693
  SC_A_0010                116.23       0.00       0.00      34.14      34.55      46.36      80.91        0.28     0.13   0.696
  SC_A_0011                116.23       0.00       0.00      34.25      34.55      46.25      80.80        0.27     0.13   0.695
  SC_A_0012                116.23       0.00       0.00      34.72      34.54      45.77      80.31        1.04     0.46   0.691
  SC_A_0013                116.23       0.00       0.00      33.81      34.55      46.71      81.26        0.35     0.18   0.699
  SC_A_0014                116.23       0.00       0.00      34.10      34.55      46.42      80.97        1.34     0.64   0.697
  SC_A_0015                116.23       0.00       0.00      33.77      34.55      46.73      81.28        1.02     0.51   0.699
  SC_A_0016                116.23       0.00       0.00      34.32      34.55      46.18      80.72        1.35     0.63   0.694
  SC_A_0017                116.23       0.00       0.00      34.35      34.55      46.16      80.71        1.39     0.64   0.694
  SC_A_0018                116.23       0.00       0.00      34.28      34.55      46.23      80.78        0.40     0.19   0.695
  SC_A_0019                116.23       0.00       0.00      34.03      34.55      46.46      81.01        0.53     0.26   0.697
  SC_A_0020                116.23       0.00       0.00      34.06      34.55      46.45      81.00        0.72     0.34   0.697
  SC_A_0021                116.23       0.00       0.00      34.03      34.55      46.49      81.04        0.68     0.33   0.697
  SC_A_0022                116.23       0.00       0.00      34.39      34.55      46.11      80.65        1.03     0.48   0.694
  SC_A_0023                116.23       0.00       0.00      36.55      34.54      43.96      78.50        8.82     3.10   0.675
  SC_A_0024                116.23       0.00       0.00      38.12      34.53      42.37      76.90       18.49     5.71   0.662
  SC_A_0025                116.23       0.00       0.00      34.17      34.55      46.35      80.89        0.50     0.24   0.696
  SC_A_0026                116.23       0.00       0.00      34.54      34.55      45.97      80.51        0.81     0.36   0.693
  SC_A_0027                116.23       0.00       0.00      34.39      34.55      46.11      80.65        0.11     0.05   0.694
  SC_A_0028                116.23       0.00       0.00      34.54      34.55      45.98      80.53        0.41     0.18   0.693
  SC_A_0029                116.23       0.00       0.00      34.28      34.55      46.21      80.76        0.31     0.15   0.695
  SC_A_0030                116.23       0.00       0.00      33.48      34.55      47.02      81.57        0.86     0.44   0.702
  SC_A_0031                116.23       0.00       0.00      33.95      34.55      46.57      81.11        0.26     0.13   0.698
  SC_A_0032                116.23       0.00       0.00      34.39      34.55      46.11      80.66        0.70     0.32   0.694
  SC_A_0033                116.23       0.00       0.00      34.46      34.55      46.06      80.60        0.37     0.17   0.693
  SC_A_0034                116.23       0.00       0.00      33.95      34.55      46.56      81.11        0.17     0.08   0.698
  SC_A_0035                116.23       0.00       0.00      34.61      34.55      45.88      80.42        0.95     0.42   0.692
  SC_A_0036                116.23       0.00       0.00      33.77      34.55      46.73      81.28        0.10     0.05   0.699
  SC_A_0037                116.23       0.00       0.00      35.01      34.54      45.48      80.02        0.93     0.39   0.688
  SC_A_0038                116.23       0.00       0.00      34.43      34.55      46.07      80.61        0.31     0.14   0.694
  SC_A_0039                116.23       0.00       0.00      34.87      34.54      45.64      80.19        1.29     0.55   0.690
  SC_A_0040                116.23       0.00       0.00      34.35      34.55      46.13      80.68        0.40     0.18   0.694
  SC_A_0041                116.23       0.00       0.00      34.79      34.54      45.71      80.25        0.95     0.41   0.690
  SC_A_0043                116.23       0.00       0.00      33.92      34.55      46.60      81.15        0.07     0.04   0.698
  SC_A_0044                116.23       0.00       0.00      35.23      34.54      45.28      79.82        1.11     0.46   0.687
  SC_A_0045                116.23       0.00       0.00      34.25      34.55      46.27      80.82        0.13     0.06   0.695
  SC_A_0046                116.23       0.00       0.00      34.25      34.55      46.25      80.80        0.41     0.19   0.695
  SC_A_0047                116.23       0.00       0.00      34.79      34.54      45.72      80.26        0.87     0.38   0.691
  SC_A_0048                116.23       0.00       0.00      34.68      34.55      45.83      80.38        0.68     0.30   0.692
  SC_A_0049                116.23       0.00       0.00      33.99      34.55      46.52      81.07        0.45     0.22   0.697
  SC_A_0050                116.23       0.00       0.00      33.95      34.55      46.54      81.09        0.21     0.10   0.698
  SC_A_0051                116.23       0.00       0.00      35.23      34.54      45.27      79.82        1.08     0.44   0.687
  SC_A_0052                116.23       0.00       0.00      34.14      34.55      46.38      80.93        1.19     0.57   0.696
  SC_A_0053                116.23       0.00       0.00      33.92      34.55      46.58      81.13        0.44     0.21   0.698
  SC_A_0054                116.23       0.00       0.00      34.54      34.55      45.97      80.51        0.30     0.13   0.693
  SC_A_0055                116.23       0.00       0.00      34.03      34.55      46.48      81.03        0.45     0.22   0.697
  SC_A_0056                116.23       0.00       0.00      34.39      34.55      46.09      80.64        0.12     0.06   0.694
  SC_A_0057                116.23       0.00       0.00      34.25      34.55      46.25      80.80        0.29     0.14   0.695
  SC_A_0058                116.23       0.00       0.00      34.03      34.55      46.48      81.03        0.13     0.06   0.697
  SC_A_0059                116.23       0.00       0.00      34.43      34.55      46.07      80.62        0.28     0.13   0.694
  SC_A_0060                116.23       0.00       0.00      33.88      34.55      46.63      81.18        0.27     0.13   0.698
  SC_A_0061                116.23       0.00       0.00      35.16      34.54      45.33      79.87        1.53     0.63   0.687
  SC_A_0062                116.23       0.00       0.00      34.94      34.54      45.56      80.10        1.20     0.51   0.689
  SC_A_0063                116.23       0.00       0.00      34.54      34.55      45.96      80.50        0.13     0.06   0.693
  SC_A_0064                116.23       0.00       0.00      34.54      34.55      45.98      80.52        1.12     0.51   0.693
  SC_A_0065                116.23       0.00       0.00      34.14      34.55      46.35      80.90        0.26     0.13   0.696
  SC_A_0066                116.23       0.00       0.00      34.28      34.55      46.22      80.77        0.20     0.10   0.695
  SC_A_0067                116.23       0.00       0.00      34.25      34.55      46.26      80.81        0.35     0.16   0.695
  SC_A_0068                116.23       0.00       0.00      34.43      34.55      46.07      80.62        0.35     0.16   0.694
  SC_A_0069                116.23       0.00       0.00      35.82      34.54      44.69      79.23        1.51     0.57   0.682
  SC_A_0070                116.23       0.00       0.00      34.10      34.55      46.41      80.96        0.05     0.03   0.696
  SC_A_0071                116.23       0.00       0.00      34.10      34.55      46.41      80.96        0.39     0.19   0.697
  SC_A_0072                116.23       0.00       0.00      34.03      34.55      46.49      81.04        0.35     0.17   0.697
  SC_A_0073                116.23       0.00       0.00      34.28      34.55      46.21      80.75        0.21     0.10   0.695
  SC_A_0074                116.23       0.00       0.00      34.46      34.55      46.04      80.59        0.34     0.15   0.693
  SC_A_0075                116.23       0.00       0.00      34.35      34.55      46.16      80.71        0.67     0.31   0.694
  SC_A_0076                116.23       0.00       0.00      34.03      34.55      46.47      81.02        0.26     0.13   0.697
  SC_A_0077                116.23       0.00       0.00      35.30      34.54      45.19      79.73        0.72     0.29   0.686
  SC_A_0078                116.23       0.00       0.00      33.70      34.55      46.80      81.36        0.43     0.22   0.700
  SC_A_0079                116.23       0.00       0.00      33.81      34.55      46.70      81.25        0.44     0.22   0.699
  SC_A_0080                116.23       0.00       0.00      34.25      34.55      46.26      80.81        0.49     0.23   0.695
  SC_A_0081                116.23       0.00       0.00      33.92      34.55      46.58      81.13        0.28     0.14   0.698
  SC_A_0082                116.23       0.00       0.00      34.06      34.55      46.43      80.97        0.56     0.27   0.697
  SC_A_0083                116.23       0.00       0.00      34.87      34.54      45.63      80.18        0.18     0.08   0.690
  SC_A_0084                116.23       0.00       0.00      34.25      34.55      46.25      80.80        0.61     0.29   0.695
  SC_A_0085                116.23       0.00       0.00      33.95      34.55      46.56      81.11        0.20     0.10   0.698
  SC_A_0086                116.23       0.00       0.00      34.03      34.55      46.49      81.03        0.28     0.14   0.697
  SC_A_0087                116.23       0.00       0.00      36.44      34.54      44.08      78.61        1.16     0.41   0.676
  SC_A_0088                116.23       0.00       0.00      34.57      34.55      45.94      80.49        0.72     0.32   0.692
  SC_A_0089                116.23       0.00       0.00      34.17      34.55      46.35      80.89        0.56     0.27   0.696
  SC_A_0090                116.23       0.00       0.00      34.25      34.55      46.25      80.80        0.59     0.28   0.695
  SC_A_0091                116.23       0.00       0.00      34.03      34.55      46.47      81.02        0.45     0.22   0.697
  SC_A_0092                116.23       0.00       0.00      34.17      34.55      46.34      80.89        0.31     0.15   0.696
  SC_A_0093                116.23       0.00       0.00      32.60      34.53      47.94      82.48        0.00     0.00   0.710
  SC_A_0094                116.23       0.00       0.00      34.50      34.55      46.01      80.55        0.12     0.05   0.693
  SC_A_0095                116.23       0.00       0.00      34.25      34.55      46.26      80.81        0.51     0.24   0.695
  SC_A_0096                116.23       0.00       0.00      34.06      34.55      46.45      81.00        0.45     0.22   0.697
  SC_A_0097                116.23       0.00       0.00      35.49      34.54      45.01      79.55        1.13     0.45   0.684
  SC_A_0098                116.23       0.00       0.00      34.43      34.55      46.07      80.62        0.50     0.23   0.694
  SC_A_0099                116.23       0.00       0.00      35.09      34.54      45.40      79.95        0.78     0.33   0.688
  SC_A_0100                116.23       0.00       0.00      33.11      34.55      47.39      81.94        0.02     0.01   0.705
  SC_A_0101                116.23       0.00       0.00      33.81      34.55      46.69      81.24        0.37     0.18   0.699
  SC_A_0102                116.23       0.00       0.00      33.59      34.55      46.93      81.48        0.06     0.03   0.701
  SC_A_0103                116.23       0.00       0.00      34.10      34.55      46.40      80.95        0.70     0.34   0.696
  SC_A_0104                116.23       0.00       0.00      33.73      34.55      46.77      81.32        0.49     0.25   0.700
  SC_A_0105                116.23       0.00       0.00      34.76      34.54      45.75      80.29        1.35     0.59   0.691
  SC_A_0106                116.23       0.00       0.00      34.03      34.55      46.49      81.03        0.34     0.16   0.697
  SC_A_0107                116.23       0.00       0.00      33.55      34.55      46.96      81.51        0.25     0.13   0.701
  SC_A_0108                116.23       0.00       0.00      33.81      34.55      46.71      81.25        0.08     0.04   0.699
  SC_A_0109                116.23       0.00       0.00      33.66      34.55      46.84      81.39        0.13     0.07   0.700
  SC_A_0110                116.23       0.00       0.00      32.64      34.54      47.89      82.42        0.00     0.00   0.709
  SC_A_0111                116.23       0.00       0.00      32.64      34.54      47.88      82.42        0.00     0.00   0.709
  SC_A_0112                116.23       0.00       0.00      33.95      34.55      46.56      81.11        0.43     0.21   0.698
  SC_A_0113                116.23       0.00       0.00      34.25      34.55      46.26      80.80        0.24     0.11   0.695
  SC_A_0114                116.23       0.00       0.00      34.14      34.55      46.38      80.93        0.38     0.18   0.696
  SC_A_0115                116.23       0.00       0.00      33.84      34.55      46.68      81.23        0.48     0.24   0.699
  SC_A_0116                116.23       0.00       0.00      34.21      34.55      46.30      80.85        0.26     0.12   0.696
  SC_A_0117                116.23       0.00       0.00      34.17      34.55      46.32      80.87        0.49     0.23   0.696
  SC_A_0118                116.23       0.00       0.00      34.25      34.55      46.25      80.79        0.44     0.21   0.695
  SC_A_0119                116.23       0.00       0.00      33.04      34.55      47.49      82.04        0.03     0.02   0.706
  SC_A_0120                116.23       0.00       0.00      32.64      34.54      47.89      82.43        0.00     0.00   0.709
  SC_A_0121                116.23       0.00       0.00      34.72      34.54      45.79      80.34        1.31     0.58   0.691
  SC_A_0122                116.23       0.00       0.00      34.46      34.55      46.05      80.60        0.51     0.23   0.693
  SC_A_0123                116.23       0.00       0.00      34.39      34.55      46.13      80.67        0.69     0.32   0.694
  SC_A_0124                116.23       0.00       0.00      34.10      34.55      46.41      80.96        0.20     0.09   0.697
  SC_A_0125                116.23       0.00       0.00      34.83      34.54      45.67      80.22        1.25     0.54   0.690
  SC_A_0126                116.23       0.00       0.00      34.72      34.54      45.78      80.32        0.79     0.35   0.691
  SC_A_0127                116.23       0.00       0.00      34.28      34.55      46.23      80.77        0.70     0.33   0.695
  SC_A_0128                116.23       0.00       0.00      34.39      34.55      46.13      80.67        0.53     0.24   0.694
  SC_A_0129                116.23       0.00       0.00      33.62      34.55      46.87      81.42        0.32     0.16   0.701
  SC_A_0130                116.23       0.00       0.00      34.39      34.55      46.11      80.66        0.77     0.35   0.694
  SC_A_0131                116.23       0.00       0.00      33.95      34.55      46.53      81.08        0.21     0.10   0.698
  SC_A_0132                116.23       0.00       0.00      33.51      34.55      46.99      81.54        0.50     0.26   0.702
  SC_A_0133                116.23       0.00       0.00      34.10      34.55      46.42      80.97        0.68     0.33   0.697
  SC_A_0134                116.23       0.00       0.00      33.95      34.55      46.57      81.12        0.27     0.13   0.698
  SC_A_0135                116.23       0.00       0.00      34.10      34.55      46.39      80.94        0.40     0.19   0.696
  SC_A_0136                116.23       0.00       0.00      34.03      34.55      46.47      81.02        0.39     0.19   0.697
  SC_A_0137                116.23       0.00       0.00      34.28      34.55      46.23      80.77        0.53     0.25   0.695
  SC_A_0138                116.23       0.00       0.00      34.17      34.55      46.33      80.88        0.49     0.23   0.696
  SC_A_0139                116.23       0.00       0.00      34.83      34.54      45.66      80.20        1.15     0.50   0.690
  SC_A_0140                116.23       0.00       0.00      34.14      34.55      46.38      80.93        0.88     0.42   0.696
  SC_A_0141                116.23       0.00       0.00      33.59      34.55      46.90      81.45        0.51     0.26   0.701
  SC_A_0142                116.23       0.00       0.00      34.87      34.54      45.62      80.17        0.33     0.14   0.690
  SC_A_0143                116.23       0.00       0.00      33.30      34.55      47.21      81.76        0.08     0.04   0.703
  SC_A_0144                116.23       0.00       0.00      35.20      34.54      45.30      79.84        2.07     0.85   0.687
  SC_A_0145                116.23       0.00       0.00      33.55      34.55      46.95      81.50        0.15     0.08   0.701
  SC_A_0146                116.23       0.00       0.00      32.78      34.55      47.76      82.30        0.01     0.00   0.708
  SC_A_0147                116.23       0.00       0.00      34.21      34.55      46.28      80.82        0.54     0.26   0.695
  SC_A_0148                116.23       0.00       0.00      33.62      34.55      46.89      81.44        0.69     0.35   0.701
  SC_A_0149                116.23       0.00       0.00      33.48      34.55      47.03      81.58        0.09     0.05   0.702
  SC_A_0150                116.23       0.00       0.00      34.65      34.55      45.85      80.40        0.41     0.18   0.692
  SC_A_0151                116.23       0.00       0.00      33.30      34.55      47.21      81.76        0.04     0.02   0.703
  SC_A_0152                116.23       0.00       0.00      33.22      34.55      47.28      81.83        0.60     0.32   0.704
  SC_A_0153                116.23       0.00       0.00      34.17      34.55      46.32      80.87        0.74     0.35   0.696
  SC_A_0154                116.23       0.00       0.00      33.70      34.55      46.81      81.36        0.36     0.18   0.700
  SC_A_0155                116.23       0.00       0.00      33.92      34.55      46.58      81.13        0.41     0.20   0.698
  SC_A_0156                116.23       0.00       0.00      34.14      34.55      46.39      80.93        0.96     0.46   0.696
  SC_A_0157                116.23       0.00       0.00      34.32      34.55      46.17      80.72        1.31     0.61   0.694
  SC_A_0158                116.23       0.00       0.00      34.21      34.55      46.30      80.85        0.44     0.21   0.696
  SC_A_0159                116.23       0.00       0.00      34.17      34.55      46.33      80.88        0.67     0.32   0.696
  SC_A_0160                116.23       0.00       0.00      34.14      34.55      46.36      80.90        0.41     0.20   0.696
  SC_A_0161                116.23       0.00       0.00      34.57      34.55      45.94      80.48        0.80     0.36   0.692
  SC_A_0162                116.23       0.00       0.00      34.03      34.55      46.49      81.04        0.27     0.13   0.697
  SC_A_0163                116.23       0.00       0.00      34.28      34.55      46.23      80.77        0.74     0.35   0.695
  SC_A_0164                116.23       0.00       0.00      34.06      34.55      46.46      81.00        0.55     0.27   0.697
  SC_A_0165                116.23       0.00       0.00      33.81      34.55      46.69      81.24        0.57     0.28   0.699
  SC_A_0166                116.23       0.00       0.00      33.92      34.55      46.59      81.14        0.57     0.28   0.698
  SC_A_0167                116.23       0.00       0.00      34.50      34.55      46.00      80.55        0.63     0.29   0.693
  SC_A_0168                116.23       0.00       0.00      34.32      34.55      46.19      80.74        0.33     0.15   0.695
  SC_A_0169                116.23       0.00       0.00      34.32      34.55      46.19      80.73        0.76     0.35   0.695
  SC_A_0170                116.23       0.00       0.00      33.84      34.55      46.66      81.21        0.55     0.27   0.699
  SC_A_0171                116.23       0.00       0.00      34.17      34.55      46.33      80.88        0.65     0.31   0.696
  SC_A_0172                116.23       0.00       0.00      33.44      34.55      47.05      81.60        0.10     0.05   0.702
  SC_A_0173                116.23       0.00       0.00      33.92      34.55      46.57      81.12        0.75     0.37   0.698
  SC_A_0174                116.23       0.00       0.00      34.68      34.54      45.81      80.35        0.83     0.36   0.691
  SC_A_0175                116.23       0.00       0.00      34.14      34.55      46.39      80.93        0.16     0.07   0.696
  SC_A_0176                116.23       0.00       0.00      33.55      34.55      46.95      81.50        0.09     0.05   0.701
  SC_A_0177                116.23       0.00       0.00      33.70      34.55      46.81      81.36        0.15     0.07   0.700
  SC_A_0178                116.23       0.00       0.00      34.35      34.55      46.14      80.68        0.58     0.27   0.694
  SC_A_0179                116.23       0.00       0.00      33.99      34.55      46.51      81.06        0.70     0.34   0.697
  SC_A_0180                116.23       0.00       0.00      33.55      34.55      46.96      81.51        0.11     0.06   0.701
  SC_A_0181                116.23       0.00       0.00      34.03      34.55      46.49      81.04        0.31     0.15   0.697
  SC_A_0182                116.23       0.00       0.00      33.95      34.55      46.56      81.11        0.72     0.35   0.698
  SC_A_0183                116.23       0.00       0.00      33.92      34.55      46.59      81.14        0.52     0.26   0.698
  SC_A_0184                116.23       0.00       0.00      34.94      34.54      45.55      80.09        0.81     0.34   0.689
  SC_A_0185                116.23       0.00       0.00      34.25      34.55      46.27      80.82        0.61     0.29   0.695
  SC_A_0186                116.23       0.00       0.00      33.51      34.55      46.98      81.53        0.08     0.04   0.701
  SC_A_0187                116.23       0.00       0.00      34.83      34.54      45.69      80.23        0.66     0.29   0.690
  SC_A_0188                116.23       0.00       0.00      33.59      34.55      46.91      81.46        0.15     0.08   0.701
  SC_A_0189                116.23       0.00       0.00      34.35      34.55      46.15      80.69        0.43     0.20   0.694
  SC_A_0190                116.23       0.00       0.00      34.28      34.55      46.21      80.76        0.62     0.29   0.695
  SC_A_0191                116.23       0.00       0.00      34.87      34.54      45.64      80.19        0.70     0.30   0.690
  SC_A_0192                116.23       0.00       0.00      34.50      34.55      46.01      80.55        0.56     0.25   0.693
  SC_A_0193                116.23       0.00       0.00      34.87      34.54      45.62      80.17        0.93     0.40   0.690
  SC_A_0194                116.23       0.00       0.00      36.04      34.54      44.45      78.99        0.80     0.30   0.680
  SC_A_0195                116.23       0.00       0.00      34.50      34.55      46.00      80.55        0.22     0.10   0.693
  SC_A_0196                116.23       0.00       0.00      35.82      34.54      44.67      79.21        0.96     0.36   0.681
  SC_A_0197                116.23       0.00       0.00      34.50      34.55      46.01      80.55        0.30     0.14   0.693
  SC_A_0198                116.23       0.00       0.00      33.15      34.55      47.35      81.90        0.02     0.01   0.705
  SC_A_0199                116.23       0.00       0.00      34.94      34.54      45.56      80.10        0.80     0.34   0.689
  SC_A_0200                116.23       0.00       0.00      34.17      34.55      46.34      80.89        0.27     0.13   0.696
  SC_A_0201                116.23       0.00       0.00      35.63      34.54      44.85      79.39        1.49     0.58   0.683
  SC_A_0202                116.23       0.00       0.00      34.83      34.54      45.67      80.21        0.58     0.25   0.690
  SC_A_0203                116.23       0.00       0.00      34.28      34.55      46.21      80.76        0.39     0.18   0.695
  SC_A_0204                116.23       0.00       0.00      35.01      34.54      45.48      80.03        1.11     0.47   0.689
  SC_A_0205                116.23       0.00       0.00      35.49      34.54      45.03      79.57        1.15     0.46   0.685
  SC_A_0206                116.23       0.00       0.00      34.32      34.55      46.20      80.74        0.25     0.12   0.695
  SC_A_0207                116.23       0.00       0.00      34.61      34.55      45.90      80.44        0.66     0.29   0.692
  SC_A_0208                116.23       0.00       0.00      36.44      34.54      44.04      78.58        0.53     0.19   0.676
  
  
  ******************
  Node Depth Summary
  ******************
  
  ---------------------------------------------------------------------------------
                                 Average  Maximum  Maximum  Time of Max    Reported
                                   Depth    Depth      HGL   Occurrence   Max Depth
  Node                 Type       Meters   Meters   Meters  days hr:min      Meters
  ---------------------------------------------------------------------------------
  N_A_0001             JUNCTION     0.07     0.21   113.48     0  01:05        0.21
  N_A_0003             JUNCTION     0.07     0.21   111.29     0  01:05        0.21
  N_A_0004             JUNCTION     0.07     0.21   104.20     0  01:05        0.21
  N_A_0005             JUNCTION     0.06     0.17   109.62     0  01:05        0.17
  N_A_0006             JUNCTION     0.10     0.33    96.54     0  01:05        0.33
  N_A_0007             JUNCTION     0.05     0.17   105.17     0  01:05        0.17
  N_A_0008             JUNCTION     0.13     0.45    89.27     0  01:05        0.45
  N_A_0009             JUNCTION     0.06     0.27    89.28     0  01:05        0.27
  N_A_0010             JUNCTION     0.05     0.17    94.04     0  01:05        0.17
  N_A_0011             JUNCTION     0.19     3.38    85.16     0  01:05        0.90
  N_A_0012             JUNCTION     0.10     0.36    81.56     0  01:05        0.36
  N_A_0013             JUNCTION     0.17     0.60    79.90     0  01:05        0.60
  N_A_0016             JUNCTION     0.23     6.13    77.46     0  01:02        3.40
  N_A_0017             JUNCTION     0.18    10.00    73.09     0  01:00        1.96
  N_A_0018             JUNCTION     0.92    10.00    66.70     0  00:58        8.17
  N_A_0019             JUNCTION     1.34    10.00    64.32     0  00:56       10.00
  N_A_0020             JUNCTION     0.63    10.00    68.66     0  00:59        6.25
  N_A_0021             JUNCTION     0.05     0.16    56.42     0  01:05        0.16
  N_A_0023             JUNCTION     0.04     0.12   119.02     0  01:05        0.12
  N_A_0024             JUNCTION     0.09     0.32   116.89     0  01:05        0.32
  N_A_0025             JUNCTION     0.15     9.36   122.13     0  01:04        2.48
  N_A_0026             JUNCTION     0.32    10.00   117.72     0  01:01        5.03
  N_A_0027             JUNCTION     0.75    10.00   111.90     0  01:01        5.91
  N_A_0028             JUNCTION     0.10     0.38   102.43     0  01:05        0.37
  N_A_0030             JUNCTION     0.04     0.13   108.68     0  01:05        0.13
  N_A_0031             JUNCTION     0.03     0.09   112.46     0  01:05        0.09
  N_A_0033             JUNCTION     0.01     0.04   116.60     0  01:05        0.04
  N_A_0035             JUNCTION     0.07     0.22   117.71     0  01:05        0.22
  N_A_0037             JUNCTION     0.15     0.46   123.99     0  01:05        0.45
  N_A_0039             JUNCTION     0.11     0.33   118.49     0  01:05        0.33
  N_A_0040             JUNCTION     0.08     0.26   115.93     0  01:05        0.26
  N_A_0041             JUNCTION     0.09    10.00   121.72     0  01:05        1.31
  N_A_0044             JUNCTION     0.07     0.24    97.15     0  01:05        0.24
  N_A_0045             JUNCTION     0.04     0.12   121.26     0  01:05        0.12
  N_A_0046             JUNCTION     0.13     0.38   102.82     0  01:05        0.37
  N_A_0047             JUNCTION     0.13     0.44   113.68     0  01:05        0.44
  N_A_0048             JUNCTION     0.13     0.37   112.07     0  01:05        0.37
  N_A_0049             JUNCTION     0.15     0.50   117.74     0  01:05        0.49
  N_A_0050             JUNCTION     0.13     0.38   115.92     0  01:05        0.38
  N_A_0051             JUNCTION     0.09     0.23   121.44     0  01:05        0.23
  N_A_0052             JUNCTION     0.10     0.28   118.44     0  01:05        0.28
  N_A_0053             JUNCTION     0.06     0.16   110.37     0  01:05        0.16
  N_A_0054             JUNCTION     0.15     0.49    77.45     0  01:05        0.49
  N_A_0055             JUNCTION     0.06     0.18   106.80     0  01:05        0.18
  N_A_0056             JUNCTION     0.17     0.53    90.30     0  01:05        0.52
  N_A_0057             JUNCTION     0.04     0.15    92.55     0  01:05        0.15
  N_A_0058             JUNCTION     0.47     9.50    69.98     0  01:02        6.99
  N_A_0059             JUNCTION     0.04     0.14    55.35     0  01:05        0.14
  N_A_0060             JUNCTION     0.04     0.12    54.26     0  01:05        0.12
  N_A_0061             JUNCTION     0.06     0.20    47.34     0  01:05        0.20
  N_A_0062             JUNCTION     0.08     0.20    55.66     0  01:05        0.20
  N_A_0063             JUNCTION     0.04     0.13    55.56     0  01:05        0.13
  N_A_0064             JUNCTION     0.11     0.35    46.04     0  01:05        0.35
  N_A_0066             JUNCTION     0.06     0.20    54.81     0  01:05        0.20
  N_A_0067             JUNCTION     0.06     0.18    54.72     0  01:05        0.18
  N_A_0068             JUNCTION     0.11     0.34    45.80     0  01:05        0.34
  N_A_0069             JUNCTION     0.06     0.20    50.18     0  01:05        0.20
  N_A_0070             JUNCTION     0.15     0.55    41.49     0  01:05        0.54
  N_A_0071             JUNCTION     0.05     0.17    46.69     0  01:05        0.16
  N_A_0073             JUNCTION     0.05     0.16    46.43     0  01:05        0.16
  N_A_0075             JUNCTION     0.05     0.24    32.16     0  01:05        0.24
  N_A_0076             JUNCTION     0.31    10.00    40.39     0  01:02        4.55
  N_A_0077             JUNCTION     0.43    10.00    39.45     0  01:02        5.58
  N_A_0078             JUNCTION     0.04     0.13    49.76     0  01:05        0.13
  N_A_0079             JUNCTION     0.04     0.12    54.52     0  01:05        0.12
  N_A_0080             JUNCTION     0.05     0.15    55.52     0  01:05        0.15
  N_A_0083             JUNCTION     0.25    10.00    62.86     0  01:02        4.18
  N_A_0084             JUNCTION     0.31    10.00    61.34     0  01:01        3.78
  N_A_0085             JUNCTION     0.24     6.51    59.79     0  01:02        3.23
  N_A_0087             JUNCTION     0.33     8.79    65.52     0  01:03        4.39
  N_A_0088             JUNCTION     0.36     6.44    63.14     0  01:03        4.45
  N_A_0089             JUNCTION     0.30    10.00    70.39     0  01:03        5.93
  N_A_0090             JUNCTION     0.57     8.65    67.27     0  01:03        7.22
  N_A_0091             JUNCTION     0.12    10.00    69.31     0  01:03        2.38
  N_A_0092             JUNCTION     0.04     0.13    56.51     0  01:05        0.13
  N_A_0094             JUNCTION     0.29    10.00    74.65     0  01:03        5.75
  N_A_0095             JUNCTION     0.37    10.00    73.46     0  01:02        5.84
  N_A_0096             JUNCTION     0.18    10.00    80.34     0  01:04        1.00
  N_A_0097             JUNCTION     0.16     0.71    70.83     0  01:05        0.71
  N_A_0100             JUNCTION     0.15     0.47    83.13     0  01:05        0.47
  N_A_0102             JUNCTION     0.29     1.49    78.69     0  01:05        1.49
  N_A_0103             JUNCTION     0.07     0.23    38.90     0  01:05        0.23
  N_A_0104             JUNCTION     0.08     0.22    42.56     0  01:02        0.22
  N_A_0106             JUNCTION     0.06     0.18    45.79     0  01:05        0.18
  N_A_0107             JUNCTION     0.04     0.12    46.91     0  01:05        0.12
  N_A_0108             JUNCTION     0.05     0.17    45.62     0  01:05        0.17
  N_A_0110             JUNCTION     0.03     0.08    54.68     0  01:05        0.08
  N_A_0111             JUNCTION     0.05     0.15    54.38     0  01:05        0.15
  N_A_0112             JUNCTION     0.10     0.35    51.08     0  01:05        0.35
  N_A_0113             JUNCTION     0.06     0.20    45.30     0  01:05        0.20
  N_A_0114             JUNCTION     0.12     0.40    44.36     0  01:05        0.40
  N_A_0115             JUNCTION     0.14     2.96    35.60     0  01:01        1.23
  N_A_0116             JUNCTION     0.10     0.35    36.42     0  01:05        0.35
  N_A_0117             JUNCTION     0.05     0.14    44.89     0  01:05        0.14
  N_A_0118             JUNCTION     0.12     0.38    33.39     0  01:05        0.38
  N_A_0119             JUNCTION     0.06     0.21    40.50     0  01:05        0.21
  N_A_0120             JUNCTION     0.18     0.53    38.03     0  01:05        0.53
  N_A_0121             JUNCTION     0.10     0.32    37.81     0  01:05        0.32
  N_A_0122             JUNCTION     0.06     0.19    47.59     0  01:05        0.19
  N_A_0123             JUNCTION     0.32     4.89    44.27     0  00:58        1.90
  N_A_0124             JUNCTION     0.05     0.15    50.54     0  01:05        0.15
  N_A_0126             JUNCTION     0.05     0.17    51.55     0  01:05        0.17
  N_A_0127             JUNCTION     0.47     7.27    53.08     0  01:00        5.01
  N_A_0128             JUNCTION     0.06    10.00    63.59     0  01:05        0.57
  N_A_0129             JUNCTION     0.39    10.00    59.53     0  01:01        4.60
  N_A_0130             JUNCTION     0.28    10.00    63.17     0  01:02        4.85
  N_A_0131             JUNCTION     0.48     9.37    61.04     0  01:03        6.00
  N_A_0132             JUNCTION     0.46     9.43    61.13     0  01:03        6.01
  N_A_0133             JUNCTION     0.22    10.00    65.44     0  01:03        3.75
  N_A_0134             JUNCTION     0.18     7.68    62.67     0  01:03        3.99
  N_A_0135             JUNCTION     0.39     8.92    62.59     0  01:03        5.32
  N_A_0136             JUNCTION     0.14     6.88    62.58     0  01:03        3.28
  N_A_0137             JUNCTION     0.07     0.24    60.44     0  01:05        0.24
  N_A_0138             JUNCTION     0.12     2.25    60.51     0  01:05        2.25
  N_A_0141             JUNCTION     0.07     0.23    71.14     0  01:05        0.23
  N_A_0143             JUNCTION     0.06     0.22    84.61     0  01:05        0.22
  N_A_0144             JUNCTION     0.06     0.18    55.42     0  01:05        0.18
  N_A_0145             JUNCTION     0.08     0.28    54.08     0  01:05        0.28
  N_A_0146             JUNCTION     0.04     0.13    55.52     0  01:05        0.13
  N_A_0147             JUNCTION     0.12     0.42    52.13     0  01:05        0.42
  N_A_0149             JUNCTION     0.20    10.00    31.87     0  01:02        3.26
  N_A_0150             JUNCTION     0.07     0.23    30.46     0  01:05        0.23
  N_A_0151             JUNCTION     0.27     5.86    33.52     0  01:01        2.02
  N_A_0152             JUNCTION     0.07     0.23    38.27     0  01:05        0.23
  N_A_0153             JUNCTION     0.05     0.17    35.59     0  01:05        0.17
  N_A_0156             JUNCTION     0.06     0.17    43.41     0  01:05        0.17
  N_A_0158             JUNCTION     0.25    10.00    52.99     0  01:01        2.66
  N_A_0159             JUNCTION     0.35     2.97    45.01     0  00:58        2.29
  N_A_0160             JUNCTION     0.25    10.00    57.12     0  01:01        4.93
  N_A_0161             JUNCTION     0.40    10.00    56.58     0  01:00        5.46
  N_A_0163             JUNCTION     0.27    10.00    64.47     0  01:02        4.98
  N_A_0164             JUNCTION     0.22    10.00    66.05     0  01:03        3.25
  N_A_0166             JUNCTION     0.02     0.08    62.32     0  01:05        0.08
  N_A_0167             JUNCTION     0.07     0.24    62.62     0  01:05        0.24
  N_A_0169             JUNCTION     0.01     0.05    72.84     0  01:05        0.05
  N_A_0170             JUNCTION     0.05     0.16    73.39     0  01:05        0.16
  N_A_0171             JUNCTION     0.05     0.18    85.59     0  01:05        0.18
  N_A_0173             JUNCTION     0.01     0.03    95.11     0  01:05        0.03
  N_A_0175             JUNCTION     0.16    10.00    63.73     0  01:02        1.89
  N_A_0176             JUNCTION     1.06     8.49    56.30     0  01:02        7.20
  N_A_0177             JUNCTION     0.62    10.00    65.13     0  00:59        6.32
  N_A_0178             JUNCTION     1.35    10.00    60.84     0  01:02        9.91
  N_A_0179             JUNCTION     0.83    10.00    67.79     0  00:58        7.95
  N_A_0180             JUNCTION     0.86    10.00    67.55     0  00:59        8.12
  N_A_0181             JUNCTION     0.38    10.00    71.40     0  00:59        4.31
  N_A_0182             JUNCTION     0.59    10.00    72.73     0  00:59        7.38
  N_A_0183             JUNCTION     1.00    10.00    69.16     0  00:58       10.00
  N_A_0184             JUNCTION     0.08     0.26    78.96     0  01:05        0.26
  N_A_0185             JUNCTION     0.18     5.48    80.20     0  01:03        1.96
  N_A_0186             JUNCTION     0.05     0.15    97.30     0  01:05        0.15
  N_A_0187             JUNCTION     0.14     0.44    97.09     0  01:05        0.44
  N_A_0188             JUNCTION     0.07     0.22    90.99     0  01:05        0.22
  N_A_0189             JUNCTION     0.04     0.13    47.63     0  01:05        0.13
  N_A_0191             JUNCTION     0.95     7.86    54.28     0  01:02        7.03
  N_A_0192             JUNCTION     0.04     0.13   103.65     0  01:05        0.13
  N_A_0194             JUNCTION     0.04     0.12   106.68     0  01:05        0.12
  N_A_0196             JUNCTION     0.05     0.17    79.72     0  01:05        0.17
  N_A_0197             JUNCTION     0.60     7.94    55.24     0  01:02        6.16
  N_A_0198             JUNCTION     0.09     0.25    50.83     0  01:05        0.25
  N_A_0199             JUNCTION     1.14    10.00    59.40     0  00:58       10.00
  N_A_C0022            JUNCTION     0.89     3.96    49.75     0  01:03        3.93
  N_A_C0074            JUNCTION     0.17     1.21    32.17     0  01:03        0.70
  N_A_C0109            JUNCTION     0.32     1.51    33.18     0  01:05        1.50
  N_A_C0125            JUNCTION     0.29     2.47    44.56     0  00:58        1.97
  N_A_C0139            JUNCTION     0.09     1.87    60.18     0  01:05        1.87
  N_A_C0190            JUNCTION     0.17     0.52    44.85     0  01:05        0.52
  N_A_0002             OUTFALL      0.07     0.21   107.32     0  01:05        0.21
  N_A_0014             OUTFALL      0.16     0.56    79.86     0  01:05        0.56
  N_A_0015             OUTFALL      0.16     0.60    69.52     0  01:02        0.60
  N_A_0022             OUTFALL      0.46     0.80    46.54     0  00:48        0.80
  N_A_0029             OUTFALL      0.04     0.13   107.32     0  01:05        0.13
  N_A_0032             OUTFALL      0.03     0.09   111.45     0  01:05        0.09
  N_A_0034             OUTFALL      0.01     0.04   116.19     0  01:05        0.04
  N_A_0036             OUTFALL      0.06     0.20   117.59     0  01:05        0.20
  N_A_0038             OUTFALL      0.14     0.45   121.57     0  01:05        0.45
  N_A_0042             OUTFALL      0.26     0.60   101.51     0  01:01        0.60
  N_A_0043             OUTFALL      0.07     0.24    88.86     0  01:05        0.24
  N_A_0065             OUTFALL      0.10     0.34    46.03     0  01:05        0.34
  N_A_0072             OUTFALL      0.05     0.16    39.24     0  01:05        0.16
  N_A_0074             OUTFALL      0.17     0.56    31.48     0  01:05        0.56
  N_A_0081             OUTFALL      0.04     0.13    54.78     0  01:05        0.13
  N_A_0082             OUTFALL      0.04     0.12    51.10     0  01:05        0.12
  N_A_0086             OUTFALL      0.18     0.56    56.25     0  01:05        0.56
  N_A_0093             OUTFALL      0.19     0.60    47.96     0  01:00        0.60
  N_A_0098             OUTFALL      0.15     0.60    70.72     0  01:04        0.60
  N_A_0099             OUTFALL      0.15     0.47    79.58     0  01:05        0.47
  N_A_0101             OUTFALL      0.21     0.50    77.01     0  01:05        0.50
  N_A_0105             OUTFALL      0.05     0.24    31.15     0  01:05        0.23
  N_A_0109             OUTFALL      0.26     0.60    32.22     0  00:56        0.60
  N_A_0125             OUTFALL      0.21     0.60    42.64     0  00:58        0.60
  N_A_0139             OUTFALL      0.09     0.60    58.85     0  01:05        0.60
  N_A_0140             OUTFALL      0.07     0.23    65.34     0  01:05        0.23
  N_A_0142             OUTFALL      0.06     0.22    70.79     0  01:05        0.22
  N_A_0148             OUTFALL      0.15     0.60    19.04     0  01:01        0.60
  N_A_0154             OUTFALL      0.10     0.32    31.68     0  01:05        0.32
  N_A_0155             OUTFALL      0.23     0.54    36.84     0  01:05        0.54
  N_A_0157             OUTFALL      0.04     0.15    43.34     0  01:05        0.15
  N_A_0162             OUTFALL      0.13     0.55    49.80     0  01:05        0.54
  N_A_0165             OUTFALL      0.02     0.08    62.14     0  01:05        0.08
  N_A_0168             OUTFALL      0.01     0.05    72.65     0  01:05        0.05
  N_A_0172             OUTFALL      0.01     0.03    95.02     0  01:05        0.03
  N_A_0174             OUTFALL      0.07     0.24    95.33     0  01:05        0.24
  N_A_0190             OUTFALL      0.17     0.52    44.79     0  01:05        0.51
  N_A_0193             OUTFALL      0.23     0.80    26.72     0  01:00        0.80
  N_A_0195             OUTFALL      0.26     0.80    13.97     0  01:01        0.80
  N_A_0200             OUTFALL      0.34     0.80    42.62     0  00:57        0.80
  
  
  *******************
  Node Inflow Summary
  *******************
  
  -------------------------------------------------------------------------------------------------
                                  Maximum  Maximum                  Lateral       Total        Flow
                                  Lateral    Total  Time of Max      Inflow      Inflow     Balance
                                   Inflow   Inflow   Occurrence      Volume      Volume       Error
  Node                 Type           CMS      CMS  days hr:min    10^6 ltr    10^6 ltr     Percent
  -------------------------------------------------------------------------------------------------
  N_A_0001             JUNCTION     0.292    0.292     0  01:05       0.656       0.656       0.000
  N_A_0003             JUNCTION     0.303    0.303     0  01:05       0.703       0.703       0.003
  N_A_0004             JUNCTION     0.252    0.679     0  01:05       0.555        1.53       0.001
  N_A_0005             JUNCTION     0.287    0.287     0  01:05       0.664       0.664       0.001
  N_A_0006             JUNCTION     0.352    1.521     0  01:05       0.719        3.37      -0.000
  N_A_0007             JUNCTION     0.306    0.306     0  01:05       0.645       0.645      -0.017
  N_A_0008             JUNCTION     0.256    2.492     0  01:05       0.522        5.44       0.003
  N_A_0009             JUNCTION     0.074    0.425     0  01:05       0.146       0.903       0.001
  N_A_0010             JUNCTION     0.280    0.280     0  01:05        0.57        0.57      -0.030
  N_A_0011             JUNCTION     0.357    3.108     0  01:05       0.795         6.8       0.001
  N_A_0012             JUNCTION     0.458    0.458     0  01:05       0.958       0.958      -0.017
  N_A_0013             JUNCTION     0.196    3.675     0  01:05       0.413        8.17       0.004
  N_A_0016             JUNCTION     0.421    3.919     0  01:05       0.881        9.19       0.000
  N_A_0017             JUNCTION     0.188    0.489     0  01:00        0.39       0.401      -0.131
  N_A_0018             JUNCTION     0.245    0.665     0  00:58       0.531        1.22      -0.008
  N_A_0019             JUNCTION     0.231    5.039     0  01:05       0.507        12.1      -0.004
  N_A_0020             JUNCTION     0.131    0.587     0  00:59       0.268       0.276      -0.113
  N_A_0021             JUNCTION     0.208    0.208     0  01:05       0.443       0.443      -0.112
  N_A_0023             JUNCTION     0.136    0.136     0  01:05         0.3         0.3       0.000
  N_A_0024             JUNCTION     0.200    0.672     0  01:05       0.433        1.53       0.003
  N_A_0025             JUNCTION     0.268    1.204     0  01:05       0.581        2.74       0.000
  N_A_0026             JUNCTION     0.286    1.630     0  01:05       0.631        3.98      -0.000
  N_A_0027             JUNCTION     0.606    2.194     0  01:05        1.31        5.28      -0.013
  N_A_0028             JUNCTION     0.203    1.445     0  01:05        0.45        2.72      -0.002
  N_A_0030             JUNCTION     0.153    0.153     0  01:05       0.329       0.329       0.001
  N_A_0031             JUNCTION     0.058    0.058     0  01:05       0.112       0.112       0.003
  N_A_0033             JUNCTION     0.013    0.013     0  01:05      0.0238      0.0238       0.013
  N_A_0035             JUNCTION     0.100    0.100     0  01:05        0.22        0.22       0.006
  N_A_0037             JUNCTION     0.578    0.578     0  01:05        1.49        1.49       0.002
  N_A_0039             JUNCTION     0.341    0.341     0  01:05       0.801       0.801       0.002
  N_A_0040             JUNCTION     0.289    0.289     0  01:05        0.62        0.62      -0.011
  N_A_0041             JUNCTION     0.286    0.286     0  01:05       0.608       0.608      -0.050
  N_A_0044             JUNCTION     0.353    1.783     0  01:05       0.694        3.41      -0.001
  N_A_0045             JUNCTION     0.116    0.116     0  01:05       0.249       0.249      -0.131
  N_A_0046             JUNCTION     0.340    2.537     0  01:05       0.699        6.43       0.006
  N_A_0047             JUNCTION     0.399    0.399     0  01:05       0.929       0.929      -0.031
  N_A_0048             JUNCTION     0.343    2.112     0  01:05       0.808        5.49       0.005
  N_A_0049             JUNCTION     0.455    0.455     0  01:05        1.15        1.15      -0.013
  N_A_0050             JUNCTION     0.365    1.412     0  01:05       0.961        3.75       0.006
  N_A_0051             JUNCTION     0.186    0.186     0  01:05       0.526       0.526       0.071
  N_A_0052             JUNCTION     0.469    0.643     0  01:05        1.11        1.64      -0.025
  N_A_0053             JUNCTION     0.296    0.296     0  01:05       0.799       0.799      -0.000
  N_A_0054             JUNCTION     0.202    2.979     0  01:05       0.413        6.59       0.000
  N_A_0055             JUNCTION     0.365    0.365     0  01:05       0.828       0.828      -0.027
  N_A_0056             JUNCTION     0.282    3.145     0  01:05       0.567        7.83       0.003
  N_A_0057             JUNCTION     0.273    0.273     0  01:05       0.551       0.551      -0.103
  N_A_0058             JUNCTION     0.103    3.141     0  01:03       0.212        8.39       0.002
  N_A_0059             JUNCTION     0.098    0.098     0  01:05        0.21        0.21       0.000
  N_A_0060             JUNCTION     0.140    0.237     0  01:05       0.285       0.495      -0.007
  N_A_0061             JUNCTION     0.153    0.271     0  01:05       0.335       0.584       0.003
  N_A_0062             JUNCTION     0.059    0.059     0  01:05       0.131       0.131       0.030
  N_A_0063             JUNCTION     0.162    0.221     0  01:05       0.346       0.477      -0.010
  N_A_0064             JUNCTION     0.170    0.591     0  01:05       0.351        1.27       0.004
  N_A_0066             JUNCTION     0.064    0.064     0  01:05       0.131       0.131       0.009
  N_A_0067             JUNCTION     0.135    0.292     0  01:05       0.299       0.634      -0.003
  N_A_0068             JUNCTION     0.411    1.005     0  01:05       0.946        2.26      -0.003
  N_A_0069             JUNCTION     0.183    0.318     0  01:05       0.396       0.687      -0.033
  N_A_0070             JUNCTION     0.442    1.744     0  01:05        1.08        4.03       0.009
  N_A_0071             JUNCTION     0.051    0.190     0  01:05       0.102       0.408       0.004
  N_A_0073             JUNCTION     0.239    0.239     0  01:05       0.503       0.503      -0.060
  N_A_0075             JUNCTION     0.257    1.674     0  01:05       0.531        1.88      -0.004
  N_A_0076             JUNCTION     0.475    0.998     0  01:05        1.03        2.15      -0.009
  N_A_0077             JUNCTION     3.103    4.857     0  01:02        8.82        14.6      -0.003
  N_A_0078             JUNCTION     0.140    0.140     0  01:05       0.306       0.306      -0.001
  N_A_0079             JUNCTION     0.136    0.136     0  01:05       0.291       0.291      -0.001
  N_A_0080             JUNCTION     0.095    0.095     0  01:05       0.204       0.204      -0.001
  N_A_0083             JUNCTION     0.592    0.592     0  01:05        1.35        1.35      -0.004
  N_A_0084             JUNCTION     0.275    1.894     0  01:05       0.587        5.05      -0.006
  N_A_0085             JUNCTION     0.242    3.584     0  01:05       0.515        9.64       0.001
  N_A_0087             JUNCTION     0.124    0.849     0  01:05       0.263        1.79       0.001
  N_A_0088             JUNCTION     0.115    3.501     0  01:05       0.245        9.34      -0.001
  N_A_0089             JUNCTION     0.230    0.551     0  01:03       0.486       0.496      -0.232
  N_A_0090             JUNCTION     0.094    3.402     0  01:06       0.196        9.08       0.005
  N_A_0091             JUNCTION     0.575    0.575     0  01:05        1.31        1.31      -0.011
  N_A_0092             JUNCTION     0.163    0.163     0  01:05       0.336       0.336      -0.007
  N_A_0094             JUNCTION     0.353    0.505     0  01:03       0.767       0.769      -0.091
  N_A_0095             JUNCTION     0.232    2.945     0  01:02       0.489        7.63      -0.002
  N_A_0096             JUNCTION     0.245    0.245     0  01:05       0.525       0.525      -0.073
  N_A_0097             JUNCTION     0.256    3.447     0  01:05       0.544        7.66       0.004
  N_A_0100             JUNCTION     0.345    3.470     0  01:05       0.739        8.57       0.000
  N_A_0102             JUNCTION     0.317    3.093     0  01:05       0.668        7.42      -0.000
  N_A_0103             JUNCTION     0.392    0.392     0  01:05       0.932       0.932       0.001
  N_A_0104             JUNCTION     0.424    0.424     0  01:05       0.953       0.953      -0.003
  N_A_0106             JUNCTION     0.363    0.363     0  01:05       0.805       0.805      -0.023
  N_A_0107             JUNCTION     0.081    0.081     0  01:05       0.166       0.166      -0.005
  N_A_0108             JUNCTION     0.168    0.305     0  01:05       0.369        0.66      -0.008
  N_A_0110             JUNCTION     0.057    0.057     0  01:05       0.125       0.125      -0.004
  N_A_0111             JUNCTION     0.191    0.191     0  01:05       0.408       0.408      -0.002
  N_A_0112             JUNCTION     0.102    1.117     0  01:05       0.208        2.38       0.000
  N_A_0113             JUNCTION     0.189    0.189     0  01:05       0.404       0.404      -0.004
  N_A_0114             JUNCTION     0.147    1.437     0  01:05       0.314         3.1       0.008
  N_A_0115             JUNCTION     0.625    0.625     0  01:05        1.35        1.35      -0.003
  N_A_0116             JUNCTION     0.643    2.054     0  01:05        1.34        4.44      -0.005
  N_A_0117             JUNCTION     0.184    0.184     0  01:05       0.408       0.408      -0.011
  N_A_0118             JUNCTION     0.456    1.704     0  01:05        1.04        3.71       0.000
  N_A_0119             JUNCTION     0.345    0.345     0  01:05       0.715       0.715      -0.005
  N_A_0120             JUNCTION     0.127    3.163     0  01:05       0.271         9.2      -0.010
  N_A_0121             JUNCTION     0.176    0.806     0  01:05       0.353        1.31       0.091
  N_A_0122             JUNCTION     0.323    0.323     0  01:05       0.703       0.703      -0.029
  N_A_0123             JUNCTION     0.444    3.438     0  01:05       0.861        11.3      -0.000
  N_A_0124             JUNCTION     0.214    0.214     0  01:05       0.436       0.436      -0.049
  N_A_0126             JUNCTION     0.219    0.219     0  01:05       0.452       0.452      -0.043
  N_A_0127             JUNCTION     0.570    4.079     0  01:05        1.19        11.2       0.027
  N_A_0128             JUNCTION     0.217    0.217     0  01:05        0.43        0.43      -0.093
  N_A_0129             JUNCTION     0.507    3.680     0  01:05        1.12        9.68       0.000
  N_A_0130             JUNCTION     0.293    0.405     0  01:02       0.725       0.727      -0.040
  N_A_0131             JUNCTION     0.217    3.045     0  01:05       0.436        8.13       0.006
  N_A_0132             JUNCTION     0.309    0.821     0  01:05       0.668        1.87      -0.001
  N_A_0133             JUNCTION     0.246    0.269     0  01:03        0.49        0.49      -0.126
  N_A_0134             JUNCTION     0.216    0.662     0  01:02       0.448        0.94       0.045
  N_A_0135             JUNCTION     0.013    1.997     0  01:01      0.0246        5.11      -0.000
  N_A_0136             JUNCTION     0.268    0.676     0  01:02       0.565        1.07       0.086
  N_A_0137             JUNCTION     0.238    0.238     0  01:05       0.479       0.479      -0.016
  N_A_0138             JUNCTION     0.211    1.498     0  01:05       0.431        3.22      -0.000
  N_A_0141             JUNCTION     0.320    1.442     0  01:05       0.695        2.88       0.002
  N_A_0143             JUNCTION     0.326    1.501     0  01:05       0.679        2.93       0.002
  N_A_0144             JUNCTION     0.160    0.160     0  01:05       0.351       0.351      -0.000
  N_A_0145             JUNCTION     0.126    0.595     0  01:05       0.265        1.21       0.062
  N_A_0146             JUNCTION     0.128    0.128     0  01:05        0.28        0.28      -0.004
  N_A_0147             JUNCTION     0.135    0.837     0  01:05       0.273        1.76       0.002
  N_A_0149             JUNCTION     0.491    1.564     0  01:05        1.03        3.29      -0.000
  N_A_0150             JUNCTION     0.503    1.009     0  01:05        1.03        2.05      -0.010
  N_A_0151             JUNCTION     0.246    5.076     0  01:05       0.491        13.1       0.001
  N_A_0152             JUNCTION     0.508    0.508     0  01:05        1.02        1.02      -0.001
  N_A_0153             JUNCTION     0.398    0.398     0  01:05       0.878       0.878       0.002
  N_A_0156             JUNCTION     0.060    0.060     0  01:05       0.127       0.127       0.010
  N_A_0158             JUNCTION     0.456    0.456     0  01:05        1.11        1.11      -0.018
  N_A_0159             JUNCTION     0.303    4.822     0  01:05       0.685          13       0.005
  N_A_0160             JUNCTION     0.035    0.343     0  01:01      0.0714      0.0779      -0.116
  N_A_0161             JUNCTION     0.377    0.412     0  01:05       0.867       0.944      -0.047
  N_A_0163             JUNCTION     0.511    0.511     0  01:05         1.2         1.2      -0.029
  N_A_0164             JUNCTION     0.232    0.434     0  01:03       0.494       0.496      -0.266
  N_A_0166             JUNCTION     0.030    0.030     0  01:05      0.0587      0.0587       0.006
  N_A_0167             JUNCTION     0.336    0.336     0  01:05       0.703       0.703      -0.009
  N_A_0169             JUNCTION     0.018    0.018     0  01:05      0.0345      0.0345       0.009
  N_A_0170             JUNCTION     0.161    0.161     0  01:05       0.317       0.317      -0.013
  N_A_0171             JUNCTION     0.129    0.129     0  01:05       0.251       0.251      -0.019
  N_A_0173             JUNCTION     0.004    0.004     0  01:05     0.00823     0.00823       0.037
  N_A_0175             JUNCTION     0.412    0.412     0  01:05        1.16        1.16      -0.002
  N_A_0176             JUNCTION     0.149    4.167     0  01:05       0.313        14.3      -0.004
  N_A_0177             JUNCTION     0.447    0.453     0  00:59        1.13        1.13      -0.030
  N_A_0178             JUNCTION     0.326    3.723     0  01:00       0.783        12.8      -0.001
  N_A_0179             JUNCTION     0.347    0.421     0  00:58       0.791       0.793      -0.021
  N_A_0180             JUNCTION     0.181    0.721     0  01:05       0.379        1.58      -0.005
  N_A_0181             JUNCTION     0.193    0.404     0  00:59       0.404       0.407      -0.057
  N_A_0182             JUNCTION     0.542    0.542     0  01:05        1.25        1.25      -0.020
  N_A_0183             JUNCTION     0.327    3.645     0  01:05       0.699        8.81      -0.005
  N_A_0184             JUNCTION     0.496    0.496     0  01:05        1.15        1.15      -0.000
  N_A_0185             JUNCTION     0.207    3.506     0  01:05       0.437        8.31      -0.001
  N_A_0186             JUNCTION     0.149    0.149     0  01:05       0.306       0.306      -0.000
  N_A_0187             JUNCTION     0.075    0.895     0  01:05       0.147        1.99       0.001
  N_A_0188             JUNCTION     0.352    0.352     0  01:05       0.756       0.756      -0.000
  N_A_0189             JUNCTION     0.137    0.137     0  01:05       0.284       0.284      -0.008
  N_A_0191             JUNCTION     0.269    3.084     0  01:05        0.56        7.63      -0.011
  N_A_0192             JUNCTION     0.140    0.140     0  01:05       0.327       0.327       0.000
  N_A_0194             JUNCTION     0.130    0.130     0  01:05       0.274       0.274      -0.004
  N_A_0196             JUNCTION     0.315    0.315     0  01:05       0.597       0.597      -0.123
  N_A_0197             JUNCTION     0.096    0.099     0  00:56       0.197       0.203      -0.070
  N_A_0198             JUNCTION     0.599    0.599     0  01:05        1.56        1.56      -0.005
  N_A_0199             JUNCTION     5.708    5.708     0  01:05        18.5        18.5       0.000
  N_A_C0022            JUNCTION     0.000    7.456     0  01:05           0        22.3       0.004
  N_A_C0074            JUNCTION     0.000    0.845     0  01:05           0        1.56       0.042
  N_A_C0109            JUNCTION     0.000    1.894     0  01:05           0        4.19       0.010
  N_A_C0125            JUNCTION     0.000    2.345     0  01:05           0        3.65       0.007
  N_A_C0139            JUNCTION     0.000    1.148     0  01:05           0       0.848       0.014
  N_A_C0190            JUNCTION     0.000    0.732     0  01:05           0        1.84       0.013
  N_A_0002             OUTFALL      0.182    0.470     0  01:05       0.391        1.05       0.000
  N_A_0014             OUTFALL      0.129    0.987     0  01:05       0.266        1.71       0.000
  N_A_0015             OUTFALL      0.349    1.492     0  01:05       0.738        3.07       0.000
  N_A_0022             OUTFALL      0.219    7.675     0  01:05       0.453        22.8       0.000
  N_A_0029             OUTFALL      0.050    0.203     0  01:05      0.0971       0.426       0.000
  N_A_0032             OUTFALL      0.121    0.178     0  01:05       0.246       0.358       0.000
  N_A_0034             OUTFALL      0.041    0.054     0  01:05      0.0799       0.104       0.000
  N_A_0036             OUTFALL      0.053    0.152     0  01:05       0.118       0.338       0.000
  N_A_0038             OUTFALL      0.251    0.811     0  01:05       0.581        2.07       0.000
  N_A_0042             OUTFALL      0.369    1.412     0  01:05       0.754        4.09       0.000
  N_A_0043             OUTFALL      0.266    0.568     0  01:05       0.552        1.14       0.000
  N_A_0065             OUTFALL      0.188    0.461     0  01:05       0.391        0.98       0.000
  N_A_0072             OUTFALL      0.553    0.739     0  01:05        1.29        1.69       0.000
  N_A_0074             OUTFALL      0.643    1.485     0  01:05        1.39        2.95       0.000
  N_A_0081             OUTFALL      0.128    0.192     0  01:05       0.265       0.405       0.000
  N_A_0082             OUTFALL      0.322    0.439     0  01:05       0.718       0.964       0.000
  N_A_0086             OUTFALL      0.229    1.078     0  01:05       0.501        2.27       0.000
  N_A_0093             OUTFALL      0.076    1.970     0  01:05       0.176        5.23       0.000
  N_A_0098             OUTFALL      0.076    1.403     0  01:05       0.149        1.44       0.000
  N_A_0099             OUTFALL      0.183    0.842     0  01:05       0.363        2.18       0.000
  N_A_0101             OUTFALL      0.852    1.445     0  01:05        2.07        4.11       0.000
  N_A_0105             OUTFALL      0.328    1.738     0  01:05       0.677        2.13       0.000
  N_A_0109             OUTFALL      0.600    2.494     0  01:05        1.33        5.52       0.000
  N_A_0125             OUTFALL      0.218    2.558     0  01:05       0.448         4.1       0.000
  N_A_0139             OUTFALL      0.183    1.327     0  01:05       0.367           1       0.000
  N_A_0140             OUTFALL      0.259    0.639     0  01:05       0.504        1.29       0.000
  N_A_0142             OUTFALL      0.261    0.791     0  01:05       0.512        1.57       0.000
  N_A_0148             OUTFALL      0.474    2.038     0  01:05        1.13        4.42       0.000
  N_A_0154             OUTFALL      0.333    0.851     0  01:05       0.692           2       0.000
  N_A_0155             OUTFALL      0.134    0.880     0  01:05       0.282        3.41       0.000
  N_A_0157             OUTFALL      0.052    0.111     0  01:05       0.112       0.239       0.000
  N_A_0162             OUTFALL      0.127    0.889     0  01:05       0.259        1.32       0.000
  N_A_0165             OUTFALL      0.041    0.071     0  01:05      0.0829       0.142       0.000
  N_A_0168             OUTFALL      0.072    0.090     0  01:05       0.141       0.175       0.000
  N_A_0172             OUTFALL      0.040    0.044     0  01:05       0.076      0.0843       0.000
  N_A_0174             OUTFALL      0.049    0.472     0  01:05      0.0946       0.921       0.000
  N_A_0190             OUTFALL      0.286    1.002     0  01:05       0.611        2.45       0.000
  N_A_0193             OUTFALL      0.506    5.578     0  01:05        1.19        14.3       0.000
  N_A_0195             OUTFALL      0.641    5.192     0  01:05        1.73        16.3       0.000
  N_A_0200             OUTFALL      0.631    5.427     0  01:05        1.53        19.8       0.000
  
  
  **********************
  Node Surcharge Summary
  **********************
  
  Surcharging occurs when water rises above the top of the highest conduit.
  ---------------------------------------------------------------------
                                               Max. Height   Min. Depth
                                   Hours       Above Crown    Below Rim
  Node                 Type      Surcharged         Meters       Meters
  ---------------------------------------------------------------------
  N_A_0011             JUNCTION        0.01          2.585        6.615
  N_A_0016             JUNCTION        0.14          5.328        3.872
  N_A_0017             JUNCTION        0.29          9.400        0.000
  N_A_0018             JUNCTION        0.48          9.400        0.000
  N_A_0019             JUNCTION        0.55          9.200        0.000
  N_A_0020             JUNCTION        0.38          9.400        0.000
  N_A_0025             JUNCTION        0.10          8.762        0.638
  N_A_0026             JUNCTION        0.20          9.400        0.000
  N_A_0027             JUNCTION        0.82          9.400        0.000
  N_A_0041             JUNCTION        0.03          9.400        0.000
  N_A_0058             JUNCTION        0.28          8.698        0.502
  N_A_0076             JUNCTION        0.24          9.400        0.000
  N_A_0077             JUNCTION        0.24          9.200        0.000
  N_A_0083             JUNCTION        0.20          9.400        0.000
  N_A_0084             JUNCTION        0.29          9.400        0.000
  N_A_0085             JUNCTION        0.17          5.714        3.486
  N_A_0087             JUNCTION        0.31          8.189        1.211
  N_A_0088             JUNCTION        0.26          5.641        3.559
  N_A_0089             JUNCTION        0.24          9.400        0.000
  N_A_0090             JUNCTION        0.36          7.849        1.351
  N_A_0091             JUNCTION        0.11          9.400        0.000
  N_A_0094             JUNCTION        0.16          9.400        0.000
  N_A_0095             JUNCTION        0.21          9.200        0.000
  N_A_0096             JUNCTION        0.09          9.400        0.000
  N_A_0102             JUNCTION        0.23          0.692        8.508
  N_A_0115             JUNCTION        0.14          2.355        7.045
  N_A_0123             JUNCTION        0.39          4.087        5.113
  N_A_0127             JUNCTION        0.33          6.468        2.732
  N_A_0128             JUNCTION        0.01          9.400        0.000
  N_A_0129             JUNCTION        0.27          9.200        0.000
  N_A_0130             JUNCTION        0.24          9.400        0.000
  N_A_0131             JUNCTION        0.29          8.575        0.625
  N_A_0132             JUNCTION        0.34          8.827        0.573
  N_A_0133             JUNCTION        0.19          9.400        0.000
  N_A_0134             JUNCTION        0.22          7.084        2.316
  N_A_0135             JUNCTION        0.25          8.116        1.084
  N_A_0136             JUNCTION        0.15          6.277        3.123
  N_A_0138             JUNCTION        0.01          1.451        7.749
  N_A_0149             JUNCTION        0.14          9.400        0.000
  N_A_0151             JUNCTION        0.19          5.056        4.144
  N_A_0158             JUNCTION        0.30          9.400        0.000
  N_A_0159             JUNCTION        0.37          2.166        7.034
  N_A_0160             JUNCTION        0.30          9.400        0.000
  N_A_0161             JUNCTION        0.32          9.400        0.000
  N_A_0163             JUNCTION        0.20          9.400        0.000
  N_A_0164             JUNCTION        0.14          9.400        0.000
  N_A_0175             JUNCTION        0.23          9.400        0.000
  N_A_0176             JUNCTION        0.70          7.692        1.508
  N_A_0177             JUNCTION        0.40          9.400        0.000
  N_A_0178             JUNCTION        0.60          9.200        0.000
  N_A_0179             JUNCTION        0.44          9.400        0.000
  N_A_0180             JUNCTION        0.46          9.400        0.000
  N_A_0181             JUNCTION        0.35          9.400        0.000
  N_A_0182             JUNCTION        0.35          9.400        0.000
  N_A_0183             JUNCTION        0.41          9.200        0.000
  N_A_0185             JUNCTION        0.06          4.680        4.520
  N_A_0191             JUNCTION        0.88          7.065        2.135
  N_A_0197             JUNCTION        0.58          7.143        2.057
  N_A_0199             JUNCTION        0.53          9.200        0.000
  N_A_C0022            JUNCTION        1.30          3.158        6.042
  N_A_C0074            JUNCTION        0.06          0.607        8.793
  N_A_C0109            JUNCTION        0.58          0.908        8.492
  N_A_C0125            JUNCTION        0.41          1.870        7.530
  N_A_C0139            JUNCTION        0.04          1.275        8.125
  
  
  *********************
  Node Flooding Summary
  *********************
  
  Flooding refers to all water that overflows a node, whether it ponds or not.
  --------------------------------------------------------------------------
                                                             Total   Maximum
                                 Maximum   Time of Max       Flood    Ponded
                        Hours       Rate    Occurrence      Volume     Depth
  Node                 Flooded       CMS   days hr:min    10^6 ltr    Meters
  --------------------------------------------------------------------------
  N_A_0017                0.01     0.462      0  01:00       0.001     0.000
  N_A_0018                0.01     0.573      0  00:58       0.001     0.000
  N_A_0019                0.29     2.205      0  01:05       1.192     0.000
  N_A_0020                0.01     0.558      0  00:59       0.002     0.000
  N_A_0026                0.01     0.179      0  01:01       0.000     0.000
  N_A_0027                0.01     0.002      0  01:01       0.000     0.000
  N_A_0041                0.01     0.183      0  01:05       0.000     0.000
  N_A_0076                0.01     0.054      0  01:02       0.000     0.000
  N_A_0077                0.01     0.747      0  01:02       0.001     0.000
  N_A_0083                0.01     0.121      0  01:02       0.000     0.000
  N_A_0084                0.01     0.204      0  01:01       0.000     0.000
  N_A_0089                0.01     0.534      0  01:03       0.003     0.000
  N_A_0091                0.01     0.161      0  01:03       0.000     0.000
  N_A_0094                0.01     0.489      0  01:03       0.002     0.000
  N_A_0095                0.01     0.372      0  01:02       0.000     0.000
  N_A_0096                0.01     0.064      0  01:04       0.000     0.000
  N_A_0128                0.01     0.154      0  01:05       0.000     0.000
  N_A_0129                0.01     0.472      0  01:01       0.000     0.000
  N_A_0130                0.01     0.365      0  01:02       0.001     0.000
  N_A_0133                0.01     0.248      0  01:03       0.000     0.000
  N_A_0149                0.01     0.115      0  01:02       0.000     0.000
  N_A_0158                0.01     0.113      0  01:01       0.000     0.000
  N_A_0160                0.01     0.290      0  01:01       0.001     0.000
  N_A_0161                0.01     0.318      0  01:00       0.000     0.000
  N_A_0163                0.01     0.249      0  01:02       0.000     0.000
  N_A_0164                0.01     0.410      0  01:03       0.001     0.000
  N_A_0175                0.01     0.100      0  01:02       0.000     0.000
  N_A_0177                0.01     0.417      0  00:59       0.001     0.000
  N_A_0178                0.01     0.023      0  01:02       0.000     0.000
  N_A_0179                0.01     0.379      0  00:58       0.000     0.000
  N_A_0180                0.01     0.185      0  00:59       0.000     0.000
  N_A_0181                0.01     0.355      0  00:59       0.000     0.000
  N_A_0182                0.01     0.447      0  00:59       0.001     0.000
  N_A_0183                0.03     0.335      0  00:58       0.008     0.000
  N_A_0199                0.14     0.910      0  01:05       0.179     0.000
  
  
  ***********************
  Outfall Loading Summary
  ***********************
  
  -----------------------------------------------------------
                         Flow       Avg       Max       Total
                         Freq      Flow      Flow      Volume
  Outfall Node           Pcnt       CMS       CMS    10^6 ltr
  -----------------------------------------------------------
  N_A_0002              84.45     0.098     0.470       1.046
  N_A_0014              84.32     0.160     0.987       1.714
  N_A_0015              90.49     0.267     1.492       3.073
  N_A_0022              99.99     1.790     7.675      22.778
  N_A_0029              80.69     0.042     0.203       0.426
  N_A_0032              75.82     0.037     0.178       0.358
  N_A_0034              68.35     0.012     0.054       0.104
  N_A_0036              84.57     0.031     0.152       0.338
  N_A_0038              93.94     0.173     0.811       2.071
  N_A_0042              96.14     0.335     1.412       4.093
  N_A_0043              82.03     0.110     0.568       1.143
  N_A_0065              84.42     0.091     0.461       0.980
  N_A_0072              87.67     0.152     0.739       1.693
  N_A_0074              92.18     0.252     1.485       2.952
  N_A_0081              81.49     0.039     0.192       0.405
  N_A_0082              82.28     0.092     0.439       0.964
  N_A_0086              88.84     0.201     1.078       2.267
  N_A_0093              98.10     0.419     1.970       5.226
  N_A_0098              92.17     0.123     1.403       1.439
  N_A_0099              94.48     0.181     0.842       2.178
  N_A_0101              95.66     0.338     1.445       4.113
  N_A_0105              84.67     0.198     1.738       2.131
  N_A_0109              94.90     0.458     2.494       5.519
  N_A_0125              78.62     0.410     2.558       4.098
  N_A_0139              78.50     0.100     1.327       1.002
  N_A_0140              82.59     0.123     0.639       1.286
  N_A_0142              83.24     0.148     0.791       1.570
  N_A_0148              91.94     0.379     2.038       4.424
  N_A_0154              92.73     0.169     0.851       1.996
  N_A_0155              95.83     0.280     0.880       3.409
  N_A_0157              82.73     0.023     0.111       0.239
  N_A_0162              85.34     0.122     0.889       1.325
  N_A_0165              74.48     0.015     0.071       0.142
  N_A_0168              70.00     0.020     0.090       0.175
  N_A_0172              65.37     0.010     0.044       0.084
  N_A_0174              82.28     0.088     0.472       0.921
  N_A_0190              94.49     0.204     1.002       2.454
  N_A_0193              99.99     1.125     5.578      14.306
  N_A_0195              99.99     1.280     5.192      16.326
  N_A_0200              99.99     1.538     5.427      19.844
  -----------------------------------------------------------
  System                86.89    11.633    56.079     140.612
  
  
  ********************
  Link Flow Summary
  ********************
  
  -----------------------------------------------------------------------------
                                 Maximum  Time of Max   Maximum    Max/    Max/
                                  |Flow|   Occurrence   |Veloc|    Full    Full
  Link                 Type          CMS  days hr:min     m/sec    Flow   Depth
  -----------------------------------------------------------------------------
  L_A_0001             CONDUIT     0.289     0  01:05      3.24    0.27    0.35
  L_A_0002             CONDUIT     0.299     0  01:05      3.34    0.27    0.35
  L_A_0003             CONDUIT     0.285     0  01:05      2.56    0.17    0.42
  L_A_0004             CONDUIT     0.304     0  01:05      2.08    0.17    0.51
  L_A_0005             CONDUIT     0.211     0  01:05      1.24    0.13    0.60
  L_A_0006             CONDUIT     0.278     0  01:05      1.45    0.17    0.64
  L_A_0007             CONDUIT     0.452     0  01:05      1.88    0.68    0.80
  L_A_0008             CONDUIT     0.862     0  01:05      3.08   11.65    0.97
  L_A_0009             CONDUIT     1.142     0  01:05      4.04    1.47    1.00
  L_A_0010             CONDUIT     0.344     0  01:00      1.68    0.29    1.00
  L_A_0011             CONDUIT     0.564     0  01:05      2.26    0.48    1.00
  L_A_0012             CONDUIT     0.500     0  00:59      1.77    0.59    1.00
  L_A_0013             CONDUIT     0.205     0  01:05      1.09    0.15    0.63
  L_A_0014             CONDUIT     0.136     0  01:05      1.58    0.09    0.36
  L_A_0015             CONDUIT     0.667     0  01:05      3.89    0.47    0.77
  L_A_0016             CONDUIT     1.204     0  01:05      4.84    0.75    1.00
  L_A_0017             CONDUIT     1.631     0  01:05      5.77    0.93    1.00
  L_A_0018             CONDUIT     1.123     0  01:05      4.58    6.05    0.81
  L_A_0019             CONDUIT     0.153     0  01:05      3.32    0.11    0.22
  L_A_0020             CONDUIT     0.058     0  01:05      2.12    0.05    0.15
  L_A_0021             CONDUIT     0.013     0  01:05      1.47    0.01    0.07
  L_A_0022             CONDUIT     0.099     0  01:05      1.12    0.31    0.35
  L_A_0023             CONDUIT     0.567     0  01:05      2.47    0.92    0.76
  L_A_0024             CONDUIT     0.338     0  01:05      2.24    0.58    0.54
  L_A_0025             CONDUIT     0.286     0  01:05      1.81    0.38    0.71
  L_A_0026             CONDUIT     0.300     0  01:09      1.48    0.35    1.00
  L_A_0027             CONDUIT     1.072     0  01:05      3.79    2.59    1.00
  L_A_0028             CONDUIT     0.303     0  01:05      2.81    0.35    0.41
  L_A_0029             CONDUIT     0.111     0  01:05      1.00    0.09    0.42
  L_A_0030             CONDUIT     0.383     0  01:05      1.89    0.87    0.68
  L_A_0031             CONDUIT     0.429     0  01:05      1.97    0.98    0.73
  L_A_0032             CONDUIT     0.177     0  01:05      1.55    0.31    0.43
  L_A_0033             CONDUIT     0.291     0  01:05      1.88    0.15    0.54
  L_A_0034             CONDUIT     0.362     0  01:05      2.09    0.20    0.59
  L_A_0035             CONDUIT     0.270     0  01:05      1.46    0.13    0.62
  L_A_0036             CONDUIT     0.097     0  01:05      2.20    0.11    0.21
  L_A_0037             CONDUIT     0.118     0  01:05      2.00    0.09    0.26
  L_A_0038             CONDUIT     0.059     0  01:05      0.96    0.41    0.27
  L_A_0039             CONDUIT     0.154     0  01:05      1.47    0.10    0.40
  L_A_0040             CONDUIT     0.275     0  01:05      1.62    3.88    0.58
  L_A_0041             CONDUIT     0.063     0  01:05      0.82    0.27    0.32
  L_A_0042             CONDUIT     0.289     0  01:05      2.48    0.19    0.43
  L_A_0043             CONDUIT     0.314     0  01:05      1.83    0.25    0.62
  L_A_0044             CONDUIT     0.187     0  01:05      2.96    0.17    0.27
  L_A_0045             CONDUIT     0.236     0  01:05      1.32    0.15    0.63
  L_A_0046             CONDUIT     0.249     0  01:05      1.17    0.35    0.70
  L_A_0047             CONDUIT     0.998     0  01:05      4.70    1.12    0.70
  L_A_0048             CONDUIT     0.840     0  01:02      2.97    1.23    1.00
  L_A_0049             CONDUIT     0.139     0  01:05      2.56    0.10    0.25
  L_A_0050             CONDUIT     0.136     0  01:05      2.21    0.09    0.27
  L_A_0051             CONDUIT     0.095     0  01:05      1.54    0.13    0.27
  L_A_0052             CONDUIT     0.064     0  01:05      1.50    0.10    0.21
  L_A_0053             CONDUIT     0.117     0  01:05      2.95    0.09    0.20
  L_A_0054             CONDUIT     0.592     0  01:05      2.09    1.11    1.00
  L_A_0055             CONDUIT     0.965     0  01:01      3.65    0.94    1.00
  L_A_0056             CONDUIT     0.849     0  01:05      3.03    2.19    0.97
  L_A_0057             CONDUIT     0.258     0  01:03      0.91    2.03    1.00
  L_A_0058             CONDUIT     0.335     0  01:03      1.19    0.76    1.00
  L_A_0059             CONDUIT     0.575     0  01:05      2.32    0.47    1.00
  L_A_0060             CONDUIT     0.162     0  01:05      0.91    0.10    0.61
  L_A_0061             CONDUIT     1.894     0  01:05      6.70    1.34    1.00
  L_A_0062             CONDUIT     0.353     0  01:05      1.25    0.95    1.00
  L_A_0063             CONDUIT     0.245     0  01:05      0.87    1.52    1.00
  L_A_0064             CONDUIT     1.330     0  01:05      4.70   18.93    1.00
  L_A_0065             CONDUIT     0.669     0  01:05      2.80    0.96    0.79
  L_A_0066             CONDUIT     0.598     0  01:05      2.20    1.60    0.92
  L_A_0067             CONDUIT     0.388     0  01:05      1.87    0.30    0.69
  L_A_0068             CONDUIT     0.420     0  01:05      5.23    0.29    0.39
  L_A_0069             CONDUIT     1.416     0  01:05     13.40    0.33    0.40
  L_A_0070             CONDUIT     0.360     0  01:05      1.93    0.20    0.65
  L_A_0071             CONDUIT     0.081     0  01:05      1.52    0.10    0.24
  L_A_0072             CONDUIT     0.300     0  01:05      1.58    0.17    0.64
  L_A_0073             CONDUIT     0.056     0  01:05      1.34    0.04    0.21
  L_A_0074             CONDUIT     0.191     0  01:05      1.73    0.13    0.41
  L_A_0075             CONDUIT     0.188     0  01:05      1.35    0.23    0.49
  L_A_0076             CONDUIT     0.625     0  01:05      2.21    0.84    1.00
  L_A_0077             CONDUIT     0.974     0  01:05      4.06    0.64    0.79
  L_A_0078             CONDUIT     0.182     0  01:05      1.53    0.13    0.44
  L_A_0079             CONDUIT     0.344     0  01:05      1.87    0.27    0.62
  L_A_0080             CONDUIT     0.630     0  01:05      2.95    8.71    0.71
  L_A_0081             CONDUIT     0.321     0  01:05      1.62    0.22    0.66
  L_A_0082             CONDUIT     0.212     0  01:05      1.47    0.14    0.63
  L_A_0083             CONDUIT     0.217     0  01:05      1.13    0.18    0.65
  L_A_0084             CONDUIT     0.268     0  01:07      1.16    0.27    1.00
  L_A_0085             CONDUIT     0.388     0  01:17      1.63    0.63    1.00
  L_A_0086             CONDUIT     0.821     0  01:05      2.90    1.13    1.00
  L_A_0087             CONDUIT     0.279     0  01:15      2.18    0.81    1.00
  L_A_0088             CONDUIT     0.304     0  01:16      1.71    0.07    1.00
  L_A_0089             CONDUIT     0.306     0  01:14      1.56    0.08    1.00
  L_A_0090             CONDUIT     0.235     0  01:05      1.56    0.34    0.70
  L_A_0091             CONDUIT     0.817     0  01:05      2.89    0.93    1.00
  L_A_0092             CONDUIT     0.382     0  01:05      3.72    0.32    0.39
  L_A_0093             CONDUIT     0.532     0  01:05      5.59    0.29    0.37
  L_A_0094             CONDUIT     0.159     0  01:05      1.61    0.20    0.38
  L_A_0095             CONDUIT     0.127     0  01:05      1.00    0.11    0.46
  L_A_0096             CONDUIT     1.564     0  01:05      5.53    1.33    1.00
  L_A_0097             CONDUIT     0.677     0  01:05      3.24    0.32    0.69
  L_A_0098             CONDUIT     0.327     0  01:05      1.57    0.32    0.69
  L_A_0099             CONDUIT     0.507     0  01:05      5.03    0.32    0.39
  L_A_0100             CONDUIT     0.396     0  01:05      2.07    0.17    0.64
  L_A_0101             CONDUIT     0.519     0  01:05      3.44    0.54    0.53
  L_A_0102             CONDUIT     0.746     0  01:05      2.68    1.23    0.95
  L_A_0103             CONDUIT     0.059     0  01:05      0.96    0.20    0.27
  L_A_0104             CONDUIT     0.456     0  01:05      1.61    1.17    1.00
  L_A_0105             CONDUIT     2.134     0  01:05      7.55    2.39    1.00
  L_A_0106             CONDUIT     0.314     0  01:01      1.84    0.35    1.00
  L_A_0107             CONDUIT     0.412     0  01:05      1.46    1.25    1.00
  L_A_0108             CONDUIT     0.766     0  01:05      2.75    4.17    0.96
  L_A_0109             CONDUIT     0.511     0  01:05      1.81    0.78    1.00
  L_A_0110             CONDUIT     0.236     0  01:13      1.74    0.99    1.00
  L_A_0111             CONDUIT     0.306     0  01:14      1.56    0.08    1.00
  L_A_0112             CONDUIT     0.304     0  01:16      1.71    0.07    1.00
  L_A_0113             CONDUIT     0.030     0  01:05      1.37    0.04    0.13
  L_A_0114             CONDUIT     0.333     0  01:05      2.48    0.34    0.70
  L_A_0115             CONDUIT     0.018     0  01:05      1.55    0.02    0.09
  L_A_0116             CONDUIT     0.160     0  01:05      1.97    0.16    0.33
  L_A_0117             CONDUIT     0.128     0  01:05      1.56    0.19    0.33
  L_A_0118             CONDUIT     0.004     0  01:05      1.04    0.00    0.04
  L_A_0119             CONDUIT     0.424     0  01:05      3.92    0.35    0.41
  L_A_0120             CONDUIT     0.412     0  01:05      1.50    0.32    1.00
  L_A_0121             CONDUIT     0.447     0  01:05      1.58    0.40    1.00
  L_A_0122             CONDUIT     0.347     0  01:05      1.77    0.59    1.00
  L_A_0123             CONDUIT     0.721     0  01:05      2.55    0.64    1.00
  L_A_0124             CONDUIT     0.275     0  00:59      1.59    0.17    1.00
  L_A_0125             CONDUIT     0.542     0  01:05      2.02    0.51    1.00
  L_A_0126             CONDUIT     0.494     0  01:05      2.42    0.38    0.72
  L_A_0127             CONDUIT     0.148     0  01:05      1.06    0.14    0.49
  L_A_0128             CONDUIT     0.351     0  01:05      3.39    0.29    0.41
  L_A_0129             CONDUIT     0.211     0  01:05      1.24    0.13    0.60
  L_A_0130             CONDUIT     0.137     0  01:05      0.89    0.10    0.54
  L_A_0131             CONDUIT     0.630     0  01:05      3.22    0.26    0.41
  L_A_0132             CONDUIT     1.405     0  01:05      6.07    0.45    0.47
  L_A_0133             CONDUIT     2.110     0  01:05      9.17    0.44    0.47
  L_A_0134             CONDUIT     2.528     0  01:05      8.67    0.45    0.56
  L_A_0135             CONDUIT     3.145     0  01:05      9.52    0.75    0.63
  L_A_0136             CONDUIT     2.797     0  01:05      6.52    0.66    0.80
  L_A_0137             CONDUIT     2.496     0  01:05      5.75    2.13    0.81
  L_A_0138             CONDUIT     2.970     0  01:05      8.77    0.69    0.75
  L_A_0139             CONDUIT     2.564     0  01:03      7.15    0.63    0.94
  L_A_0140             CONDUIT     2.824     0  01:07      6.79    0.83    1.00
  L_A_0141             CONDUIT     3.141     0  01:03      6.25    0.96    1.00
  L_A_0142             CONDUIT     3.402     0  01:06      6.77    1.57    1.00
  L_A_0143             CONDUIT     3.342     0  01:05      7.52    1.16    1.00
  L_A_0144             CONDUIT     2.719     0  01:05      5.41    0.67    1.00
  L_A_0145             CONDUIT     0.140     0  01:05      1.05    0.05    0.31
  L_A_0146             CONDUIT     1.431     0  01:05      7.99    0.40    0.39
  L_A_0147             CONDUIT     1.051     0  01:05      8.61    0.20    0.29
  L_A_0148             CONDUIT     0.965     0  01:05      8.13    0.17    0.29
  L_A_0149             CONDUIT     1.055     0  01:05      5.73    0.19    0.65
  L_A_0150             CONDUIT     1.380     0  01:02      3.99    0.41    1.00
  L_A_0151             CONDUIT     1.923     0  01:11      3.99    0.89    1.00
  L_A_0152             CONDUIT     3.050     0  01:05      6.07    1.30    1.00
  L_A_0153             CONDUIT     2.922     0  01:07      6.03    0.98    1.00
  L_A_0154             CONDUIT     4.079     0  01:05      8.11    1.33    1.00
  L_A_0155             CONDUIT     2.690     0  01:05      5.56    1.08    1.00
  L_A_0156             CONDUIT     2.692     0  01:05      6.02    1.24    0.83
  L_A_0157             CONDUIT     2.817     0  01:05      6.68    0.78    0.83
  L_A_0158             CONDUIT     5.076     0  01:05     10.10    1.30    1.00
  L_A_0159             CONDUIT     0.130     0  01:05      1.72    0.05    0.21
  L_A_0160             CONDUIT     0.673     0  01:05      3.48    0.15    0.41
  L_A_0161             CONDUIT     0.890     0  01:05      3.71    0.59    0.48
  L_A_0162             CONDUIT     1.515     0  01:05      6.24    0.35    0.49
  L_A_0163             CONDUIT     2.482     0  01:05      6.22    0.61    0.78
  L_A_0164             CONDUIT     3.030     0  01:05      7.04    1.06    0.86
  L_A_0165             CONDUIT     2.840     0  01:06      7.65    0.83    0.88
  L_A_0166             CONDUIT     3.506     0  01:05      9.39    0.76    1.00
  L_A_0167             CONDUIT     2.776     0  01:05      6.57    0.67    1.00
  L_A_0168             CONDUIT     3.523     0  01:05      7.01    1.00    1.00
  L_A_0169             CONDUIT     3.201     0  01:00      6.37    1.15    1.00
  L_A_0170             CONDUIT     3.723     0  01:00      7.41    1.42    1.00
  L_A_0171             CONDUIT     0.268     0  01:05      1.76    0.13    0.34
  L_A_0172             CONDUIT     0.310     0  01:05      1.51    0.40    0.43
  L_A_0173             CONDUIT     0.995     0  01:05      3.68    0.37    0.55
  L_A_0174             CONDUIT     1.739     0  01:06      3.88    0.72    0.84
  L_A_0175             CONDUIT     4.551     0  01:05      9.10    1.13    1.00
  L_A_0176             CONDUIT     0.311     0  01:05      2.74    0.10    0.28
  L_A_0177             CONDUIT     0.580     0  01:05      2.76    0.26    0.44
  L_A_0178             CONDUIT     0.834     0  01:05      3.50    0.53    0.48
  L_A_0179             CONDUIT     1.111     0  01:05      4.83    0.39    0.47
  L_A_0180             CONDUIT     1.429     0  01:05      6.23    0.48    0.47
  L_A_0181             CONDUIT     1.072     0  01:05      4.78    0.40    0.46
  L_A_0182             CONDUIT     1.694     0  01:05      4.25    0.46    0.74
  L_A_0183             CONDUIT     4.167     0  01:05      8.29    1.62    1.00
  L_A_0184             CONDUIT     3.084     0  01:05      6.14    2.44    1.00
  L_A_0185             CONDUIT     0.096     0  01:05      0.30    0.06    1.00
  L_A_0186             CONDUIT     0.595     0  01:05      2.51    0.20    0.48
  L_A_0187             CONDUIT     4.797     0  01:03      9.54    1.49    1.00
  L_A_C0022            CONDUIT     7.456     0  01:05     14.83    7.97    1.00
  L_A_C0074            CONDUIT     0.846     0  01:05      3.02    1.95    0.97
  L_A_C0109            CONDUIT     1.894     0  01:05      6.70    4.36    1.00
  L_A_C0125            CONDUIT     2.346     0  01:05      8.30    5.40    1.00
  L_A_C0139            CONDUIT     1.150     0  01:05      4.07    2.65    1.00
  L_A_C0190            CONDUIT     0.724     0  01:05      2.10    0.77    0.65
  
  
  ***************************
  Flow Classification Summary
  ***************************
  
  -------------------------------------------------------------------------------------
                      Adjusted    ---------- Fraction of Time in Flow Class ---------- 
                       /Actual         Up    Down  Sub   Sup   Up    Down  Norm  Inlet 
  Conduit               Length    Dry  Dry   Dry   Crit  Crit  Crit  Crit  Ltd   Ctrl  
  -------------------------------------------------------------------------------------
  L_A_0001                1.00   0.00  0.00  0.00  0.20  0.79  0.00  0.00  0.14  0.00
  L_A_0002                1.00   0.00  0.00  0.00  0.09  0.91  0.00  0.00  0.25  0.00
  L_A_0003                1.00   0.00  0.00  0.00  0.47  0.53  0.00  0.00  0.91  0.00
  L_A_0004                1.00   0.00  0.00  0.00  0.61  0.39  0.00  0.00  1.00  0.00
  L_A_0005                1.00   0.00  0.01  0.00  0.91  0.08  0.00  0.00  0.81  0.00
  L_A_0006                1.00   0.00  0.07  0.00  0.91  0.02  0.00  0.00  1.00  0.00
  L_A_0007                1.00   0.00  0.00  0.00  0.94  0.06  0.00  0.00  0.98  0.00
  L_A_0008                1.00   0.00  0.00  0.00  0.94  0.06  0.00  0.00  0.00  0.00
  L_A_0009                1.00   0.00  0.00  0.00  0.11  0.89  0.00  0.00  0.23  0.00
  L_A_0010                1.00   0.00  0.00  0.00  0.69  0.31  0.00  0.00  0.94  0.00
  L_A_0011                1.00   0.00  0.00  0.00  0.98  0.02  0.00  0.00  0.91  0.00
  L_A_0012                1.00   0.00  0.00  0.00  0.84  0.16  0.00  0.00  0.93  0.00
  L_A_0013                1.00   0.00  0.03  0.00  0.95  0.02  0.00  0.00  0.99  0.00
  L_A_0014                1.00   0.00  0.01  0.00  0.62  0.37  0.00  0.00  1.00  0.00
  L_A_0015                1.00   0.00  0.00  0.00  0.00  1.00  0.00  0.00  0.99  0.00
  L_A_0016                1.00   0.00  0.00  0.00  0.02  0.98  0.00  0.00  0.96  0.00
  L_A_0017                1.00   0.00  0.00  0.00  0.56  0.44  0.00  0.00  0.94  0.00
  L_A_0018                1.00   0.00  0.00  0.00  0.91  0.09  0.00  0.00  0.64  0.00
  L_A_0019                1.00   0.00  0.00  0.00  0.34  0.65  0.00  0.00  0.10  0.00
  L_A_0020                1.00   0.00  0.00  0.00  0.45  0.55  0.00  0.00  0.15  0.00
  L_A_0021                1.00   0.00  0.00  0.00  0.51  0.49  0.00  0.00  0.16  0.00
  L_A_0022                1.00   0.00  0.00  0.00  0.97  0.03  0.00  0.00  0.00  0.00
  L_A_0023                1.00   0.00  0.00  0.00  0.24  0.76  0.00  0.00  0.26  0.00
  L_A_0024                1.00   0.00  0.00  0.00  0.49  0.51  0.00  0.00  0.01  0.00
  L_A_0025                1.00   0.00  0.00  0.00  0.66  0.34  0.00  0.00  0.98  0.00
  L_A_0026                1.00   0.00  0.00  0.00  0.72  0.27  0.00  0.00  0.96  0.00
  L_A_0027                1.00   0.00  0.00  0.00  0.76  0.24  0.00  0.00  0.04  0.00
  L_A_0028                1.00   0.00  0.00  0.00  0.41  0.59  0.00  0.00  0.13  0.00
  L_A_0029                1.00   0.00  0.06  0.00  0.93  0.00  0.00  0.00  1.00  0.00
  L_A_0030                1.00   0.00  0.00  0.00  0.66  0.34  0.00  0.00  0.77  0.00
  L_A_0031                1.00   0.00  0.00  0.00  0.58  0.42  0.00  0.00  0.25  0.00
  L_A_0032                1.00   0.00  0.00  0.00  0.40  0.60  0.00  0.00  0.38  0.00
  L_A_0033                1.00   0.00  0.00  0.00  0.41  0.59  0.00  0.00  1.00  0.00
  L_A_0034                1.00   0.00  0.00  0.00  0.65  0.34  0.00  0.00  1.00  0.00
  L_A_0035                1.00   0.00  0.11  0.00  0.85  0.04  0.00  0.00  0.99  0.00
  L_A_0036                1.00   0.00  0.00  0.00  0.45  0.55  0.00  0.00  0.32  0.00
  L_A_0037                1.00   0.00  0.00  0.00  0.55  0.45  0.00  0.00  0.84  0.00
  L_A_0038                1.00   0.00  0.00  0.00  1.00  0.00  0.00  0.00  0.01  0.00
  L_A_0039                1.00   0.00  0.00  0.00  0.68  0.32  0.00  0.00  1.00  0.00
  L_A_0040                1.00   0.00  0.00  0.00  0.95  0.05  0.00  0.00  0.00  0.00
  L_A_0041                1.00   0.00  0.00  0.00  1.00  0.00  0.00  0.00  0.09  0.00
  L_A_0042                1.00   0.00  0.00  0.00  0.55  0.45  0.00  0.00  1.00  0.00
  L_A_0043                1.00   0.00  0.02  0.00  0.66  0.33  0.00  0.00  1.00  0.00
  L_A_0044                1.00   0.00  0.00  0.00  0.27  0.73  0.00  0.00  0.11  0.00
  L_A_0045                1.00   0.00  0.05  0.00  0.92  0.03  0.00  0.00  0.99  0.00
  L_A_0046                1.00   0.00  0.00  0.00  0.99  0.01  0.00  0.00  0.99  0.00
  L_A_0047                1.00   0.00  0.00  0.00  0.97  0.02  0.00  0.00  0.96  0.00
  L_A_0048                1.00   0.00  0.00  0.00  0.75  0.25  0.00  0.00  0.93  0.00
  L_A_0049                1.00   0.00  0.00  0.00  0.52  0.48  0.00  0.00  0.98  0.00
  L_A_0050                1.00   0.00  0.00  0.00  0.55  0.45  0.00  0.00  1.00  0.00
  L_A_0051                1.00   0.00  0.00  0.00  0.60  0.40  0.00  0.00  0.99  0.00
  L_A_0052                1.00   0.00  0.00  0.00  0.43  0.57  0.00  0.00  0.08  0.00
  L_A_0053                1.00   0.00  0.00  0.00  0.39  0.61  0.00  0.00  0.12  0.00
  L_A_0054                1.00   0.00  0.00  0.00  0.75  0.25  0.00  0.00  0.91  0.00
  L_A_0055                1.00   0.00  0.00  0.00  0.20  0.80  0.00  0.00  0.74  0.00
  L_A_0056                1.00   0.00  0.00  0.00  0.93  0.07  0.00  0.00  0.00  0.00
  L_A_0057                1.00   0.00  0.00  0.00  1.00  0.00  0.00  0.00  0.51  0.00
  L_A_0058                1.00   0.00  0.00  0.00  1.00  0.00  0.00  0.00  0.93  0.00
  L_A_0059                1.00   0.00  0.00  0.00  0.63  0.37  0.00  0.00  0.95  0.00
  L_A_0060                1.00   0.00  0.11  0.00  0.86  0.02  0.00  0.00  1.00  0.00
  L_A_0061                1.00   0.00  0.00  0.00  0.05  0.95  0.00  0.00  0.29  0.00
  L_A_0062                1.00   0.00  0.00  0.00  1.00  0.00  0.00  0.00  0.94  0.00
  L_A_0063                1.00   0.00  0.00  0.00  1.00  0.00  0.00  0.00  0.25  0.00
  L_A_0064                1.00   0.00  0.00  0.00  0.91  0.08  0.00  0.00  0.00  0.00
  L_A_0065                1.00   0.00  0.00  0.00  0.18  0.82  0.00  0.00  0.28  0.00
  L_A_0066                1.00   0.00  0.00  0.00  0.90  0.10  0.00  0.00  0.00  0.00
  L_A_0067                1.00   0.00  0.00  0.00  0.54  0.46  0.00  0.00  1.00  0.00
  L_A_0068                1.00   0.00  0.00  0.00  0.11  0.89  0.00  0.00  0.16  0.00
  L_A_0069                1.00   0.00  0.00  0.00  0.33  0.67  0.00  0.00  0.01  0.00
  L_A_0070                1.00   0.00  0.00  0.00  0.69  0.31  0.00  0.00  0.98  0.00
  L_A_0071                1.00   0.00  0.00  0.00  0.65  0.35  0.00  0.00  0.99  0.00
  L_A_0072                1.00   0.00  0.05  0.00  0.94  0.01  0.00  0.00  0.99  0.00
  L_A_0073                1.00   0.00  0.00  0.00  0.56  0.44  0.00  0.00  1.00  0.00
  L_A_0074                1.00   0.00  0.00  0.00  0.60  0.40  0.00  0.00  0.99  0.00
  L_A_0075                1.00   0.00  0.00  0.00  0.97  0.03  0.00  0.00  0.98  0.00
  L_A_0076                1.00   0.00  0.00  0.00  0.98  0.02  0.00  0.00  0.93  0.00
  L_A_0077                1.00   0.00  0.00  0.00  0.64  0.36  0.00  0.00  0.99  0.00
  L_A_0078                1.00   0.00  0.00  0.00  0.60  0.40  0.00  0.00  1.00  0.00
  L_A_0079                1.00   0.00  0.01  0.00  0.91  0.08  0.00  0.00  0.98  0.00
  L_A_0080                1.00   0.00  0.00  0.00  0.79  0.21  0.00  0.00  0.06  0.00
  L_A_0081                1.00   0.00  0.00  0.00  0.98  0.02  0.00  0.00  1.00  0.00
  L_A_0082                1.00   0.00  0.00  0.00  0.97  0.03  0.00  0.00  0.92  0.00
  L_A_0083                1.00   0.00  0.05  0.00  0.94  0.02  0.00  0.00  1.00  0.00
  L_A_0084                1.00   0.00  0.09  0.00  0.90  0.02  0.00  0.00  0.98  0.00
  L_A_0085                1.00   0.00  0.00  0.00  1.00  0.00  0.00  0.00  0.95  0.00
  L_A_0086                1.00   0.00  0.00  0.00  0.84  0.16  0.00  0.00  0.53  0.00
  L_A_0087                1.00   0.00  0.00  0.00  0.61  0.39  0.00  0.00  0.00  0.00
  L_A_0088                1.00   0.00  0.02  0.00  0.96  0.02  0.00  0.00  0.95  0.00
  L_A_0089                1.00   0.00  0.00  0.00  0.98  0.02  0.00  0.00  0.96  0.00
  L_A_0090                1.00   0.00  0.00  0.00  0.79  0.21  0.00  0.00  0.99  0.00
  L_A_0091                1.00   0.00  0.00  0.00  0.98  0.02  0.00  0.00  0.54  0.00
  L_A_0092                1.00   0.00  0.00  0.00  0.32  0.68  0.00  0.00  0.13  0.00
  L_A_0093                1.00   0.00  0.00  0.00  0.36  0.63  0.00  0.00  0.08  0.00
  L_A_0094                1.00   0.00  0.00  0.00  0.54  0.46  0.00  0.00  0.56  0.00
  L_A_0095                1.00   0.00  0.00  0.00  0.98  0.02  0.00  0.00  1.00  0.00
  L_A_0096                1.00   0.00  0.00  0.00  0.06  0.94  0.00  0.00  0.21  0.00
  L_A_0097                1.00   0.00  0.02  0.00  0.57  0.41  0.00  0.00  1.00  0.00
  L_A_0098                1.00   0.00  0.02  0.00  0.96  0.02  0.00  0.00  0.99  0.00
  L_A_0099                1.00   0.00  0.00  0.00  0.31  0.69  0.00  0.00  0.56  0.00
  L_A_0100                1.00   0.00  0.00  0.00  0.52  0.47  0.00  0.00  1.00  0.00
  L_A_0101                1.00   0.00  0.00  0.00  0.07  0.93  0.00  0.00  0.14  0.00
  L_A_0102                1.00   0.00  0.00  0.00  0.23  0.77  0.00  0.00  0.23  0.00
  L_A_0103                1.00   0.00  0.00  0.00  0.97  0.03  0.00  0.00  0.00  0.00
  L_A_0104                1.00   0.00  0.00  0.00  1.00  0.00  0.00  0.00  0.92  0.00
  L_A_0105                1.00   0.00  0.17  0.00  0.83  0.00  0.00  0.00  0.56  0.00
  L_A_0106                1.00   0.00  0.17  0.00  0.83  0.00  0.00  0.00  0.94  0.00
  L_A_0107                1.00   0.00  0.00  0.00  1.00  0.00  0.00  0.00  0.94  0.00
  L_A_0108                1.00   0.00  0.00  0.00  1.00  0.00  0.00  0.00  0.00  0.00
  L_A_0109                1.00   0.00  0.00  0.00  0.82  0.18  0.00  0.00  0.94  0.00
  L_A_0110                1.00   0.00  0.00  0.00  0.61  0.39  0.00  0.00  0.00  0.00
  L_A_0111                1.00   0.00  0.00  0.00  0.98  0.02  0.00  0.00  0.96  0.00
  L_A_0112                1.00   0.00  0.02  0.00  0.96  0.02  0.00  0.00  0.95  0.00
  L_A_0113                1.00   0.00  0.00  0.00  0.39  0.61  0.00  0.00  0.13  0.00
  L_A_0114                1.00   0.00  0.00  0.00  0.54  0.46  0.00  0.00  0.78  0.00
  L_A_0115                1.00   0.00  0.00  0.00  0.50  0.49  0.00  0.00  0.14  0.00
  L_A_0116                1.00   0.00  0.00  0.00  0.63  0.37  0.00  0.00  0.99  0.00
  L_A_0117                1.00   0.00  0.00  0.00  0.66  0.34  0.00  0.00  0.90  0.00
  L_A_0118                1.00   0.00  0.00  0.00  0.53  0.47  0.00  0.00  0.05  0.00
  L_A_0119                1.00   0.00  0.00  0.00  0.40  0.60  0.00  0.00  0.13  0.00
  L_A_0120                1.00   0.00  0.00  0.00  0.74  0.26  0.00  0.00  0.93  0.00
  L_A_0121                1.00   0.00  0.00  0.00  0.87  0.13  0.00  0.00  0.91  0.00
  L_A_0122                1.00   0.00  0.00  0.00  0.59  0.41  0.00  0.00  0.15  0.00
  L_A_0123                1.00   0.00  0.00  0.00  0.93  0.07  0.00  0.00  0.91  0.00
  L_A_0124                1.00   0.00  0.03  0.00  0.68  0.29  0.00  0.00  0.93  0.00
  L_A_0125                1.00   0.00  0.00  0.00  0.60  0.40  0.00  0.00  0.92  0.00
  L_A_0126                1.00   0.00  0.00  0.00  0.50  0.50  0.00  0.00  0.99  0.00
  L_A_0127                1.00   0.00  0.05  0.00  0.94  0.01  0.00  0.00  0.99  0.00
  L_A_0128                1.00   0.00  0.00  0.00  0.16  0.84  0.00  0.00  0.07  0.00
  L_A_0129                1.00   0.00  0.01  0.00  0.91  0.08  0.00  0.00  0.81  0.00
  L_A_0130                1.00   0.00  0.11  0.00  0.88  0.02  0.00  0.00  0.99  0.00
  L_A_0131                1.00   0.00  0.00  0.00  0.31  0.69  0.00  0.00  0.98  0.00
  L_A_0132                1.00   0.00  0.00  0.00  0.00  1.00  0.00  0.00  0.01  0.00
  L_A_0133                1.00   0.00  0.00  0.00  0.00  1.00  0.00  0.00  0.04  0.00
  L_A_0134                1.00   0.00  0.00  0.00  0.00  1.00  0.00  0.00  1.00  0.00
  L_A_0135                1.00   0.00  0.00  0.00  0.00  1.00  0.00  0.00  0.00  0.00
  L_A_0136                1.00   0.00  0.00  0.00  0.25  0.75  0.00  0.00  1.00  0.00
  L_A_0137                1.00   0.00  0.00  0.00  0.26  0.74  0.00  0.00  0.19  0.00
  L_A_0138                1.00   0.00  0.00  0.00  0.00  1.00  0.00  0.00  0.93  0.00
  L_A_0139                1.00   0.00  0.00  0.00  0.00  1.00  0.00  0.00  0.97  0.00
  L_A_0140                1.00   0.00  0.00  0.00  0.04  0.96  0.00  0.00  0.95  0.00
  L_A_0141                1.00   0.00  0.00  0.00  0.05  0.95  0.00  0.00  0.92  0.00
  L_A_0142                1.00   0.00  0.00  0.00  0.05  0.95  0.00  0.00  0.01  0.00
  L_A_0143                1.00   0.00  0.00  0.00  0.03  0.96  0.00  0.00  0.01  0.00
  L_A_0144                1.00   0.00  0.00  0.00  0.12  0.88  0.00  0.00  0.94  0.00
  L_A_0145                1.00   0.00  0.00  0.00  0.56  0.44  0.00  0.00  0.96  0.00
  L_A_0146                1.00   0.00  0.00  0.00  0.17  0.83  0.00  0.00  0.15  0.00
  L_A_0147                1.00   0.00  0.00  0.00  0.18  0.81  0.00  0.00  0.49  0.00
  L_A_0148                1.00   0.00  0.00  0.00  0.15  0.85  0.00  0.00  0.85  0.00
  L_A_0149                1.00   0.00  0.00  0.00  0.09  0.91  0.00  0.00  0.95  0.00
  L_A_0150                1.00   0.00  0.00  0.00  0.48  0.52  0.00  0.00  0.97  0.00
  L_A_0151                1.00   0.00  0.00  0.00  0.54  0.46  0.00  0.00  0.93  0.00
  L_A_0152                1.00   0.00  0.00  0.00  0.05  0.95  0.00  0.00  0.11  0.00
  L_A_0153                1.00   0.00  0.00  0.00  0.05  0.95  0.00  0.00  0.93  0.00
  L_A_0154                1.00   0.00  0.00  0.00  0.06  0.94  0.00  0.00  0.91  0.00
  L_A_0155                1.00   0.00  0.00  0.00  0.07  0.93  0.00  0.00  0.52  0.00
  L_A_0156                1.00   0.00  0.00  0.00  0.00  1.00  0.00  0.00  0.00  0.00
  L_A_0157                1.00   0.00  0.00  0.00  0.00  1.00  0.00  0.00  1.00  0.00
  L_A_0158                1.00   0.00  0.00  0.00  0.03  0.96  0.00  0.00  0.18  0.00
  L_A_0159                1.00   0.00  0.01  0.00  0.63  0.37  0.00  0.00  1.00  0.00
  L_A_0160                1.00   0.00  0.00  0.00  0.48  0.52  0.00  0.00  0.99  0.00
  L_A_0161                1.00   0.00  0.00  0.00  0.42  0.58  0.00  0.00  0.05  0.00
  L_A_0162                1.00   0.00  0.00  0.00  0.00  0.99  0.00  0.00  0.99  0.00
  L_A_0163                1.00   0.00  0.00  0.00  0.00  1.00  0.00  0.00  1.00  0.00
  L_A_0164                1.00   0.00  0.00  0.00  0.00  1.00  0.00  0.00  0.47  0.00
  L_A_0165                1.00   0.00  0.00  0.00  0.00  1.00  0.00  0.00  0.13  0.00
  L_A_0166                1.00   0.00  0.00  0.00  0.01  0.99  0.00  0.00  0.53  0.00
  L_A_0167                1.00   0.00  0.00  0.00  0.03  0.97  0.00  0.00  0.94  0.00
  L_A_0168                1.00   0.00  0.00  0.00  0.07  0.93  0.00  0.00  0.90  0.00
  L_A_0169                1.00   0.00  0.00  0.00  0.09  0.90  0.00  0.00  0.88  0.00
  L_A_0170                1.00   0.00  0.00  0.00  0.10  0.90  0.00  0.00  0.85  0.00
  L_A_0171                1.00   0.00  0.00  0.00  0.61  0.39  0.00  0.00  1.00  0.00
  L_A_0172                1.00   0.00  0.00  0.00  1.00  0.00  0.00  0.00  0.17  0.00
  L_A_0173                1.00   0.00  0.00  0.00  0.28  0.72  0.00  0.00  0.98  0.00
  L_A_0174                1.00   0.00  0.00  0.00  0.58  0.42  0.00  0.00  0.98  0.00
  L_A_0175                1.00   0.00  0.00  0.00  0.04  0.96  0.00  0.00  0.12  0.00
  L_A_0176                1.00   0.00  0.08  0.00  0.56  0.36  0.00  0.00  0.98  0.00
  L_A_0177                1.00   0.00  0.00  0.00  0.52  0.48  0.00  0.00  0.99  0.00
  L_A_0178                1.00   0.00  0.00  0.00  0.46  0.53  0.00  0.00  0.03  0.00
  L_A_0179                1.00   0.00  0.00  0.00  0.17  0.83  0.00  0.00  0.97  0.00
  L_A_0180                1.00   0.00  0.00  0.00  0.08  0.92  0.00  0.00  0.11  0.00
  L_A_0181                1.00   0.00  0.00  0.00  0.14  0.86  0.00  0.00  0.99  0.00
  L_A_0182                1.00   0.00  0.00  0.00  0.51  0.48  0.00  0.00  1.00  0.00
  L_A_0183                1.00   0.00  0.00  0.00  0.63  0.36  0.00  0.00  0.81  0.00
  L_A_0184                1.00   0.00  0.00  0.00  0.98  0.02  0.00  0.00  0.77  0.00
  L_A_0185                1.00   0.00  0.13  0.00  0.87  0.00  0.00  0.00  0.86  0.00
  L_A_0186                1.00   0.00  0.00  0.00  0.45  0.55  0.00  0.00  0.99  0.00
  L_A_0187                1.00   0.00  0.00  0.00  0.09  0.91  0.00  0.00  0.28  0.00
  L_A_C0022               1.00   0.00  0.00  0.00  0.37  0.63  0.00  0.00  0.11  0.00
  L_A_C0074               1.00   0.00  0.00  0.00  0.55  0.45  0.00  0.00  0.12  0.00
  L_A_C0109               1.00   0.00  0.00  0.00  0.62  0.37  0.00  0.00  0.06  0.00
  L_A_C0125               1.00   0.17  0.00  0.00  0.58  0.25  0.00  0.00  0.07  0.00
  L_A_C0139               1.00   0.00  0.00  0.00  0.66  0.33  0.00  0.00  0.08  0.00
  L_A_C0190               1.00   0.00  0.00  0.00  0.42  0.57  0.00  0.00  0.18  0.00
  
  
  *************************
  Conduit Surcharge Summary
  *************************
  
  ----------------------------------------------------------------------------
                                                           Hours        Hours 
                         --------- Hours Full --------   Above Full   Capacity
  Conduit                Both Ends  Upstream  Dnstream   Normal Flow   Limited
  ----------------------------------------------------------------------------
  L_A_0006                    0.01      0.01      0.12      0.01         0.01
  L_A_0007                    0.01      0.01      0.01      0.01         0.01
  L_A_0008                    0.01      0.01      0.01      1.36         0.01
  L_A_0009                    0.10      0.17      0.10      0.21         0.10
  L_A_0010                    0.29      0.29      0.48      0.01         0.01
  L_A_0011                    0.48      0.48      0.58      0.01         0.01
  L_A_0012                    0.38      0.38      0.48      0.01         0.01
  L_A_0013                    0.01      0.01      1.57      0.01         0.01
  L_A_0015                    0.01      0.01      0.10      0.01         0.01
  L_A_0016                    0.10      0.10      0.20      0.01         0.01
  L_A_0017                    0.20      0.20      0.82      0.01         0.01
  L_A_0018                    0.01      0.01      0.82      0.83         0.01
  L_A_0025                    0.01      0.01      0.10      0.01         0.01
  L_A_0026                    0.03      0.03      0.20      0.01         0.01
  L_A_0027                    0.17      0.82      0.17      0.99         0.17
  L_A_0035                    0.01      0.01      0.32      0.01         0.01
  L_A_0040                    0.01      0.01      0.01      0.82         0.01
  L_A_0045                    0.01      0.01      0.06      0.01         0.01
  L_A_0046                    0.01      0.01      0.06      0.01         0.01
  L_A_0047                    0.01      0.01      0.24      0.02         0.01
  L_A_0048                    0.24      0.24      0.33      0.01         0.01
  L_A_0054                    0.20      0.20      0.29      0.05         0.05
  L_A_0055                    0.21      0.21      0.29      0.01         0.01
  L_A_0056                    0.01      0.31      0.01      0.43         0.01
  L_A_0057                    0.31      0.31      0.35      0.13         0.03
  L_A_0058                    0.24      0.24      0.45      0.01         0.01
  L_A_0059                    0.11      0.11      0.31      0.01         0.01
  L_A_0060                    0.01      0.01      0.29      0.01         0.01
  L_A_0061                    0.29      0.29      0.34      0.34         0.29
  L_A_0062                    0.16      0.16      0.25      0.01         0.01
  L_A_0063                    0.06      0.09      0.06      0.24         0.06
  L_A_0064                    0.04      0.06      0.04      1.27         0.04
  L_A_0066                    0.01      0.47      0.01      0.61         0.01
  L_A_0067                    0.01      0.01      0.24      0.01         0.01
  L_A_0070                    0.01      0.01      0.06      0.01         0.01
  L_A_0072                    0.01      0.01      0.58      0.01         0.01
  L_A_0076                    0.14      0.14      0.58      0.01         0.01
  L_A_0077                    0.01      0.01      0.58      0.01         0.01
  L_A_0080                    0.01      0.01      0.01      1.03         0.01
  L_A_0081                    0.01      0.01      0.47      0.01         0.01
  L_A_0082                    0.01      0.01      0.41      0.01         0.01
  L_A_0083                    0.01      0.01      0.39      0.01         0.01
  L_A_0084                    0.01      0.01      0.32      0.01         0.01
  L_A_0085                    0.24      0.24      0.35      0.01         0.01
  L_A_0086                    0.34      0.34      0.35      0.05         0.06
  L_A_0087                    0.19      0.19      0.22      0.01         0.01
  L_A_0088                    0.22      0.22      0.27      0.01         0.01
  L_A_0089                    0.15      0.15      0.27      0.01         0.01
  L_A_0090                    0.01      0.01      0.05      0.01         0.01
  L_A_0091                    0.04      0.04      0.05      0.01         0.01
  L_A_0096                    0.14      0.14      0.17      0.17         0.14
  L_A_0097                    0.01      0.01      0.14      0.01         0.01
  L_A_0098                    0.01      0.01      0.31      0.01         0.01
  L_A_0100                    0.01      0.01      0.14      0.01         0.01
  L_A_0102                    0.01      0.47      0.01      0.61         0.01
  L_A_0104                    0.30      0.30      0.45      0.08         0.08
  L_A_0105                    0.41      0.41      0.45      0.37         0.01
  L_A_0106                    0.30      0.30      0.32      0.01         0.01
  L_A_0107                    0.32      0.32      0.39      0.15         0.15
  L_A_0108                    0.01      0.32      0.01      0.40         0.01
  L_A_0109                    0.20      0.20      0.34      0.01         0.01
  L_A_0110                    0.14      0.14      0.15      0.01         0.01
  L_A_0111                    0.15      0.15      0.27      0.01         0.01
  L_A_0112                    0.22      0.22      0.27      0.01         0.01
  L_A_0114                    0.01      0.01      0.04      0.01         0.01
  L_A_0120                    0.23      0.23      0.77      0.01         0.01
  L_A_0121                    0.40      0.40      0.64      0.01         0.01
  L_A_0122                    0.44      0.44      0.46      0.01         0.01
  L_A_0123                    0.46      0.46      0.58      0.01         0.01
  L_A_0124                    0.35      0.35      0.46      0.01         0.01
  L_A_0125                    0.35      0.35      0.45      0.01         0.01
  L_A_0126                    0.01      0.01      0.09      0.01         0.01
  L_A_0136                    0.01      0.01      0.23      0.01         0.01
  L_A_0137                    0.01      0.23      0.01      0.42         0.01
  L_A_0139                    0.01      0.01      0.21      0.01         0.01
  L_A_0140                    0.21      0.21      0.28      0.01         0.01
  L_A_0141                    0.28      0.28      0.36      0.01         0.01
  L_A_0142                    0.26      0.36      0.26      0.41         0.26
  L_A_0143                    0.17      0.26      0.17      0.26         0.17
  L_A_0144                    0.17      0.17      0.88      0.01         0.01
  L_A_0149                    0.01      0.01      0.01      0.01         0.01
  L_A_0150                    0.01      0.01      0.25      0.01         0.01
  L_A_0151                    0.25      0.25      0.29      0.01         0.01
  L_A_0152                    0.27      0.29      0.27      0.32         0.27
  L_A_0153                    0.27      0.27      0.33      0.01         0.01
  L_A_0154                    0.33      0.33      0.37      0.36         0.33
  L_A_0155                    0.37      0.37      0.39      0.38         0.34
  L_A_0156                    0.01      0.39      0.01      0.42         0.01
  L_A_0157                    0.01      0.01      0.19      0.01         0.01
  L_A_0158                    0.19      0.19      0.23      0.23         0.19
  L_A_0163                    0.01      0.01      0.01      0.01         0.01
  L_A_0164                    0.01      0.01      0.01      0.06         0.01
  L_A_0165                    0.01      0.01      0.06      0.01         0.01
  L_A_0166                    0.06      0.06      0.14      0.01         0.01
  L_A_0167                    0.14      0.14      0.41      0.01         0.01
  L_A_0168                    0.41      0.41      0.55      0.01         0.01
  L_A_0169                    0.55      0.55      0.60      0.39         0.38
  L_A_0170                    0.60      0.60      0.70      0.54         0.54
  L_A_0174                    0.01      0.01      0.24      0.01         0.01
  L_A_0175                    0.23      0.24      0.27      0.27         0.23
  L_A_0182                    0.01      0.01      0.19      0.01         0.01
  L_A_0183                    0.70      0.70      1.30      0.61         0.61
  L_A_0184                    0.88      0.88      1.30      0.59         0.59
  L_A_0185                    0.58      0.58      0.88      0.01         0.01
  L_A_0187                    0.53      0.53      0.56      0.56         0.53
  L_A_C0022                   1.21      1.30      1.21      1.57         1.21
  L_A_C0074                   0.01      0.06      0.01      0.26         0.01
  L_A_C0109                   0.01      0.58      0.01      0.96         0.01
  L_A_C0125                   0.37      0.41      0.37      0.61         0.37
  L_A_C0139                   0.01      0.04      0.01      0.09         0.01
  

  Analysis begun on:  Sun Aug 16 08:03:08 2026
  Analysis ended on:  Sun Aug 16 08:03:11 2026
  Total elapsed time: 00:00:03