{
  "type": "FeatureCollection",
  "name": "areas_erosao_originais.geojson",
  "features": [
    {
      "type": "Feature",
      "properties": {
        "nome_original": "EROSAO-ALTA-01",
        "classe_original": "Suscetibilidade ALTA",
        "fonte_original": "areas_suscetiveis_erosao_conde.kmz",
        "descricao": "Alta suscetibilidade a erosao/voçoroca sem drenagem adequada (fluxo concentrado + declividade elevada)."
      },
      "geometry": {
        "type": "Polygon",
        "coordinates": [
          [
            [
              -34.921245,
              -7.2566255
            ],
            [
              -34.9211309,
              -7.2567394
            ],
            [
              -34.9210168,
              -7.2568533
            ],
            [
              -34.9209027,
              -7.2569672
            ],
            [
              -34.9209027,
              -7.257195
            ],
            [
              -34.9207886,
              -7.2573089
            ],
            [
              -34.9206745,
              -7.2574228
            ],
            [
              -34.9206745,
              -7.2576506
            ],
            [
              -34.9207886,
              -7.2577645
            ],
            [
              -34.9209027,
              -7.2578784
            ],
            [
              -34.9210168,
              -7.2579923
            ],
            [
              -34.9211309,
              -7.2581062
            ],
            [
              -34.9210168,
              -7.2582201
            ],
            [
              -34.9209027,
              -7.258334
            ],
            [
              -34.9207886,
              -7.2584479
            ],
            [
              -34.9205604,
              -7.2584479
            ],
            [
              -34.9204463,
              -7.2585618
            ],
            [
              -34.9203322,
              -7.2586757
            ],
            [
              -34.9202181,
              -7.2587896
            ],
            [
              -34.9203322,
              -7.2589035
            ],
            [
              -34.9204463,
              -7.2590174
            ],
            [
              -34.9205604,
              -7.2591313
            ],
            [
              -34.9207886,
              -7.2591313
            ],
            [
              -34.9209027,
              -7.2592452
            ],
            [
              -34.9210168,
              -7.2593591
            ],
            [
              -34.9211309,
              -7.259473
            ],
            [
              -34.9210168,
              -7.2595869
            ],
            [
              -34.9209027,
              -7.2597008
            ],
            [
              -34.9207886,
              -7.2598147
            ],
            [
              -34.9206745,
              -7.2599286
            ],
            [
              -34.9205604,
              -7.2600425
            ],
            [
              -34.9204463,
              -7.2601564
            ],
            [
              -34.9205604,
              -7.2602703
            ],
            [
              -34.9206745,
              -7.2603842
            ],
            [
              -34.9207886,
              -7.2604981
            ],
            [
              -34.9210168,
              -7.2604981
            ],
            [
              -34.9211309,
              -7.260612
            ],
            [
              -34.921245,
              -7.2607259
            ],
            [
              -34.9213591,
              -7.2608398
            ],
            [
              -34.9214732,
              -7.2609537
            ],
            [
              -34.9217013,
              -7.2609537
            ],
            [
              -34.9218154,
              -7.2608398
            ],
            [
              -34.9219295,
              -7.2607259
            ],
            [
              -34.9220436,
              -7.260612
            ],
            [
              -34.9219295,
              -7.2604981
            ],
            [
              -34.9218154,
              -7.2603842
            ],
            [
              -34.9219295,
              -7.2602703
            ],
            [
              -34.9220436,
              -7.2601564
            ],
            [
              -34.9219295,
              -7.2600425
            ],
            [
              -34.9218154,
              -7.2599286
            ],
            [
              -34.9217013,
              -7.2598147
            ],
            [
              -34.9215872,
              -7.2597008
            ],
            [
              -34.9214732,
              -7.2595869
            ],
            [
              -34.9213591,
              -7.259473
            ],
            [
              -34.9214732,
              -7.2593591
            ],
            [
              -34.9215872,
              -7.2592452
            ],
            [
              -34.9217013,
              -7.2591313
            ],
            [
              -34.9218154,
              -7.2590174
            ],
            [
              -34.9218154,
              -7.2587896
            ],
            [
              -34.9217013,
              -7.2586757
            ],
            [
              -34.9215872,
              -7.2585618
            ],
            [
              -34.9214732,
              -7.2584479
            ],
            [
              -34.9213591,
              -7.258334
            ],
            [
              -34.9213591,
              -7.2581062
            ],
            [
              -34.9214732,
              -7.2579923
            ],
            [
              -34.9215872,
              -7.2578784
            ],
            [
              -34.9217013,
              -7.2577645
            ],
            [
              -34.9218154,
              -7.2576506
            ],
            [
              -34.9217013,
              -7.2575367
            ],
            [
              -34.9215872,
              -7.2574228
            ],
            [
              -34.9217013,
              -7.2573089
            ],
            [
              -34.9218154,
              -7.257195
            ],
            [
              -34.9217013,
              -7.2570811
            ],
            [
              -34.9215872,
              -7.2569672
            ],
            [
              -34.9214732,
              -7.2568533
            ],
            [
              -34.9213591,
              -7.2567394
            ],
            [
              -34.921245,
              -7.2566255
            ]
          ]
        ]
      }
    },
    {
      "type": "Feature",
      "properties": {
        "nome_original": "EROSAO-ALTA-02",
        "classe_original": "Suscetibilidade ALTA",
        "fonte_original": "areas_suscetiveis_erosao_conde.kmz",
        "descricao": "Alta suscetibilidade a erosao/voçoroca sem drenagem adequada (fluxo concentrado + declividade elevada)."
      },
      "geometry": {
        "type": "Polygon",
        "coordinates": [
          [
            [
              -34.9169094,
              -7.2566255
            ],
            [
              -34.9167953,
              -7.2567394
            ],
            [
              -34.9166812,
              -7.2568533
            ],
            [
              -34.9165671,
              -7.2569672
            ],
            [
              -34.9165671,
              -7.257195
            ],
            [
              -34.9165671,
              -7.2574228
            ],
            [
              -34.9165671,
              -7.2576506
            ],
            [
              -34.9166812,
              -7.2577645
            ],
            [
              -34.9167953,
              -7.2578784
            ],
            [
              -34.9169094,
              -7.2579923
            ],
            [
              -34.9170235,
              -7.2578784
            ],
            [
              -34.9171376,
              -7.2577645
            ],
            [
              -34.9172517,
              -7.2576506
            ],
            [
              -34.9172517,
              -7.2574228
            ],
            [
              -34.9172517,
              -7.257195
            ],
            [
              -34.9172517,
              -7.2569672
            ],
            [
              -34.9171376,
              -7.2568533
            ],
            [
              -34.9170235,
              -7.2567394
            ],
            [
              -34.9169094,
              -7.2566255
            ]
          ]
        ]
      }
    },
    {
      "type": "Feature",
      "properties": {
        "nome_original": "EROSAO-ALTA-03",
        "classe_original": "Suscetibilidade ALTA",
        "fonte_original": "areas_suscetiveis_erosao_conde.kmz",
        "descricao": "Alta suscetibilidade a erosao/voçoroca sem drenagem adequada (fluxo concentrado + declividade elevada)."
      },
      "geometry": {
        "type": "Polygon",
        "coordinates": [
          [
            [
              -34.9141711,
              -7.2584479
            ],
            [
              -34.914057,
              -7.2585618
            ],
            [
              -34.913943,
              -7.2586757
            ],
            [
              -34.9138289,
              -7.2587896
            ],
            [
              -34.9137148,
              -7.2589035
            ],
            [
              -34.9136007,
              -7.2590174
            ],
            [
              -34.9134866,
              -7.2591313
            ],
            [
              -34.9132584,
              -7.2591313
            ],
            [
              -34.9130302,
              -7.2591313
            ],
            [
              -34.9129161,
              -7.2590174
            ],
            [
              -34.912802,
              -7.2589035
            ],
            [
              -34.9126879,
              -7.2587896
            ],
            [
              -34.9125738,
              -7.2586757
            ],
            [
              -34.9124597,
              -7.2587896
            ],
            [
              -34.9123456,
              -7.2589035
            ],
            [
              -34.9122315,
              -7.2590174
            ],
            [
              -34.9122315,
              -7.2592452
            ],
            [
              -34.9121174,
              -7.2593591
            ],
            [
              -34.9120034,
              -7.259473
            ],
            [
              -34.9118893,
              -7.2595869
            ],
            [
              -34.9117752,
              -7.2597008
            ],
            [
              -34.9118893,
              -7.2598147
            ],
            [
              -34.9120034,
              -7.2599286
            ],
            [
              -34.9121174,
              -7.2600425
            ],
            [
              -34.9123456,
              -7.2600425
            ],
            [
              -34.9125738,
              -7.2600425
            ],
            [
              -34.9126879,
              -7.2599286
            ],
            [
              -34.912802,
              -7.2598147
            ],
            [
              -34.9130302,
              -7.2598147
            ],
            [
              -34.9132584,
              -7.2598147
            ],
            [
              -34.9134866,
              -7.2598147
            ],
            [
              -34.9136007,
              -7.2597008
            ],
            [
              -34.9137148,
              -7.2595869
            ],
            [
              -34.9138289,
              -7.259473
            ],
            [
              -34.913943,
              -7.2593591
            ],
            [
              -34.914057,
              -7.2592452
            ],
            [
              -34.9141711,
              -7.2591313
            ],
            [
              -34.9142852,
              -7.2590174
            ],
            [
              -34.9143993,
              -7.2589035
            ],
            [
              -34.9145134,
              -7.2587896
            ],
            [
              -34.9143993,
              -7.2586757
            ],
            [
              -34.9142852,
              -7.2585618
            ],
            [
              -34.9141711,
              -7.2584479
            ]
          ]
        ]
      }
    },
    {
      "type": "Feature",
      "properties": {
        "nome_original": "EROSAO-ALTA-04",
        "classe_original": "Suscetibilidade ALTA",
        "fonte_original": "areas_suscetiveis_erosao_conde.kmz",
        "descricao": "Alta suscetibilidade a erosao/voçoroca sem drenagem adequada (fluxo concentrado + declividade elevada)."
      },
      "geometry": {
        "type": "Polygon",
        "coordinates": [
          [
            [
              -34.9116611,
              -7.2602703
            ],
            [
              -34.9114329,
              -7.2602703
            ],
            [
              -34.9112047,
              -7.2602703
            ],
            [
              -34.9109765,
              -7.2602703
            ],
            [
              -34.9108624,
              -7.2603842
            ],
            [
              -34.9107483,
              -7.2604981
            ],
            [
              -34.9105201,
              -7.2604981
            ],
            [
              -34.910406,
              -7.260612
            ],
            [
              -34.9102919,
              -7.2607259
            ],
            [
              -34.9101779,
              -7.2608398
            ],
            [
              -34.9102919,
              -7.2609537
            ],
            [
              -34.910406,
              -7.2610676
            ],
            [
              -34.9105201,
              -7.2611815
            ],
            [
              -34.9107483,
              -7.2611815
            ],
            [
              -34.9108624,
              -7.2610676
            ],
            [
              -34.9109765,
              -7.2609537
            ],
            [
              -34.9112047,
              -7.2609537
            ],
            [
              -34.9114329,
              -7.2609537
            ],
            [
              -34.9116611,
              -7.2609537
            ],
            [
              -34.9117752,
              -7.2610676
            ],
            [
              -34.9118893,
              -7.2611815
            ],
            [
              -34.9120034,
              -7.2612954
            ],
            [
              -34.9118893,
              -7.2614093
            ],
            [
              -34.9117752,
              -7.2615232
            ],
            [
              -34.9116611,
              -7.2616371
            ],
            [
              -34.911547,
              -7.261751
            ],
            [
              -34.9114329,
              -7.2618649
            ],
            [
              -34.9113188,
              -7.2619788
            ],
            [
              -34.9112047,
              -7.2620927
            ],
            [
              -34.9110906,
              -7.2622066
            ],
            [
              -34.9109765,
              -7.2623205
            ],
            [
              -34.9108624,
              -7.2624344
            ],
            [
              -34.9109765,
              -7.2625483
            ],
            [
              -34.9110906,
              -7.2626622
            ],
            [
              -34.9112047,
              -7.2627761
            ],
            [
              -34.9113188,
              -7.2626622
            ],
            [
              -34.9114329,
              -7.2625483
            ],
            [
              -34.911547,
              -7.2624344
            ],
            [
              -34.9116611,
              -7.2623205
            ],
            [
              -34.9117752,
              -7.2622066
            ],
            [
              -34.9118893,
              -7.2620927
            ],
            [
              -34.9121174,
              -7.2620927
            ],
            [
              -34.9123456,
              -7.2620927
            ],
            [
              -34.9125738,
              -7.2620927
            ],
            [
              -34.9126879,
              -7.2619788
            ],
            [
              -34.912802,
              -7.2618649
            ],
            [
              -34.9130302,
              -7.2618649
            ],
            [
              -34.9131443,
              -7.2619788
            ],
            [
              -34.9132584,
              -7.2620927
            ],
            [
              -34.9133725,
              -7.2622066
            ],
            [
              -34.9134866,
              -7.2623205
            ],
            [
              -34.9136007,
              -7.2624344
            ],
            [
              -34.9137148,
              -7.2625483
            ],
            [
              -34.9138289,
              -7.2626622
            ],
            [
              -34.9137148,
              -7.2627761
            ],
            [
              -34.9136007,
              -7.26289
            ],
            [
              -34.9134866,
              -7.2630039
            ],
            [
              -34.9132584,
              -7.2630039
            ],
            [
              -34.9130302,
              -7.2630039
            ],
            [
              -34.912802,
              -7.2630039
            ],
            [
              -34.9125738,
              -7.2630039
            ],
            [
              -34.9123456,
              -7.2630039
            ],
            [
              -34.9122315,
              -7.2631178
            ],
            [
              -34.9121174,
              -7.2632317
            ],
            [
              -34.9120034,
              -7.2633456
            ],
            [
              -34.9120034,
              -7.2635734
            ],
            [
              -34.9121174,
              -7.2636873
            ],
            [
              -34.9122315,
              -7.2638012
            ],
            [
              -34.9123456,
              -7.2639151
            ],
            [
              -34.9124597,
              -7.264029
            ],
            [
              -34.9125738,
              -7.2641429
            ],
            [
              -34.912802,
              -7.2641429
            ],
            [
              -34.9129161,
              -7.264029
            ],
            [
              -34.9130302,
              -7.2639151
            ],
            [
              -34.9132584,
              -7.2639151
            ],
            [
              -34.9133725,
              -7.2638012
            ],
            [
              -34.9134866,
              -7.2636873
            ],
            [
              -34.9137148,
              -7.2636873
            ],
            [
              -34.913943,
              -7.2636873
            ],
            [
              -34.914057,
              -7.2635734
            ],
            [
              -34.9141711,
              -7.2634595
            ],
            [
              -34.9142852,
              -7.2633456
            ],
            [
              -34.9143993,
              -7.2632317
            ],
            [
              -34.9146275,
              -7.2632317
            ],
            [
              -34.9148557,
              -7.2632317
            ],
            [
              -34.9149698,
              -7.2631178
            ],
            [
              -34.9150839,
              -7.2630039
            ],
            [
              -34.915198,
              -7.26289
            ],
            [
              -34.9153121,
              -7.2627761
            ],
            [
              -34.9155403,
              -7.2627761
            ],
            [
              -34.9157685,
              -7.2627761
            ],
            [
              -34.9158826,
              -7.26289
            ],
            [
              -34.9159966,
              -7.2630039
            ],
            [
              -34.9161107,
              -7.2631178
            ],
            [
              -34.9159966,
              -7.2632317
            ],
            [
              -34.9158826,
              -7.2633456
            ],
            [
              -34.9159966,
              -7.2634595
            ],
            [
              -34.9161107,
              -7.2635734
            ],
            [
              -34.9162248,
              -7.2636873
            ],
            [
              -34.9163389,
              -7.2635734
            ],
            [
              -34.916453,
              -7.2634595
            ],
            [
              -34.9165671,
              -7.2633456
            ],
            [
              -34.9166812,
              -7.2632317
            ],
            [
              -34.9167953,
              -7.2631178
            ],
            [
              -34.9169094,
              -7.2630039
            ],
            [
              -34.9171376,
              -7.2630039
            ],
            [
              -34.9173658,
              -7.2630039
            ],
            [
              -34.9174799,
              -7.2631178
            ],
            [
              -34.917594,
              -7.2632317
            ],
            [
              -34.9177081,
              -7.2633456
            ],
            [
              -34.9177081,
              -7.2635734
            ],
            [
              -34.9177081,
              -7.2638012
            ],
            [
              -34.917594,
              -7.2639151
            ],
            [
              -34.9174799,
              -7.264029
            ],
            [
              -34.917594,
              -7.2641429
            ],
            [
              -34.9177081,
              -7.2642568
            ],
            [
              -34.9178221,
              -7.2643707
            ],
            [
              -34.9179362,
              -7.2642568
            ],
            [
              -34.9180503,
              -7.2641429
            ],
            [
              -34.9181644,
              -7.264029
            ],
            [
              -34.9182785,
              -7.2639151
            ],
            [
              -34.9183926,
              -7.2638012
            ],
            [
              -34.9183926,
              -7.2635734
            ],
            [
              -34.9185067,
              -7.2634595
            ],
            [
              -34.9186208,
              -7.2633456
            ],
            [
              -34.9187349,
              -7.2632317
            ],
            [
              -34.918849,
              -7.2631178
            ],
            [
              -34.9189631,
              -7.2630039
            ],
            [
              -34.9191913,
              -7.2630039
            ],
            [
              -34.9194195,
              -7.2630039
            ],
            [
              -34.9195336,
              -7.26289
            ],
            [
              -34.9196477,
              -7.2627761
            ],
            [
              -34.9198758,
              -7.2627761
            ],
            [
              -34.920104,
              -7.2627761
            ],
            [
              -34.9202181,
              -7.2626622
            ],
            [
              -34.9203322,
              -7.2625483
            ],
            [
              -34.9204463,
              -7.2624344
            ],
            [
              -34.9203322,
              -7.2623205
            ],
            [
              -34.9202181,
              -7.2622066
            ],
            [
              -34.9202181,
              -7.2619788
            ],
            [
              -34.9202181,
              -7.261751
            ],
            [
              -34.9202181,
              -7.2615232
            ],
            [
              -34.9202181,
              -7.2612954
            ],
            [
              -34.920104,
              -7.2611815
            ],
            [
              -34.9199899,
              -7.2610676
            ],
            [
              -34.9198758,
              -7.2609537
            ],
            [
              -34.9197617,
              -7.2610676
            ],
            [
              -34.9196477,
              -7.2611815
            ],
            [
              -34.9195336,
              -7.2612954
            ],
            [
              -34.9195336,
              -7.2615232
            ],
            [
              -34.9194195,
              -7.2616371
            ],
            [
              -34.9193054,
              -7.261751
            ],
            [
              -34.9191913,
              -7.2618649
            ],
            [
              -34.9190772,
              -7.261751
            ],
            [
              -34.9189631,
              -7.2616371
            ],
            [
              -34.918849,
              -7.2615232
            ],
            [
              -34.9187349,
              -7.2614093
            ],
            [
              -34.9186208,
              -7.2615232
            ],
            [
              -34.9185067,
              -7.2616371
            ],
            [
              -34.9183926,
              -7.261751
            ],
            [
              -34.9185067,
              -7.2618649
            ],
            [
              -34.9186208,
              -7.2619788
            ],
            [
              -34.9187349,
              -7.2620927
            ],
            [
              -34.918849,
              -7.2622066
            ],
            [
              -34.918849,
              -7.2624344
            ],
            [
              -34.9187349,
              -7.2625483
            ],
            [
              -34.9186208,
              -7.2626622
            ],
            [
              -34.9185067,
              -7.2627761
            ],
            [
              -34.9182785,
              -7.2627761
            ],
            [
              -34.9181644,
              -7.2626622
            ],
            [
              -34.9180503,
              -7.2625483
            ],
            [
              -34.9178221,
              -7.2625483
            ],
            [
              -34.9177081,
              -7.2624344
            ],
            [
              -34.917594,
              -7.2623205
            ],
            [
              -34.9173658,
              -7.2623205
            ],
            [
              -34.9172517,
              -7.2622066
            ],
            [
              -34.9171376,
              -7.2620927
            ],
            [
              -34.9169094,
              -7.2620927
            ],
            [
              -34.9166812,
              -7.2620927
            ],
            [
              -34.916453,
              -7.2620927
            ],
            [
              -34.9162248,
              -7.2620927
            ],
            [
              -34.9159966,
              -7.2620927
            ],
            [
              -34.9157685,
              -7.2620927
            ],
            [
              -34.9155403,
              -7.2620927
            ],
            [
              -34.9153121,
              -7.2620927
            ],
            [
              -34.9150839,
              -7.2620927
            ],
            [
              -34.9148557,
              -7.2620927
            ],
            [
              -34.9146275,
              -7.2620927
            ],
            [
              -34.9145134,
              -7.2619788
            ],
            [
              -34.9143993,
              -7.2618649
            ],
            [
              -34.9141711,
              -7.2618649
            ],
            [
              -34.913943,
              -7.2618649
            ],
            [
              -34.9138289,
              -7.261751
            ],
            [
              -34.9137148,
              -7.2616371
            ],
            [
              -34.9136007,
              -7.2615232
            ],
            [
              -34.9134866,
              -7.2614093
            ],
            [
              -34.9132584,
              -7.2614093
            ],
            [
              -34.9131443,
              -7.2612954
            ],
            [
              -34.9130302,
              -7.2611815
            ],
            [
              -34.912802,
              -7.2611815
            ],
            [
              -34.9125738,
              -7.2611815
            ],
            [
              -34.9124597,
              -7.2610676
            ],
            [
              -34.9123456,
              -7.2609537
            ],
            [
              -34.9122315,
              -7.2608398
            ],
            [
              -34.9121174,
              -7.2607259
            ],
            [
              -34.9120034,
              -7.260612
            ],
            [
              -34.9118893,
              -7.2604981
            ],
            [
              -34.9117752,
              -7.2603842
            ],
            [
              -34.9116611,
              -7.2602703
            ]
          ]
        ]
      }
    },
    {
      "type": "Feature",
      "properties": {
        "nome_original": "EROSAO-ALTA-05",
        "classe_original": "Suscetibilidade ALTA",
        "fonte_original": "areas_suscetiveis_erosao_conde.kmz",
        "descricao": "Alta suscetibilidade a erosao/voçoroca sem drenagem adequada (fluxo concentrado + declividade elevada)."
      },
      "geometry": {
        "type": "Polygon",
        "coordinates": [
          [
            [
              -34.9226141,
              -7.2620927
            ],
            [
              -34.9223859,
              -7.2620927
            ],
            [
              -34.9221577,
              -7.2620927
            ],
            [
              -34.9219295,
              -7.2620927
            ],
            [
              -34.9217013,
              -7.2620927
            ],
            [
              -34.9214732,
              -7.2620927
            ],
            [
              -34.921245,
              -7.2620927
            ],
            [
              -34.9211309,
              -7.2622066
            ],
            [
              -34.9210168,
              -7.2623205
            ],
            [
              -34.9209027,
              -7.2624344
            ],
            [
              -34.9210168,
              -7.2625483
            ],
            [
              -34.9211309,
              -7.2626622
            ],
            [
              -34.921245,
              -7.2627761
            ],
            [
              -34.9214732,
              -7.2627761
            ],
            [
              -34.9217013,
              -7.2627761
            ],
            [
              -34.9219295,
              -7.2627761
            ],
            [
              -34.9221577,
              -7.2627761
            ],
            [
              -34.9223859,
              -7.2627761
            ],
            [
              -34.9226141,
              -7.2627761
            ],
            [
              -34.9227282,
              -7.2626622
            ],
            [
              -34.9228423,
              -7.2625483
            ],
            [
              -34.9229564,
              -7.2624344
            ],
            [
              -34.9228423,
              -7.2623205
            ],
            [
              -34.9227282,
              -7.2622066
            ],
            [
              -34.9226141,
              -7.2620927
            ]
          ]
        ]
      }
    },
    {
      "type": "Feature",
      "properties": {
        "nome_original": "EROSAO-ALTA-06",
        "classe_original": "Suscetibilidade ALTA",
        "fonte_original": "areas_suscetiveis_erosao_conde.kmz",
        "descricao": "Alta suscetibilidade a erosao/voçoroca sem drenagem adequada (fluxo concentrado + declividade elevada)."
      },
      "geometry": {
        "type": "Polygon",
        "coordinates": [
          [
            [
              -34.9155403,
              -7.2636873
            ],
            [
              -34.9153121,
              -7.2636873
            ],
            [
              -34.9150839,
              -7.2636873
            ],
            [
              -34.9149698,
              -7.2638012
            ],
            [
              -34.9148557,
              -7.2639151
            ],
            [
              -34.9147416,
              -7.264029
            ],
            [
              -34.9146275,
              -7.2641429
            ],
            [
              -34.9145134,
              -7.2642568
            ],
            [
              -34.9143993,
              -7.2643707
            ],
            [
              -34.9142852,
              -7.2644846
            ],
            [
              -34.9141711,
              -7.2645985
            ],
            [
              -34.914057,
              -7.2647124
            ],
            [
              -34.913943,
              -7.2648263
            ],
            [
              -34.9137148,
              -7.2648263
            ],
            [
              -34.9134866,
              -7.2648263
            ],
            [
              -34.9132584,
              -7.2648263
            ],
            [
              -34.9130302,
              -7.2648263
            ],
            [
              -34.912802,
              -7.2648263
            ],
            [
              -34.9126879,
              -7.2647124
            ],
            [
              -34.9125738,
              -7.2645985
            ],
            [
              -34.9123456,
              -7.2645985
            ],
            [
              -34.9121174,
              -7.2645985
            ],
            [
              -34.9118893,
              -7.2645985
            ],
            [
              -34.9117752,
              -7.2647124
            ],
            [
              -34.9116611,
              -7.2648263
            ],
            [
              -34.911547,
              -7.2649402
            ],
            [
              -34.9116611,
              -7.2650541
            ],
            [
              -34.9117752,
              -7.265168
            ],
            [
              -34.9116611,
              -7.2652819
            ],
            [
              -34.911547,
              -7.2653958
            ],
            [
              -34.911547,
              -7.2656236
            ],
            [
              -34.9116611,
              -7.2657375
            ],
            [
              -34.9117752,
              -7.2658514
            ],
            [
              -34.9118893,
              -7.2659653
            ],
            [
              -34.9121174,
              -7.2659653
            ],
            [
              -34.9123456,
              -7.2659653
            ],
            [
              -34.9124597,
              -7.2658514
            ],
            [
              -34.9125738,
              -7.2657375
            ],
            [
              -34.9126879,
              -7.2658514
            ],
            [
              -34.912802,
              -7.2659653
            ],
            [
              -34.9129161,
              -7.2660792
            ],
            [
              -34.9130302,
              -7.2661931
            ],
            [
              -34.9131443,
              -7.2663069
            ],
            [
              -34.9131443,
              -7.2665347
            ],
            [
              -34.9130302,
              -7.2666486
            ],
            [
              -34.9129161,
              -7.2667625
            ],
            [
              -34.9129161,
              -7.2669903
            ],
            [
              -34.912802,
              -7.2671042
            ],
            [
              -34.9126879,
              -7.2672181
            ],
            [
              -34.9126879,
              -7.2674459
            ],
            [
              -34.912802,
              -7.2675598
            ],
            [
              -34.9129161,
              -7.2676737
            ],
            [
              -34.9130302,
              -7.2677876
            ],
            [
              -34.9131443,
              -7.2676737
            ],
            [
              -34.9132584,
              -7.2675598
            ],
            [
              -34.9133725,
              -7.2674459
            ],
            [
              -34.9134866,
              -7.267332
            ],
            [
              -34.9136007,
              -7.2672181
            ],
            [
              -34.9137148,
              -7.2671042
            ],
            [
              -34.9138289,
              -7.2669903
            ],
            [
              -34.913943,
              -7.2668764
            ],
            [
              -34.9141711,
              -7.2668764
            ],
            [
              -34.9143993,
              -7.2668764
            ],
            [
              -34.9146275,
              -7.2668764
            ],
            [
              -34.9148557,
              -7.2668764
            ],
            [
              -34.9150839,
              -7.2668764
            ],
            [
              -34.9153121,
              -7.2668764
            ],
            [
              -34.9155403,
              -7.2668764
            ],
            [
              -34.9156544,
              -7.2667625
            ],
            [
              -34.9157685,
              -7.2666486
            ],
            [
              -34.9159966,
              -7.2666486
            ],
            [
              -34.9161107,
              -7.2665347
            ],
            [
              -34.9162248,
              -7.2664208
            ],
            [
              -34.9163389,
              -7.2663069
            ],
            [
              -34.916453,
              -7.2661931
            ],
            [
              -34.9165671,
              -7.2660792
            ],
            [
              -34.9166812,
              -7.2659653
            ],
            [
              -34.9167953,
              -7.2658514
            ],
            [
              -34.9169094,
              -7.2657375
            ],
            [
              -34.9170235,
              -7.2656236
            ],
            [
              -34.9170235,
              -7.2653958
            ],
            [
              -34.9171376,
              -7.2652819
            ],
            [
              -34.9172517,
              -7.265168
            ],
            [
              -34.9171376,
              -7.2650541
            ],
            [
              -34.9170235,
              -7.2649402
            ],
            [
              -34.9169094,
              -7.2648263
            ],
            [
              -34.9167953,
              -7.2649402
            ],
            [
              -34.9166812,
              -7.2650541
            ],
            [
              -34.9165671,
              -7.265168
            ],
            [
              -34.9165671,
              -7.2653958
            ],
            [
              -34.916453,
              -7.2655097
            ],
            [
              -34.9163389,
              -7.2656236
            ],
            [
              -34.9162248,
              -7.2657375
            ],
            [
              -34.9161107,
              -7.2658514
            ],
            [
              -34.9159966,
              -7.2659653
            ],
            [
              -34.9157685,
              -7.2659653
            ],
            [
              -34.9156544,
              -7.2660792
            ],
            [
              -34.9155403,
              -7.2661931
            ],
            [
              -34.9153121,
              -7.2661931
            ],
            [
              -34.9150839,
              -7.2661931
            ],
            [
              -34.9148557,
              -7.2661931
            ],
            [
              -34.9146275,
              -7.2661931
            ],
            [
              -34.9143993,
              -7.2661931
            ],
            [
              -34.9141711,
              -7.2661931
            ],
            [
              -34.914057,
              -7.2660792
            ],
            [
              -34.913943,
              -7.2659653
            ],
            [
              -34.9138289,
              -7.2658514
            ],
            [
              -34.9138289,
              -7.2656236
            ],
            [
              -34.913943,
              -7.2655097
            ],
            [
              -34.914057,
              -7.2653958
            ],
            [
              -34.9141711,
              -7.2652819
            ],
            [
              -34.9142852,
              -7.265168
            ],
            [
              -34.9143993,
              -7.2650541
            ],
            [
              -34.9145134,
              -7.2649402
            ],
            [
              -34.9146275,
              -7.2648263
            ],
            [
              -34.9147416,
              -7.2647124
            ],
            [
              -34.9148557,
              -7.2645985
            ],
            [
              -34.9149698,
              -7.2644846
            ],
            [
              -34.9150839,
              -7.2643707
            ],
            [
              -34.9153121,
              -7.2643707
            ],
            [
              -34.9155403,
              -7.2643707
            ],
            [
              -34.9156544,
              -7.2642568
            ],
            [
              -34.9157685,
              -7.2641429
            ],
            [
              -34.9158826,
              -7.264029
            ],
            [
              -34.9157685,
              -7.2639151
            ],
            [
              -34.9156544,
              -7.2638012
            ],
            [
              -34.9155403,
              -7.2636873
            ]
          ]
        ]
      }
    },
    {
      "type": "Feature",
      "properties": {
        "nome_original": "EROSAO-ALTA-07",
        "classe_original": "Suscetibilidade ALTA",
        "fonte_original": "areas_suscetiveis_erosao_conde.kmz",
        "descricao": "Alta suscetibilidade a erosao/voçoroca sem drenagem adequada (fluxo concentrado + declividade elevada)."
      },
      "geometry": {
        "type": "Polygon",
        "coordinates": [
          [
            [
              -34.9221577,
              -7.2648263
            ],
            [
              -34.9220436,
              -7.2649402
            ],
            [
              -34.9219295,
              -7.2650541
            ],
            [
              -34.9218154,
              -7.265168
            ],
            [
              -34.9218154,
              -7.2653958
            ],
            [
              -34.9219295,
              -7.2655097
            ],
            [
              -34.9220436,
              -7.2656236
            ],
            [
              -34.9221577,
              -7.2657375
            ],
            [
              -34.9222718,
              -7.2658514
            ],
            [
              -34.9221577,
              -7.2659653
            ],
            [
              -34.9220436,
              -7.2660792
            ],
            [
              -34.9221577,
              -7.2661931
            ],
            [
              -34.9222718,
              -7.2663069
            ],
            [
              -34.9223859,
              -7.2664208
            ],
            [
              -34.9226141,
              -7.2664208
            ],
            [
              -34.9227282,
              -7.2663069
            ],
            [
              -34.9228423,
              -7.2661931
            ],
            [
              -34.9229564,
              -7.2660792
            ],
            [
              -34.9228423,
              -7.2659653
            ],
            [
              -34.9227282,
              -7.2658514
            ],
            [
              -34.9226141,
              -7.2657375
            ],
            [
              -34.9225,
              -7.2656236
            ],
            [
              -34.9226141,
              -7.2655097
            ],
            [
              -34.9227282,
              -7.2653958
            ],
            [
              -34.9226141,
              -7.2652819
            ],
            [
              -34.9225,
              -7.265168
            ],
            [
              -34.9223859,
              -7.2650541
            ],
            [
              -34.9222718,
              -7.2649402
            ],
            [
              -34.9221577,
              -7.2648263
            ]
          ]
        ]
      }
    },
    {
      "type": "Feature",
      "properties": {
        "nome_original": "EROSAO-ALTA-08",
        "classe_original": "Suscetibilidade ALTA",
        "fonte_original": "areas_suscetiveis_erosao_conde.kmz",
        "descricao": "Alta suscetibilidade a erosao/voçoroca sem drenagem adequada (fluxo concentrado + declividade elevada)."
      },
      "geometry": {
        "type": "Polygon",
        "coordinates": [
          [
            [
              -34.9228423,
              -7.267332
            ],
            [
              -34.9227282,
              -7.2674459
            ],
            [
              -34.9226141,
              -7.2675598
            ],
            [
              -34.9223859,
              -7.2675598
            ],
            [
              -34.9221577,
              -7.2675598
            ],
            [
              -34.9219295,
              -7.2675598
            ],
            [
              -34.9217013,
              -7.2675598
            ],
            [
              -34.9214732,
              -7.2675598
            ],
            [
              -34.921245,
              -7.2675598
            ],
            [
              -34.9210168,
              -7.2675598
            ],
            [
              -34.9207886,
              -7.2675598
            ],
            [
              -34.9205604,
              -7.2675598
            ],
            [
              -34.9203322,
              -7.2675598
            ],
            [
              -34.9202181,
              -7.2676737
            ],
            [
              -34.920104,
              -7.2677876
            ],
            [
              -34.9199899,
              -7.2679015
            ],
            [
              -34.920104,
              -7.2680154
            ],
            [
              -34.9202181,
              -7.2681293
            ],
            [
              -34.9203322,
              -7.2682432
            ],
            [
              -34.9205604,
              -7.2682432
            ],
            [
              -34.9206745,
              -7.2683571
            ],
            [
              -34.9207886,
              -7.268471
            ],
            [
              -34.9209027,
              -7.2685849
            ],
            [
              -34.9207886,
              -7.2686988
            ],
            [
              -34.9206745,
              -7.2688127
            ],
            [
              -34.9205604,
              -7.2689266
            ],
            [
              -34.9204463,
              -7.2690405
            ],
            [
              -34.9205604,
              -7.2691544
            ],
            [
              -34.9206745,
              -7.2692683
            ],
            [
              -34.9207886,
              -7.2693822
            ],
            [
              -34.9210168,
              -7.2693822
            ],
            [
              -34.921245,
              -7.2693822
            ],
            [
              -34.9214732,
              -7.2693822
            ],
            [
              -34.9217013,
              -7.2693822
            ],
            [
              -34.9219295,
              -7.2693822
            ],
            [
              -34.9220436,
              -7.2694961
            ],
            [
              -34.9221577,
              -7.26961
            ],
            [
              -34.9222718,
              -7.2697239
            ],
            [
              -34.9221577,
              -7.2698378
            ],
            [
              -34.9220436,
              -7.2699517
            ],
            [
              -34.9220436,
              -7.2701795
            ],
            [
              -34.9220436,
              -7.2704073
            ],
            [
              -34.9220436,
              -7.2706351
            ],
            [
              -34.9220436,
              -7.2708629
            ],
            [
              -34.9219295,
              -7.2709768
            ],
            [
              -34.9218154,
              -7.2710907
            ],
            [
              -34.9219295,
              -7.2712046
            ],
            [
              -34.9220436,
              -7.2713185
            ],
            [
              -34.9221577,
              -7.2714324
            ],
            [
              -34.9222718,
              -7.2713185
            ],
            [
              -34.9223859,
              -7.2712046
            ],
            [
              -34.9225,
              -7.2710907
            ],
            [
              -34.9225,
              -7.2708629
            ],
            [
              -34.9226141,
              -7.270749
            ],
            [
              -34.9227282,
              -7.2706351
            ],
            [
              -34.9227282,
              -7.2704073
            ],
            [
              -34.9227282,
              -7.2701795
            ],
            [
              -34.9227282,
              -7.2699517
            ],
            [
              -34.9227282,
              -7.2697239
            ],
            [
              -34.9228423,
              -7.26961
            ],
            [
              -34.9229564,
              -7.2694961
            ],
            [
              -34.9229564,
              -7.2692683
            ],
            [
              -34.9230705,
              -7.2691544
            ],
            [
              -34.9231846,
              -7.2690405
            ],
            [
              -34.9230705,
              -7.2689266
            ],
            [
              -34.9229564,
              -7.2688127
            ],
            [
              -34.9228423,
              -7.2686988
            ],
            [
              -34.9227282,
              -7.2685849
            ],
            [
              -34.9228423,
              -7.268471
            ],
            [
              -34.9229564,
              -7.2683571
            ],
            [
              -34.9230705,
              -7.2682432
            ],
            [
              -34.9231846,
              -7.2681293
            ],
            [
              -34.9231846,
              -7.2679015
            ],
            [
              -34.9231846,
              -7.2676737
            ],
            [
              -34.9230705,
              -7.2675598
            ],
            [
              -34.9229564,
              -7.2674459
            ],
            [
              -34.9228423,
              -7.267332
            ]
          ]
        ]
      }
    },
    {
      "type": "Feature",
      "properties": {
        "nome_original": "EROSAO-ALTA-09",
        "classe_original": "Suscetibilidade ALTA",
        "fonte_original": "areas_suscetiveis_erosao_conde.kmz",
        "descricao": "Alta suscetibilidade a erosao/voçoroca sem drenagem adequada (fluxo concentrado + declividade elevada)."
      },
      "geometry": {
        "type": "Polygon",
        "coordinates": [
          [
            [
              -34.9137148,
              -7.26961
            ],
            [
              -34.9134866,
              -7.26961
            ],
            [
              -34.9133725,
              -7.2697239
            ],
            [
              -34.9132584,
              -7.2698378
            ],
            [
              -34.9131443,
              -7.2699517
            ],
            [
              -34.9130302,
              -7.2700656
            ],
            [
              -34.9129161,
              -7.2701795
            ],
            [
              -34.9130302,
              -7.2702934
            ],
            [
              -34.9131443,
              -7.2704073
            ],
            [
              -34.9132584,
              -7.2705212
            ],
            [
              -34.9134866,
              -7.2705212
            ],
            [
              -34.9137148,
              -7.2705212
            ],
            [
              -34.913943,
              -7.2705212
            ],
            [
              -34.914057,
              -7.2706351
            ],
            [
              -34.9141711,
              -7.270749
            ],
            [
              -34.9143993,
              -7.270749
            ],
            [
              -34.9145134,
              -7.2708629
            ],
            [
              -34.9146275,
              -7.2709768
            ],
            [
              -34.9148557,
              -7.2709768
            ],
            [
              -34.9149698,
              -7.2710907
            ],
            [
              -34.9150839,
              -7.2712046
            ],
            [
              -34.9153121,
              -7.2712046
            ],
            [
              -34.9154262,
              -7.2710907
            ],
            [
              -34.9155403,
              -7.2709768
            ],
            [
              -34.9156544,
              -7.2708629
            ],
            [
              -34.9155403,
              -7.270749
            ],
            [
              -34.9154262,
              -7.2706351
            ],
            [
              -34.9153121,
              -7.2705212
            ],
            [
              -34.9150839,
              -7.2705212
            ],
            [
              -34.9149698,
              -7.2704073
            ],
            [
              -34.9148557,
              -7.2702934
            ],
            [
              -34.9146275,
              -7.2702934
            ],
            [
              -34.9145134,
              -7.2701795
            ],
            [
              -34.9143993,
              -7.2700656
            ],
            [
              -34.9141711,
              -7.2700656
            ],
            [
              -34.914057,
              -7.2699517
            ],
            [
              -34.913943,
              -7.2698378
            ],
            [
              -34.9138289,
              -7.2697239
            ],
            [
              -34.9137148,
              -7.26961
            ]
          ]
        ]
      }
    },
    {
      "type": "Feature",
      "properties": {
        "nome_original": "EROSAO-MEDIA-01",
        "classe_original": "Suscetibilidade MEDIA",
        "fonte_original": "areas_suscetiveis_erosao_conde.kmz",
        "descricao": "Media suscetibilidade a erosao (fluxo concentrado moderado)."
      },
      "geometry": {
        "type": "Polygon",
        "coordinates": [
          [
            [
              -34.921245,
              -7.2543475
            ],
            [
              -34.9211309,
              -7.2544614
            ],
            [
              -34.9210168,
              -7.2545753
            ],
            [
              -34.9207886,
              -7.2545753
            ],
            [
              -34.9205604,
              -7.2545753
            ],
            [
              -34.9204463,
              -7.2546892
            ],
            [
              -34.9203322,
              -7.2548031
            ],
            [
              -34.9202181,
              -7.254917
            ],
            [
              -34.9202181,
              -7.2551448
            ],
            [
              -34.920104,
              -7.2552587
            ],
            [
              -34.9199899,
              -7.2553726
            ],
            [
              -34.9198758,
              -7.2554865
            ],
            [
              -34.9197617,
              -7.2556004
            ],
            [
              -34.9198758,
              -7.2557143
            ],
            [
              -34.9199899,
              -7.2558282
            ],
            [
              -34.920104,
              -7.2559421
            ],
            [
              -34.9202181,
              -7.256056
            ],
            [
              -34.9203322,
              -7.2561699
            ],
            [
              -34.9204463,
              -7.2562838
            ],
            [
              -34.9204463,
              -7.2565116
            ],
            [
              -34.9204463,
              -7.2567394
            ],
            [
              -34.9203322,
              -7.2568533
            ],
            [
              -34.9202181,
              -7.2569672
            ],
            [
              -34.9202181,
              -7.257195
            ],
            [
              -34.9202181,
              -7.2574228
            ],
            [
              -34.920104,
              -7.2575367
            ],
            [
              -34.9199899,
              -7.2576506
            ],
            [
              -34.920104,
              -7.2577645
            ],
            [
              -34.9202181,
              -7.2578784
            ],
            [
              -34.9203322,
              -7.2579923
            ],
            [
              -34.9205604,
              -7.2579923
            ],
            [
              -34.9206745,
              -7.2581062
            ],
            [
              -34.9207886,
              -7.2582201
            ],
            [
              -34.9209027,
              -7.258334
            ],
            [
              -34.9207886,
              -7.2584479
            ],
            [
              -34.9206745,
              -7.2585618
            ],
            [
              -34.9205604,
              -7.2586757
            ],
            [
              -34.9204463,
              -7.2585618
            ],
            [
              -34.9203322,
              -7.2584479
            ],
            [
              -34.9202181,
              -7.2585618
            ],
            [
              -34.920104,
              -7.2586757
            ],
            [
              -34.9199899,
              -7.2587896
            ],
            [
              -34.920104,
              -7.2589035
            ],
            [
              -34.9202181,
              -7.2590174
            ],
            [
              -34.9203322,
              -7.2591313
            ],
            [
              -34.9204463,
              -7.2592452
            ],
            [
              -34.9205604,
              -7.2593591
            ],
            [
              -34.9206745,
              -7.259473
            ],
            [
              -34.9205604,
              -7.2595869
            ],
            [
              -34.9204463,
              -7.2597008
            ],
            [
              -34.9203322,
              -7.2598147
            ],
            [
              -34.9202181,
              -7.2599286
            ],
            [
              -34.920104,
              -7.2600425
            ],
            [
              -34.9199899,
              -7.2601564
            ],
            [
              -34.920104,
              -7.2602703
            ],
            [
              -34.9202181,
              -7.2603842
            ],
            [
              -34.9203322,
              -7.2604981
            ],
            [
              -34.9205604,
              -7.2604981
            ],
            [
              -34.9207886,
              -7.2604981
            ],
            [
              -34.9209027,
              -7.260612
            ],
            [
              -34.9210168,
              -7.2607259
            ],
            [
              -34.9211309,
              -7.2608398
            ],
            [
              -34.921245,
              -7.2609537
            ],
            [
              -34.9213591,
              -7.2608398
            ],
            [
              -34.9214732,
              -7.2607259
            ],
            [
              -34.9217013,
              -7.2607259
            ],
            [
              -34.9218154,
              -7.2608398
            ],
            [
              -34.9219295,
              -7.2609537
            ],
            [
              -34.9220436,
              -7.2608398
            ],
            [
              -34.9221577,
              -7.2607259
            ],
            [
              -34.9222718,
              -7.260612
            ],
            [
              -34.9222718,
              -7.2603842
            ],
            [
              -34.9222718,
              -7.2601564
            ],
            [
              -34.9222718,
              -7.2599286
            ],
            [
              -34.9222718,
              -7.2597008
            ],
            [
              -34.9222718,
              -7.259473
            ],
            [
              -34.9221577,
              -7.2593591
            ],
            [
              -34.9220436,
              -7.2592452
            ],
            [
              -34.9220436,
              -7.2590174
            ],
            [
              -34.9220436,
              -7.2587896
            ],
            [
              -34.9220436,
              -7.2585618
            ],
            [
              -34.9219295,
              -7.2584479
            ],
            [
              -34.9218154,
              -7.258334
            ],
            [
              -34.9217013,
              -7.2582201
            ],
            [
              -34.9215872,
              -7.2581062
            ],
            [
              -34.9217013,
              -7.2579923
            ],
            [
              -34.9218154,
              -7.2578784
            ],
            [
              -34.9219295,
              -7.2577645
            ],
            [
              -34.9220436,
              -7.2576506
            ],
            [
              -34.9220436,
              -7.2574228
            ],
            [
              -34.9220436,
              -7.257195
            ],
            [
              -34.9220436,
              -7.2569672
            ],
            [
              -34.9219295,
              -7.2568533
            ],
            [
              -34.9218154,
              -7.2567394
            ],
            [
              -34.9218154,
              -7.2565116
            ],
            [
              -34.9217013,
              -7.2563977
            ],
            [
              -34.9215872,
              -7.2562838
            ],
            [
              -34.9214732,
              -7.2561699
            ],
            [
              -34.9213591,
              -7.256056
            ],
            [
              -34.9214732,
              -7.2559421
            ],
            [
              -34.9215872,
              -7.2558282
            ],
            [
              -34.9217013,
              -7.2557143
            ],
            [
              -34.9218154,
              -7.2556004
            ],
            [
              -34.9218154,
              -7.2553726
            ],
            [
              -34.9217013,
              -7.2552587
            ],
            [
              -34.9215872,
              -7.2551448
            ],
            [
              -34.9214732,
              -7.2550309
            ],
            [
              -34.9213591,
              -7.254917
            ],
            [
              -34.9214732,
              -7.2548031
            ],
            [
              -34.9215872,
              -7.2546892
            ],
            [
              -34.9214732,
              -7.2545753
            ],
            [
              -34.9213591,
              -7.2544614
            ],
            [
              -34.921245,
              -7.2543475
            ]
          ]
        ]
      }
    },
    {
      "type": "Feature",
      "properties": {
        "nome_original": "EROSAO-MEDIA-02",
        "classe_original": "Suscetibilidade MEDIA",
        "fonte_original": "areas_suscetiveis_erosao_conde.kmz",
        "descricao": "Media suscetibilidade a erosao (fluxo concentrado moderado)."
      },
      "geometry": {
        "type": "Polygon",
        "coordinates": [
          [
            [
              -34.916453,
              -7.2582201
            ],
            [
              -34.9162248,
              -7.2582201
            ],
            [
              -34.9159966,
              -7.2582201
            ],
            [
              -34.9157685,
              -7.2582201
            ],
            [
              -34.9155403,
              -7.2582201
            ],
            [
              -34.9153121,
              -7.2582201
            ],
            [
              -34.9150839,
              -7.2582201
            ],
            [
              -34.9148557,
              -7.2582201
            ],
            [
              -34.9146275,
              -7.2582201
            ],
            [
              -34.9143993,
              -7.2582201
            ],
            [
              -34.9142852,
              -7.258334
            ],
            [
              -34.9141711,
              -7.2584479
            ],
            [
              -34.914057,
              -7.2585618
            ],
            [
              -34.9141711,
              -7.2586757
            ],
            [
              -34.9142852,
              -7.2587896
            ],
            [
              -34.9143993,
              -7.2589035
            ],
            [
              -34.9146275,
              -7.2589035
            ],
            [
              -34.9148557,
              -7.2589035
            ],
            [
              -34.9150839,
              -7.2589035
            ],
            [
              -34.9153121,
              -7.2589035
            ],
            [
              -34.9155403,
              -7.2589035
            ],
            [
              -34.9157685,
              -7.2589035
            ],
            [
              -34.9159966,
              -7.2589035
            ],
            [
              -34.9162248,
              -7.2589035
            ],
            [
              -34.916453,
              -7.2589035
            ],
            [
              -34.9165671,
              -7.2587896
            ],
            [
              -34.9166812,
              -7.2586757
            ],
            [
              -34.9167953,
              -7.2585618
            ],
            [
              -34.9166812,
              -7.2584479
            ],
            [
              -34.9165671,
              -7.258334
            ],
            [
              -34.916453,
              -7.2582201
            ]
          ]
        ]
      }
    },
    {
      "type": "Feature",
      "properties": {
        "nome_original": "EROSAO-MEDIA-03",
        "classe_original": "Suscetibilidade MEDIA",
        "fonte_original": "areas_suscetiveis_erosao_conde.kmz",
        "descricao": "Media suscetibilidade a erosao (fluxo concentrado moderado)."
      },
      "geometry": {
        "type": "Polygon",
        "coordinates": [
          [
            [
              -34.9130302,
              -7.2584479
            ],
            [
              -34.9129161,
              -7.2585618
            ],
            [
              -34.912802,
              -7.2586757
            ],
            [
              -34.9126879,
              -7.2587896
            ],
            [
              -34.9125738,
              -7.2589035
            ],
            [
              -34.9124597,
              -7.2590174
            ],
            [
              -34.9125738,
              -7.2591313
            ],
            [
              -34.9126879,
              -7.2592452
            ],
            [
              -34.912802,
              -7.2593591
            ],
            [
              -34.9129161,
              -7.2592452
            ],
            [
              -34.9130302,
              -7.2591313
            ],
            [
              -34.9131443,
              -7.2590174
            ],
            [
              -34.9132584,
              -7.2589035
            ],
            [
              -34.9133725,
              -7.2587896
            ],
            [
              -34.9132584,
              -7.2586757
            ],
            [
              -34.9131443,
              -7.2585618
            ],
            [
              -34.9130302,
              -7.2584479
            ]
          ]
        ]
      }
    },
    {
      "type": "Feature",
      "properties": {
        "nome_original": "EROSAO-MEDIA-04",
        "classe_original": "Suscetibilidade MEDIA",
        "fonte_original": "areas_suscetiveis_erosao_conde.kmz",
        "descricao": "Media suscetibilidade a erosao (fluxo concentrado moderado)."
      },
      "geometry": {
        "type": "Polygon",
        "coordinates": [
          [
            [
              -34.9118893,
              -7.2593591
            ],
            [
              -34.9116611,
              -7.2593591
            ],
            [
              -34.9114329,
              -7.2593591
            ],
            [
              -34.9113188,
              -7.259473
            ],
            [
              -34.9112047,
              -7.2595869
            ],
            [
              -34.9110906,
              -7.2597008
            ],
            [
              -34.9112047,
              -7.2598147
            ],
            [
              -34.9113188,
              -7.2599286
            ],
            [
              -34.9114329,
              -7.2600425
            ],
            [
              -34.9116611,
              -7.2600425
            ],
            [
              -34.9118893,
              -7.2600425
            ],
            [
              -34.9120034,
              -7.2601564
            ],
            [
              -34.9121174,
              -7.2602703
            ],
            [
              -34.9122315,
              -7.2601564
            ],
            [
              -34.9123456,
              -7.2600425
            ],
            [
              -34.9124597,
              -7.2599286
            ],
            [
              -34.9123456,
              -7.2598147
            ],
            [
              -34.9122315,
              -7.2597008
            ],
            [
              -34.9121174,
              -7.2595869
            ],
            [
              -34.9120034,
              -7.259473
            ],
            [
              -34.9118893,
              -7.2593591
            ]
          ]
        ]
      }
    },
    {
      "type": "Feature",
      "properties": {
        "nome_original": "EROSAO-MEDIA-05",
        "classe_original": "Suscetibilidade MEDIA",
        "fonte_original": "areas_suscetiveis_erosao_conde.kmz",
        "descricao": "Media suscetibilidade a erosao (fluxo concentrado moderado)."
      },
      "geometry": {
        "type": "Polygon",
        "coordinates": [
          [
            [
              -34.9102919,
              -7.2607259
            ],
            [
              -34.9101779,
              -7.2608398
            ],
            [
              -34.9100638,
              -7.2609537
            ],
            [
              -34.9098356,
              -7.2609537
            ],
            [
              -34.9096074,
              -7.2609537
            ],
            [
              -34.9093792,
              -7.2609537
            ],
            [
              -34.9092651,
              -7.2610676
            ],
            [
              -34.909151,
              -7.2611815
            ],
            [
              -34.9090369,
              -7.2612954
            ],
            [
              -34.909151,
              -7.2614093
            ],
            [
              -34.9092651,
              -7.2615232
            ],
            [
              -34.9093792,
              -7.2616371
            ],
            [
              -34.9096074,
              -7.2616371
            ],
            [
              -34.9098356,
              -7.2616371
            ],
            [
              -34.9100638,
              -7.2616371
            ],
            [
              -34.9101779,
              -7.2615232
            ],
            [
              -34.9102919,
              -7.2614093
            ],
            [
              -34.910406,
              -7.2612954
            ],
            [
              -34.9105201,
              -7.2611815
            ],
            [
              -34.9106342,
              -7.2610676
            ],
            [
              -34.9105201,
              -7.2609537
            ],
            [
              -34.910406,
              -7.2608398
            ],
            [
              -34.9102919,
              -7.2607259
            ]
          ]
        ]
      }
    },
    {
      "type": "Feature",
      "properties": {
        "nome_original": "EROSAO-MEDIA-06",
        "classe_original": "Suscetibilidade MEDIA",
        "fonte_original": "areas_suscetiveis_erosao_conde.kmz",
        "descricao": "Media suscetibilidade a erosao (fluxo concentrado moderado)."
      },
      "geometry": {
        "type": "Polygon",
        "coordinates": [
          [
            [
              -34.9182785,
              -7.2609537
            ],
            [
              -34.9181644,
              -7.2610676
            ],
            [
              -34.9180503,
              -7.2611815
            ],
            [
              -34.9179362,
              -7.2612954
            ],
            [
              -34.9180503,
              -7.2614093
            ],
            [
              -34.9181644,
              -7.2615232
            ],
            [
              -34.9182785,
              -7.2616371
            ],
            [
              -34.9183926,
              -7.261751
            ],
            [
              -34.9185067,
              -7.2618649
            ],
            [
              -34.9186208,
              -7.261751
            ],
            [
              -34.9187349,
              -7.2616371
            ],
            [
              -34.918849,
              -7.2615232
            ],
            [
              -34.9187349,
              -7.2614093
            ],
            [
              -34.9186208,
              -7.2612954
            ],
            [
              -34.9185067,
              -7.2611815
            ],
            [
              -34.9183926,
              -7.2610676
            ],
            [
              -34.9182785,
              -7.2609537
            ]
          ]
        ]
      }
    },
    {
      "type": "Feature",
      "properties": {
        "nome_original": "EROSAO-MEDIA-07",
        "classe_original": "Suscetibilidade MEDIA",
        "fonte_original": "areas_suscetiveis_erosao_conde.kmz",
        "descricao": "Media suscetibilidade a erosao (fluxo concentrado moderado)."
      },
      "geometry": {
        "type": "Polygon",
        "coordinates": [
          [
            [
              -34.9121174,
              -7.2609537
            ],
            [
              -34.9118893,
              -7.2609537
            ],
            [
              -34.9116611,
              -7.2609537
            ],
            [
              -34.911547,
              -7.2610676
            ],
            [
              -34.9114329,
              -7.2611815
            ],
            [
              -34.9112047,
              -7.2611815
            ],
            [
              -34.9110906,
              -7.2612954
            ],
            [
              -34.9109765,
              -7.2614093
            ],
            [
              -34.9108624,
              -7.2615232
            ],
            [
              -34.9109765,
              -7.2616371
            ],
            [
              -34.9110906,
              -7.261751
            ],
            [
              -34.9109765,
              -7.2618649
            ],
            [
              -34.9108624,
              -7.2619788
            ],
            [
              -34.9109765,
              -7.2620927
            ],
            [
              -34.9110906,
              -7.2622066
            ],
            [
              -34.9112047,
              -7.2623205
            ],
            [
              -34.9113188,
              -7.2622066
            ],
            [
              -34.9114329,
              -7.2620927
            ],
            [
              -34.9116611,
              -7.2620927
            ],
            [
              -34.9118893,
              -7.2620927
            ],
            [
              -34.9120034,
              -7.2622066
            ],
            [
              -34.9121174,
              -7.2623205
            ],
            [
              -34.9123456,
              -7.2623205
            ],
            [
              -34.9125738,
              -7.2623205
            ],
            [
              -34.9126879,
              -7.2622066
            ],
            [
              -34.912802,
              -7.2620927
            ],
            [
              -34.9130302,
              -7.2620927
            ],
            [
              -34.9132584,
              -7.2620927
            ],
            [
              -34.9133725,
              -7.2619788
            ],
            [
              -34.9134866,
              -7.2618649
            ],
            [
              -34.9136007,
              -7.261751
            ],
            [
              -34.9136007,
              -7.2615232
            ],
            [
              -34.9134866,
              -7.2614093
            ],
            [
              -34.9133725,
              -7.2612954
            ],
            [
              -34.9132584,
              -7.2611815
            ],
            [
              -34.9131443,
              -7.2612954
            ],
            [
              -34.9130302,
              -7.2614093
            ],
            [
              -34.912802,
              -7.2614093
            ],
            [
              -34.9125738,
              -7.2614093
            ],
            [
              -34.9124597,
              -7.2612954
            ],
            [
              -34.9123456,
              -7.2611815
            ],
            [
              -34.9122315,
              -7.2610676
            ],
            [
              -34.9121174,
              -7.2609537
            ]
          ]
        ]
      }
    },
    {
      "type": "Feature",
      "properties": {
        "nome_original": "EROSAO-MEDIA-08",
        "classe_original": "Suscetibilidade MEDIA",
        "fonte_original": "areas_suscetiveis_erosao_conde.kmz",
        "descricao": "Media suscetibilidade a erosao (fluxo concentrado moderado)."
      },
      "geometry": {
        "type": "Polygon",
        "coordinates": [
          [
            [
              -34.9159966,
              -7.2623205
            ],
            [
              -34.9158826,
              -7.2624344
            ],
            [
              -34.9157685,
              -7.2625483
            ],
            [
              -34.9155403,
              -7.2625483
            ],
            [
              -34.9153121,
              -7.2625483
            ],
            [
              -34.9150839,
              -7.2625483
            ],
            [
              -34.9149698,
              -7.2626622
            ],
            [
              -34.9148557,
              -7.2627761
            ],
            [
              -34.9147416,
              -7.26289
            ],
            [
              -34.9148557,
              -7.2630039
            ],
            [
              -34.9149698,
              -7.2631178
            ],
            [
              -34.9150839,
              -7.2632317
            ],
            [
              -34.9153121,
              -7.2632317
            ],
            [
              -34.9154262,
              -7.2633456
            ],
            [
              -34.9155403,
              -7.2634595
            ],
            [
              -34.9156544,
              -7.2635734
            ],
            [
              -34.9155403,
              -7.2636873
            ],
            [
              -34.9154262,
              -7.2638012
            ],
            [
              -34.9155403,
              -7.2639151
            ],
            [
              -34.9156544,
              -7.264029
            ],
            [
              -34.9157685,
              -7.2641429
            ],
            [
              -34.9158826,
              -7.264029
            ],
            [
              -34.9159966,
              -7.2639151
            ],
            [
              -34.9161107,
              -7.2638012
            ],
            [
              -34.9162248,
              -7.2636873
            ],
            [
              -34.9163389,
              -7.2635734
            ],
            [
              -34.9162248,
              -7.2634595
            ],
            [
              -34.9161107,
              -7.2633456
            ],
            [
              -34.9159966,
              -7.2632317
            ],
            [
              -34.9158826,
              -7.2631178
            ],
            [
              -34.9159966,
              -7.2630039
            ],
            [
              -34.9161107,
              -7.26289
            ],
            [
              -34.9162248,
              -7.2627761
            ],
            [
              -34.9163389,
              -7.2626622
            ],
            [
              -34.9162248,
              -7.2625483
            ],
            [
              -34.9161107,
              -7.2624344
            ],
            [
              -34.9159966,
              -7.2623205
            ]
          ]
        ]
      }
    },
    {
      "type": "Feature",
      "properties": {
        "nome_original": "EROSAO-MEDIA-09",
        "classe_original": "Suscetibilidade MEDIA",
        "fonte_original": "areas_suscetiveis_erosao_conde.kmz",
        "descricao": "Media suscetibilidade a erosao (fluxo concentrado moderado)."
      },
      "geometry": {
        "type": "Polygon",
        "coordinates": [
          [
            [
              -34.9141711,
              -7.2623205
            ],
            [
              -34.913943,
              -7.2623205
            ],
            [
              -34.9138289,
              -7.2624344
            ],
            [
              -34.9137148,
              -7.2625483
            ],
            [
              -34.9136007,
              -7.2626622
            ],
            [
              -34.9137148,
              -7.2627761
            ],
            [
              -34.9138289,
              -7.26289
            ],
            [
              -34.913943,
              -7.2630039
            ],
            [
              -34.9141711,
              -7.2630039
            ],
            [
              -34.9142852,
              -7.26289
            ],
            [
              -34.9143993,
              -7.2627761
            ],
            [
              -34.9145134,
              -7.2626622
            ],
            [
              -34.9143993,
              -7.2625483
            ],
            [
              -34.9142852,
              -7.2624344
            ],
            [
              -34.9141711,
              -7.2623205
            ]
          ]
        ]
      }
    },
    {
      "type": "Feature",
      "properties": {
        "nome_original": "EROSAO-MEDIA-10",
        "classe_original": "Suscetibilidade MEDIA",
        "fonte_original": "areas_suscetiveis_erosao_conde.kmz",
        "descricao": "Media suscetibilidade a erosao (fluxo concentrado moderado)."
      },
      "geometry": {
        "type": "Polygon",
        "coordinates": [
          [
            [
              -34.9226141,
              -7.2625483
            ],
            [
              -34.9223859,
              -7.2625483
            ],
            [
              -34.9221577,
              -7.2625483
            ],
            [
              -34.9220436,
              -7.2626622
            ],
            [
              -34.9219295,
              -7.2627761
            ],
            [
              -34.9218154,
              -7.26289
            ],
            [
              -34.9219295,
              -7.2630039
            ],
            [
              -34.9220436,
              -7.2631178
            ],
            [
              -34.9221577,
              -7.2632317
            ],
            [
              -34.9222718,
              -7.2633456
            ],
            [
              -34.9223859,
              -7.2634595
            ],
            [
              -34.9225,
              -7.2633456
            ],
            [
              -34.9226141,
              -7.2632317
            ],
            [
              -34.9227282,
              -7.2631178
            ],
            [
              -34.9228423,
              -7.2630039
            ],
            [
              -34.9229564,
              -7.26289
            ],
            [
              -34.9228423,
              -7.2627761
            ],
            [
              -34.9227282,
              -7.2626622
            ],
            [
              -34.9226141,
              -7.2625483
            ]
          ]
        ]
      }
    },
    {
      "type": "Feature",
      "properties": {
        "nome_original": "EROSAO-MEDIA-11",
        "classe_original": "Suscetibilidade MEDIA",
        "fonte_original": "areas_suscetiveis_erosao_conde.kmz",
        "descricao": "Media suscetibilidade a erosao (fluxo concentrado moderado)."
      },
      "geometry": {
        "type": "Polygon",
        "coordinates": [
          [
            [
              -34.9185067,
              -7.2625483
            ],
            [
              -34.9182785,
              -7.2625483
            ],
            [
              -34.9181644,
              -7.2626622
            ],
            [
              -34.9180503,
              -7.2627761
            ],
            [
              -34.9179362,
              -7.26289
            ],
            [
              -34.9180503,
              -7.2630039
            ],
            [
              -34.9181644,
              -7.2631178
            ],
            [
              -34.9182785,
              -7.2632317
            ],
            [
              -34.9185067,
              -7.2632317
            ],
            [
              -34.9186208,
              -7.2631178
            ],
            [
              -34.9187349,
              -7.2630039
            ],
            [
              -34.918849,
              -7.26289
            ],
            [
              -34.9187349,
              -7.2627761
            ],
            [
              -34.9186208,
              -7.2626622
            ],
            [
              -34.9185067,
              -7.2625483
            ]
          ]
        ]
      }
    },
    {
      "type": "Feature",
      "properties": {
        "nome_original": "EROSAO-MEDIA-12",
        "classe_original": "Suscetibilidade MEDIA",
        "fonte_original": "areas_suscetiveis_erosao_conde.kmz",
        "descricao": "Media suscetibilidade a erosao (fluxo concentrado moderado)."
      },
      "geometry": {
        "type": "Polygon",
        "coordinates": [
          [
            [
              -34.9121174,
              -7.2630039
            ],
            [
              -34.9118893,
              -7.2630039
            ],
            [
              -34.9117752,
              -7.2631178
            ],
            [
              -34.9116611,
              -7.2632317
            ],
            [
              -34.911547,
              -7.2633456
            ],
            [
              -34.911547,
              -7.2635734
            ],
            [
              -34.9116611,
              -7.2636873
            ],
            [
              -34.9117752,
              -7.2638012
            ],
            [
              -34.9118893,
              -7.2639151
            ],
            [
              -34.9120034,
              -7.264029
            ],
            [
              -34.9120034,
              -7.2642568
            ],
            [
              -34.9118893,
              -7.2643707
            ],
            [
              -34.9117752,
              -7.2644846
            ],
            [
              -34.9116611,
              -7.2645985
            ],
            [
              -34.911547,
              -7.2647124
            ],
            [
              -34.9114329,
              -7.2648263
            ],
            [
              -34.9113188,
              -7.2649402
            ],
            [
              -34.9113188,
              -7.265168
            ],
            [
              -34.9112047,
              -7.2652819
            ],
            [
              -34.9110906,
              -7.2653958
            ],
            [
              -34.9110906,
              -7.2656236
            ],
            [
              -34.9112047,
              -7.2657375
            ],
            [
              -34.9113188,
              -7.2658514
            ],
            [
              -34.9114329,
              -7.2659653
            ],
            [
              -34.9116611,
              -7.2659653
            ],
            [
              -34.9118893,
              -7.2659653
            ],
            [
              -34.9120034,
              -7.2660792
            ],
            [
              -34.9121174,
              -7.2661931
            ],
            [
              -34.9122315,
              -7.2663069
            ],
            [
              -34.9123456,
              -7.2664208
            ],
            [
              -34.9124597,
              -7.2665347
            ],
            [
              -34.9123456,
              -7.2666486
            ],
            [
              -34.9122315,
              -7.2667625
            ],
            [
              -34.9121174,
              -7.2668764
            ],
            [
              -34.9118893,
              -7.2668764
            ],
            [
              -34.9116611,
              -7.2668764
            ],
            [
              -34.911547,
              -7.2669903
            ],
            [
              -34.9114329,
              -7.2671042
            ],
            [
              -34.9113188,
              -7.2672181
            ],
            [
              -34.9114329,
              -7.267332
            ],
            [
              -34.911547,
              -7.2674459
            ],
            [
              -34.9116611,
              -7.2675598
            ],
            [
              -34.9117752,
              -7.2676737
            ],
            [
              -34.9118893,
              -7.2677876
            ],
            [
              -34.9120034,
              -7.2679015
            ],
            [
              -34.9118893,
              -7.2680154
            ],
            [
              -34.9117752,
              -7.2681293
            ],
            [
              -34.9118893,
              -7.2682432
            ],
            [
              -34.9120034,
              -7.2683571
            ],
            [
              -34.9121174,
              -7.268471
            ],
            [
              -34.9122315,
              -7.2683571
            ],
            [
              -34.9123456,
              -7.2682432
            ],
            [
              -34.9124597,
              -7.2681293
            ],
            [
              -34.9125738,
              -7.2680154
            ],
            [
              -34.912802,
              -7.2680154
            ],
            [
              -34.9129161,
              -7.2679015
            ],
            [
              -34.9130302,
              -7.2677876
            ],
            [
              -34.9131443,
              -7.2676737
            ],
            [
              -34.9132584,
              -7.2675598
            ],
            [
              -34.9134866,
              -7.2675598
            ],
            [
              -34.9136007,
              -7.2676737
            ],
            [
              -34.9137148,
              -7.2677876
            ],
            [
              -34.9138289,
              -7.2676737
            ],
            [
              -34.913943,
              -7.2675598
            ],
            [
              -34.9141711,
              -7.2675598
            ],
            [
              -34.9142852,
              -7.2674459
            ],
            [
              -34.9143993,
              -7.267332
            ],
            [
              -34.9145134,
              -7.2672181
            ],
            [
              -34.9146275,
              -7.2671042
            ],
            [
              -34.9148557,
              -7.2671042
            ],
            [
              -34.9150839,
              -7.2671042
            ],
            [
              -34.915198,
              -7.2669903
            ],
            [
              -34.9153121,
              -7.2668764
            ],
            [
              -34.9154262,
              -7.2667625
            ],
            [
              -34.9155403,
              -7.2666486
            ],
            [
              -34.9156544,
              -7.2665347
            ],
            [
              -34.9157685,
              -7.2664208
            ],
            [
              -34.9158826,
              -7.2663069
            ],
            [
              -34.9159966,
              -7.2661931
            ],
            [
              -34.9161107,
              -7.2660792
            ],
            [
              -34.9162248,
              -7.2659653
            ],
            [
              -34.9163389,
              -7.2658514
            ],
            [
              -34.9162248,
              -7.2657375
            ],
            [
              -34.9161107,
              -7.2656236
            ],
            [
              -34.9159966,
              -7.2655097
            ],
            [
              -34.9158826,
              -7.2653958
            ],
            [
              -34.9157685,
              -7.2652819
            ],
            [
              -34.9155403,
              -7.2652819
            ],
            [
              -34.9154262,
              -7.265168
            ],
            [
              -34.9153121,
              -7.2650541
            ],
            [
              -34.9150839,
              -7.2650541
            ],
            [
              -34.9148557,
              -7.2650541
            ],
            [
              -34.9147416,
              -7.265168
            ],
            [
              -34.9146275,
              -7.2652819
            ],
            [
              -34.9145134,
              -7.2653958
            ],
            [
              -34.9145134,
              -7.2656236
            ],
            [
              -34.9143993,
              -7.2657375
            ],
            [
              -34.9142852,
              -7.2658514
            ],
            [
              -34.9141711,
              -7.2659653
            ],
            [
              -34.914057,
              -7.2658514
            ],
            [
              -34.913943,
              -7.2657375
            ],
            [
              -34.9138289,
              -7.2656236
            ],
            [
              -34.9138289,
              -7.2653958
            ],
            [
              -34.913943,
              -7.2652819
            ],
            [
              -34.914057,
              -7.265168
            ],
            [
              -34.9141711,
              -7.2650541
            ],
            [
              -34.9142852,
              -7.2649402
            ],
            [
              -34.9143993,
              -7.2648263
            ],
            [
              -34.9145134,
              -7.2647124
            ],
            [
              -34.9146275,
              -7.2645985
            ],
            [
              -34.9147416,
              -7.2644846
            ],
            [
              -34.9148557,
              -7.2643707
            ],
            [
              -34.9149698,
              -7.2642568
            ],
            [
              -34.9150839,
              -7.2641429
            ],
            [
              -34.915198,
              -7.264029
            ],
            [
              -34.9150839,
              -7.2639151
            ],
            [
              -34.9149698,
              -7.2638012
            ],
            [
              -34.9148557,
              -7.2636873
            ],
            [
              -34.9147416,
              -7.2635734
            ],
            [
              -34.9146275,
              -7.2634595
            ],
            [
              -34.9143993,
              -7.2634595
            ],
            [
              -34.9142852,
              -7.2633456
            ],
            [
              -34.9141711,
              -7.2632317
            ],
            [
              -34.913943,
              -7.2632317
            ],
            [
              -34.9138289,
              -7.2633456
            ],
            [
              -34.9137148,
              -7.2634595
            ],
            [
              -34.9136007,
              -7.2633456
            ],
            [
              -34.9134866,
              -7.2632317
            ],
            [
              -34.9133725,
              -7.2633456
            ],
            [
              -34.9132584,
              -7.2634595
            ],
            [
              -34.9130302,
              -7.2634595
            ],
            [
              -34.9129161,
              -7.2635734
            ],
            [
              -34.912802,
              -7.2636873
            ],
            [
              -34.9126879,
              -7.2635734
            ],
            [
              -34.9125738,
              -7.2634595
            ],
            [
              -34.9124597,
              -7.2633456
            ],
            [
              -34.9123456,
              -7.2632317
            ],
            [
              -34.9122315,
              -7.2631178
            ],
            [
              -34.9121174,
              -7.2630039
            ]
          ]
        ]
      }
    },
    {
      "type": "Feature",
      "properties": {
        "nome_original": "EROSAO-MEDIA-13",
        "classe_original": "Suscetibilidade MEDIA",
        "fonte_original": "areas_suscetiveis_erosao_conde.kmz",
        "descricao": "Media suscetibilidade a erosao (fluxo concentrado moderado)."
      },
      "geometry": {
        "type": "Polygon",
        "coordinates": [
          [
            [
              -34.9223859,
              -7.2636873
            ],
            [
              -34.9221577,
              -7.2636873
            ],
            [
              -34.9220436,
              -7.2638012
            ],
            [
              -34.9219295,
              -7.2639151
            ],
            [
              -34.9218154,
              -7.264029
            ],
            [
              -34.9218154,
              -7.2642568
            ],
            [
              -34.9217013,
              -7.2643707
            ],
            [
              -34.9215872,
              -7.2644846
            ],
            [
              -34.9215872,
              -7.2647124
            ],
            [
              -34.9215872,
              -7.2649402
            ],
            [
              -34.9214732,
              -7.2650541
            ],
            [
              -34.9213591,
              -7.265168
            ],
            [
              -34.9213591,
              -7.2653958
            ],
            [
              -34.9213591,
              -7.2656236
            ],
            [
              -34.921245,
              -7.2657375
            ],
            [
              -34.9211309,
              -7.2658514
            ],
            [
              -34.9210168,
              -7.2659653
            ],
            [
              -34.9209027,
              -7.2660792
            ],
            [
              -34.9210168,
              -7.2661931
            ],
            [
              -34.9211309,
              -7.2663069
            ],
            [
              -34.921245,
              -7.2664208
            ],
            [
              -34.9214732,
              -7.2664208
            ],
            [
              -34.9217013,
              -7.2664208
            ],
            [
              -34.9219295,
              -7.2664208
            ],
            [
              -34.9220436,
              -7.2665347
            ],
            [
              -34.9221577,
              -7.2666486
            ],
            [
              -34.9222718,
              -7.2667625
            ],
            [
              -34.9223859,
              -7.2668764
            ],
            [
              -34.9226141,
              -7.2668764
            ],
            [
              -34.9227282,
              -7.2667625
            ],
            [
              -34.9228423,
              -7.2666486
            ],
            [
              -34.9229564,
              -7.2665347
            ],
            [
              -34.9230705,
              -7.2664208
            ],
            [
              -34.9231846,
              -7.2663069
            ],
            [
              -34.9231846,
              -7.2660792
            ],
            [
              -34.9230705,
              -7.2659653
            ],
            [
              -34.9229564,
              -7.2658514
            ],
            [
              -34.9229564,
              -7.2656236
            ],
            [
              -34.9229564,
              -7.2653958
            ],
            [
              -34.9229564,
              -7.265168
            ],
            [
              -34.9228423,
              -7.2650541
            ],
            [
              -34.9227282,
              -7.2649402
            ],
            [
              -34.9227282,
              -7.2647124
            ],
            [
              -34.9227282,
              -7.2644846
            ],
            [
              -34.9226141,
              -7.2643707
            ],
            [
              -34.9225,
              -7.2642568
            ],
            [
              -34.9226141,
              -7.2641429
            ],
            [
              -34.9227282,
              -7.264029
            ],
            [
              -34.9226141,
              -7.2639151
            ],
            [
              -34.9225,
              -7.2638012
            ],
            [
              -34.9223859,
              -7.2636873
            ]
          ]
        ]
      }
    },
    {
      "type": "Feature",
      "properties": {
        "nome_original": "EROSAO-MEDIA-14",
        "classe_original": "Suscetibilidade MEDIA",
        "fonte_original": "areas_suscetiveis_erosao_conde.kmz",
        "descricao": "Media suscetibilidade a erosao (fluxo concentrado moderado)."
      },
      "geometry": {
        "type": "Polygon",
        "coordinates": [
          [
            [
              -34.917594,
              -7.2639151
            ],
            [
              -34.9174799,
              -7.264029
            ],
            [
              -34.9173658,
              -7.2641429
            ],
            [
              -34.9172517,
              -7.2642568
            ],
            [
              -34.9171376,
              -7.2643707
            ],
            [
              -34.9170235,
              -7.2644846
            ],
            [
              -34.9169094,
              -7.2645985
            ],
            [
              -34.9167953,
              -7.2647124
            ],
            [
              -34.9167953,
              -7.2649402
            ],
            [
              -34.9167953,
              -7.265168
            ],
            [
              -34.9166812,
              -7.2652819
            ],
            [
              -34.9165671,
              -7.2653958
            ],
            [
              -34.9166812,
              -7.2655097
            ],
            [
              -34.9167953,
              -7.2656236
            ],
            [
              -34.9169094,
              -7.2657375
            ],
            [
              -34.9170235,
              -7.2656236
            ],
            [
              -34.9171376,
              -7.2655097
            ],
            [
              -34.9172517,
              -7.2653958
            ],
            [
              -34.9172517,
              -7.265168
            ],
            [
              -34.9173658,
              -7.2650541
            ],
            [
              -34.9174799,
              -7.2649402
            ],
            [
              -34.9174799,
              -7.2647124
            ],
            [
              -34.917594,
              -7.2645985
            ],
            [
              -34.9177081,
              -7.2644846
            ],
            [
              -34.9178221,
              -7.2643707
            ],
            [
              -34.9179362,
              -7.2642568
            ],
            [
              -34.9178221,
              -7.2641429
            ],
            [
              -34.9177081,
              -7.264029
            ],
            [
              -34.917594,
              -7.2639151
            ]
          ]
        ]
      }
    },
    {
      "type": "Feature",
      "properties": {
        "nome_original": "EROSAO-MEDIA-15",
        "classe_original": "Suscetibilidade MEDIA",
        "fonte_original": "areas_suscetiveis_erosao_conde.kmz",
        "descricao": "Media suscetibilidade a erosao (fluxo concentrado moderado)."
      },
      "geometry": {
        "type": "Polygon",
        "coordinates": [
          [
            [
              -34.9132584,
              -7.2661931
            ],
            [
              -34.9133725,
              -7.2663069
            ],
            [
              -34.9134866,
              -7.2664208
            ],
            [
              -34.9136007,
              -7.2665347
            ],
            [
              -34.9134866,
              -7.2666486
            ],
            [
              -34.9133725,
              -7.2667625
            ],
            [
              -34.9132584,
              -7.2668764
            ],
            [
              -34.9131443,
              -7.2667625
            ],
            [
              -34.9130302,
              -7.2666486
            ],
            [
              -34.9129161,
              -7.2665347
            ],
            [
              -34.9130302,
              -7.2664208
            ],
            [
              -34.9131443,
              -7.2663069
            ],
            [
              -34.9132584,
              -7.2661931
            ]
          ]
        ]
      }
    },
    {
      "type": "Feature",
      "properties": {
        "nome_original": "EROSAO-MEDIA-16",
        "classe_original": "Suscetibilidade MEDIA",
        "fonte_original": "areas_suscetiveis_erosao_conde.kmz",
        "descricao": "Media suscetibilidade a erosao (fluxo concentrado moderado)."
      },
      "geometry": {
        "type": "Polygon",
        "coordinates": [
          [
            [
              -34.9223859,
              -7.2671042
            ],
            [
              -34.9222718,
              -7.2672181
            ],
            [
              -34.9221577,
              -7.267332
            ],
            [
              -34.9219295,
              -7.267332
            ],
            [
              -34.9218154,
              -7.2674459
            ],
            [
              -34.9217013,
              -7.2675598
            ],
            [
              -34.9215872,
              -7.2676737
            ],
            [
              -34.9217013,
              -7.2677876
            ],
            [
              -34.9218154,
              -7.2679015
            ],
            [
              -34.9217013,
              -7.2680154
            ],
            [
              -34.9215872,
              -7.2681293
            ],
            [
              -34.9215872,
              -7.2683571
            ],
            [
              -34.9215872,
              -7.2685849
            ],
            [
              -34.9214732,
              -7.2686988
            ],
            [
              -34.9213591,
              -7.2688127
            ],
            [
              -34.9214732,
              -7.2689266
            ],
            [
              -34.9215872,
              -7.2690405
            ],
            [
              -34.9217013,
              -7.2691544
            ],
            [
              -34.9219295,
              -7.2691544
            ],
            [
              -34.9220436,
              -7.2690405
            ],
            [
              -34.9221577,
              -7.2689266
            ],
            [
              -34.9222718,
              -7.2690405
            ],
            [
              -34.9223859,
              -7.2691544
            ],
            [
              -34.9225,
              -7.2690405
            ],
            [
              -34.9226141,
              -7.2689266
            ],
            [
              -34.9227282,
              -7.2688127
            ],
            [
              -34.9227282,
              -7.2685849
            ],
            [
              -34.9228423,
              -7.268471
            ],
            [
              -34.9229564,
              -7.2683571
            ],
            [
              -34.9228423,
              -7.2682432
            ],
            [
              -34.9227282,
              -7.2681293
            ],
            [
              -34.9227282,
              -7.2679015
            ],
            [
              -34.9228423,
              -7.2677876
            ],
            [
              -34.9229564,
              -7.2676737
            ],
            [
              -34.9228423,
              -7.2675598
            ],
            [
              -34.9227282,
              -7.2674459
            ],
            [
              -34.9226141,
              -7.267332
            ],
            [
              -34.9225,
              -7.2672181
            ],
            [
              -34.9223859,
              -7.2671042
            ]
          ]
        ]
      }
    },
    {
      "type": "Feature",
      "properties": {
        "nome_original": "EROSAO-MEDIA-17",
        "classe_original": "Suscetibilidade MEDIA",
        "fonte_original": "areas_suscetiveis_erosao_conde.kmz",
        "descricao": "Media suscetibilidade a erosao (fluxo concentrado moderado)."
      },
      "geometry": {
        "type": "Polygon",
        "coordinates": [
          [
            [
              -34.9198758,
              -7.267332
            ],
            [
              -34.9196477,
              -7.267332
            ],
            [
              -34.9194195,
              -7.267332
            ],
            [
              -34.9193054,
              -7.2674459
            ],
            [
              -34.9191913,
              -7.2675598
            ],
            [
              -34.9189631,
              -7.2675598
            ],
            [
              -34.918849,
              -7.2674459
            ],
            [
              -34.9187349,
              -7.267332
            ],
            [
              -34.9185067,
              -7.267332
            ],
            [
              -34.9182785,
              -7.267332
            ],
            [
              -34.9180503,
              -7.267332
            ],
            [
              -34.9179362,
              -7.2674459
            ],
            [
              -34.9178221,
              -7.2675598
            ],
            [
              -34.9177081,
              -7.2676737
            ],
            [
              -34.9178221,
              -7.2677876
            ],
            [
              -34.9179362,
              -7.2679015
            ],
            [
              -34.9180503,
              -7.2680154
            ],
            [
              -34.9182785,
              -7.2680154
            ],
            [
              -34.9185067,
              -7.2680154
            ],
            [
              -34.9187349,
              -7.2680154
            ],
            [
              -34.918849,
              -7.2679015
            ],
            [
              -34.9189631,
              -7.2677876
            ],
            [
              -34.9191913,
              -7.2677876
            ],
            [
              -34.9193054,
              -7.2679015
            ],
            [
              -34.9194195,
              -7.2680154
            ],
            [
              -34.9196477,
              -7.2680154
            ],
            [
              -34.9198758,
              -7.2680154
            ],
            [
              -34.9199899,
              -7.2681293
            ],
            [
              -34.920104,
              -7.2682432
            ],
            [
              -34.9202181,
              -7.2681293
            ],
            [
              -34.9203322,
              -7.2680154
            ],
            [
              -34.9204463,
              -7.2679015
            ],
            [
              -34.9203322,
              -7.2677876
            ],
            [
              -34.9202181,
              -7.2676737
            ],
            [
              -34.920104,
              -7.2675598
            ],
            [
              -34.9199899,
              -7.2674459
            ],
            [
              -34.9198758,
              -7.267332
            ]
          ]
        ]
      }
    },
    {
      "type": "Feature",
      "properties": {
        "nome_original": "EROSAO-MEDIA-18",
        "classe_original": "Suscetibilidade MEDIA",
        "fonte_original": "areas_suscetiveis_erosao_conde.kmz",
        "descricao": "Media suscetibilidade a erosao (fluxo concentrado moderado)."
      },
      "geometry": {
        "type": "Polygon",
        "coordinates": [
          [
            [
              -34.9171376,
              -7.267332
            ],
            [
              -34.9169094,
              -7.267332
            ],
            [
              -34.9166812,
              -7.267332
            ],
            [
              -34.916453,
              -7.267332
            ],
            [
              -34.9163389,
              -7.2674459
            ],
            [
              -34.9162248,
              -7.2675598
            ],
            [
              -34.9161107,
              -7.2676737
            ],
            [
              -34.9159966,
              -7.2677876
            ],
            [
              -34.9157685,
              -7.2677876
            ],
            [
              -34.9155403,
              -7.2677876
            ],
            [
              -34.9153121,
              -7.2677876
            ],
            [
              -34.9150839,
              -7.2677876
            ],
            [
              -34.9148557,
              -7.2677876
            ],
            [
              -34.9147416,
              -7.2679015
            ],
            [
              -34.9146275,
              -7.2680154
            ],
            [
              -34.9145134,
              -7.2681293
            ],
            [
              -34.9143993,
              -7.2682432
            ],
            [
              -34.9141711,
              -7.2682432
            ],
            [
              -34.914057,
              -7.2683571
            ],
            [
              -34.913943,
              -7.268471
            ],
            [
              -34.9138289,
              -7.2685849
            ],
            [
              -34.913943,
              -7.2686988
            ],
            [
              -34.914057,
              -7.2688127
            ],
            [
              -34.9141711,
              -7.2689266
            ],
            [
              -34.9143993,
              -7.2689266
            ],
            [
              -34.9145134,
              -7.2690405
            ],
            [
              -34.9146275,
              -7.2691544
            ],
            [
              -34.9147416,
              -7.2692683
            ],
            [
              -34.9148557,
              -7.2693822
            ],
            [
              -34.9150839,
              -7.2693822
            ],
            [
              -34.9153121,
              -7.2693822
            ],
            [
              -34.9155403,
              -7.2693822
            ],
            [
              -34.9156544,
              -7.2692683
            ],
            [
              -34.9157685,
              -7.2691544
            ],
            [
              -34.9158826,
              -7.2690405
            ],
            [
              -34.9159966,
              -7.2689266
            ],
            [
              -34.9161107,
              -7.2688127
            ],
            [
              -34.9162248,
              -7.2686988
            ],
            [
              -34.9163389,
              -7.2685849
            ],
            [
              -34.916453,
              -7.268471
            ],
            [
              -34.9165671,
              -7.2683571
            ],
            [
              -34.9166812,
              -7.2682432
            ],
            [
              -34.9167953,
              -7.2681293
            ],
            [
              -34.9169094,
              -7.2680154
            ],
            [
              -34.9171376,
              -7.2680154
            ],
            [
              -34.9172517,
              -7.2679015
            ],
            [
              -34.9173658,
              -7.2677876
            ],
            [
              -34.9174799,
              -7.2676737
            ],
            [
              -34.9173658,
              -7.2675598
            ],
            [
              -34.9172517,
              -7.2674459
            ],
            [
              -34.9171376,
              -7.267332
            ]
          ]
        ]
      }
    },
    {
      "type": "Feature",
      "properties": {
        "nome_original": "EROSAO-MEDIA-19",
        "classe_original": "Suscetibilidade MEDIA",
        "fonte_original": "areas_suscetiveis_erosao_conde.kmz",
        "descricao": "Media suscetibilidade a erosao (fluxo concentrado moderado)."
      },
      "geometry": {
        "type": "Polygon",
        "coordinates": [
          [
            [
              -34.9205604,
              -7.2686988
            ],
            [
              -34.9203322,
              -7.2686988
            ],
            [
              -34.920104,
              -7.2686988
            ],
            [
              -34.9199899,
              -7.2688127
            ],
            [
              -34.9198758,
              -7.2689266
            ],
            [
              -34.9197617,
              -7.2690405
            ],
            [
              -34.9197617,
              -7.2692683
            ],
            [
              -34.9198758,
              -7.2693822
            ],
            [
              -34.9199899,
              -7.2694961
            ],
            [
              -34.920104,
              -7.26961
            ],
            [
              -34.9203322,
              -7.26961
            ],
            [
              -34.9204463,
              -7.2694961
            ],
            [
              -34.9205604,
              -7.2693822
            ],
            [
              -34.9206745,
              -7.2692683
            ],
            [
              -34.9207886,
              -7.2691544
            ],
            [
              -34.9209027,
              -7.2690405
            ],
            [
              -34.9207886,
              -7.2689266
            ],
            [
              -34.9206745,
              -7.2688127
            ],
            [
              -34.9205604,
              -7.2686988
            ]
          ]
        ]
      }
    },
    {
      "type": "Feature",
      "properties": {
        "nome_original": "EROSAO-MEDIA-20",
        "classe_original": "Suscetibilidade MEDIA",
        "fonte_original": "areas_suscetiveis_erosao_conde.kmz",
        "descricao": "Media suscetibilidade a erosao (fluxo concentrado moderado)."
      },
      "geometry": {
        "type": "Polygon",
        "coordinates": [
          [
            [
              -34.9189631,
              -7.2691544
            ],
            [
              -34.9187349,
              -7.2691544
            ],
            [
              -34.9186208,
              -7.2692683
            ],
            [
              -34.9185067,
              -7.2693822
            ],
            [
              -34.9183926,
              -7.2694961
            ],
            [
              -34.9185067,
              -7.26961
            ],
            [
              -34.9186208,
              -7.2697239
            ],
            [
              -34.9187349,
              -7.2698378
            ],
            [
              -34.9189631,
              -7.2698378
            ],
            [
              -34.9190772,
              -7.2697239
            ],
            [
              -34.9191913,
              -7.26961
            ],
            [
              -34.9193054,
              -7.2694961
            ],
            [
              -34.9191913,
              -7.2693822
            ],
            [
              -34.9190772,
              -7.2692683
            ],
            [
              -34.9189631,
              -7.2691544
            ]
          ]
        ]
      }
    },
    {
      "type": "Feature",
      "properties": {
        "nome_original": "EROSAO-MEDIA-21",
        "classe_original": "Suscetibilidade MEDIA",
        "fonte_original": "areas_suscetiveis_erosao_conde.kmz",
        "descricao": "Media suscetibilidade a erosao (fluxo concentrado moderado)."
      },
      "geometry": {
        "type": "Polygon",
        "coordinates": [
          [
            [
              -34.9217013,
              -7.2693822
            ],
            [
              -34.9215872,
              -7.2694961
            ],
            [
              -34.9214732,
              -7.26961
            ],
            [
              -34.9213591,
              -7.2697239
            ],
            [
              -34.921245,
              -7.2698378
            ],
            [
              -34.9211309,
              -7.2699517
            ],
            [
              -34.9210168,
              -7.2700656
            ],
            [
              -34.9209027,
              -7.2701795
            ],
            [
              -34.9210168,
              -7.2702934
            ],
            [
              -34.9211309,
              -7.2704073
            ],
            [
              -34.921245,
              -7.2705212
            ],
            [
              -34.9214732,
              -7.2705212
            ],
            [
              -34.9217013,
              -7.2705212
            ],
            [
              -34.9219295,
              -7.2705212
            ],
            [
              -34.9220436,
              -7.2704073
            ],
            [
              -34.9221577,
              -7.2702934
            ],
            [
              -34.9222718,
              -7.2701795
            ],
            [
              -34.9222718,
              -7.2699517
            ],
            [
              -34.9221577,
              -7.2698378
            ],
            [
              -34.9220436,
              -7.2697239
            ],
            [
              -34.9219295,
              -7.26961
            ],
            [
              -34.9218154,
              -7.2694961
            ],
            [
              -34.9217013,
              -7.2693822
            ]
          ]
        ]
      }
    },
    {
      "type": "Feature",
      "properties": {
        "nome_original": "EROSAO-MEDIA-22",
        "classe_original": "Suscetibilidade MEDIA",
        "fonte_original": "areas_suscetiveis_erosao_conde.kmz",
        "descricao": "Media suscetibilidade a erosao (fluxo concentrado moderado)."
      },
      "geometry": {
        "type": "Polygon",
        "coordinates": [
          [
            [
              -34.9130302,
              -7.2693822
            ],
            [
              -34.9129161,
              -7.2694961
            ],
            [
              -34.912802,
              -7.26961
            ],
            [
              -34.9126879,
              -7.2697239
            ],
            [
              -34.912802,
              -7.2698378
            ],
            [
              -34.9129161,
              -7.2699517
            ],
            [
              -34.912802,
              -7.2700656
            ],
            [
              -34.9126879,
              -7.2701795
            ],
            [
              -34.912802,
              -7.2702934
            ],
            [
              -34.9129161,
              -7.2704073
            ],
            [
              -34.9130302,
              -7.2705212
            ],
            [
              -34.9132584,
              -7.2705212
            ],
            [
              -34.9133725,
              -7.2706351
            ],
            [
              -34.9134866,
              -7.270749
            ],
            [
              -34.9136007,
              -7.2708629
            ],
            [
              -34.9137148,
              -7.2709768
            ],
            [
              -34.913943,
              -7.2709768
            ],
            [
              -34.9141711,
              -7.2709768
            ],
            [
              -34.9143993,
              -7.2709768
            ],
            [
              -34.9146275,
              -7.2709768
            ],
            [
              -34.9147416,
              -7.2710907
            ],
            [
              -34.9148557,
              -7.2712046
            ],
            [
              -34.9149698,
              -7.2710907
            ],
            [
              -34.9150839,
              -7.2709768
            ],
            [
              -34.915198,
              -7.2708629
            ],
            [
              -34.9150839,
              -7.270749
            ],
            [
              -34.9149698,
              -7.2706351
            ],
            [
              -34.9148557,
              -7.2705212
            ],
            [
              -34.9146275,
              -7.2705212
            ],
            [
              -34.9145134,
              -7.2704073
            ],
            [
              -34.9143993,
              -7.2702934
            ],
            [
              -34.9141711,
              -7.2702934
            ],
            [
              -34.914057,
              -7.2701795
            ],
            [
              -34.913943,
              -7.2700656
            ],
            [
              -34.9137148,
              -7.2700656
            ],
            [
              -34.9136007,
              -7.2699517
            ],
            [
              -34.9134866,
              -7.2698378
            ],
            [
              -34.9133725,
              -7.2697239
            ],
            [
              -34.9132584,
              -7.26961
            ],
            [
              -34.9131443,
              -7.2694961
            ],
            [
              -34.9130302,
              -7.2693822
            ]
          ]
        ]
      }
    },
    {
      "type": "Feature",
      "properties": {
        "nome_original": "P08 (Ary de Almeida)",
        "classe_original": "Pontos de erosao observados (fotos)",
        "fonte_original": "areas_suscetiveis_erosao_conde.kmz",
        "descricao": ""
      },
      "geometry": {
        "type": "Point",
        "coordinates": [
          -34.918131,
          -7.267995
        ]
      }
    },
    {
      "type": "Feature",
      "properties": {
        "nome_original": "P09 (Zilda Arns)",
        "classe_original": "Pontos de erosao observados (fotos)",
        "fonte_original": "areas_suscetiveis_erosao_conde.kmz",
        "descricao": ""
      },
      "geometry": {
        "type": "Point",
        "coordinates": [
          -34.919685,
          -7.267958
        ]
      }
    }
  ]
}