{
"type": "FeatureCollection",
"name": "areas_contribuicao_A_template",
"crs": { "type": "name", "properties": { "name": "urn:ogc:def:crs:OGC:1.3:CRS84" } },
"features": [
{"type":"Feature","properties":{"id_sc":"SC_A_0001","outlet":"N_A_0195","area_ha":2.194007221793365,"pct_imp":30.0,"width_m":98.381359610857302,"slope_pc":5.4310871741413083,"cn":79.0,"metodo":"VORONOI_PRELIM","editar":"SIM"},"geometry":{"type":"Polygon","coordinates":[[[-34.922520321308895,-7.262923026262547],[-34.922660454682941,-7.263626135775033],[-34.923119798886695,-7.264317247229729],[-34.923273095524785,-7.264455082031363],[-34.923267993402966,-7.263255148297398],[-34.923313262511179,-7.263254956383192],[-34.923312109367366,-7.262983734413408],[-34.92335737844725,-7.262983542501933],[-34.923356225320553,-7.262712320535975],[-34.923401494372108,-7.262712128627229],[-34.923400341262528,-7.2624409066651],[-34.923445610285761,-7.262440714759085],[-34.923444841552531,-7.262259900120592],[-34.923399572547368,-7.262260092021777],[-34.923398996023899,-7.262124481038292],[-34.923353727031049,-7.262124672931346],[-34.923352958368341,-7.261943858280547],[-34.923307689392331,-7.261944050164266],[-34.923307112921748,-7.261808439171546],[-34.923261843958059,-7.261808631047135],[-34.923261267512075,-7.261673020049941],[-34.9232159985607,-7.2616732119174],[-34.923215230001311,-7.261492397248321],[-34.923169961066776,-7.261492589106444],[-34.923169384673677,-7.261356978100019],[-34.923124115751463,-7.261357169950012],[-34.923123347262575,-7.261176355268621],[-34.9230780783572,-7.261176547109279],[-34.92307750201698,-7.261040936093619],[-34.923032233123912,-7.261041127926148],[-34.923031464705545,-7.260860313232448],[-34.923026048679183,-7.260860336182661],[-34.922520321308895,-7.262923026262547]]]}},
{"type":"Feature","properties":{"id_sc":"SC_A_0002","outlet":"N_A_0109","area_ha":1.6540024871021228,"pct_imp":30.0,"width_m":109.41599121268843,"slope_pc":14.853912606921178,"cn":79.0,"metodo":"VORONOI_PRELIM","editar":"SIM"},"geometry":{"type":"Polygon","coordinates":[[[-34.921206666876344,-7.265695322283432],[-34.921224646401612,-7.266191665593714],[-34.921270215736868,-7.266290696777718],[-34.923325970957173,-7.266243322199003],[-34.923323037622225,-7.265553666381923],[-34.921206666876344,-7.265695322283432]]]}},
{"type":"Feature","properties":{"id_sc":"SC_A_0003","outlet":"N_A_0151","area_ha":0.60408502487307203,"pct_imp":30.0,"width_m":79.411197808691938,"slope_pc":18.788954346998825,"cn":79.0,"metodo":"VORONOI_PRELIM","editar":"SIM"},"geometry":{"type":"Polygon","coordinates":[[[-34.922077634859598,-7.268297073824016],[-34.922064231306265,-7.2675766535967],[-34.921373972092077,-7.267584637912313],[-34.921375203970221,-7.267824952383371],[-34.921381962815964,-7.268139322853171],[-34.921521798055444,-7.268322994936953],[-34.922077634859598,-7.268297073824016]]]}},
{"type":"Feature","properties":{"id_sc":"SC_A_0004","outlet":"N_A_0150","area_ha":1.2686033003517407,"pct_imp":30.0,"width_m":102.73369837819091,"slope_pc":30.293233213484754,"cn":79.0,"metodo":"VORONOI_PRELIM","editar":"SIM"},"geometry":{"type":"Polygon","coordinates":[[[-34.921521798055444,-7.268322994936953],[-34.921486513733058,-7.268931366858824],[-34.921572022424286,-7.269038840651486],[-34.923065973073456,-7.268975840514639],[-34.923065486019233,-7.268861361975723],[-34.923110755693898,-7.268861169934443],[-34.9231097940892,-7.268635151655213],[-34.92315506374004,-7.268634959615455],[-34.923154436951897,-7.268487637143866],[-34.922077634859598,-7.268297073824016],[-34.921521798055444,-7.268322994936953]]]}},
{"type":"Feature","properties":{"id_sc":"SC_A_0005","outlet":"N_A_0193","area_ha":1.483714346789234,"pct_imp":30.0,"width_m":116.50627439259685,"slope_pc":5.9110593075677205,"cn":79.0,"metodo":"VORONOI_PRELIM","editar":"SIM"},"geometry":{"type":"Polygon","coordinates":[[[-34.922064231306265,-7.2675766535967],[-34.922077634859598,-7.268297073824016],[-34.923154436951897,-7.268487637143866],[-34.923154102143442,-7.268408941339886],[-34.923199371770458,-7.268408749301647],[-34.923198410181961,-7.268182731029737],[-34.923243679785145,-7.268182538993015],[-34.923242718204754,-7.267956520724766],[-34.923287987784107,-7.267956328689568],[-34.923287218523825,-7.267775514078085],[-34.923332488083865,-7.2677753220432],[-34.923330019652568,-7.267195099775463],[-34.922064231306265,-7.2675766535967]]]}},
{"type":"Feature","properties":{"id_sc":"SC_A_0006","outlet":"N_A_0149","area_ha":1.2758622076102064,"pct_imp":30.0,"width_m":104.10773964170295,"slope_pc":19.67648020428593,"cn":79.0,"metodo":"VORONOI_PRELIM","editar":"SIM"},"geometry":{"type":"Polygon","coordinates":[[[-34.921572022424286,-7.269038840651486],[-34.921619792456042,-7.269697032847866],[-34.921666189778414,-7.269738535838712],[-34.922888358828914,-7.269790940156114],[-34.922888061256636,-7.269720999649743],[-34.922933331022115,-7.269720807603597],[-34.92293236939117,-7.269494789309252],[-34.92297763913281,-7.269494597264623],[-34.922976677509965,-7.269268578973944],[-34.923021947227781,-7.269268386930834],[-34.923021177933521,-7.269087572301407],[-34.923066447632024,-7.269087380258611],[-34.923065973073456,-7.268975840514639],[-34.921572022424286,-7.269038840651486]]]}},
{"type":"Feature","properties":{"id_sc":"SC_A_0007","outlet":"N_A_0154","area_ha":0.85406055559508498,"pct_imp":30.0,"width_m":79.367514954640242,"slope_pc":17.971436646160864,"cn":79.0,"metodo":"VORONOI_PRELIM","editar":"SIM"},"geometry":{"type":"Polygon","coordinates":[[[-34.921619792456042,-7.269697032847866],[-34.920623740832049,-7.269898386852253],[-34.92061722458061,-7.269982639180196],[-34.921296072790149,-7.270722249755562],[-34.921639563796894,-7.270720793475351],[-34.921643240258106,-7.270585164368462],[-34.921443079755882,-7.27058601299588],[-34.921442887553113,-7.270540809299207],[-34.921644465747057,-7.27053995466612],[-34.921666189778414,-7.269738535838712],[-34.921619792456042,-7.269697032847866]]]}},
{"type":"Feature","properties":{"id_sc":"SC_A_0008","outlet":"N_A_0148","area_ha":1.4177094243236714,"pct_imp":30.0,"width_m":87.23703008645947,"slope_pc":8.0435029216120508,"cn":79.0,"metodo":"VORONOI_PRELIM","editar":"SIM"},"geometry":{"type":"Polygon","coordinates":[[[-34.921666189778414,-7.269738535838712],[-34.921644465747057,-7.27053995466612],[-34.921759776730326,-7.270539465740692],[-34.921759968964736,-7.270584669428927],[-34.921643240258106,-7.270585164368462],[-34.921639563796894,-7.270720793475351],[-34.922122704806071,-7.270718744688125],[-34.922122897081572,-7.27076394836633],[-34.922168166971915,-7.270763756369189],[-34.922168359253156,-7.270808960046095],[-34.922349438820326,-7.270808192007554],[-34.922349631120895,-7.270853395679541],[-34.922394901014137,-7.27085320365741],[-34.922395093320446,-7.270898407328098],[-34.92262144279087,-7.270897447143692],[-34.922621635121011,-7.270942650808249],[-34.922666905015937,-7.270942458756616],[-34.922666135684622,-7.270761644102636],[-34.922711405560236,-7.270761452051312],[-34.92271082856108,-7.270625841063449],[-34.922756098421893,-7.27062564901123],[-34.922755136758582,-7.270399630702258],[-34.922800406595563,-7.270399438651559],[-34.922799444940345,-7.270173420346246],[-34.922844714753495,-7.270173228297059],[-34.922843753106363,-7.269947209995405],[-34.922889022895667,-7.269947017947739],[-34.922888358828914,-7.269790940156114],[-34.921666189778414,-7.269738535838712]],[[-34.922303015179921,-7.270537161982813],[-34.922076665847399,-7.270538121960941],[-34.922076473582564,-7.270492918281052],[-34.922302822892476,-7.270491958308954],[-34.922303015179921,-7.270537161982813]],[[-34.922664981724495,-7.270490422118815],[-34.922574442023858,-7.270490806193441],[-34.922574249710507,-7.270445602526728],[-34.922664789402106,-7.270445218454515],[-34.922664981724495,-7.270490422118815]]]}},
{"type":"Feature","properties":{"id_sc":"SC_A_0009","outlet":"N_A_0153","area_ha":1.0903464496775108,"pct_imp":30.0,"width_m":102.85844620496695,"slope_pc":7.7672184971987708,"cn":79.0,"metodo":"VORONOI_PRELIM","editar":"SIM"},"geometry":{"type":"Polygon","coordinates":[[[-34.921572022424286,-7.269038840651486],[-34.921486513733058,-7.268931366858824],[-34.920277036688162,-7.269192973702408],[-34.920613802773012,-7.269879666483899],[-34.920623740832049,-7.269898386852253],[-34.921619792456042,-7.269697032847866],[-34.921572022424286,-7.269038840651486]]]}},
{"type":"Feature","properties":{"id_sc":"SC_A_0010","outlet":"N_A_0155","area_ha":0.34826952727202226,"pct_imp":30.0,"width_m":41.167901844919818,"slope_pc":9.3420998847033232,"cn":79.0,"metodo":"VORONOI_PRELIM","editar":"SIM"},"geometry":{"type":"Polygon","coordinates":[[[-34.92061722458061,-7.269982639180196],[-34.920604166733597,-7.269999569734801],[-34.920400859344952,-7.270352145813288],[-34.920400911450493,-7.270364407392379],[-34.920446181346762,-7.270364215577659],[-34.920446373445145,-7.270409419301233],[-34.920491643344704,-7.270409227480792],[-34.920491835448843,-7.270454431203065],[-34.920537105351698,-7.270454239376906],[-34.920537297461578,-7.270499443097878],[-34.920582567367724,-7.270499251265997],[-34.920582759483359,-7.270544454985672],[-34.920628029392802,-7.27054426314807],[-34.920628221514185,-7.270589466866443],[-34.920673491426925,-7.270589275023124],[-34.92067368355405,-7.270634478740194],[-34.920718953470086,-7.270634286891156],[-34.920719145602959,-7.270679490606927],[-34.920945495187361,-7.270678531287975],[-34.920945687344066,-7.270723734997621],[-34.921296072790149,-7.270722249755562],[-34.92061722458061,-7.269982639180196]],[[-34.920899648823735,-7.270543112027656],[-34.920763839113789,-7.270543687608183],[-34.92076364698007,-7.270498483893331],[-34.920899456676459,-7.270497908316421],[-34.920899648823735,-7.270543112027656]]]}},
{"type":"Feature","properties":{"id_sc":"SC_A_0011","outlet":"N_A_0120","area_ha":0.33450850390892184,"pct_imp":30.0,"width_m":49.918194636676986,"slope_pc":4.7699516602046543,"cn":79.0,"metodo":"VORONOI_PRELIM","editar":"SIM"},"geometry":{"type":"Polygon","coordinates":[[[-34.921373972092077,-7.267584637912313],[-34.921344735722329,-7.267529962880908],[-34.920456404666439,-7.267655837035015],[-34.920457128503983,-7.267955041347955],[-34.921375203970221,-7.267824952383371],[-34.921373972092077,-7.267584637912313]]]}},
{"type":"Feature","properties":{"id_sc":"SC_A_0012","outlet":"N_A_0118","area_ha":1.295931960287668,"pct_imp":30.0,"width_m":94.516444149402147,"slope_pc":9.0734885269331027,"cn":79.0,"metodo":"VORONOI_PRELIM","editar":"SIM"},"geometry":{"type":"Polygon","coordinates":[[[-34.923330019652568,-7.267195099775463],[-34.923328822757142,-7.266913743894854],[-34.921311452080104,-7.266940018086553],[-34.921344735722329,-7.267529962880908],[-34.921373972092077,-7.267584637912313],[-34.922064231306265,-7.2675766535967],[-34.923330019652568,-7.267195099775463]]]}},
{"type":"Feature","properties":{"id_sc":"SC_A_0013","outlet":"N_A_0121","area_ha":0.43516955299396387,"pct_imp":30.0,"width_m":58.940383994495569,"slope_pc":15.563724302976226,"cn":79.0,"metodo":"VORONOI_PRELIM","editar":"SIM"},"geometry":{"type":"Polygon","coordinates":[[[-34.921375203970221,-7.267824952383371],[-34.920457128503983,-7.267955041347955],[-34.920444100797596,-7.268409746199203],[-34.921381962815964,-7.268139322853171],[-34.921375203970221,-7.267824952383371]]]}},
{"type":"Feature","properties":{"id_sc":"SC_A_0014","outlet":"N_A_0116","area_ha":1.6563476678501128,"pct_imp":30.0,"width_m":110.98908101492903,"slope_pc":32.804142785596383,"cn":79.0,"metodo":"VORONOI_PRELIM","editar":"SIM"},"geometry":{"type":"Polygon","coordinates":[[[-34.921270215736868,-7.266290696777718],[-34.921267687355552,-7.266457687683307],[-34.921277684109505,-7.266881521147118],[-34.921311452080104,-7.266940018086553],[-34.923328822757142,-7.266913743894854],[-34.923325970957173,-7.266243322199003],[-34.921270215736868,-7.266290696777718]]]}},
{"type":"Feature","properties":{"id_sc":"SC_A_0015","outlet":"N_A_0152","area_ha":1.2518604855091748,"pct_imp":30.0,"width_m":108.75220507051016,"slope_pc":40.107635493661085,"cn":79.0,"metodo":"VORONOI_PRELIM","editar":"SIM"},"geometry":{"type":"Polygon","coordinates":[[[-34.921381962815964,-7.268139322853171],[-34.920444100797596,-7.268409746199203],[-34.919967883075849,-7.268947198663475],[-34.920277036688162,-7.269192973702408],[-34.921486513733058,-7.268931366858824],[-34.921521798055444,-7.268322994936953],[-34.921381962815964,-7.268139322853171]]]}},
{"type":"Feature","properties":{"id_sc":"SC_A_0016","outlet":"N_A_0115","area_ha":1.6687059954637458,"pct_imp":30.0,"width_m":109.13670462588581,"slope_pc":21.731375136182649,"cn":79.0,"metodo":"VORONOI_PRELIM","editar":"SIM"},"geometry":{"type":"Polygon","coordinates":[[[-34.921194194327853,-7.265010349065666],[-34.921172317143743,-7.265615478511543],[-34.92119642516019,-7.265673157154853],[-34.921206666876344,-7.265695322283432],[-34.923323037622225,-7.265553666381923],[-34.923320951266469,-7.265063102761101],[-34.923275681977557,-7.265063294723578],[-34.923275237705269,-7.264958826385568],[-34.921194194327853,-7.265010349065666]]]}},
{"type":"Feature","properties":{"id_sc":"SC_A_0017","outlet":"N_A_0074","area_ha":1.7194918747927865,"pct_imp":30.0,"width_m":113.59714388466593,"slope_pc":20.719544843886322,"cn":79.0,"metodo":"VORONOI_PRELIM","editar":"SIM"},"geometry":{"type":"Polygon","coordinates":[[[-34.923119798886695,-7.264317247229729],[-34.921882668948612,-7.264323328745423],[-34.921107021088858,-7.26435209122961],[-34.921117171823617,-7.264842379695362],[-34.921194194327853,-7.265010349065666],[-34.923275237705269,-7.264958826385568],[-34.923273095524785,-7.264455082031363],[-34.923119798886695,-7.264317247229729]]]}},
{"type":"Feature","properties":{"id_sc":"SC_A_0018","outlet":"N_A_0113","area_ha":0.49977379065534244,"pct_imp":30.0,"width_m":59.843307295132519,"slope_pc":7.1681489686510353,"cn":79.0,"metodo":"VORONOI_PRELIM","editar":"SIM"},"geometry":{"type":"Polygon","coordinates":[[[-34.92119642516019,-7.265673157154853],[-34.920049494731373,-7.266151762953925],[-34.920232617808587,-7.26633268103794],[-34.921224646401612,-7.266191665593714],[-34.921206666876344,-7.265695322283432],[-34.92119642516019,-7.265673157154853]]]}},
{"type":"Feature","properties":{"id_sc":"SC_A_0019","outlet":"N_A_0075","area_ha":0.65647464918402121,"pct_imp":30.0,"width_m":81.387684745818916,"slope_pc":10.493856004748782,"cn":79.0,"metodo":"VORONOI_PRELIM","editar":"SIM"},"geometry":{"type":"Polygon","coordinates":[[[-34.921882668948612,-7.264323328745423],[-34.921869681153147,-7.263680122461671],[-34.92102610144687,-7.263711403629993],[-34.921035734758171,-7.264188527741672],[-34.921107021088858,-7.26435209122961],[-34.921882668948612,-7.264323328745423]]]}},
{"type":"Feature","properties":{"id_sc":"SC_A_0020","outlet":"N_A_0119","area_ha":0.88289591974995985,"pct_imp":30.0,"width_m":91.503810145839296,"slope_pc":14.817437064469397,"cn":79.0,"metodo":"VORONOI_PRELIM","editar":"SIM"},"geometry":{"type":"Polygon","coordinates":[[[-34.921277684109505,-7.266881521147118],[-34.920212337620967,-7.267051224953456],[-34.920029865944372,-7.267244161643141],[-34.920456404666439,-7.267655837035015],[-34.921344735722329,-7.267529962880908],[-34.921311452080104,-7.266940018086553],[-34.921277684109505,-7.266881521147118]]]}},
{"type":"Feature","properties":{"id_sc":"SC_A_0021","outlet":"N_A_0105","area_ha":0.83508782367503043,"pct_imp":30.0,"width_m":86.293329213092406,"slope_pc":16.191087499925068,"cn":79.0,"metodo":"VORONOI_PRELIM","editar":"SIM"},"geometry":{"type":"Polygon","coordinates":[[[-34.921869681153147,-7.263680122461671],[-34.921882668948612,-7.264323328745423],[-34.923119798886695,-7.264317247229729],[-34.922660454682941,-7.263626135775033],[-34.921869681153147,-7.263680122461671]]]}},
{"type":"Feature","properties":{"id_sc":"SC_A_0022","outlet":"N_A_0076","area_ha":1.2832668089091088,"pct_imp":30.0,"width_m":103.53176240721936,"slope_pc":12.601294482749633,"cn":79.0,"metodo":"VORONOI_PRELIM","editar":"SIM"},"geometry":{"type":"Polygon","coordinates":[[[-34.922660454682941,-7.263626135775033],[-34.922520321308895,-7.262923026262547],[-34.920994470481659,-7.263122383852409],[-34.92099906253457,-7.263646898381794],[-34.92102610144687,-7.263711403629993],[-34.921869681153147,-7.263680122461671],[-34.922660454682941,-7.263626135775033]]]}},
{"type":"Feature","properties":{"id_sc":"SC_A_0023","outlet":"N_A_0077","area_ha":11.241916800068676,"pct_imp":30.0,"width_m":271.59323441197733,"slope_pc":12.451837438996638,"cn":79.0,"metodo":"VORONOI_PRELIM","editar":"SIM"},"geometry":{"type":"Polygon","coordinates":[[[-34.923026048679183,-7.260860336182661],[-34.92298619582931,-7.260860505055644],[-34.922985619541969,-7.260724894030754],[-34.922940350678061,-7.26072508584582],[-34.922939582330194,-7.26054427113981],[-34.922894313483113,-7.260544462945537],[-34.92289373724865,-7.260408851911421],[-34.922848468413896,-7.260409043709021],[-34.922847700136522,-7.260228228990703],[-34.922802431318587,-7.260228420778971],[-34.922801855137003,-7.260092809735617],[-34.922756586331396,-7.260093001515756],[-34.922755818124521,-7.259912186785131],[-34.922710549335733,-7.259912378555937],[-34.92270997320702,-7.259776767503353],[-34.922664704430559,-7.259776959266032],[-34.922663936294171,-7.259596144523101],[-34.922618667534543,-7.259596336276442],[-34.922618091458695,-7.259460725214631],[-34.922572822711381,-7.259460916959847],[-34.922572054645485,-7.259280102204607],[-34.922526785915004,-7.259280293940493],[-34.922526209892013,-7.25914468286945],[-34.922480941173845,-7.259144874597204],[-34.922480173178442,-7.258964059829663],[-34.922434904477107,-7.258964251548089],[-34.922433752547903,-7.25869302938669],[-34.922388483872425,-7.258693221093365],[-34.922387332014502,-7.258421998921317],[-34.922342063364873,-7.258422190616254],[-34.922340911578225,-7.258150968433554],[-34.922295642954452,-7.258151160116745],[-34.922294491239079,-7.257879937923393],[-34.922249222641156,-7.257880129594838],[-34.922248262934659,-7.257654111091743],[-34.922202994358081,-7.257654302752649],[-34.922201842777866,-7.257383080538569],[-34.922156574227145,-7.257383272187734],[-34.92215503311018,-7.257020280752791],[-34.920301204452194,-7.261433116116781],[-34.92053932050564,-7.262065667165492],[-34.920994470481659,-7.263122383852409],[-34.922520321308895,-7.262923026262547],[-34.923026048679183,-7.260860336182661]]]}},
{"type":"Feature","properties":{"id_sc":"SC_A_0024","outlet":"N_A_0199","area_ha":24.048745340438771,"pct_imp":30.0,"width_m":406.41512074589326,"slope_pc":8.7549186383752051,"cn":79.0,"metodo":"VORONOI_PRELIM","editar":"SIM"},"geometry":{"type":"Polygon","coordinates":[[[-34.918301999561692,-7.257670802078321],[-34.918309892183757,-7.257670768730163],[-34.918310083729935,-7.257715972535798],[-34.918355352416476,-7.257715781261285],[-34.918358034254823,-7.258348634513351],[-34.918312765505092,-7.258348825804716],[-34.918315447520321,-7.258981679055052],[-34.918360716333247,-7.258981487746838],[-34.91836109950691,-7.259071895350104],[-34.918406368327638,-7.259071704034976],[-34.91840694311086,-7.259207315435552],[-34.918452211943908,-7.259207124112304],[-34.918452595147876,-7.259297531709805],[-34.918497863988726,-7.259297340379642],[-34.918498247206621,-7.259387747974356],[-34.918543516055273,-7.259387556637276],[-34.918543899287101,-7.25947796422921],[-34.91817352484756,-7.259479529571404],[-34.918008224791855,-7.261806719559605],[-34.918070781794469,-7.261844070523841],[-34.919749919216443,-7.261871753725947],[-34.920301204452194,-7.261433116116781],[-34.92215503311018,-7.257020280752791],[-34.922150433356649,-7.255936753616394],[-34.922105164949109,-7.255936945222456],[-34.922103821832799,-7.255620519263597],[-34.922058553455606,-7.255620710856713],[-34.922057402287997,-7.255349488595327],[-34.922012133936647,-7.255349680176699],[-34.922010790995181,-7.255033254192327],[-34.921965522674192,-7.255033445760755],[-34.921964563489666,-7.254807427191619],[-34.921919295190008,-7.254807618749512],[-34.921919487019942,-7.254852822464732],[-34.921828950407914,-7.254853205569414],[-34.921829142230067,-7.254898409286956],[-34.921738605604105,-7.254898792376027],[-34.921738797418456,-7.254943996095885],[-34.921693529099116,-7.254944187634866],[-34.921693720910184,-7.254989391355835],[-34.921603184258814,-7.254989774422699],[-34.92160337606208,-7.255034978145983],[-34.921512839396783,-7.255035361197239],[-34.921513031192255,-7.25508056492284],[-34.921422494513024,-7.255080947958482],[-34.921422686300701,-7.255126151686403],[-34.921332149607544,-7.255126534706436],[-34.921332341387419,-7.255171738436671],[-34.921241804680328,-7.255172121441094],[-34.921241996452416,-7.255217325173643],[-34.921151459731384,-7.255217708162455],[-34.921151267968334,-7.255172504427496],[-34.921105999610496,-7.255172695913939],[-34.921105807853174,-7.255127492177677],[-34.921015271142842,-7.255127875134637],[-34.921015079395779,-7.255082671395866],[-34.920969811043278,-7.255082862866383],[-34.92096961930195,-7.255037659126319],[-34.920426399030497,-7.255039956406631],[-34.920426207344526,-7.254994752652006],[-34.920290402262609,-7.254995326867101],[-34.920290593935036,-7.255040530625341],[-34.920245325567436,-7.255040722022566],[-34.92024551723658,-7.255085925781913],[-34.920200248863232,-7.255086117175837],[-34.920200440529094,-7.255131320936298],[-34.920155172150018,-7.255131512326922],[-34.920155555476384,-7.255221919849964],[-34.920110287087056,-7.255222111238493],[-34.920110478747567,-7.255267315001078],[-34.920065210352497,-7.255267506386306],[-34.920065402009726,-7.255312710149997],[-34.920020133608922,-7.255312901531928],[-34.920020325262861,-7.255358105296729],[-34.919975056856316,-7.255358296675356],[-34.919975248506972,-7.255403500441271],[-34.919929980094686,-7.255403691816598],[-34.91993017174206,-7.255448895583618],[-34.919884903324039,-7.255449086955644],[-34.919885094968123,-7.255494290723776],[-34.919839826544369,-7.255494482092502],[-34.919840018185162,-7.255539685861744],[-34.919794749755667,-7.255539877227168],[-34.919794941393178,-7.255585080997519],[-34.919749672957948,-7.255585272359642],[-34.91974986459217,-7.255630476131107],[-34.919659327709006,-7.255630858844244],[-34.919659519335433,-7.255676062618018],[-34.919614250887498,-7.255676253969031],[-34.919614442510635,-7.255721457743919],[-34.919569174056967,-7.255721649091631],[-34.919569365676814,-7.25576685286763],[-34.91947882875678,-7.255767235551946],[-34.919479020368833,-7.255812439330255],[-34.91943375190246,-7.255812630666859],[-34.919433943511223,-7.255857834446277],[-34.91934340656578,-7.255858217108378],[-34.919343598166748,-7.255903420890112],[-34.91929832968767,-7.255903612215608],[-34.919298521285356,-7.255948815998448],[-34.919253252800544,-7.255949007320641],[-34.91925344439494,-7.255994211104596],[-34.91916290741262,-7.255994593737873],[-34.919163098999213,-7.25603979752414],[-34.919117830501705,-7.256039988835226],[-34.919118022085009,-7.2560851926226],[-34.919072753581759,-7.256085383930383],[-34.91907294516178,-7.25613058771887],[-34.919027676652796,-7.256130779023348],[-34.919027868229534,-7.256175982812945],[-34.918982599714802,-7.256176174114123],[-34.918982791288251,-7.256221377904826],[-34.918937522767791,-7.256221569202704],[-34.91893771433795,-7.256266772994517],[-34.91889244581175,-7.256266964289092],[-34.918892637378619,-7.256312168082014],[-34.918847368846684,-7.256312359373286],[-34.918847560410271,-7.256357563167315],[-34.918757023333697,-7.256357945738749],[-34.918757214889482,-7.256403149535094],[-34.918711946344843,-7.256403340815258],[-34.918712329451061,-7.25649374841007],[-34.918667060896169,-7.256493939688133],[-34.918667443998274,-7.256584347284975],[-34.918622175433129,-7.25658453856094],[-34.918622558531105,-7.256674946159812],[-34.918577289955714,-7.256675137433677],[-34.918577673049562,-7.256765545034573],[-34.918532404463917,-7.256765736306342],[-34.918532787553644,-7.256856143909271],[-34.918487518957747,-7.256856335178938],[-34.918487902043346,-7.256946742783893],[-34.918442633437202,-7.256946934051465],[-34.918442824977333,-7.256992137855002],[-34.918397556365449,-7.256992329119269],[-34.918397939440339,-7.257082736728471],[-34.918352670818216,-7.257082927990638],[-34.918352862352982,-7.257128131796301],[-34.918340542144172,-7.257128183849334],[-34.918301999561692,-7.257670802078321]]]}},
{"type":"Feature","properties":{"id_sc":"SC_A_0025","outlet":"N_A_0073","area_ha":0.62200222294460128,"pct_imp":30.0,"width_m":82.07168424220562,"slope_pc":7.3288425259048164,"cn":79.0,"metodo":"VORONOI_PRELIM","editar":"SIM"},"geometry":{"type":"Polygon","coordinates":[[[-34.920520903523624,-7.264958823455723],[-34.920414284710255,-7.265318401031917],[-34.920523681411765,-7.265620311226247],[-34.921172317143743,-7.265615478511543],[-34.921194194327853,-7.265010349065666],[-34.921117171823617,-7.264842379695362],[-34.920520903523624,-7.264958823455723]]]}},
{"type":"Feature","properties":{"id_sc":"SC_A_0026","outlet":"N_A_0106","area_ha":1.0001269767678922,"pct_imp":30.0,"width_m":92.110578341330864,"slope_pc":7.729170934192207,"cn":79.0,"metodo":"VORONOI_PRELIM","editar":"SIM"},"geometry":{"type":"Polygon","coordinates":[[[-34.921117171823617,-7.264842379695362],[-34.921107021088858,-7.26435209122961],[-34.921035734758171,-7.264188527741672],[-34.919565580069694,-7.264509779345951],[-34.91972463489018,-7.264670309516255],[-34.920086992603387,-7.264997100930294],[-34.920520903523624,-7.264958823455723],[-34.921117171823617,-7.264842379695362]]]}},
{"type":"Feature","properties":{"id_sc":"SC_A_0027","outlet":"N_A_0157","area_ha":0.13913086697241225,"pct_imp":30.0,"width_m":20.0,"slope_pc":3.9810885896134844,"cn":79.0,"metodo":"VORONOI_PRELIM","editar":"SIM"},"geometry":{"type":"Polygon","coordinates":[[[-34.920613802773012,-7.269879666483899],[-34.919991969207501,-7.270009978612568],[-34.919992137991045,-7.27004970736968],[-34.919901598236059,-7.270050090887438],[-34.91990150836417,-7.270028935613407],[-34.919554297693608,-7.27010169701029],[-34.919600595540395,-7.270209878779654],[-34.920604166733597,-7.269999569734801],[-34.92061722458061,-7.269982639180196],[-34.920623740832049,-7.269898386852253],[-34.920613802773012,-7.269879666483899]],[[-34.919766172639576,-7.270141073614738],[-34.919675632854243,-7.270141457092171],[-34.919675440840081,-7.27009625334755],[-34.919765980616361,-7.270095869872529],[-34.919766172639576,-7.270141073614738]],[[-34.919856520387754,-7.270095486379446],[-34.919811250502669,-7.270095678128244],[-34.919811058476171,-7.270050474387138],[-34.919856328356722,-7.270050282639548],[-34.919856520387754,-7.270095486379446]]]}},
{"type":"Feature","properties":{"id_sc":"SC_A_0028","outlet":"N_A_0117","area_ha":0.50691962008904634,"pct_imp":30.0,"width_m":62.656487574910322,"slope_pc":4.3693697341116975,"cn":79.0,"metodo":"VORONOI_PRELIM","editar":"SIM"},"geometry":{"type":"Polygon","coordinates":[[[-34.921267687355552,-7.266457687683307],[-34.920237074793157,-7.266680409687404],[-34.920212337620967,-7.267051224953456],[-34.921277684109505,-7.266881521147118],[-34.921267687355552,-7.266457687683307]]]}},
{"type":"Feature","properties":{"id_sc":"SC_A_0029","outlet":"N_A_0114","area_ha":0.38922098574454495,"pct_imp":30.0,"width_m":52.574209690382546,"slope_pc":5.4494135929520588,"cn":79.0,"metodo":"VORONOI_PRELIM","editar":"SIM"},"geometry":{"type":"Polygon","coordinates":[[[-34.921270215736868,-7.266290696777718],[-34.921224646401612,-7.266191665593714],[-34.920232617808587,-7.26633268103794],[-34.920237074793157,-7.266680409687404],[-34.921267687355552,-7.266457687683307],[-34.921270215736868,-7.266290696777718]]]}},
{"type":"Feature","properties":{"id_sc":"SC_A_0030","outlet":"N_A_0123","area_ha":1.0549735615258302,"pct_imp":30.0,"width_m":93.649923641311304,"slope_pc":90.245863280260153,"cn":79.0,"metodo":"VORONOI_PRELIM","editar":"SIM"},"geometry":{"type":"Polygon","coordinates":[[[-34.920457128503983,-7.267955041347955],[-34.920456404666439,-7.267655837035015],[-34.920029865944372,-7.267244161643141],[-34.919799316907479,-7.267285917436388],[-34.919801689357186,-7.267844598723327],[-34.919840314725711,-7.268932824679637],[-34.919967883075849,-7.268947198663475],[-34.920444100797596,-7.268409746199203],[-34.920457128503983,-7.267955041347955]]]}},
{"type":"Feature","properties":{"id_sc":"SC_A_0031","outlet":"N_A_0162","area_ha":0.31905477813928157,"pct_imp":30.0,"width_m":50.341854817173711,"slope_pc":8.1692906603191862,"cn":79.0,"metodo":"VORONOI_PRELIM","editar":"SIM"},"geometry":{"type":"Polygon","coordinates":[[[-34.918945991605568,-7.270501257537111],[-34.918620437537548,-7.270097301933277],[-34.918326285536352,-7.270508806791099],[-34.918364340524484,-7.270508645718429],[-34.918364532418551,-7.270553849497118],[-34.918409802388062,-7.270553657880754],[-34.918409994287877,-7.270598861658145],[-34.918455264260686,-7.270598670036063],[-34.918455456166249,-7.270643873812153],[-34.918500726142355,-7.270643682184353],[-34.91850091805366,-7.270688885959146],[-34.918591458011242,-7.270688502687595],[-34.918591649932814,-7.270733706459884],[-34.918636919914292,-7.270733514816129],[-34.918637111841619,-7.270778718587121],[-34.918954001709267,-7.270777376945998],[-34.918953809750285,-7.270732173183436],[-34.91903321696207,-7.270731836958359],[-34.918945991605568,-7.270501257537111]]]}},
{"type":"Feature","properties":{"id_sc":"SC_A_0032","outlet":"N_A_0122","area_ha":0.87207277568670505,"pct_imp":30.0,"width_m":93.615313822351268,"slope_pc":7.1909206813173299,"cn":79.0,"metodo":"VORONOI_PRELIM","editar":"SIM"},"geometry":{"type":"Polygon","coordinates":[[[-34.920212337620967,-7.267051224953456],[-34.920237074793157,-7.266680409687404],[-34.920232617808587,-7.26633268103794],[-34.920049494731373,-7.266151762953925],[-34.91980621289332,-7.265939759382667],[-34.919583189033581,-7.266213899456231],[-34.919578076152931,-7.266331833659925],[-34.919597844262114,-7.267218632750787],[-34.919799316907479,-7.267285917436388],[-34.920029865944372,-7.267244161643141],[-34.920212337620967,-7.267051224953456]]]}},
{"type":"Feature","properties":{"id_sc":"SC_A_0033","outlet":"N_A_0108","area_ha":0.45788227081865024,"pct_imp":30.0,"width_m":53.409687675304028,"slope_pc":5.5443426318803413,"cn":79.0,"metodo":"VORONOI_PRELIM","editar":"SIM"},"geometry":{"type":"Polygon","coordinates":[[[-34.921172317143743,-7.265615478511543],[-34.920523681411765,-7.265620311226247],[-34.920042297578775,-7.26569732199774],[-34.919806103245641,-7.265935054839271],[-34.91980621289332,-7.265939759382667],[-34.920049494731373,-7.266151762953925],[-34.92119642516019,-7.265673157154853],[-34.921172317143743,-7.265615478511543]]]}},
{"type":"Feature","properties":{"id_sc":"SC_A_0034","outlet":"N_A_0107","area_ha":0.20453746104070464,"pct_imp":30.0,"width_m":43.408478473146452,"slope_pc":4.5038357527977846,"cn":79.0,"metodo":"VORONOI_PRELIM","editar":"SIM"},"geometry":{"type":"Polygon","coordinates":[[[-34.920414284710255,-7.265318401031917],[-34.920088345309409,-7.265163597422936],[-34.920042297578775,-7.26569732199774],[-34.920523681411765,-7.265620311226247],[-34.920414284710255,-7.265318401031917]]]}},
{"type":"Feature","properties":{"id_sc":"SC_A_0035","outlet":"N_A_0104","area_ha":1.1848194236004868,"pct_imp":30.0,"width_m":101.60875827375821,"slope_pc":7.7139938187544566,"cn":79.0,"metodo":"VORONOI_PRELIM","editar":"SIM"},"geometry":{"type":"Polygon","coordinates":[[[-34.92102610144687,-7.263711403629993],[-34.92099906253457,-7.263646898381794],[-34.919961525111709,-7.263719888731187],[-34.919729284652966,-7.263774153926706],[-34.919490481080487,-7.264084308434625],[-34.919460086808257,-7.264469161173031],[-34.919565580069694,-7.264509779345951],[-34.921035734758171,-7.264188527741672],[-34.92102610144687,-7.263711403629993]]]}},
{"type":"Feature","properties":{"id_sc":"SC_A_0036","outlet":"N_A_0071","area_ha":0.12583301313630579,"pct_imp":30.0,"width_m":34.03836446066429,"slope_pc":4.1992400111308905,"cn":79.0,"metodo":"VORONOI_PRELIM","editar":"SIM"},"geometry":{"type":"Polygon","coordinates":[[[-34.920520903523624,-7.264958823455723],[-34.920086992603387,-7.264997100930294],[-34.920088345309409,-7.265163597422936],[-34.920414284710255,-7.265318401031917],[-34.920520903523624,-7.264958823455723]]]}},
{"type":"Feature","properties":{"id_sc":"SC_A_0037","outlet":"N_A_0103","area_ha":1.1654909285699868,"pct_imp":30.0,"width_m":94.38798663790584,"slope_pc":4.9773293766450264,"cn":79.0,"metodo":"VORONOI_PRELIM","editar":"SIM"},"geometry":{"type":"Polygon","coordinates":[[[-34.920994470481659,-7.263122383852409],[-34.92053932050564,-7.262065667165492],[-34.919961525111709,-7.263719888731187],[-34.92099906253457,-7.263646898381794],[-34.920994470481659,-7.263122383852409]]]}},
{"type":"Feature","properties":{"id_sc":"SC_A_0038","outlet":"N_A_0078","area_ha":0.37911394277025923,"pct_imp":30.0,"width_m":48.957620506437877,"slope_pc":4.6061359286306436,"cn":79.0,"metodo":"VORONOI_PRELIM","editar":"SIM"},"geometry":{"type":"Polygon","coordinates":[[[-34.920086992603387,-7.264997100930294],[-34.91972463489018,-7.264670309516255],[-34.919784407630715,-7.26591531439983],[-34.919806103245641,-7.265935054839271],[-34.920042297578775,-7.26569732199774],[-34.920088345309409,-7.265163597422936],[-34.920086992603387,-7.264997100930294]]]}},
{"type":"Feature","properties":{"id_sc":"SC_A_0039","outlet":"N_A_0072","area_ha":1.6028549149881919,"pct_imp":30.0,"width_m":108.92618642208902,"slope_pc":8.7893375894259336,"cn":79.0,"metodo":"VORONOI_PRELIM","editar":"SIM"},"geometry":{"type":"Polygon","coordinates":[[[-34.919961525111709,-7.263719888731187],[-34.92053932050564,-7.262065667165492],[-34.920301204452194,-7.261433116116781],[-34.919749919216443,-7.261871753725947],[-34.919582434329989,-7.26217901378013],[-34.919729284652966,-7.263774153926706],[-34.919961525111709,-7.263719888731187]]]}},
{"type":"Feature","properties":{"id_sc":"SC_A_0040","outlet":"N_A_0069","area_ha":0.49083734540218965,"pct_imp":30.0,"width_m":55.437761972521692,"slope_pc":6.7224312071869239,"cn":79.0,"metodo":"VORONOI_PRELIM","editar":"SIM"},"geometry":{"type":"Polygon","coordinates":[[[-34.919414230197866,-7.264500352347221],[-34.919407680763662,-7.265467176923047],[-34.919500419082631,-7.265635038500124],[-34.919569047737589,-7.265739618762209],[-34.919784407630715,-7.26591531439983],[-34.91972463489018,-7.264670309516255],[-34.919565580069694,-7.264509779345951],[-34.919460086808257,-7.264469161173031],[-34.919414230197866,-7.264500352347221]]]}},
{"type":"Feature","properties":{"id_sc":"SC_A_0041","outlet":"N_A_0068","area_ha":1.1789208324658933,"pct_imp":30.0,"width_m":103.64617455443954,"slope_pc":5.7396329824907122,"cn":79.0,"metodo":"VORONOI_PRELIM","editar":"SIM"},"geometry":{"type":"Polygon","coordinates":[[[-34.919460086808257,-7.264469161173031],[-34.919490481080487,-7.264084308434625],[-34.918597760801468,-7.263174664431004],[-34.91844985821232,-7.263216291394165],[-34.91850109817257,-7.263937239073885],[-34.918571297854832,-7.26459738528453],[-34.918600166074221,-7.264605635812919],[-34.918718864568675,-7.264631736535291],[-34.919146214813914,-7.26455997694383],[-34.919414230197866,-7.264500352347221],[-34.919460086808257,-7.264469161173031]]]}},
{"type":"Feature","properties":{"id_sc":"SC_A_0042","outlet":"N_A_0160","area_ha":0.00012190533631164567,"pct_imp":30.0,"width_m":20.0,"slope_pc":5.4262546893406158,"cn":79.0,"metodo":"VORONOI_PRELIM","editar":"SIM"},"geometry":{"type":"Polygon","coordinates":[[[-34.919417252787433,-7.270413778736055],[-34.919450435344537,-7.270413638208614],[-34.919450409799147,-7.270407623880494],[-34.919417252787433,-7.270413778736055]]]}},
{"type":"Feature","properties":{"id_sc":"SC_A_0043","outlet":"N_A_0160","area_ha":0.088366777153821463,"pct_imp":30.0,"width_m":22.82864648739616,"slope_pc":3.2877513577563446,"cn":79.0,"metodo":"VORONOI_PRELIM","editar":"SIM"},"geometry":{"type":"Polygon","coordinates":[[[-34.918945991605568,-7.270501257537111],[-34.91903321696207,-7.270731836958359],[-34.919134889629603,-7.270731406436849],[-34.919134697653767,-7.270686202679007],[-34.91917996761601,-7.270686010982278],[-34.919179775636877,-7.270640807225544],[-34.919225045593379,-7.270640615525502],[-34.919224853610942,-7.270595411769882],[-34.919270123561695,-7.270595220066529],[-34.919269931575968,-7.270550016312016],[-34.919315201520973,-7.270549824605355],[-34.91931500953195,-7.270504620851947],[-34.919360279471206,-7.270504429141974],[-34.919360087478886,-7.270459225389683],[-34.919405357412394,-7.270459033676397],[-34.919405174721959,-7.2704160207574],[-34.918945991605568,-7.270501257537111]]]}},
{"type":"Feature","properties":{"id_sc":"SC_A_0044","outlet":"N_A_0158","area_ha":1.3943587524106953,"pct_imp":30.0,"width_m":117.96706594003204,"slope_pc":3.5821984907816384,"cn":79.0,"metodo":"VORONOI_PRELIM","editar":"SIM"},"geometry":{"type":"Polygon","coordinates":[[[-34.920277036688162,-7.269192973702408],[-34.919967883075849,-7.268947198663475],[-34.919840314725711,-7.268932824679637],[-34.919219211545354,-7.269062982563328],[-34.919068953445908,-7.269141929418539],[-34.919554297693608,-7.27010169701029],[-34.91990150836417,-7.270028935613407],[-34.919901406201745,-7.270004887148646],[-34.919991945947686,-7.270004503633299],[-34.919991969207501,-7.270009978612568],[-34.920613802773012,-7.269879666483899],[-34.920277036688162,-7.269192973702408]]]}},
{"type":"Feature","properties":{"id_sc":"SC_A_0045","outlet":"N_A_0156","area_ha":0.15694492192033391,"pct_imp":30.0,"width_m":22.281167358843387,"slope_pc":5.4575996267887605,"cn":79.0,"metodo":"VORONOI_PRELIM","editar":"SIM"},"geometry":{"type":"Polygon","coordinates":[[[-34.920604166733597,-7.269999569734801],[-34.919600595540395,-7.270209878779654],[-34.919609951940551,-7.270277348947786],[-34.919812018620938,-7.270276493091711],[-34.919811826589537,-7.270231289350986],[-34.920083445963002,-7.270230138768796],[-34.920083253905695,-7.270184935035204],[-34.920128523792457,-7.270184743256906],[-34.92012871585429,-7.270229946989294],[-34.920309795407178,-7.270229179826145],[-34.920309987488316,-7.270274383553616],[-34.920355257377992,-7.270274191750334],[-34.920355449464886,-7.270319395476507],[-34.920400719357851,-7.270319203667509],[-34.920400859344952,-7.270352145813288],[-34.920604166733597,-7.269999569734801]]]}},
{"type":"Feature","properties":{"id_sc":"SC_A_0046","outlet":"N_A_0111","area_ha":0.50493234968102607,"pct_imp":30.0,"width_m":68.875955666527304,"slope_pc":5.7294574622488792,"cn":79.0,"metodo":"VORONOI_PRELIM","editar":"SIM"},"geometry":{"type":"Polygon","coordinates":[[[-34.919784407630715,-7.26591531439983],[-34.919569047737589,-7.265739618762209],[-34.918792793673752,-7.265906650461181],[-34.918706226485057,-7.266136415742809],[-34.918903426501871,-7.266309737413573],[-34.919583189033581,-7.266213899456231],[-34.91980621289332,-7.265939759382667],[-34.919806103245641,-7.265935054839271],[-34.919784407630715,-7.26591531439983]]]}},
{"type":"Feature","properties":{"id_sc":"SC_A_0047","outlet":"N_A_0161","area_ha":1.0799475343067213,"pct_imp":30.0,"width_m":85.119320955584868,"slope_pc":7.2742179521174331,"cn":79.0,"metodo":"VORONOI_PRELIM","editar":"SIM"},"geometry":{"type":"Polygon","coordinates":[[[-34.919600595540395,-7.270209878779654],[-34.919554297693608,-7.27010169701029],[-34.919068953445908,-7.269141929418539],[-34.918678009568033,-7.269214517703999],[-34.918620437537548,-7.270097301933277],[-34.918945991605568,-7.270501257537111],[-34.919405174721959,-7.2704160207574],[-34.919405165416777,-7.270413829925209],[-34.919417252787433,-7.270413778736055],[-34.919450409799147,-7.270407623880494],[-34.919450243345629,-7.27036843445854],[-34.919495513267648,-7.270368242738632],[-34.919495321265437,-7.270323038989669],[-34.919540591181708,-7.270322847266453],[-34.919540399176199,-7.270277643518595],[-34.919609951940551,-7.270277348947786],[-34.919600595540395,-7.270209878779654]],[[-34.919314049605219,-7.270278602083505],[-34.919313857623543,-7.270233398329532],[-34.919359127535671,-7.270233206626783],[-34.919359319521867,-7.270278410379552],[-34.919314049605219,-7.270278602083505]],[[-34.919314049605219,-7.270278602083505],[-34.919314241588111,-7.270323805837383],[-34.919268971665709,-7.270323997538027],[-34.919268779687343,-7.270278793782943],[-34.919314049605219,-7.270278602083505]],[[-34.919268971665709,-7.270323997538027],[-34.919269163645318,-7.270369201293012],[-34.919223893717167,-7.270369392990343],[-34.919223701742091,-7.270324189234154],[-34.919268971665709,-7.270323997538027]],[[-34.919494937264702,-7.270232631491452],[-34.919449667356247,-7.270232823207742],[-34.919449475362242,-7.270187619457287],[-34.919494745266164,-7.270187427742203],[-34.919494937264702,-7.270232631491452]]]}},
{"type":"Feature","properties":{"id_sc":"SC_A_0048","outlet":"N_A_0159","area_ha":0.85207311042034817,"pct_imp":30.0,"width_m":88.769839280275193,"slope_pc":4.9015554843615599,"cn":79.0,"metodo":"VORONOI_PRELIM","editar":"SIM"},"geometry":{"type":"Polygon","coordinates":[[[-34.919801689357186,-7.267844598723327],[-34.919150404528985,-7.267981081274795],[-34.919219211545354,-7.269062982563328],[-34.919840314725711,-7.268932824679637],[-34.919801689357186,-7.267844598723327]]]}},
{"type":"Feature","properties":{"id_sc":"SC_A_0049","outlet":"N_A_0125","area_ha":0.55282963734868051,"pct_imp":30.0,"width_m":75.659516273770095,"slope_pc":9.8736112277488761,"cn":79.0,"metodo":"VORONOI_PRELIM","editar":"SIM"},"geometry":{"type":"Polygon","coordinates":[[[-34.919799316907479,-7.267285917436388],[-34.919597844262114,-7.267218632750787],[-34.919083775211462,-7.267296426416304],[-34.919150404528985,-7.267981081274795],[-34.919801689357186,-7.267844598723327],[-34.919799316907479,-7.267285917436388]]]}},
{"type":"Feature","properties":{"id_sc":"SC_A_0050","outlet":"N_A_0112","area_ha":0.25708466160932825,"pct_imp":30.0,"width_m":44.323386642594564,"slope_pc":6.4632634981678967,"cn":79.0,"metodo":"VORONOI_PRELIM","editar":"SIM"},"geometry":{"type":"Polygon","coordinates":[[[-34.919583189033581,-7.266213899456231],[-34.918903426501871,-7.266309737413573],[-34.91891995652761,-7.266599973964609],[-34.918947144842974,-7.266810370545546],[-34.919578076152931,-7.266331833659925],[-34.919583189033581,-7.266213899456231]]]}},
{"type":"Feature","properties":{"id_sc":"SC_A_0051","outlet":"N_A_0070","area_ha":1.3505651471865827,"pct_imp":30.0,"width_m":104.67343163442686,"slope_pc":4.2461831024883958,"cn":79.0,"metodo":"VORONOI_PRELIM","editar":"SIM"},"geometry":{"type":"Polygon","coordinates":[[[-34.919729284652966,-7.263774153926706],[-34.919582434329989,-7.26217901378013],[-34.918597760801468,-7.263174664431004],[-34.919490481080487,-7.264084308434625],[-34.919729284652966,-7.263774153926706]]]}},
{"type":"Feature","properties":{"id_sc":"SC_A_0052","outlet":"N_A_0127","area_ha":1.4761323407025062,"pct_imp":30.0,"width_m":108.52026579919847,"slope_pc":25.141052216060405,"cn":79.0,"metodo":"VORONOI_PRELIM","editar":"SIM"},"geometry":{"type":"Polygon","coordinates":[[[-34.919219211545354,-7.269062982563328],[-34.919150404528985,-7.267981081274795],[-34.919083775211462,-7.267296426416304],[-34.91897275777675,-7.267261058819808],[-34.918458790692554,-7.267346711454826],[-34.91857199788295,-7.269173524372534],[-34.918678009568033,-7.269214517703999],[-34.919068953445908,-7.269141929418539],[-34.919219211545354,-7.269062982563328]]]}},
{"type":"Feature","properties":{"id_sc":"SC_A_0053","outlet":"N_A_0124","area_ha":0.53667169825083672,"pct_imp":30.0,"width_m":70.18794209562715,"slope_pc":12.415873596070425,"cn":79.0,"metodo":"VORONOI_PRELIM","editar":"SIM"},"geometry":{"type":"Polygon","coordinates":[[[-34.919597844262114,-7.267218632750787],[-34.919578076152931,-7.266331833659925],[-34.918947144842974,-7.266810370545546],[-34.91897275777675,-7.267261058819808],[-34.919083775211462,-7.267296426416304],[-34.919597844262114,-7.267218632750787]]]}},
{"type":"Feature","properties":{"id_sc":"SC_A_0054","outlet":"N_A_0067","area_ha":0.37082246236799549,"pct_imp":30.0,"width_m":54.312344524722263,"slope_pc":3.0509304090854954,"cn":79.0,"metodo":"VORONOI_PRELIM","editar":"SIM"},"geometry":{"type":"Polygon","coordinates":[[[-34.918718864568675,-7.264631736535291],[-34.918772488342157,-7.26549735711556],[-34.918772506663949,-7.265497384219796],[-34.919039214893914,-7.265452599201693],[-34.919146214813914,-7.26455997694383],[-34.918718864568675,-7.264631736535291]]]}},
{"type":"Feature","properties":{"id_sc":"SC_A_0055","outlet":"N_A_0126","area_ha":0.55795666719662218,"pct_imp":30.0,"width_m":76.280286175515982,"slope_pc":8.979633046529063,"cn":79.0,"metodo":"VORONOI_PRELIM","editar":"SIM"},"geometry":{"type":"Polygon","coordinates":[[[-34.91891995652761,-7.266599973964609],[-34.918283141340162,-7.266637065251497],[-34.918282163658247,-7.266664574685259],[-34.918301563821494,-7.26729616277421],[-34.918458790692554,-7.267346711454826],[-34.91897275777675,-7.267261058819808],[-34.918947144842974,-7.266810370545546],[-34.91891995652761,-7.266599973964609]]]}},
{"type":"Feature","properties":{"id_sc":"SC_A_0056","outlet":"N_A_0110","area_ha":0.15472767389406994,"pct_imp":30.0,"width_m":30.075579896734411,"slope_pc":2.1365713450398696,"cn":79.0,"metodo":"VORONOI_PRELIM","editar":"SIM"},"geometry":{"type":"Polygon","coordinates":[[[-34.919569047737589,-7.265739618762209],[-34.919500419082631,-7.265635038500124],[-34.91878152570316,-7.265683931455512],[-34.918792793673752,-7.265906650461181],[-34.919569047737589,-7.265739618762209]]]}},
{"type":"Feature","properties":{"id_sc":"SC_A_0057","outlet":"N_A_0079","area_ha":0.359899463300625,"pct_imp":30.0,"width_m":51.889441273431636,"slope_pc":5.147326222602171,"cn":79.0,"metodo":"VORONOI_PRELIM","editar":"SIM"},"geometry":{"type":"Polygon","coordinates":[[[-34.919414230197866,-7.264500352347221],[-34.919146214813914,-7.26455997694383],[-34.919039214893914,-7.265452599201693],[-34.919407680763662,-7.265467176923047],[-34.919414230197866,-7.264500352347221]]]}},
{"type":"Feature","properties":{"id_sc":"SC_A_0058","outlet":"N_A_0066","area_ha":0.16195939107474935,"pct_imp":30.0,"width_m":33.727759114107513,"slope_pc":3.897291449597895,"cn":79.0,"metodo":"VORONOI_PRELIM","editar":"SIM"},"geometry":{"type":"Polygon","coordinates":[[[-34.918772506663949,-7.265497384219796],[-34.918775414755281,-7.26564447466578],[-34.91878152570316,-7.265683931455512],[-34.919500419082631,-7.265635038500124],[-34.919407680763662,-7.265467176923047],[-34.919039214893914,-7.265452599201693],[-34.918772506663949,-7.265497384219796]]]}},
{"type":"Feature","properties":{"id_sc":"SC_A_0059","outlet":"N_A_0146","area_ha":0.34685285270054594,"pct_imp":30.0,"width_m":59.770124994453283,"slope_pc":2.6040225571505049,"cn":79.0,"metodo":"VORONOI_PRELIM","editar":"SIM"},"geometry":{"type":"Polygon","coordinates":[[[-34.918792793673752,-7.265906650461181],[-34.91878152570316,-7.265683931455512],[-34.918775414755281,-7.26564447466578],[-34.918134867706875,-7.2657293303705],[-34.918138702476,-7.265762009074524],[-34.91823141303373,-7.26617933480606],[-34.918268370085841,-7.266200740948673],[-34.918706226485057,-7.266136415742809],[-34.918792793673752,-7.265906650461181]]]}},
{"type":"Feature","properties":{"id_sc":"SC_A_0060","outlet":"N_A_0147","area_ha":0.33564917353637108,"pct_imp":30.0,"width_m":58.681062948606446,"slope_pc":7.7615373518866955,"cn":79.0,"metodo":"VORONOI_PRELIM","editar":"SIM"},"geometry":{"type":"Polygon","coordinates":[[[-34.918903426501871,-7.266309737413573],[-34.918706226485057,-7.266136415742809],[-34.918268370085841,-7.266200740948673],[-34.918283141340162,-7.266637065251497],[-34.91891995652761,-7.266599973964609],[-34.918903426501871,-7.266309737413573]]]}},
{"type":"Feature","properties":{"id_sc":"SC_A_0061","outlet":"N_A_0200","area_ha":1.9127785251884062,"pct_imp":30.0,"width_m":131.48624521241555,"slope_pc":5.7785622534817609,"cn":79.0,"metodo":"VORONOI_PRELIM","editar":"SIM"},"geometry":{"type":"Polygon","coordinates":[[[-34.919749919216443,-7.261871753725947],[-34.918070781794469,-7.261844070523841],[-34.918018697297278,-7.263032379386054],[-34.918193418620142,-7.263188746645642],[-34.91844985821232,-7.263216291394165],[-34.918597760801468,-7.263174664431004],[-34.919582434329989,-7.26217901378013],[-34.919749919216443,-7.261871753725947]]]}},
{"type":"Feature","properties":{"id_sc":"SC_A_0062","outlet":"N_A_0163","area_ha":1.4997271007067068,"pct_imp":30.0,"width_m":119.11269699268237,"slope_pc":5.7473521866885848,"cn":79.0,"metodo":"VORONOI_PRELIM","editar":"SIM"},"geometry":{"type":"Polygon","coordinates":[[[-34.91857199788295,-7.269173524372534],[-34.917938685042621,-7.26911145840735],[-34.917612808923785,-7.269168755625713],[-34.917583953375285,-7.270240720501673],[-34.917955759689917,-7.27023914731256],[-34.917955951535944,-7.270284351102649],[-34.918001221489348,-7.270284159534143],[-34.918001413341123,-7.270329363322935],[-34.918046683297824,-7.270329171748712],[-34.918046875155348,-7.270374375536202],[-34.918092145115345,-7.270374183956261],[-34.918092336978617,-7.270419387742455],[-34.918137606941904,-7.270419196156795],[-34.918137798810918,-7.270464399941694],[-34.918318878669943,-7.270463633549086],[-34.918319070558262,-7.27050883732907],[-34.918326285536352,-7.270508806791099],[-34.918620437537548,-7.270097301933277],[-34.918678009568033,-7.269214517703999],[-34.91857199788295,-7.269173524372534]]]}},
{"type":"Feature","properties":{"id_sc":"SC_A_0063","outlet":"N_A_0062","area_ha":0.1628846332694564,"pct_imp":30.0,"width_m":35.278998451773809,"slope_pc":1.3716317012203816,"cn":79.0,"metodo":"VORONOI_PRELIM","editar":"SIM"},"geometry":{"type":"Polygon","coordinates":[[[-34.918772488342157,-7.26549735711556],[-34.918415298422929,-7.265466971118035],[-34.918128260839126,-7.265511465684362],[-34.918097558070933,-7.265575311274818],[-34.918134867706875,-7.2657293303705],[-34.918775414755281,-7.26564447466578],[-34.918772506663949,-7.265497384219796],[-34.918772488342157,-7.26549735711556]]]}},
{"type":"Feature","properties":{"id_sc":"SC_A_0064","outlet":"N_A_0129","area_ha":1.3960885398659992,"pct_imp":30.0,"width_m":104.33574452108579,"slope_pc":11.89953222298538,"cn":79.0,"metodo":"VORONOI_PRELIM","editar":"SIM"},"geometry":{"type":"Polygon","coordinates":[[[-34.918458790692554,-7.267346711454826],[-34.918301563821494,-7.26729616277421],[-34.917844717890681,-7.267367843314577],[-34.91786151156861,-7.267983742082336],[-34.917938685042621,-7.26911145840735],[-34.91857199788295,-7.269173524372534],[-34.918458790692554,-7.267346711454826]]]}},
{"type":"Feature","properties":{"id_sc":"SC_A_0065","outlet":"N_A_0145","area_ha":0.32722766901925304,"pct_imp":30.0,"width_m":55.692615956428291,"slope_pc":4.4509402142643166,"cn":79.0,"metodo":"VORONOI_PRELIM","editar":"SIM"},"geometry":{"type":"Polygon","coordinates":[[[-34.918283141340162,-7.266637065251497],[-34.918268370085841,-7.266200740948673],[-34.91823141303373,-7.26617933480606],[-34.917586850384964,-7.266301968290709],[-34.917636256833362,-7.266613990854189],[-34.918282163658247,-7.266664574685259],[-34.918283141340162,-7.266637065251497]]]}},
{"type":"Feature","properties":{"id_sc":"SC_A_0066","outlet":"N_A_0080","area_ha":0.25326713535373613,"pct_imp":30.0,"width_m":41.11779340072281,"slope_pc":3.8311487757177645,"cn":79.0,"metodo":"VORONOI_PRELIM","editar":"SIM"},"geometry":{"type":"Polygon","coordinates":[[[-34.918718864568675,-7.264631736535291],[-34.918600166074221,-7.264605635812919],[-34.918415298422929,-7.265466971118035],[-34.918772488342157,-7.26549735711556],[-34.918718864568675,-7.264631736535291]]]}},
{"type":"Feature","properties":{"id_sc":"SC_A_0067","outlet":"N_A_0063","area_ha":0.42774071690452203,"pct_imp":30.0,"width_m":60.728418315085868,"slope_pc":5.3614505070572269,"cn":79.0,"metodo":"VORONOI_PRELIM","editar":"SIM"},"geometry":{"type":"Polygon","coordinates":[[[-34.918415298422929,-7.265466971118035],[-34.918600166074221,-7.264605635812919],[-34.918571297854832,-7.26459738528453],[-34.918082703709672,-7.264673123704022],[-34.918061778844184,-7.264686365087668],[-34.918128260839126,-7.265511465684362],[-34.918415298422929,-7.265466971118035]]]}},
{"type":"Feature","properties":{"id_sc":"SC_A_0068","outlet":"N_A_0144","area_ha":0.43454521991778822,"pct_imp":30.0,"width_m":59.638999168337023,"slope_pc":4.1112576765907685,"cn":79.0,"metodo":"VORONOI_PRELIM","editar":"SIM"},"geometry":{"type":"Polygon","coordinates":[[[-34.918138702476,-7.265762009074524],[-34.917208062673318,-7.265976967304931],[-34.917149209710466,-7.266050962211052],[-34.917586850384964,-7.266301968290709],[-34.91823141303373,-7.26617933480606],[-34.918138702476,-7.265762009074524]]]}},
{"type":"Feature","properties":{"id_sc":"SC_A_0069","outlet":"N_A_0198","area_ha":1.9011822885376346,"pct_imp":30.0,"width_m":113.6239742610413,"slope_pc":3.8479990329185956,"cn":79.0,"metodo":"VORONOI_PRELIM","editar":"SIM"},"geometry":{"type":"Polygon","coordinates":[[[-34.917368853695073,-7.26178839248427],[-34.917424208906532,-7.261814221635847],[-34.918008224791855,-7.261806719559605],[-34.91817352484756,-7.259479529571404],[-34.91791013516805,-7.259480642571796],[-34.917910326722591,-7.259525846384468],[-34.917774520080876,-7.259526420203676],[-34.917774711623103,-7.259571624019866],[-34.91772944273557,-7.259571815285121],[-34.917729634274508,-7.259617019102419],[-34.917639096486731,-7.259617401621813],[-34.917639288017867,-7.259662605441423],[-34.917548750216163,-7.259662987945191],[-34.91754894173949,-7.25970819176711],[-34.917503672832289,-7.259708383013434],[-34.917503864352327,-7.259753586836463],[-34.917413326525221,-7.259753969317993],[-34.917413518037449,-7.259799173143332],[-34.917406063638765,-7.259799204634201],[-34.917368853695073,-7.26178839248427]]]}},
{"type":"Feature","properties":{"id_sc":"SC_A_0070","outlet":"N_A_0198","area_ha":0.065802374389022589,"pct_imp":30.0,"width_m":20.0,"slope_pc":1.5721582154272322,"cn":79.0,"metodo":"VORONOI_PRELIM","editar":"SIM"},"geometry":{"type":"Polygon","coordinates":[[[-34.918340542144172,-7.257128183849334],[-34.918307593725117,-7.257128323055166],[-34.918307976789308,-7.257218730668613],[-34.91826270815119,-7.257218921925378],[-34.918262899680613,-7.257264125733164],[-34.918217631036754,-7.257264316986624],[-34.91821782256288,-7.257309520795518],[-34.918172553913287,-7.25730971204568],[-34.918172936960197,-7.257400119665589],[-34.91812766830035,-7.257400310913648],[-34.918127859821126,-7.257445514724665],[-34.918173128485492,-7.257445323475403],[-34.918173511539749,-7.257535731094746],[-34.918218780211916,-7.257535539838569],[-34.918218971745389,-7.257580743646892],[-34.918264240420839,-7.257580552385005],[-34.918264623500505,-7.257670959998967],[-34.918301999561692,-7.257670802078321],[-34.918340542144172,-7.257128183849334]]]}},
{"type":"Feature","properties":{"id_sc":"SC_A_0071","outlet":"N_A_0065","area_ha":0.48337548547560211,"pct_imp":30.0,"width_m":69.979143210086036,"slope_pc":6.9618627762348533,"cn":79.0,"metodo":"VORONOI_PRELIM","editar":"SIM"},"geometry":{"type":"Polygon","coordinates":[[[-34.918193418620142,-7.263188746645642],[-34.917872554332618,-7.263650104297107],[-34.9178848087859,-7.263846885505061],[-34.917933083049888,-7.264025288541857],[-34.91850109817257,-7.263937239073885],[-34.91844985821232,-7.263216291394165],[-34.918193418620142,-7.263188746645642]]]}},
{"type":"Feature","properties":{"id_sc":"SC_A_0072","outlet":"N_A_0064","area_ha":0.43309012080074411,"pct_imp":30.0,"width_m":65.355962989019758,"slope_pc":7.5197593358091313,"cn":79.0,"metodo":"VORONOI_PRELIM","editar":"SIM"},"geometry":{"type":"Polygon","coordinates":[[[-34.91850109817257,-7.263937239073885],[-34.917933083049888,-7.264025288541857],[-34.918082703709672,-7.264673123704022],[-34.918571297854832,-7.26459738528453],[-34.91850109817257,-7.263937239073885]]]}},
{"type":"Feature","properties":{"id_sc":"SC_A_0073","outlet":"N_A_0059","area_ha":0.25978876926619737,"pct_imp":30.0,"width_m":42.098904436884823,"slope_pc":3.7443203545437833,"cn":79.0,"metodo":"VORONOI_PRELIM","editar":"SIM"},"geometry":{"type":"Polygon","coordinates":[[[-34.918134867706875,-7.2657293303705],[-34.918097558070933,-7.265575311274818],[-34.917774861223144,-7.265566892129846],[-34.917476728499089,-7.265597373685305],[-34.917208062673318,-7.265976967304931],[-34.918138702476,-7.265762009074524],[-34.918134867706875,-7.2657293303705]]]}},
{"type":"Feature","properties":{"id_sc":"SC_A_0074","outlet":"N_A_0061","area_ha":0.41571367514825752,"pct_imp":30.0,"width_m":59.619334575245176,"slope_pc":3.588191216088283,"cn":79.0,"metodo":"VORONOI_PRELIM","editar":"SIM"},"geometry":{"type":"Polygon","coordinates":[[[-34.918082703709672,-7.264673123704022],[-34.917933083049888,-7.264025288541857],[-34.9178848087859,-7.263846885505061],[-34.917643411332193,-7.264049375810603],[-34.917449055249001,-7.264740635020217],[-34.917803343125534,-7.264716749076487],[-34.918061778844184,-7.264686365087668],[-34.918082703709672,-7.264673123704022]]]}},
{"type":"Feature","properties":{"id_sc":"SC_A_0075","outlet":"N_A_0132","area_ha":0.82810002194005061,"pct_imp":30.0,"width_m":88.883282269844173,"slope_pc":7.8430424033042971,"cn":79.0,"metodo":"VORONOI_PRELIM","editar":"SIM"},"geometry":{"type":"Polygon","coordinates":[[[-34.91786151156861,-7.267983742082336],[-34.917226827392199,-7.26809360738542],[-34.91733466966739,-7.269037344213855],[-34.917491225666055,-7.269149709011766],[-34.917612808923785,-7.269168755625713],[-34.917938685042621,-7.26911145840735],[-34.91786151156861,-7.267983742082336]]]}},
{"type":"Feature","properties":{"id_sc":"SC_A_0076","outlet":"N_A_0081","area_ha":0.32678210902667953,"pct_imp":30.0,"width_m":50.688754214367009,"slope_pc":6.8660872199809893,"cn":79.0,"metodo":"VORONOI_PRELIM","editar":"SIM"},"geometry":{"type":"Polygon","coordinates":[[[-34.918128260839126,-7.265511465684362],[-34.918061778844184,-7.264686365087668],[-34.917803343125534,-7.264716749076487],[-34.917774861223144,-7.265566892129846],[-34.918097558070933,-7.265575311274818],[-34.918128260839126,-7.265511465684362]]]}},
{"type":"Feature","properties":{"id_sc":"SC_A_0077","outlet":"N_A_0130","area_ha":0.90922391705868377,"pct_imp":30.0,"width_m":92.280267868101802,"slope_pc":2.2424230321662852,"cn":79.0,"metodo":"VORONOI_PRELIM","editar":"SIM"},"geometry":{"type":"Polygon","coordinates":[[[-34.917586850384964,-7.266301968290709],[-34.917149209710466,-7.266050962211052],[-34.917111647283825,-7.266055317879523],[-34.916997788058893,-7.266618202426689],[-34.917047309819054,-7.2673651986058],[-34.917190972595861,-7.267414032092108],[-34.917700481536528,-7.267325835096829],[-34.917636256833362,-7.266613990854189],[-34.917586850384964,-7.266301968290709]]]}},
{"type":"Feature","properties":{"id_sc":"SC_A_0078","outlet":"N_A_0128","area_ha":0.52914902992498558,"pct_imp":30.0,"width_m":73.447637429459391,"slope_pc":19.236263576022274,"cn":79.0,"metodo":"VORONOI_PRELIM","editar":"SIM"},"geometry":{"type":"Polygon","coordinates":[[[-34.918282163658247,-7.266664574685259],[-34.917636256833362,-7.266613990854189],[-34.917700481536528,-7.267325835096829],[-34.917844717890681,-7.267367843314577],[-34.918301563821494,-7.26729616277421],[-34.918282163658247,-7.266664574685259]]]}},
{"type":"Feature","properties":{"id_sc":"SC_A_0079","outlet":"N_A_0131","area_ha":0.5360942421574072,"pct_imp":30.0,"width_m":74.377287379941095,"slope_pc":14.685267547617523,"cn":79.0,"metodo":"VORONOI_PRELIM","editar":"SIM"},"geometry":{"type":"Polygon","coordinates":[[[-34.917700481536528,-7.267325835096829],[-34.917190972595861,-7.267414032092108],[-34.917214564088042,-7.267991430838693],[-34.917218318463476,-7.268037707187117],[-34.917226827392199,-7.26809360738542],[-34.91786151156861,-7.267983742082336],[-34.917844717890681,-7.267367843314577],[-34.917700481536528,-7.267325835096829]]]}},
{"type":"Feature","properties":{"id_sc":"SC_A_0080","outlet":"N_A_0164","area_ha":0.61098034272427637,"pct_imp":30.0,"width_m":69.934985214907385,"slope_pc":8.2319420782735957,"cn":79.0,"metodo":"VORONOI_PRELIM","editar":"SIM"},"geometry":{"type":"Polygon","coordinates":[[[-34.917612808923785,-7.269168755625713],[-34.917491225666055,-7.269149709011766],[-34.917207070543967,-7.269476464567595],[-34.917142206867481,-7.269555857639754],[-34.916913005365195,-7.269879264440718],[-34.916913208367617,-7.269927125387398],[-34.91695847831302,-7.269926933932362],[-34.916958670051002,-7.269972137749588],[-34.917003939999695,-7.269971946288828],[-34.917004323488385,-7.270062353920586],[-34.917049593444901,-7.270062162452908],[-34.917049785195601,-7.270107366267442],[-34.917095055155414,-7.270107174794047],[-34.917095246911856,-7.270152378607279],[-34.917140516874966,-7.270152187128166],[-34.917140708637163,-7.270197390940106],[-34.917185978603563,-7.270197199455276],[-34.917186170371508,-7.270242403265913],[-34.917583953375285,-7.270240720501673],[-34.917612808923785,-7.269168755625713]]]}},
{"type":"Feature","properties":{"id_sc":"SC_A_0081","outlet":"N_A_0060","area_ha":0.35080722034425843,"pct_imp":30.0,"width_m":53.296884151578304,"slope_pc":9.1894164943573067,"cn":79.0,"metodo":"VORONOI_PRELIM","editar":"SIM"},"geometry":{"type":"Polygon","coordinates":[[[-34.917774861223144,-7.265566892129846],[-34.917803343125534,-7.264716749076487],[-34.917449055249001,-7.264740635020217],[-34.917428682934606,-7.264743381238626],[-34.917476728499089,-7.265597373685305],[-34.917774861223144,-7.265566892129846]]]}},
{"type":"Feature","properties":{"id_sc":"SC_A_0082","outlet":"N_A_0191","area_ha":0.69053263040150969,"pct_imp":30.0,"width_m":81.626894069373648,"slope_pc":10.736263086333372,"cn":79.0,"metodo":"VORONOI_PRELIM","editar":"SIM"},"geometry":{"type":"Polygon","coordinates":[[[-34.918018697297278,-7.263032379386054],[-34.917952868092442,-7.263015843298107],[-34.917086994726816,-7.263218297093111],[-34.917178243755011,-7.263807792099845],[-34.917872554332618,-7.263650104297107],[-34.918193418620142,-7.263188746645642],[-34.918018697297278,-7.263032379386054]]]}},
{"type":"Feature","properties":{"id_sc":"SC_A_0083","outlet":"N_A_0093","area_ha":0.22009884348387282,"pct_imp":30.0,"width_m":41.784881356166366,"slope_pc":1.1105606945339397,"cn":79.0,"metodo":"VORONOI_PRELIM","editar":"SIM"},"geometry":{"type":"Polygon","coordinates":[[[-34.917449055249001,-7.264740635020217],[-34.917643411332193,-7.264049375810603],[-34.917239371528616,-7.264068664571805],[-34.917313717889343,-7.264706108903938],[-34.917428682934606,-7.264743381238626],[-34.917449055249001,-7.264740635020217]]]}},
{"type":"Feature","properties":{"id_sc":"SC_A_0084","outlet":"N_A_0190","area_ha":0.75570066954115633,"pct_imp":30.0,"width_m":81.717584549608873,"slope_pc":9.0949743293836338,"cn":79.0,"metodo":"VORONOI_PRELIM","editar":"SIM"},"geometry":{"type":"Polygon","coordinates":[[[-34.918070781794469,-7.261844070523841],[-34.918008224791855,-7.261806719559605],[-34.917424208906532,-7.261814221635847],[-34.917437013202509,-7.26255197099178],[-34.917952868092442,-7.263015843298107],[-34.918018697297278,-7.263032379386054],[-34.918070781794469,-7.261844070523841]]]}},
{"type":"Feature","properties":{"id_sc":"SC_A_0085","outlet":"N_A_0197","area_ha":0.2431134190789126,"pct_imp":30.0,"width_m":46.386108275071315,"slope_pc":5.4700120073517811,"cn":79.0,"metodo":"VORONOI_PRELIM","editar":"SIM"},"geometry":{"type":"Polygon","coordinates":[[[-34.917872554332618,-7.263650104297107],[-34.917178243755011,-7.263807792099845],[-34.917177275989317,-7.263809410044119],[-34.917239371528616,-7.264068664571805],[-34.917643411332193,-7.264049375810603],[-34.9178848087859,-7.263846885505061],[-34.917872554332618,-7.263650104297107]]]}},
{"type":"Feature","properties":{"id_sc":"SC_A_0086","outlet":"N_A_0189","area_ha":0.35008309850439362,"pct_imp":30.0,"width_m":54.677871070874211,"slope_pc":6.9792085373676542,"cn":79.0,"metodo":"VORONOI_PRELIM","editar":"SIM"},"geometry":{"type":"Polygon","coordinates":[[[-34.916983669358792,-7.261818811296897],[-34.917174152280779,-7.262648371972658],[-34.917437013202509,-7.26255197099178],[-34.917424208906532,-7.261814221635847],[-34.917368853695073,-7.26178839248427],[-34.916983669358792,-7.261818811296897]]]}},
{"type":"Feature","properties":{"id_sc":"SC_A_0087","outlet":"N_A_0175","area_ha":1.4720843869734197,"pct_imp":30.0,"width_m":101.13092982348137,"slope_pc":1.6941963576839838,"cn":79.0,"metodo":"VORONOI_PRELIM","editar":"SIM"},"geometry":{"type":"Polygon","coordinates":[[[-34.916685794952762,-7.261759337767297],[-34.91680038932283,-7.261824126352576],[-34.916983669358792,-7.261818811296897],[-34.917368853695073,-7.26178839248427],[-34.917406063638765,-7.259799204634201],[-34.917368249117544,-7.25979936437854],[-34.91736844062649,-7.259844568204989],[-34.917323171700851,-7.259844759436889],[-34.917323363206499,-7.259889963264446],[-34.917232825342509,-7.259890345717128],[-34.917233016840356,-7.259935549546993],[-34.917187747902005,-7.259935740767777],[-34.917187939396563,-7.259980944598751],[-34.916792622763495,-7.259982614276534],[-34.916685794952762,-7.261759337767297]]]}},
{"type":"Feature","properties":{"id_sc":"SC_A_0088","outlet":"N_A_0082","area_ha":0.89202993403997821,"pct_imp":30.0,"width_m":91.964983895252459,"slope_pc":5.9012721487856838,"cn":79.0,"metodo":"VORONOI_PRELIM","editar":"SIM"},"geometry":{"type":"Polygon","coordinates":[[[-34.917476728499089,-7.265597373685305],[-34.917428682934606,-7.264743381238626],[-34.917313717889343,-7.264706108903938],[-34.916773316268689,-7.26482587930586],[-34.916889680053153,-7.265960887443962],[-34.917111647283825,-7.266055317879523],[-34.917149209710466,-7.266050962211052],[-34.917208062673318,-7.265976967304931],[-34.917476728499089,-7.265597373685305]]]}},
{"type":"Feature","properties":{"id_sc":"SC_A_0089","outlet":"N_A_0136","area_ha":0.69834594213438539,"pct_imp":30.0,"width_m":81.706382127945105,"slope_pc":9.3125570092242889,"cn":79.0,"metodo":"VORONOI_PRELIM","editar":"SIM"},"geometry":{"type":"Polygon","coordinates":[[[-34.917226827392199,-7.26809360738542],[-34.917218318463476,-7.268037707187117],[-34.916570843818796,-7.26816215844014],[-34.916599500392763,-7.268822828902101],[-34.91733466966739,-7.269037344213855],[-34.917226827392199,-7.26809360738542]]]}},
{"type":"Feature","properties":{"id_sc":"SC_A_0090","outlet":"N_A_0084","area_ha":0.7255552209753614,"pct_imp":30.0,"width_m":85.322722117174479,"slope_pc":7.7519070214773622,"cn":79.0,"metodo":"VORONOI_PRELIM","editar":"SIM"},"geometry":{"type":"Polygon","coordinates":[[[-34.917177275989317,-7.263809410044119],[-34.916568036990242,-7.263907778255629],[-34.916670927193543,-7.264792005399282],[-34.916773316268689,-7.26482587930586],[-34.917313717889343,-7.264706108903938],[-34.917239371528616,-7.264068664571805],[-34.917177275989317,-7.263809410044119]]]}},
{"type":"Feature","properties":{"id_sc":"SC_A_0091","outlet":"N_A_0022","area_ha":0.5592095094881524,"pct_imp":30.0,"width_m":69.019648020769253,"slope_pc":10.836358813496394,"cn":79.0,"metodo":"VORONOI_PRELIM","editar":"SIM"},"geometry":{"type":"Polygon","coordinates":[[[-34.917437013202509,-7.26255197099178],[-34.917174152280779,-7.262648371972658],[-34.916701590006745,-7.262892810040656],[-34.916682315604326,-7.262928328851365],[-34.917086994726816,-7.263218297093111],[-34.917952868092442,-7.263015843298107],[-34.917437013202509,-7.26255197099178]]]}},
{"type":"Feature","properties":{"id_sc":"SC_A_0092","outlet":"N_A_0176","area_ha":0.38722299167203644,"pct_imp":30.0,"width_m":53.066095758033939,"slope_pc":6.6747178936125904,"cn":79.0,"metodo":"VORONOI_PRELIM","editar":"SIM"},"geometry":{"type":"Polygon","coordinates":[[[-34.917174152280779,-7.262648371972658],[-34.916983669358792,-7.261818811296897],[-34.91680038932283,-7.261824126352576],[-34.916701590006745,-7.262892810040656],[-34.917174152280779,-7.262648371972658]]]}},
{"type":"Feature","properties":{"id_sc":"SC_A_0093","outlet":"N_A_0036","area_ha":0.0014604368787258864,"pct_imp":30.0,"width_m":20.0,"slope_pc":11.085955098015875,"cn":79.0,"metodo":"VORONOI_PRELIM","editar":"SIM"},"geometry":{"type":"Polygon","coordinates":[[[-34.911747082113365,-7.26868537376504],[-34.911747264149625,-7.268728414837317],[-34.911792534112323,-7.268728223929343],[-34.911792492777906,-7.268718450980005],[-34.911747082113365,-7.26868537376504]]]}},
{"type":"Feature","properties":{"id_sc":"SC_A_0094","outlet":"N_A_0036","area_ha":0.14466449059867495,"pct_imp":30.0,"width_m":21.006030693445389,"slope_pc":3.3237713239584568,"cn":79.0,"metodo":"VORONOI_PRELIM","editar":"SIM"},"geometry":{"type":"Polygon","coordinates":[[[-34.91045331386352,-7.269185917614725],[-34.91093431570436,-7.269183890199772],[-34.910934124589666,-7.269138686221116],[-34.910979394615019,-7.269138495383602],[-34.910979203497028,-7.269093291406048],[-34.91102447351664,-7.269093100565222],[-34.911024282395346,-7.269047896588771],[-34.911069552409224,-7.269047705744629],[-34.911069361284625,-7.269002501769286],[-34.911114631292754,-7.269002310921828],[-34.911114440164859,-7.268957106947586],[-34.911250250168365,-7.268956534381728],[-34.911250059028127,-7.268911330410991],[-34.911340599015325,-7.268910948680245],[-34.911340407867264,-7.26886574471181],[-34.911430947840536,-7.268865362965407],[-34.911430565529997,-7.26877495503305],[-34.911385295553018,-7.268775145906111],[-34.911385164830698,-7.26874423199049],[-34.91045331386352,-7.269185917614725]]]}},
{"type":"Feature","properties":{"id_sc":"SC_A_0095","outlet":"N_A_0085","area_ha":0.63667125583323225,"pct_imp":30.0,"width_m":80.992459698440854,"slope_pc":6.7429170004979113,"cn":79.0,"metodo":"VORONOI_PRELIM","editar":"SIM"},"geometry":{"type":"Polygon","coordinates":[[[-34.917086994726816,-7.263218297093111],[-34.916682315604326,-7.262928328851365],[-34.916521135793651,-7.26298250651416],[-34.916471598370322,-7.263493126662758],[-34.916505182322638,-7.263861607521108],[-34.916568036990242,-7.263907778255629],[-34.917177275989317,-7.263809410044119],[-34.917178243755011,-7.263807792099845],[-34.917086994726816,-7.263218297093111]]]}},
{"type":"Feature","properties":{"id_sc":"SC_A_0096","outlet":"N_A_0134","area_ha":0.55348981403675324,"pct_imp":30.0,"width_m":75.482490122465109,"slope_pc":8.489285719636106,"cn":79.0,"metodo":"VORONOI_PRELIM","editar":"SIM"},"geometry":{"type":"Polygon","coordinates":[[[-34.917190972595861,-7.267414032092108],[-34.917047309819054,-7.2673651986058],[-34.916480090735881,-7.267450374558321],[-34.916561505211625,-7.268096531106136],[-34.916567390551002,-7.268132853674728],[-34.917214564088042,-7.267991430838693],[-34.917190972595861,-7.267414032092108]]]}},
{"type":"Feature","properties":{"id_sc":"SC_A_0097","outlet":"N_A_0177","area_ha":1.4206776922918569,"pct_imp":30.0,"width_m":106.02023058096496,"slope_pc":3.4036233695981397,"cn":79.0,"metodo":"VORONOI_PRELIM","editar":"SIM"},"geometry":{"type":"Polygon","coordinates":[[[-34.916077183342537,-7.261319361609595],[-34.916256208954323,-7.261767038796799],[-34.916685794952762,-7.261759337767297],[-34.916792622763495,-7.259982614276534],[-34.916373098215772,-7.259984385823528],[-34.916372906802486,-7.259939181970904],[-34.916060640211107,-7.259940500334621],[-34.916077183342537,-7.261319361609595]]]}},
{"type":"Feature","properties":{"id_sc":"SC_A_0098","outlet":"N_A_0086","area_ha":0.62121541133912028,"pct_imp":30.0,"width_m":80.876204769311641,"slope_pc":4.5769141660098498,"cn":79.0,"metodo":"VORONOI_PRELIM","editar":"SIM"},"geometry":{"type":"Polygon","coordinates":[[[-34.916889680053153,-7.265960887443962],[-34.916250721676803,-7.266050764275815],[-34.916298456521695,-7.266491453620923],[-34.91636492273409,-7.266717214749762],[-34.916997788058893,-7.266618202426689],[-34.917111647283825,-7.266055317879523],[-34.916889680053153,-7.265960887443962]]]}},
{"type":"Feature","properties":{"id_sc":"SC_A_0099","outlet":"N_A_0178","area_ha":0.98044451800024091,"pct_imp":30.0,"width_m":99.779990556831777,"slope_pc":2.8703052405441811,"cn":79.0,"metodo":"VORONOI_PRELIM","editar":"SIM"},"geometry":{"type":"Polygon","coordinates":[[[-34.916701590006745,-7.262892810040656],[-34.91680038932283,-7.261824126352576],[-34.916685794952762,-7.261759337767297],[-34.916256208954323,-7.261767038796799],[-34.916098174947706,-7.261877269206448],[-34.916002228681762,-7.262856237736706],[-34.916521135793651,-7.26298250651416],[-34.916682315604326,-7.262928328851365],[-34.916701590006745,-7.262892810040656]]]}},
{"type":"Feature","properties":{"id_sc":"SC_A_0100","outlet":"N_A_0135","area_ha":0.0304703178834063,"pct_imp":30.0,"width_m":20.0,"slope_pc":7.6232415320605371,"cn":79.0,"metodo":"VORONOI_PRELIM","editar":"SIM"},"geometry":{"type":"Polygon","coordinates":[[[-34.917214564088042,-7.267991430838693],[-34.916567390551002,-7.268132853674728],[-34.916570843818796,-7.26816215844014],[-34.917218318463476,-7.268037707187117],[-34.917214564088042,-7.267991430838693]]]}},
{"type":"Feature","properties":{"id_sc":"SC_A_0101","outlet":"N_A_0139","area_ha":0.45224166290576567,"pct_imp":30.0,"width_m":66.664205886734791,"slope_pc":12.573722318224773,"cn":79.0,"metodo":"VORONOI_PRELIM","editar":"SIM"},"geometry":{"type":"Polygon","coordinates":[[[-34.916567390551002,-7.268132853674728],[-34.916561505211625,-7.268096531106136],[-34.915926369702525,-7.268187643823874],[-34.91593804303379,-7.268510069493803],[-34.916440157000388,-7.268838768899307],[-34.916451484778449,-7.26884567435303],[-34.916599500392763,-7.268822828902101],[-34.916570843818796,-7.26816215844014],[-34.916567390551002,-7.268132853674728]]]}},
{"type":"Feature","properties":{"id_sc":"SC_A_0102","outlet":"N_A_0166","area_ha":0.072312211675778379,"pct_imp":30.0,"width_m":20.0,"slope_pc":7.0041646926752072,"cn":79.0,"metodo":"VORONOI_PRELIM","editar":"SIM"},"geometry":{"type":"Polygon","coordinates":[[[-34.917207070543967,-7.269476464567595],[-34.916549561541309,-7.269577948345593],[-34.916549706913564,-7.269612230066196],[-34.916459167062804,-7.269612612873662],[-34.916459079292189,-7.269591913828944],[-34.916278114763315,-7.269619844745754],[-34.916278408745619,-7.269689180976763],[-34.916685578938001,-7.269626336304018],[-34.916685516680516,-7.26961165582114],[-34.91673078660039,-7.269611464397092],[-34.916730820057708,-7.269619353541832],[-34.917142206867481,-7.269555857639754],[-34.917207070543967,-7.269476464567595]]]}},
{"type":"Feature","properties":{"id_sc":"SC_A_0103","outlet":"N_A_0167","area_ha":0.86836646576233456,"pct_imp":30.0,"width_m":79.515059123083844,"slope_pc":16.964867520121484,"cn":79.0,"metodo":"VORONOI_PRELIM","editar":"SIM"},"geometry":{"type":"Polygon","coordinates":[[[-34.917491225666055,-7.269149709011766],[-34.91733466966739,-7.269037344213855],[-34.916599500392763,-7.268822828902101],[-34.916451484778449,-7.26884567435303],[-34.916416166496383,-7.268889441919814],[-34.916095739993146,-7.269315137821881],[-34.916095857775417,-7.269342920876523],[-34.916141127684064,-7.269342729518377],[-34.916141319324772,-7.269387933358482],[-34.916096049411586,-7.26938812471783],[-34.91609624104899,-7.26943332855904],[-34.916186780883159,-7.269432945833423],[-34.916186972530824,-7.269478149672138],[-34.916232242450597,-7.269477958301358],[-34.916232625758639,-7.269568365976093],[-34.916277895686228,-7.26956817459839],[-34.916278114763315,-7.269619844745754],[-34.916459079292189,-7.269591913828944],[-34.916458975384344,-7.269567409042446],[-34.916549515226059,-7.269567026237387],[-34.916549561541309,-7.269577948345593],[-34.917207070543967,-7.269476464567595],[-34.917491225666055,-7.269149709011766]],[[-34.916277895686228,-7.26956817459839],[-34.916277704027074,-7.269522970762273],[-34.916368243869542,-7.269522587995734],[-34.916368435537734,-7.269567791829449],[-34.916277895686228,-7.26956817459839]]]}},
{"type":"Feature","properties":{"id_sc":"SC_A_0104","outlet":"N_A_0133","area_ha":0.60183539091870097,"pct_imp":30.0,"width_m":78.283354179262489,"slope_pc":19.88664684838076,"cn":79.0,"metodo":"VORONOI_PRELIM","editar":"SIM"},"geometry":{"type":"Polygon","coordinates":[[[-34.916997788058893,-7.266618202426689],[-34.91636492273409,-7.266717214749762],[-34.916362464201548,-7.267413160896241],[-34.916480090735881,-7.267450374558321],[-34.917047309819054,-7.2673651986058],[-34.916997788058893,-7.266618202426689]]]}},
{"type":"Feature","properties":{"id_sc":"SC_A_0105","outlet":"N_A_0083","area_ha":1.6871710620789901,"pct_imp":30.0,"width_m":131.12583989930269,"slope_pc":7.7706600088856019,"cn":79.0,"metodo":"VORONOI_PRELIM","editar":"SIM"},"geometry":{"type":"Polygon","coordinates":[[[-34.916773316268689,-7.26482587930586],[-34.916670927193543,-7.264792005399282],[-34.916204175800551,-7.264867756203221],[-34.916014289614488,-7.264905941750849],[-34.915265620624858,-7.265435231868461],[-34.915650759000499,-7.26579662994667],[-34.916250721676803,-7.266050764275815],[-34.916889680053153,-7.265960887443962],[-34.916773316268689,-7.26482587930586]]]}},
{"type":"Feature","properties":{"id_sc":"SC_A_0106","outlet":"N_A_0092","area_ha":0.41531302006165505,"pct_imp":30.0,"width_m":57.613263341405741,"slope_pc":8.8399209581199933,"cn":79.0,"metodo":"VORONOI_PRELIM","editar":"SIM"},"geometry":{"type":"Polygon","coordinates":[[[-34.916670927193543,-7.264792005399282],[-34.916568036990242,-7.263907778255629],[-34.916505182322638,-7.263861607521108],[-34.916310641671281,-7.26390635961492],[-34.916204175800551,-7.264867756203221],[-34.916670927193543,-7.264792005399282]]]}},
{"type":"Feature","properties":{"id_sc":"SC_A_0107","outlet":"N_A_0171","area_ha":0.30773216487132321,"pct_imp":30.0,"width_m":50.260658647452615,"slope_pc":21.710406568705949,"cn":79.0,"metodo":"VORONOI_PRELIM","editar":"SIM"},"geometry":{"type":"Polygon","coordinates":[[[-34.915396399392804,-7.269019212465431],[-34.915394640051787,-7.268604028821971],[-34.915281273289104,-7.268523661922272],[-34.914868492696272,-7.268590924574686],[-34.914728587299777,-7.268851446710123],[-34.914735653521582,-7.268851416864453],[-34.914735845008686,-7.268896620742863],[-34.914781114908834,-7.26889642953216],[-34.914781306401679,-7.268941633409269],[-34.914871846207333,-7.268941250971926],[-34.914872037710445,-7.268986454846539],[-34.914962577520249,-7.268986072388732],[-34.914962386008099,-7.268940868516524],[-34.915098195700075,-7.268940294799562],[-34.91509838722579,-7.268985498668171],[-34.915279466816052,-7.268984733644219],[-34.915279658361065,-7.269029937507921],[-34.915395763853198,-7.269029446945066],[-34.915396399392804,-7.269019212465431]]]}},
{"type":"Feature","properties":{"id_sc":"SC_A_0108","outlet":"N_A_0165","area_ha":0.10178046474055676,"pct_imp":30.0,"width_m":20.0,"slope_pc":7.4026989995091066,"cn":79.0,"metodo":"VORONOI_PRELIM","editar":"SIM"},"geometry":{"type":"Polygon","coordinates":[[[-34.917142206867481,-7.269555857639754],[-34.916730820057708,-7.269619353541832],[-34.9167309783072,-7.269656668220994],[-34.916685708382808,-7.269656859646243],[-34.916685578938001,-7.269626336304018],[-34.916278408745619,-7.269689180976763],[-34.916278470671038,-7.269703786106177],[-34.916776439942929,-7.269701680613833],[-34.91677663165671,-7.269746884436345],[-34.916821901587696,-7.269746692999659],[-34.916822093307218,-7.26979189682087],[-34.916867363241508,-7.269791705378468],[-34.916867554966778,-7.269836909198383],[-34.916912824904358,-7.269836717750264],[-34.916913005365195,-7.269879264440718],[-34.917142206867481,-7.269555857639754]]]}},
{"type":"Feature","properties":{"id_sc":"SC_A_0109","outlet":"N_A_0168","area_ha":0.16533818832029579,"pct_imp":30.0,"width_m":27.586327248953729,"slope_pc":14.518591395254923,"cn":79.0,"metodo":"VORONOI_PRELIM","editar":"SIM"},"geometry":{"type":"Polygon","coordinates":[[[-34.916416166496383,-7.268889441919814],[-34.915732271039481,-7.269007673193229],[-34.915732357296314,-7.269028024620042],[-34.915777627183111,-7.269027833306423],[-34.915777818779084,-7.269073037156811],[-34.915823088669178,-7.269072845837478],[-34.915823280270885,-7.269118049686569],[-34.915913820056446,-7.269117667031958],[-34.915914203281623,-7.269208074725042],[-34.915959473181609,-7.26920788338856],[-34.915960048042109,-7.269343494923872],[-34.916050587865534,-7.269343112230155],[-34.9160503962351,-7.269297908387548],[-34.916095666140464,-7.269297717035118],[-34.916095739993146,-7.269315137821881],[-34.916416166496383,-7.268889441919814]],[[-34.915959473181609,-7.26920788338856],[-34.915959281563886,-7.269162679543265],[-34.91600455145813,-7.269162488203475],[-34.916004743080371,-7.269207692047566],[-34.915959473181609,-7.26920788338856]]]}},
{"type":"Feature","properties":{"id_sc":"SC_A_0110","outlet":"N_A_0168","area_ha":0.0046878194361925129,"pct_imp":30.0,"width_m":20.0,"slope_pc":41.092931135639205,"cn":79.0,"metodo":"VORONOI_PRELIM","editar":"SIM"},"geometry":{"type":"Polygon","coordinates":[[[-34.915415608125045,-7.269062417257915],[-34.915415659614283,-7.269074567548958],[-34.915460929514168,-7.269074376265738],[-34.915461121079716,-7.269119580124445],[-34.915506390982891,-7.269119388835511],[-34.915506083257021,-7.269046776117122],[-34.915415608125045,-7.269062417257915]]]}},
{"type":"Feature","properties":{"id_sc":"SC_A_0111","outlet":"N_A_0168","area_ha":0.0025,"pct_imp":30.0,"width_m":20.0,"slope_pc":13.595002057155032,"cn":79.0,"metodo":"VORONOI_PRELIM","editar":"SIM"},"geometry":{"type":"Polygon","coordinates":[[[-34.91550658255418,-7.269164592692919],[-34.915551852460659,-7.269164401398267],[-34.915551660884844,-7.26911919754206],[-34.915506390982891,-7.269119388835511],[-34.91550658255418,-7.269164592692919]]]}},
{"type":"Feature","properties":{"id_sc":"SC_A_0112","outlet":"N_A_0138","area_ha":0.5321072555999723,"pct_imp":30.0,"width_m":73.671799648502486,"slope_pc":10.477122419210119,"cn":79.0,"metodo":"VORONOI_PRELIM","editar":"SIM"},"geometry":{"type":"Polygon","coordinates":[[[-34.916480090735881,-7.267450374558321],[-34.916362464201548,-7.267413160896241],[-34.915876482982384,-7.267482876610869],[-34.915926369702525,-7.268187643823874],[-34.916561505211625,-7.268096531106136],[-34.916480090735881,-7.267450374558321]]]}},
{"type":"Feature","properties":{"id_sc":"SC_A_0113","outlet":"N_A_0088","area_ha":0.30326287378404304,"pct_imp":30.0,"width_m":54.29648979660206,"slope_pc":3.3432835107708474,"cn":79.0,"metodo":"VORONOI_PRELIM","editar":"SIM"},"geometry":{"type":"Polygon","coordinates":[[[-34.916505182322638,-7.263861607521108],[-34.916471598370322,-7.263493126662758],[-34.915825811958278,-7.263598429766873],[-34.915831372395715,-7.263888179770765],[-34.915939935637233,-7.263964509059488],[-34.916310641671281,-7.26390635961492],[-34.916505182322638,-7.263861607521108]]]}},
{"type":"Feature","properties":{"id_sc":"SC_A_0114","outlet":"N_A_0180","area_ha":0.46766723630790757,"pct_imp":30.0,"width_m":69.219829255821921,"slope_pc":6.2517317277594282,"cn":79.0,"metodo":"VORONOI_PRELIM","editar":"SIM"},"geometry":{"type":"Polygon","coordinates":[[[-34.916256208954323,-7.261767038796799],[-34.916077183342537,-7.261319361609595],[-34.915495610785172,-7.261286296318533],[-34.915467031310165,-7.261841385796524],[-34.916098174947706,-7.261877269206448],[-34.916256208954323,-7.261767038796799]]]}},
{"type":"Feature","properties":{"id_sc":"SC_A_0115","outlet":"N_A_0137","area_ha":0.58991201209413779,"pct_imp":30.0,"width_m":75.934254175138648,"slope_pc":16.052276054687969,"cn":79.0,"metodo":"VORONOI_PRELIM","editar":"SIM"},"geometry":{"type":"Polygon","coordinates":[[[-34.91636492273409,-7.266717214749762],[-34.916298456521695,-7.266491453620923],[-34.915719646768963,-7.266921148378596],[-34.915732036735157,-7.267437512837479],[-34.915876482982384,-7.267482876610869],[-34.916362464201548,-7.267413160896241],[-34.91636492273409,-7.266717214749762]]]}},
{"type":"Feature","properties":{"id_sc":"SC_A_0116","outlet":"N_A_0087","area_ha":0.32484609880840576,"pct_imp":30.0,"width_m":47.374093297031855,"slope_pc":5.524115738487291,"cn":79.0,"metodo":"VORONOI_PRELIM","editar":"SIM"},"geometry":{"type":"Polygon","coordinates":[[[-34.916204175800551,-7.264867756203221],[-34.916310641671281,-7.26390635961492],[-34.915939935637233,-7.263964509059488],[-34.916014289614488,-7.264905941750849],[-34.916204175800551,-7.264867756203221]]]}},
{"type":"Feature","properties":{"id_sc":"SC_A_0117","outlet":"N_A_0089","area_ha":0.60123298390818913,"pct_imp":30.0,"width_m":73.820320075312878,"slope_pc":8.1133874309263394,"cn":79.0,"metodo":"VORONOI_PRELIM","editar":"SIM"},"geometry":{"type":"Polygon","coordinates":[[[-34.915650759000499,-7.26579662994667],[-34.915654164163648,-7.26660039239056],[-34.915719646768963,-7.266921148378596],[-34.916298456521695,-7.266491453620923],[-34.916250721676803,-7.266050764275815],[-34.915650759000499,-7.26579662994667]]]}},
{"type":"Feature","properties":{"id_sc":"SC_A_0118","outlet":"N_A_0021","area_ha":0.54833545981356124,"pct_imp":30.0,"width_m":76.902209326792175,"slope_pc":5.3629602363552538,"cn":79.0,"metodo":"VORONOI_PRELIM","editar":"SIM"},"geometry":{"type":"Polygon","coordinates":[[[-34.916521135793651,-7.26298250651416],[-34.916002228681762,-7.262856237736706],[-34.915897525116989,-7.262893574786002],[-34.91576768959154,-7.263007752455994],[-34.915791111870021,-7.263440087579776],[-34.915825811958278,-7.263598429766873],[-34.916471598370322,-7.263493126662758],[-34.916521135793651,-7.26298250651416]]]}},
{"type":"Feature","properties":{"id_sc":"SC_A_0119","outlet":"N_A_0169","area_ha":0.036773109607972164,"pct_imp":30.0,"width_m":20.0,"slope_pc":21.49536270726724,"cn":79.0,"metodo":"VORONOI_PRELIM","editar":"SIM"},"geometry":{"type":"Polygon","coordinates":[[[-34.916451484778449,-7.26884567435303],[-34.916440157000388,-7.268838768899307],[-34.915822549077497,-7.268945540512453],[-34.915822705469424,-7.268982438139012],[-34.915732165706096,-7.268982820768357],[-34.915732271039481,-7.269007673193229],[-34.916416166496383,-7.268889441919814],[-34.916451484778449,-7.26884567435303]]]}},
{"type":"Feature","properties":{"id_sc":"SC_A_0120","outlet":"N_A_0169","area_ha":0.0054217401254463031,"pct_imp":30.0,"width_m":20.0,"slope_pc":48.559284390664523,"cn":79.0,"metodo":"VORONOI_PRELIM","editar":"SIM"},"geometry":{"type":"Polygon","coordinates":[[[-34.915396399392804,-7.269019212465431],[-34.915395763853198,-7.269029446945066],[-34.915415468054491,-7.269029363688956],[-34.915415608125045,-7.269062417257915],[-34.915506083257021,-7.269046776117122],[-34.915505886232111,-7.269000284626145],[-34.915396399392804,-7.269019212465431]]]}},
{"type":"Feature","properties":{"id_sc":"SC_A_0121","outlet":"N_A_0091","area_ha":1.6293571736957762,"pct_imp":30.0,"width_m":132.58841940713046,"slope_pc":7.5721289747226042,"cn":79.0,"metodo":"VORONOI_PRELIM","editar":"SIM"},"geometry":{"type":"Polygon","coordinates":[[[-34.916014289614488,-7.264905941750849],[-34.915939935637233,-7.263964509059488],[-34.915831372395715,-7.263888179770765],[-34.915353815537202,-7.264014652968138],[-34.915190446025314,-7.264125376661339],[-34.914730519832368,-7.264847117183375],[-34.914692127405473,-7.264986619599786],[-34.915078551029531,-7.265408588612037],[-34.915265620624858,-7.265435231868461],[-34.916014289614488,-7.264905941750849]]]}},
{"type":"Feature","properties":{"id_sc":"SC_A_0122","outlet":"N_A_0019","area_ha":0.62868208714517448,"pct_imp":30.0,"width_m":76.252544253178371,"slope_pc":5.1255287919542694,"cn":79.0,"metodo":"VORONOI_PRELIM","editar":"SIM"},"geometry":{"type":"Polygon","coordinates":[[[-34.916098174947706,-7.261877269206448],[-34.915467031310165,-7.261841385796524],[-34.915431775487015,-7.261860186549579],[-34.91539375285209,-7.262283551918805],[-34.915897525116989,-7.262893574786002],[-34.916002228681762,-7.262856237736706],[-34.916098174947706,-7.261877269206448]]]}},
{"type":"Feature","properties":{"id_sc":"SC_A_0123","outlet":"N_A_0141","area_ha":0.86073393825444977,"pct_imp":30.0,"width_m":92.295663184360279,"slope_pc":7.4017354195001355,"cn":79.0,"metodo":"VORONOI_PRELIM","editar":"SIM"},"geometry":{"type":"Polygon","coordinates":[[[-34.915732036735157,-7.267437512837479],[-34.915245734611162,-7.267513059488861],[-34.915281273289104,-7.268523661922272],[-34.915394640051787,-7.268604028821971],[-34.91593804303379,-7.268510069493803],[-34.915926369702525,-7.268187643823874],[-34.915876482982384,-7.267482876610869],[-34.915732036735157,-7.267437512837479]]]}},
{"type":"Feature","properties":{"id_sc":"SC_A_0124","outlet":"N_A_0090","area_ha":0.24164460203587618,"pct_imp":30.0,"width_m":48.442177362818015,"slope_pc":3.6457014188608703,"cn":79.0,"metodo":"VORONOI_PRELIM","editar":"SIM"},"geometry":{"type":"Polygon","coordinates":[[[-34.915825811958278,-7.263598429766873],[-34.915791111870021,-7.263440087579776],[-34.915362212347596,-7.2636209430984],[-34.915353815537202,-7.264014652968138],[-34.915831372395715,-7.263888179770765],[-34.915825811958278,-7.263598429766873]]]}},
{"type":"Feature","properties":{"id_sc":"SC_A_0125","outlet":"N_A_0182","area_ha":1.5633595893810919,"pct_imp":30.0,"width_m":118.88476233651471,"slope_pc":7.3000987183678063,"cn":79.0,"metodo":"VORONOI_PRELIM","editar":"SIM"},"geometry":{"type":"Polygon","coordinates":[[[-34.914411592146529,-7.261477429240795],[-34.914412000910247,-7.26147813364023],[-34.914527523338549,-7.26161690728794],[-34.915428372717059,-7.261119749023913],[-34.915485055114786,-7.260033339211728],[-34.915105757990204,-7.260034939822585],[-34.915105949279521,-7.260080143708678],[-34.914924873234597,-7.260080907731584],[-34.914925064507081,-7.260126111622389],[-34.914789257447005,-7.260126684595836],[-34.914789448707161,-7.260171888490149],[-34.914698910651971,-7.260172270452306],[-34.914699101904318,-7.260217474348928],[-34.914563294798818,-7.260218047261954],[-34.914563486038851,-7.260263251162087],[-34.914472947953371,-7.260263633083961],[-34.914473139185588,-7.260308836986397],[-34.914467240003319,-7.260308861870779],[-34.914411592146529,-7.261477429240795]]]}},
{"type":"Feature","properties":{"id_sc":"SC_A_0126","outlet":"N_A_0179","area_ha":0.98471353169099018,"pct_imp":30.0,"width_m":91.458324914384846,"slope_pc":5.675908877595246,"cn":79.0,"metodo":"VORONOI_PRELIM","editar":"SIM"},"geometry":{"type":"Polygon","coordinates":[[[-34.916060640211107,-7.259940500334621],[-34.915965486104035,-7.259940902024694],[-34.915965677476684,-7.25998610588814],[-34.915512987650366,-7.259988016642734],[-34.915513178979097,-7.260033220518106],[-34.915485055114786,-7.260033339211728],[-34.915428372717059,-7.261119749023913],[-34.915495610785172,-7.261286296318533],[-34.916077183342537,-7.261319361609595],[-34.916060640211107,-7.259940500334621]]]}},
{"type":"Feature","properties":{"id_sc":"SC_A_0127","outlet":"N_A_0183","area_ha":0.86612105163334041,"pct_imp":30.0,"width_m":92.260529567045225,"slope_pc":8.9644061984576009,"cn":79.0,"metodo":"VORONOI_PRELIM","editar":"SIM"},"geometry":{"type":"Polygon","coordinates":[[[-34.915431775487015,-7.261860186549579],[-34.914583846073334,-7.261721187067038],[-34.914452399344981,-7.262675064123047],[-34.914612514561853,-7.262797264519098],[-34.914656001851519,-7.262806389716663],[-34.91539375285209,-7.262283551918805],[-34.915431775487015,-7.261860186549579]]]}},
{"type":"Feature","properties":{"id_sc":"SC_A_0128","outlet":"N_A_0018","area_ha":0.6581383612895364,"pct_imp":30.0,"width_m":77.898733054065687,"slope_pc":6.0913063863471244,"cn":79.0,"metodo":"VORONOI_PRELIM","editar":"SIM"},"geometry":{"type":"Polygon","coordinates":[[[-34.91539375285209,-7.262283551918805],[-34.914656001851519,-7.262806389716663],[-34.91515064579572,-7.263085726795416],[-34.91576768959154,-7.263007752455994],[-34.915897525116989,-7.262893574786002],[-34.91539375285209,-7.262283551918805]]]}},
{"type":"Feature","properties":{"id_sc":"SC_A_0129","outlet":"N_A_0170","area_ha":0.38926439502921723,"pct_imp":30.0,"width_m":52.35703621189375,"slope_pc":24.768584219199745,"cn":79.0,"metodo":"VORONOI_PRELIM","editar":"SIM"},"geometry":{"type":"Polygon","coordinates":[[[-34.91593804303379,-7.268510069493803],[-34.915394640051787,-7.268604028821971],[-34.915396399392804,-7.269019212465431],[-34.915505886232111,-7.269000284626145],[-34.915505624709965,-7.268938573404924],[-34.915822513871383,-7.268937234289636],[-34.915822549077497,-7.268945540512453],[-34.916440157000388,-7.268838768899307],[-34.91593804303379,-7.268510069493803]]]}},
{"type":"Feature","properties":{"id_sc":"SC_A_0130","outlet":"N_A_0094","area_ha":0.95081154333091678,"pct_imp":30.0,"width_m":94.670608811553166,"slope_pc":8.3376464871710141,"cn":79.0,"metodo":"VORONOI_PRELIM","editar":"SIM"},"geometry":{"type":"Polygon","coordinates":[[[-34.915650759000499,-7.26579662994667],[-34.915265620624858,-7.265435231868461],[-34.915078551029531,-7.265408588612037],[-34.914976154714395,-7.265603056878758],[-34.915003365158036,-7.266645499460898],[-34.915045477143451,-7.266837763881674],[-34.915654164163648,-7.26660039239056],[-34.915650759000499,-7.26579662994667]]]}},
{"type":"Feature","properties":{"id_sc":"SC_A_0131","outlet":"N_A_0058","area_ha":0.26069592619632126,"pct_imp":30.0,"width_m":42.301305916009809,"slope_pc":7.2124312318856454,"cn":79.0,"metodo":"VORONOI_PRELIM","editar":"SIM"},"geometry":{"type":"Polygon","coordinates":[[[-34.915362212347596,-7.2636209430984],[-34.915150261444069,-7.263100577039049],[-34.91500732227594,-7.26361363246721],[-34.915190446025314,-7.264125376661339],[-34.915353815537202,-7.264014652968138],[-34.915362212347596,-7.2636209430984]]]}},
{"type":"Feature","properties":{"id_sc":"SC_A_0132","outlet":"N_A_0140","area_ha":0.61827920278001025,"pct_imp":30.0,"width_m":79.96370114140943,"slope_pc":38.6653894759338,"cn":79.0,"metodo":"VORONOI_PRELIM","editar":"SIM"},"geometry":{"type":"Polygon","coordinates":[[[-34.915719646768963,-7.266921148378596],[-34.915654164163648,-7.26660039239056],[-34.915045477143451,-7.266837763881674],[-34.915064923129719,-7.267456646465466],[-34.915245734611162,-7.267513059488861],[-34.915732036735157,-7.267437512837479],[-34.915719646768963,-7.266921148378596]]]}},
{"type":"Feature","properties":{"id_sc":"SC_A_0133","outlet":"N_A_0143","area_ha":0.83932433541146767,"pct_imp":30.0,"width_m":92.872140198015714,"slope_pc":12.04666310433938,"cn":79.0,"metodo":"VORONOI_PRELIM","editar":"SIM"},"geometry":{"type":"Polygon","coordinates":[[[-34.915064923129719,-7.267456646465466],[-34.914575208162887,-7.267537585074831],[-34.914591682914569,-7.268262005931813],[-34.914732694311525,-7.268442376411452],[-34.914749998364286,-7.268462271742773],[-34.914868492696272,-7.268590924574686],[-34.915281273289104,-7.268523661922272],[-34.915245734611162,-7.267513059488861],[-34.915064923129719,-7.267456646465466]]]}},
{"type":"Feature","properties":{"id_sc":"SC_A_0134","outlet":"N_A_0020","area_ha":0.32970371079847005,"pct_imp":30.0,"width_m":56.897818240028478,"slope_pc":6.8813357413206777,"cn":79.0,"metodo":"VORONOI_PRELIM","editar":"SIM"},"geometry":{"type":"Polygon","coordinates":[[[-34.91576768959154,-7.263007752455994],[-34.91515064579572,-7.263085726795416],[-34.915150261444069,-7.263100577039049],[-34.915362212347596,-7.2636209430984],[-34.915791111870021,-7.263440087579776],[-34.91576768959154,-7.263007752455994]]]}},
{"type":"Feature","properties":{"id_sc":"SC_A_0135","outlet":"N_A_0181","area_ha":0.49939389964783515,"pct_imp":30.0,"width_m":64.972248274088841,"slope_pc":8.1915388544418661,"cn":79.0,"metodo":"VORONOI_PRELIM","editar":"SIM"},"geometry":{"type":"Polygon","coordinates":[[[-34.915467031310165,-7.261841385796524],[-34.915495610785172,-7.261286296318533],[-34.915428372717059,-7.261119749023913],[-34.914527523338549,-7.26161690728794],[-34.914583846073334,-7.261721187067038],[-34.915431775487015,-7.261860186549579],[-34.915467031310165,-7.261841385796524]]]}},
{"type":"Feature","properties":{"id_sc":"SC_A_0136","outlet":"N_A_0017","area_ha":0.48080965111165785,"pct_imp":30.0,"width_m":68.330005474781331,"slope_pc":8.1071331742709951,"cn":79.0,"metodo":"VORONOI_PRELIM","editar":"SIM"},"geometry":{"type":"Polygon","coordinates":[[[-34.91515064579572,-7.263085726795416],[-34.914656001851519,-7.262806389716663],[-34.914612514561853,-7.262797264519098],[-34.91447940399518,-7.263625170325614],[-34.914497264748277,-7.263656265577442],[-34.91500732227594,-7.26361363246721],[-34.915150261444069,-7.263100577039049],[-34.91515064579572,-7.263085726795416]]]}},
{"type":"Feature","properties":{"id_sc":"SC_A_0137","outlet":"N_A_0096","area_ha":0.65030906972875402,"pct_imp":30.0,"width_m":74.049130795577256,"slope_pc":7.8510188486385291,"cn":79.0,"metodo":"VORONOI_PRELIM","editar":"SIM"},"geometry":{"type":"Polygon","coordinates":[[[-34.914976154714395,-7.265603056878758],[-34.914313588127257,-7.266261208561489],[-34.91438460747019,-7.266797682929412],[-34.914388408391758,-7.266818214600057],[-34.915003365158036,-7.266645499460898],[-34.914976154714395,-7.265603056878758]]]}},
{"type":"Feature","properties":{"id_sc":"SC_A_0138","outlet":"N_A_0095","area_ha":0.60492817637445473,"pct_imp":30.0,"width_m":70.037869037515009,"slope_pc":9.2502959593349665,"cn":79.0,"metodo":"VORONOI_PRELIM","editar":"SIM"},"geometry":{"type":"Polygon","coordinates":[[[-34.915190446025314,-7.264125376661339],[-34.91500732227594,-7.26361363246721],[-34.914497264748277,-7.263656265577442],[-34.914523365537512,-7.263812907257897],[-34.914730519832368,-7.264847117183375],[-34.915190446025314,-7.264125376661339]]]}},
{"type":"Feature","properties":{"id_sc":"SC_A_0139","outlet":"N_A_0184","area_ha":1.4329775814492989,"pct_imp":30.0,"width_m":99.791920120710571,"slope_pc":8.5603629641917287,"cn":79.0,"metodo":"VORONOI_PRELIM","editar":"SIM"},"geometry":{"type":"Polygon","coordinates":[[[-34.912951134054289,-7.260728658265236],[-34.913090839837999,-7.261016832017758],[-34.913590464758585,-7.261491723805434],[-34.914411592146529,-7.261477429240795],[-34.914467240003319,-7.260308861870779],[-34.914382601086189,-7.260309218892644],[-34.914382792310597,-7.260354422797389],[-34.914337523254552,-7.26035461374495],[-34.914337714475671,-7.260399817650802],[-34.914247176350884,-7.260400199534801],[-34.914247367564194,-7.260445403442959],[-34.914202098495444,-7.260445594379396],[-34.914202289705472,-7.260490798288661],[-34.914066482478354,-7.26049137107452],[-34.914066673676047,-7.260536574987297],[-34.913930866424387,-7.26053714773618],[-34.913931057609766,-7.260582351652461],[-34.913795250333557,-7.260582924364367],[-34.913795441506601,-7.260628128284159],[-34.913659634205857,-7.260628700959087],[-34.91365982536658,-7.260673904882387],[-34.913478748930409,-7.260674668390637],[-34.913478557787748,-7.260629464462537],[-34.913161674009025,-7.260630800419977],[-34.913161482899184,-7.260585596483379],[-34.913025675560675,-7.260586168965332],[-34.913025484465606,-7.260540965025037],[-34.912956728551208,-7.26054125484128],[-34.912951134054289,-7.260728658265236]]]}},
{"type":"Feature","properties":{"id_sc":"SC_A_0140","outlet":"N_A_0016","area_ha":1.0883221585701399,"pct_imp":30.0,"width_m":99.683665752290608,"slope_pc":16.35347230275913,"cn":79.0,"metodo":"VORONOI_PRELIM","editar":"SIM"},"geometry":{"type":"Polygon","coordinates":[[[-34.914412000910247,-7.26147813364023],[-34.913343380528296,-7.262487022322389],[-34.913768655194851,-7.262795177548107],[-34.914452399344981,-7.262675064123047],[-34.914583846073334,-7.261721187067038],[-34.914527523338549,-7.26161690728794],[-34.914412000910247,-7.26147813364023]]]}},
{"type":"Feature","properties":{"id_sc":"SC_A_0141","outlet":"N_A_0142","area_ha":0.62895178516709738,"pct_imp":30.0,"width_m":80.862062444484408,"slope_pc":29.585611209256552,"cn":79.0,"metodo":"VORONOI_PRELIM","editar":"SIM"},"geometry":{"type":"Polygon","coordinates":[[[-34.915045477143451,-7.266837763881674],[-34.915003365158036,-7.266645499460898],[-34.914388408391758,-7.266818214600057],[-34.91437718787077,-7.267473558395842],[-34.914575208162887,-7.267537585074831],[-34.915064923129719,-7.267456646465466],[-34.915045477143451,-7.266837763881674]]]}},
{"type":"Feature","properties":{"id_sc":"SC_A_0142","outlet":"N_A_0192","area_ha":0.40836431897635539,"pct_imp":30.0,"width_m":33.559829833966177,"slope_pc":5.8441617465921984,"cn":79.0,"metodo":"VORONOI_PRELIM","editar":"SIM"},"geometry":{"type":"Polygon","coordinates":[[[-34.913331138094875,-7.26858611862413],[-34.913240598278435,-7.268586500735308],[-34.913240789609027,-7.268631704653918],[-34.913195519694447,-7.268631895703937],[-34.913195902350253,-7.26872230354327],[-34.913376982037391,-7.268721539306506],[-34.913377556084505,-7.268857151050387],[-34.913422826016799,-7.268856959976313],[-34.9134230173728,-7.268902163889549],[-34.913558827175905,-7.268901590636632],[-34.913558635806339,-7.268856386726993],[-34.913603905733737,-7.268856195634862],[-34.913603714360875,-7.268810991726331],[-34.913607607759147,-7.268810975291522],[-34.913557627802511,-7.268675572111261],[-34.913512600429755,-7.268675762170324],[-34.913512409070819,-7.268630558259011],[-34.913540967825675,-7.268630437714712],[-34.913237908564319,-7.267809402017991],[-34.912876355281739,-7.268095624737251],[-34.912876908652336,-7.268226397570359],[-34.912922178534778,-7.268226206562738],[-34.912922561114357,-7.268316614418185],[-34.912967831004622,-7.26831642340365],[-34.91296802230076,-7.268361627330033],[-34.913013292194314,-7.268361436309786],[-34.913013674799302,-7.26845184415986],[-34.913240024293991,-7.268450888978916],[-34.91324021562091,-7.268496092897808],[-34.91328548552071,-7.268495901846876],[-34.913285676853377,-7.268541105764474],[-34.913330946756467,-7.268540914707828],[-34.913331138094875,-7.26858611862413]],[[-34.913558253070875,-7.268765978907441],[-34.913558444437996,-7.268811182817264],[-34.913513174513895,-7.268811373903685],[-34.913512983151293,-7.268766169992659],[-34.913558253070875,-7.268765978907441]],[[-34.913512983151293,-7.268766169992659],[-34.913467713230489,-7.268766361073364],[-34.913467521873621,-7.268721157161042],[-34.913512791789913,-7.268720966081538],[-34.913512983151293,-7.268766169992659]],[[-34.913467521873621,-7.268721157161042],[-34.913422251956113,-7.268721348236032],[-34.913422060605001,-7.268676144322415],[-34.913467330517989,-7.268675953248626],[-34.913467521873621,-7.268721157161042]],[[-34.913422060605001,-7.268676144322415],[-34.913376790690791,-7.26867633539169],[-34.913376599345419,-7.26863113147678],[-34.913421869255103,-7.268630940408705],[-34.913422060605001,-7.268676144322415]],[[-34.913376599345419,-7.26863113147678],[-34.913331329434506,-7.268631322540341],[-34.913331138094875,-7.26858611862413],[-34.91337640800127,-7.268585927561771],[-34.913376599345419,-7.26863113147678]]]}},
{"type":"Feature","properties":{"id_sc":"SC_A_0143","outlet":"N_A_0172","area_ha":0.093422630285275712,"pct_imp":30.0,"width_m":26.114055346592572,"slope_pc":18.527295231535707,"cn":79.0,"metodo":"VORONOI_PRELIM","editar":"SIM"},"geometry":{"type":"Polygon","coordinates":[[[-34.914868492696272,-7.268590924574686],[-34.914749998364286,-7.268462271742773],[-34.9144630529888,-7.268620912956441],[-34.914463076840633,-7.268626544597155],[-34.914508346720986,-7.268626353420746],[-34.914508538179369,-7.268671557305632],[-34.914599077945454,-7.268671174936872],[-34.914599460883977,-7.268761582701561],[-34.914644730774228,-7.268761391508006],[-34.914644922249842,-7.268806595389006],[-34.914690192143389,-7.268806404189736],[-34.914690383624745,-7.268851608069439],[-34.914728587299777,-7.268851446710123],[-34.914868492696272,-7.268590924574686]]]}},
{"type":"Feature","properties":{"id_sc":"SC_A_0144","outlet":"N_A_0101","area_ha":2.596839781390003,"pct_imp":30.0,"width_m":166.71412884073396,"slope_pc":6.3842225820041758,"cn":79.0,"metodo":"VORONOI_PRELIM","editar":"SIM"},"geometry":{"type":"Polygon","coordinates":[[[-34.915078551029531,-7.265408588612037],[-34.914692127405473,-7.264986619599786],[-34.914465740608783,-7.264952721062738],[-34.913682056183617,-7.265095807122083],[-34.913393252570323,-7.265242588575725],[-34.91297490901205,-7.265742187598804],[-34.912870503099192,-7.26603277987916],[-34.913408222335583,-7.26644647392322],[-34.914313588127257,-7.266261208561489],[-34.914976154714395,-7.265603056878758],[-34.915078551029531,-7.265408588612037]]]}},
{"type":"Feature","properties":{"id_sc":"SC_A_0145","outlet":"N_A_0098","area_ha":0.1833116074341703,"pct_imp":30.0,"width_m":38.23500184495505,"slope_pc":12.9230993473574,"cn":79.0,"metodo":"VORONOI_PRELIM","editar":"SIM"},"geometry":{"type":"Polygon","coordinates":[[[-34.914497264748277,-7.263656265577442],[-34.91447940399518,-7.263625170325614],[-34.913847214724122,-7.263638479810557],[-34.913913237623603,-7.263920016641099],[-34.914523365537512,-7.263812907257897],[-34.914497264748277,-7.263656265577442]]]}},
{"type":"Feature","properties":{"id_sc":"SC_A_0146","outlet":"N_A_0173","area_ha":0.010018686818813306,"pct_imp":30.0,"width_m":20.0,"slope_pc":17.567787617003965,"cn":79.0,"metodo":"VORONOI_PRELIM","editar":"SIM"},"geometry":{"type":"Polygon","coordinates":[[[-34.914732694311525,-7.268442376411452],[-34.91446292849907,-7.268591519692803],[-34.9144630529888,-7.268620912956441],[-34.914749998364286,-7.268462271742773],[-34.914732694311525,-7.268442376411452]]]}},
{"type":"Feature","properties":{"id_sc":"SC_A_0147","outlet":"N_A_0097","area_ha":0.67283620586585413,"pct_imp":30.0,"width_m":75.314324218866631,"slope_pc":8.910008622483117,"cn":79.0,"metodo":"VORONOI_PRELIM","editar":"SIM"},"geometry":{"type":"Polygon","coordinates":[[[-34.914730519832368,-7.264847117183375],[-34.914523365537512,-7.263812907257897],[-34.913913237623603,-7.263920016641099],[-34.913960503640553,-7.264159770470076],[-34.914465740608783,-7.264952721062738],[-34.914692127405473,-7.264986619599786],[-34.914730519832368,-7.264847117183375]]]}},
{"type":"Feature","properties":{"id_sc":"SC_A_0148","outlet":"N_A_0044","area_ha":0.85229145741798873,"pct_imp":30.0,"width_m":93.277194120528662,"slope_pc":39.613851606195851,"cn":79.0,"metodo":"VORONOI_PRELIM","editar":"SIM"},"geometry":{"type":"Polygon","coordinates":[[[-34.914575208162887,-7.267537585074831],[-34.91437718787077,-7.267473558395842],[-34.91370562581011,-7.267553220938189],[-34.913674145734547,-7.267586868760074],[-34.914025220619983,-7.268537984035277],[-34.914093019295528,-7.268537697786176],[-34.914591682914569,-7.268262005931813],[-34.914575208162887,-7.267537585074831]]]}},
{"type":"Feature","properties":{"id_sc":"SC_A_0149","outlet":"N_A_0174","area_ha":0.11624812264878717,"pct_imp":30.0,"width_m":25.937031721207699,"slope_pc":14.666357876576155,"cn":79.0,"metodo":"VORONOI_PRELIM","editar":"SIM"},"geometry":{"type":"Polygon","coordinates":[[[-34.914591682914569,-7.268262005931813],[-34.914093019295528,-7.268537697786176],[-34.914100534922049,-7.268537666054235],[-34.91410072633731,-7.268582869950124],[-34.914191266107316,-7.268582487667421],[-34.914191074683018,-7.268537283773933],[-34.914417424064041,-7.268536327994181],[-34.914417615510935,-7.268581531881662],[-34.914462885387991,-7.268581340710969],[-34.91446292849907,-7.268591519692803],[-34.914732694311525,-7.268442376411452],[-34.914591682914569,-7.268262005931813]]]}},
{"type":"Feature","properties":{"id_sc":"SC_A_0150","outlet":"N_A_0028","area_ha":0.51104967540012025,"pct_imp":30.0,"width_m":58.917882149658787,"slope_pc":4.1115813916342177,"cn":79.0,"metodo":"VORONOI_PRELIM","editar":"SIM"},"geometry":{"type":"Polygon","coordinates":[[[-34.913674145734547,-7.267586868760074],[-34.913262265893138,-7.267778829508106],[-34.913237908564319,-7.267809402017991],[-34.913540967825675,-7.268630437714712],[-34.913557678976844,-7.2686303671774],[-34.913557487614611,-7.268585163267192],[-34.913602757514887,-7.268584972182263],[-34.913602374785043,-7.268494564363973],[-34.913738184451432,-7.268493991089304],[-34.913737993074776,-7.268448787183619],[-34.913964342471708,-7.268447831641571],[-34.913964725271434,-7.268538239440839],[-34.914025220619983,-7.268537984035277],[-34.913674145734547,-7.267586868760074]]]}},
{"type":"Feature","properties":{"id_sc":"SC_A_0151","outlet":"N_A_0028","area_ha":0.048447575655154652,"pct_imp":30.0,"width_m":20.0,"slope_pc":8.4257427464168249,"cn":79.0,"metodo":"VORONOI_PRELIM","editar":"SIM"},"geometry":{"type":"Polygon","coordinates":[[[-34.913607607759147,-7.268810975291522],[-34.913694254202973,-7.268810609530925],[-34.913694445584881,-7.26885581343705],[-34.913830255352423,-7.268855240106482],[-34.913829872562715,-7.268764832301339],[-34.913784602650459,-7.268765023413639],[-34.913784219874678,-7.268674615605714],[-34.913738949970252,-7.2686748067111],[-34.913738758588707,-7.268629602805793],[-34.91364821878522,-7.268629985000624],[-34.91364841015772,-7.268675188908332],[-34.913557627802511,-7.268675572111261],[-34.913607607759147,-7.268810975291522]]]}},
{"type":"Feature","properties":{"id_sc":"SC_A_0152","outlet":"N_A_0196","area_ha":0.72923036699658927,"pct_imp":30.0,"width_m":84.429519395698961,"slope_pc":151.2030845152635,"cn":79.0,"metodo":"VORONOI_PRELIM","editar":"SIM"},"geometry":{"type":"Polygon","coordinates":[[[-34.91438460747019,-7.266797682929412],[-34.913485351632268,-7.266711677093684],[-34.91370562581011,-7.267553220938189],[-34.91437718787077,-7.267473558395842],[-34.914388408391758,-7.266818214600057],[-34.91438460747019,-7.266797682929412]]]}},
{"type":"Feature","properties":{"id_sc":"SC_A_0153","outlet":"N_A_0015","area_ha":0.91243175031738688,"pct_imp":30.0,"width_m":99.76111495742623,"slope_pc":10.164849025025271,"cn":79.0,"metodo":"VORONOI_PRELIM","editar":"SIM"},"geometry":{"type":"Polygon","coordinates":[[[-34.914612514561853,-7.262797264519098],[-34.914452399344981,-7.262675064123047],[-34.913768655194851,-7.262795177548107],[-34.913641662094435,-7.263441640662144],[-34.913847214724122,-7.263638479810557],[-34.91447940399518,-7.263625170325614],[-34.914612514561853,-7.262797264519098]]]}},
{"type":"Feature","properties":{"id_sc":"SC_A_0154","outlet":"N_A_0099","area_ha":0.44634098335616534,"pct_imp":30.0,"width_m":61.090158242527046,"slope_pc":20.01954107240692,"cn":79.0,"metodo":"VORONOI_PRELIM","editar":"SIM"},"geometry":{"type":"Polygon","coordinates":[[[-34.914313588127257,-7.266261208561489],[-34.913408222335583,-7.26644647392322],[-34.913485351632268,-7.266711677093684],[-34.91438460747019,-7.266797682929412],[-34.914313588127257,-7.266261208561489]]]}},
{"type":"Feature","properties":{"id_sc":"SC_A_0155","outlet":"N_A_0054","area_ha":0.50892035653561374,"pct_imp":30.0,"width_m":70.207884277509947,"slope_pc":11.044861109979182,"cn":79.0,"metodo":"VORONOI_PRELIM","editar":"SIM"},"geometry":{"type":"Polygon","coordinates":[[[-34.913913237623603,-7.263920016641099],[-34.913847214724122,-7.263638479810557],[-34.913641662094435,-7.263441640662144],[-34.913011206716448,-7.263822200935445],[-34.913276040158017,-7.264097244351027],[-34.913960503640553,-7.264159770470076],[-34.913913237623603,-7.263920016641099]]]}},
{"type":"Feature","properties":{"id_sc":"SC_A_0156","outlet":"N_A_0012","area_ha":1.1839460446062113,"pct_imp":30.0,"width_m":109.14989677309515,"slope_pc":16.23618907578825,"cn":79.0,"metodo":"VORONOI_PRELIM","editar":"SIM"},"geometry":{"type":"Polygon","coordinates":[[[-34.913768655194851,-7.262795177548107],[-34.913343380528296,-7.262487022322389],[-34.913285459444268,-7.262458627163108],[-34.912829669125991,-7.262445610922825],[-34.912818349657456,-7.262965604107526],[-34.912909854060537,-7.263823215356764],[-34.913011206716448,-7.263822200935445],[-34.913641662094435,-7.263441640662144],[-34.913768655194851,-7.262795177548107]]]}},
{"type":"Feature","properties":{"id_sc":"SC_A_0157","outlet":"N_A_0027","area_ha":1.6175870506714731,"pct_imp":30.0,"width_m":125.35206804439866,"slope_pc":15.291406539993204,"cn":79.0,"metodo":"VORONOI_PRELIM","editar":"SIM"},"geometry":{"type":"Polygon","coordinates":[[[-34.91370562581011,-7.267553220938189],[-34.913485351632268,-7.266711677093684],[-34.913408222335583,-7.26644647392322],[-34.912870503099192,-7.26603277987916],[-34.912371460537244,-7.266270105055333],[-34.912684702251866,-7.267123742123032],[-34.912781388869561,-7.267315009157117],[-34.913262265893138,-7.267778829508106],[-34.913674145734547,-7.267586868760074],[-34.91370562581011,-7.267553220938189]]]}},
{"type":"Feature","properties":{"id_sc":"SC_A_0158","outlet":"N_A_0185","area_ha":0.54050005825653724,"pct_imp":30.0,"width_m":58.04179973296683,"slope_pc":10.223556856793211,"cn":79.0,"metodo":"VORONOI_PRELIM","editar":"SIM"},"geometry":{"type":"Polygon","coordinates":[[[-34.914411592146529,-7.261477429240795],[-34.913590464758585,-7.261491723805434],[-34.913515394334595,-7.261712360857092],[-34.913285459444268,-7.262458627163108],[-34.913343380528296,-7.262487022322389],[-34.914412000910247,-7.26147813364023],[-34.914411592146529,-7.261477429240795]]]}},
{"type":"Feature","properties":{"id_sc":"SC_A_0159","outlet":"N_A_0102","area_ha":0.82572577687184312,"pct_imp":30.0,"width_m":85.331652353240784,"slope_pc":11.576712050121101,"cn":79.0,"metodo":"VORONOI_PRELIM","editar":"SIM"},"geometry":{"type":"Polygon","coordinates":[[[-34.913960503640553,-7.264159770470076],[-34.913276040158017,-7.264097244351027],[-34.913682056183617,-7.265095807122083],[-34.914465740608783,-7.264952721062738],[-34.913960503640553,-7.264159770470076]]]}},
{"type":"Feature","properties":{"id_sc":"SC_A_0160","outlet":"N_A_0013","area_ha":0.50975275178244528,"pct_imp":30.0,"width_m":70.110765960981738,"slope_pc":6.8831349180742549,"cn":79.0,"metodo":"VORONOI_PRELIM","editar":"SIM"},"geometry":{"type":"Polygon","coordinates":[[[-34.913515394334595,-7.261712360857092],[-34.912942143262029,-7.261695030928993],[-34.912756119110639,-7.262410390138721],[-34.912829669125991,-7.262445610922825],[-34.913285459444268,-7.262458627163108],[-34.913515394334595,-7.261712360857092]]]}},
{"type":"Feature","properties":{"id_sc":"SC_A_0161","outlet":"N_A_0011","area_ha":0.98816734240021142,"pct_imp":30.0,"width_m":87.312923880984087,"slope_pc":7.9604083890651101,"cn":79.0,"metodo":"VORONOI_PRELIM","editar":"SIM"},"geometry":{"type":"Polygon","coordinates":[[[-34.912951134054289,-7.260728658265236],[-34.912445557495658,-7.261277620386064],[-34.912405206864243,-7.261456850514963],[-34.912243292350439,-7.262334135836657],[-34.912756119110639,-7.262410390138721],[-34.912942143262029,-7.261695030928993],[-34.913090839837999,-7.261016832017758],[-34.912951134054289,-7.260728658265236]]]}},
{"type":"Feature","properties":{"id_sc":"SC_A_0162","outlet":"N_A_0014","area_ha":0.32816521151996697,"pct_imp":30.0,"width_m":54.22060683752273,"slope_pc":6.3570725803548296,"cn":79.0,"metodo":"VORONOI_PRELIM","editar":"SIM"},"geometry":{"type":"Polygon","coordinates":[[[-34.913590464758585,-7.261491723805434],[-34.913090839837999,-7.261016832017758],[-34.912942143262029,-7.261695030928993],[-34.913515394334595,-7.261712360857092],[-34.913590464758585,-7.261491723805434]]]}},
{"type":"Feature","properties":{"id_sc":"SC_A_0163","outlet":"N_A_0100","area_ha":0.91497176035040029,"pct_imp":30.0,"width_m":86.217411830611255,"slope_pc":11.438454924064839,"cn":79.0,"metodo":"VORONOI_PRELIM","editar":"SIM"},"geometry":{"type":"Polygon","coordinates":[[[-34.913682056183617,-7.265095807122083],[-34.913276040158017,-7.264097244351027],[-34.913011206716448,-7.263822200935445],[-34.912909854060537,-7.263823215356764],[-34.912508486557556,-7.264030146879356],[-34.912931399581907,-7.264682899853356],[-34.913393252570323,-7.265242588575725],[-34.913682056183617,-7.265095807122083]]]}},
{"type":"Feature","properties":{"id_sc":"SC_A_0164","outlet":"N_A_0043","area_ha":0.6823036531681973,"pct_imp":30.0,"width_m":81.580929290233854,"slope_pc":11.165057291673973,"cn":79.0,"metodo":"VORONOI_PRELIM","editar":"SIM"},"geometry":{"type":"Polygon","coordinates":[[[-34.912931399581907,-7.264682899853356],[-34.912348077892915,-7.26496373193988],[-34.912396454100225,-7.26505891457755],[-34.91297490901205,-7.265742187598804],[-34.913393252570323,-7.265242588575725],[-34.912931399581907,-7.264682899853356]]]}},
{"type":"Feature","properties":{"id_sc":"SC_A_0165","outlet":"N_A_0056","area_ha":0.69832155442012933,"pct_imp":30.0,"width_m":83.545363843413256,"slope_pc":19.29488772345713,"cn":79.0,"metodo":"VORONOI_PRELIM","editar":"SIM"},"geometry":{"type":"Polygon","coordinates":[[[-34.912508486557556,-7.264030146879356],[-34.912121900969204,-7.26404825695887],[-34.911852489988533,-7.264220942926067],[-34.912348077892915,-7.26496373193988],[-34.912931399581907,-7.264682899853356],[-34.912508486557556,-7.264030146879356]]]}},
{"type":"Feature","properties":{"id_sc":"SC_A_0166","outlet":"N_A_0010","area_ha":0.70229571129161528,"pct_imp":30.0,"width_m":78.028438767150973,"slope_pc":17.470018638704367,"cn":79.0,"metodo":"VORONOI_PRELIM","editar":"SIM"},"geometry":{"type":"Polygon","coordinates":[[[-34.912829669125991,-7.262445610922825],[-34.912756119110639,-7.262410390138721],[-34.912243292350439,-7.262334135836657],[-34.912176904417855,-7.262350227902153],[-34.912145307017269,-7.263535814807168],[-34.912818349657456,-7.262965604107526],[-34.912829669125991,-7.262445610922825]]]}},
{"type":"Feature","properties":{"id_sc":"SC_A_0167","outlet":"N_A_0026","area_ha":0.78410575473494426,"pct_imp":30.0,"width_m":86.971637877465554,"slope_pc":5.608487830179457,"cn":79.0,"metodo":"VORONOI_PRELIM","editar":"SIM"},"geometry":{"type":"Polygon","coordinates":[[[-34.912371460537244,-7.266270105055333],[-34.91236000748232,-7.266271478385143],[-34.911814802927907,-7.266532232115165],[-34.911776064766883,-7.266570858972061],[-34.912088761729073,-7.267406061304801],[-34.91214578326322,-7.2675160138764],[-34.912684702251866,-7.267123742123032],[-34.912371460537244,-7.266270105055333]]]}},
{"type":"Feature","properties":{"id_sc":"SC_A_0168","outlet":"N_A_0030","area_ha":0.40689926534195175,"pct_imp":30.0,"width_m":41.382917384006291,"slope_pc":9.2853680770373348,"cn":79.0,"metodo":"VORONOI_PRELIM","editar":"SIM"},"geometry":{"type":"Polygon","coordinates":[[[-34.913262265893138,-7.267778829508106],[-34.912781388869561,-7.267315009157117],[-34.91218543480646,-7.267587147783624],[-34.912311068645828,-7.267867146635408],[-34.912332140168395,-7.267867057759325],[-34.912331566513785,-7.267731445926361],[-34.91242210620733,-7.267731064041339],[-34.912421341315458,-7.267550248272325],[-34.912602420615563,-7.267549484467318],[-34.91260261185478,-7.267594688404913],[-34.912647881681274,-7.267594497441178],[-34.912648646668423,-7.267775313185809],[-34.912739186353903,-7.267774931235198],[-34.912739568872887,-7.267865339102141],[-34.912784838722835,-7.267865148117671],[-34.912785221255746,-7.267955555981834],[-34.91283049111351,-7.267955364990443],[-34.912830682386321,-7.268000568921186],[-34.912875952247383,-7.268000377924079],[-34.912876355281739,-7.268095624737251],[-34.913237908564319,-7.267809402017991],[-34.913262265893138,-7.267778829508106]]]}},
{"type":"Feature","properties":{"id_sc":"SC_A_0169","outlet":"N_A_0188","area_ha":0.93737214961161264,"pct_imp":30.0,"width_m":89.717841383094523,"slope_pc":10.338183304200571,"cn":79.0,"metodo":"VORONOI_PRELIM","editar":"SIM"},"geometry":{"type":"Polygon","coordinates":[[[-34.911762924462053,-7.261036657693501],[-34.911786781066631,-7.261203893991166],[-34.912445557495658,-7.261277620386064],[-34.912951134054289,-7.260728658265236],[-34.912956728551208,-7.26054125484128],[-34.912934946242849,-7.26054134665473],[-34.912934755158034,-7.260496142711939],[-34.912798947828286,-7.260496715119061],[-34.912798756758235,-7.260451511172574],[-34.912708218541326,-7.260451892752375],[-34.912708027481528,-7.260406688803394],[-34.912617489268769,-7.260407070362759],[-34.912617298219224,-7.260361866411285],[-34.912436221797101,-7.260362629471112],[-34.912436412828583,-7.260407833427392],[-34.912345874601165,-7.260408214932651],[-34.912346065624838,-7.260453418891232],[-34.912300796504788,-7.260453609638301],[-34.912300987525164,-7.260498813597986],[-34.912210449272358,-7.260499195080995],[-34.912210640284925,-7.260544399042986],[-34.911984294608963,-7.260545352677601],[-34.911984485600179,-7.260590556645496],[-34.911803409019377,-7.260591319476825],[-34.911803599993746,-7.260636523449426],[-34.911794643051827,-7.26063656118119],[-34.911762924462053,-7.261036657693501]]]}},
{"type":"Feature","properties":{"id_sc":"SC_A_0170","outlet":"N_A_0057","area_ha":0.67871706226715256,"pct_imp":30.0,"width_m":79.280042790151512,"slope_pc":18.571720388983827,"cn":79.0,"metodo":"VORONOI_PRELIM","editar":"SIM"},"geometry":{"type":"Polygon","coordinates":[[[-34.912114075078016,-7.263770510156959],[-34.912121900969204,-7.26404825695887],[-34.912508486557556,-7.264030146879356],[-34.912909854060537,-7.263823215356764],[-34.912818349657456,-7.262965604107526],[-34.912145307017269,-7.263535814807168],[-34.912114075078016,-7.263770510156959]]]}},
{"type":"Feature","properties":{"id_sc":"SC_A_0171","outlet":"N_A_0007","area_ha":0.79843663203437509,"pct_imp":30.0,"width_m":78.518884596180428,"slope_pc":12.826139692572127,"cn":79.0,"metodo":"VORONOI_PRELIM","editar":"SIM"},"geometry":{"type":"Polygon","coordinates":[[[-34.912145307017269,-7.263535814807168],[-34.912176904417855,-7.262350227902153],[-34.911690472722889,-7.262282803736654],[-34.911574817635838,-7.262309779732155],[-34.911523887477728,-7.262911586608374],[-34.912114075078016,-7.263770510156959],[-34.912145307017269,-7.263535814807168]]]}},
{"type":"Feature","properties":{"id_sc":"SC_A_0172","outlet":"N_A_0029","area_ha":0.11897818320539288,"pct_imp":30.0,"width_m":26.603368945444,"slope_pc":15.912955731087166,"cn":79.0,"metodo":"VORONOI_PRELIM","editar":"SIM"},"geometry":{"type":"Polygon","coordinates":[[[-34.912684702251866,-7.267123742123032],[-34.91214578326322,-7.2675160138764],[-34.912164280505806,-7.267564188478501],[-34.91218543480646,-7.267587147783624],[-34.912781388869561,-7.267315009157117],[-34.912684702251866,-7.267123742123032]]]}},
{"type":"Feature","properties":{"id_sc":"SC_A_0173","outlet":"N_A_0042","area_ha":0.92943023895826138,"pct_imp":30.0,"width_m":97.724905664295051,"slope_pc":18.5433538813813,"cn":79.0,"metodo":"VORONOI_PRELIM","editar":"SIM"},"geometry":{"type":"Polygon","coordinates":[[[-34.91297490901205,-7.265742187598804],[-34.912396454100225,-7.26505891457755],[-34.911845454741474,-7.26536530401618],[-34.911873937655095,-7.265440461680809],[-34.91236000748232,-7.266271478385143],[-34.912371460537244,-7.266270105055333],[-34.912870503099192,-7.26603277987916],[-34.91297490901205,-7.265742187598804]]]}},
{"type":"Feature","properties":{"id_sc":"SC_A_0174","outlet":"N_A_0055","area_ha":1.0306123683297888,"pct_imp":30.0,"width_m":95.85581638750422,"slope_pc":5.9041062078226121,"cn":79.0,"metodo":"VORONOI_PRELIM","editar":"SIM"},"geometry":{"type":"Polygon","coordinates":[[[-34.912114075078016,-7.263770510156959],[-34.911523887477728,-7.262911586608374],[-34.911217666953618,-7.263734200032482],[-34.91114394492908,-7.264375948718531],[-34.911176061141312,-7.264377373237742],[-34.911852489988533,-7.264220942926067],[-34.912121900969204,-7.26404825695887],[-34.912114075078016,-7.263770510156959]]]}},
{"type":"Feature","properties":{"id_sc":"SC_A_0175","outlet":"N_A_0032","area_ha":0.19156272062983878,"pct_imp":30.0,"width_m":24.418860583052865,"slope_pc":8.5345573690523278,"cn":79.0,"metodo":"VORONOI_PRELIM","editar":"SIM"},"geometry":{"type":"Polygon","coordinates":[[[-34.91218543480646,-7.267587147783624],[-34.912164280505806,-7.267564188478501],[-34.911562690761251,-7.267852034587031],[-34.91158205371373,-7.268141449511418],[-34.911654239043152,-7.268141145146873],[-34.911654047884205,-7.268095941185222],[-34.911699317786059,-7.26809575030307],[-34.911699126623809,-7.268050546342524],[-34.911653856726474,-7.268050737223473],[-34.911653474414685,-7.267960329299694],[-34.911744014190049,-7.267959947538078],[-34.911743631865065,-7.267869539618715],[-34.911834171617471,-7.267869157843841],[-34.91183398044776,-7.267823953886419],[-34.91192452018624,-7.267823572095891],[-34.91192432900872,-7.267778368140771],[-34.912060138593723,-7.267777795424728],[-34.912060329784808,-7.267822999376246],[-34.912015059919845,-7.267823190287307],[-34.912015633486853,-7.2679588021449],[-34.912151443118773,-7.267958229387376],[-34.912151251914992,-7.267913025438542],[-34.912287061522363,-7.267912452643999],[-34.912286870306239,-7.267867248698666],[-34.912311068645828,-7.267867146635408],[-34.91218543480646,-7.267587147783624]]]}},
{"type":"Feature","properties":{"id_sc":"SC_A_0176","outlet":"N_A_0032","area_ha":0.11103956312127411,"pct_imp":30.0,"width_m":22.734631458041022,"slope_pc":13.615320924208978,"cn":79.0,"metodo":"VORONOI_PRELIM","editar":"SIM"},"geometry":{"type":"Polygon","coordinates":[[[-34.911792492777906,-7.268718450980005],[-34.911791960550843,-7.268592612058598],[-34.911882500445458,-7.268592230236311],[-34.911882309251695,-7.268547026281604],[-34.912063389008182,-7.268546262587661],[-34.912063197797565,-7.268501058637658],[-34.911927387995597,-7.268501631411287],[-34.91192681441175,-7.268366019549917],[-34.911881544488878,-7.268366210461834],[-34.911881353301226,-7.268321006506657],[-34.911836083381651,-7.26832119741286],[-34.911835892199733,-7.268275993456384],[-34.911654812527324,-7.268276757031262],[-34.911655194856209,-7.268367164953711],[-34.911609924926005,-7.268367355838546],[-34.911610307250733,-7.268457763763015],[-34.911655577189975,-7.268457572875785],[-34.911655768358692,-7.268502776836674],[-34.911701038301224,-7.268502585943731],[-34.911701611828256,-7.268638197822241],[-34.911746881783131,-7.268638006921183],[-34.911747082113365,-7.26868537376504],[-34.911792492777906,-7.268718450980005]]]}},
{"type":"Feature","properties":{"id_sc":"SC_A_0177","outlet":"N_A_0009","area_ha":0.18010793230227568,"pct_imp":30.0,"width_m":36.821657827816381,"slope_pc":9.0662182552195976,"cn":79.0,"metodo":"VORONOI_PRELIM","editar":"SIM"},"geometry":{"type":"Polygon","coordinates":[[[-34.912445557495658,-7.261277620386064],[-34.911786781066631,-7.261203893991166],[-34.911746677846516,-7.261284888689328],[-34.911742888594787,-7.261456366907139],[-34.912405206864243,-7.261456850514963],[-34.912445557495658,-7.261277620386064]]]}},
{"type":"Feature","properties":{"id_sc":"SC_A_0178","outlet":"N_A_0025","area_ha":0.71994114592349567,"pct_imp":30.0,"width_m":83.589360278382614,"slope_pc":6.4222807506775332,"cn":79.0,"metodo":"VORONOI_PRELIM","editar":"SIM"},"geometry":{"type":"Polygon","coordinates":[[[-34.911776064766883,-7.266570858972061],[-34.911180616099841,-7.266841144018969],[-34.911502013476778,-7.267698233393495],[-34.912088761729073,-7.267406061304801],[-34.911776064766883,-7.266570858972061]]]}},
{"type":"Feature","properties":{"id_sc":"SC_A_0179","outlet":"N_A_0046","area_ha":0.86285875486270924,"pct_imp":30.0,"width_m":88.76932944434995,"slope_pc":16.85974825292822,"cn":79.0,"metodo":"VORONOI_PRELIM","editar":"SIM"},"geometry":{"type":"Polygon","coordinates":[[[-34.912348077892915,-7.26496373193988],[-34.911852489988533,-7.264220942926067],[-34.911176061141312,-7.264377373237742],[-34.911845454741474,-7.26536530401618],[-34.912396454100225,-7.26505891457755],[-34.912348077892915,-7.26496373193988]]]}},
{"type":"Feature","properties":{"id_sc":"SC_A_0180","outlet":"N_A_0031","area_ha":0.13846950796644661,"pct_imp":30.0,"width_m":30.125510019575987,"slope_pc":12.393856154827466,"cn":79.0,"metodo":"VORONOI_PRELIM","editar":"SIM"},"geometry":{"type":"Polygon","coordinates":[[[-34.912088761729073,-7.267406061304801],[-34.911502013476778,-7.267698233393495],[-34.911513759234857,-7.267746846426808],[-34.911562690761251,-7.267852034587031],[-34.912164280505806,-7.267564188478501],[-34.91214578326322,-7.2675160138764],[-34.912088761729073,-7.267406061304801]]]}},
{"type":"Feature","properties":{"id_sc":"SC_A_0181","outlet":"N_A_0186","area_ha":0.37844986620638538,"pct_imp":30.0,"width_m":53.564445938041516,"slope_pc":8.6354250607152689,"cn":79.0,"metodo":"VORONOI_PRELIM","editar":"SIM"},"geometry":{"type":"Polygon","coordinates":[[[-34.911101379297904,-7.261068641213663],[-34.911762924462053,-7.261036657693501],[-34.911794643051827,-7.26063656118119],[-34.911622523375357,-7.260637286213411],[-34.911622714332886,-7.260682490190717],[-34.91130583017209,-7.260683824862493],[-34.911305639246159,-7.260638620876799],[-34.911169831743919,-7.260639192807758],[-34.91116964083276,-7.260593988818366],[-34.911033833333072,-7.260594560705148],[-34.911034024230688,-7.260639764698134],[-34.910988755057176,-7.260639955319245],[-34.910988945951487,-7.260685159313335],[-34.910943676772234,-7.260685349931133],[-34.910943785560569,-7.260711111614524],[-34.911101379297904,-7.261068641213663]]]}},
{"type":"Feature","properties":{"id_sc":"SC_A_0182","outlet":"N_A_0006","area_ha":0.88600810264126562,"pct_imp":30.0,"width_m":93.338644812204919,"slope_pc":18.162610685935725,"cn":79.0,"metodo":"VORONOI_PRELIM","editar":"SIM"},"geometry":{"type":"Polygon","coordinates":[[[-34.911690472722889,-7.262282803736654],[-34.911742888594787,-7.261456366907139],[-34.911746677846516,-7.261284888689328],[-34.91113948130532,-7.261273904297655],[-34.910849097300272,-7.26220591738026],[-34.911574817635838,-7.262309779732155],[-34.911690472722889,-7.262282803736654]]]}},
{"type":"Feature","properties":{"id_sc":"SC_A_0183","outlet":"N_A_0008","area_ha":0.64319786373287102,"pct_imp":30.0,"width_m":79.113381724972896,"slope_pc":14.085262752185642,"cn":79.0,"metodo":"VORONOI_PRELIM","editar":"SIM"},"geometry":{"type":"Polygon","coordinates":[[[-34.912405206864243,-7.261456850514963],[-34.911742888594787,-7.261456366907139],[-34.911690472722889,-7.262282803736654],[-34.912176904417855,-7.262350227902153],[-34.912243292350439,-7.262334135836657],[-34.912405206864243,-7.261456850514963]]]}},
{"type":"Feature","properties":{"id_sc":"SC_A_0184","outlet":"N_A_0048","area_ha":1.0085286771223299,"pct_imp":30.0,"width_m":93.499586417164124,"slope_pc":4.1488590457900951,"cn":79.0,"metodo":"VORONOI_PRELIM","editar":"SIM"},"geometry":{"type":"Polygon","coordinates":[[[-34.911845454741474,-7.26536530401618],[-34.911176061141312,-7.264377373237742],[-34.91114394492908,-7.264375948718531],[-34.910552044411453,-7.264544619218761],[-34.910545487182226,-7.26454890325232],[-34.911281143730243,-7.265668173221503],[-34.911873937655095,-7.265440461680809],[-34.911845454741474,-7.26536530401618]]]}},
{"type":"Feature","properties":{"id_sc":"SC_A_0185","outlet":"N_A_0041","area_ha":0.75246964869359312,"pct_imp":30.0,"width_m":84.591097332868245,"slope_pc":8.7250228138699839,"cn":79.0,"metodo":"VORONOI_PRELIM","editar":"SIM"},"geometry":{"type":"Polygon","coordinates":[[[-34.91236000748232,-7.266271478385143],[-34.911873937655095,-7.265440461680809],[-34.911281143730243,-7.265668173221503],[-34.911331521339051,-7.265784104797635],[-34.911814802927907,-7.266532232115165],[-34.91236000748232,-7.266271478385143]]]}},
{"type":"Feature","properties":{"id_sc":"SC_A_0186","outlet":"N_A_0034","area_ha":0.097966805131344203,"pct_imp":30.0,"width_m":22.231683356093452,"slope_pc":12.096960863992773,"cn":79.0,"metodo":"VORONOI_PRELIM","editar":"SIM"},"geometry":{"type":"Polygon","coordinates":[[[-34.911513759234857,-7.267746846426808],[-34.911292638159125,-7.267787540472198],[-34.911099263764427,-7.267872256174441],[-34.911336202918818,-7.267871257382231],[-34.911336394040021,-7.267916461352755],[-34.911381663932339,-7.267916270506995],[-34.911382046187448,-7.268006678445357],[-34.91142731608759,-7.268006487592687],[-34.911427698356619,-7.268096895528271],[-34.911472968264583,-7.268096704668689],[-34.911473159405446,-7.268141908635138],[-34.91158205371373,-7.268141449511418],[-34.911562690761251,-7.267852034587031],[-34.911513759234857,-7.267746846426808]]]}},
{"type":"Feature","properties":{"id_sc":"SC_A_0187","outlet":"N_A_0005","area_ha":0.82655709629586205,"pct_imp":30.0,"width_m":78.197531699039885,"slope_pc":4.8255757991230963,"cn":79.0,"metodo":"VORONOI_PRELIM","editar":"SIM"},"geometry":{"type":"Polygon","coordinates":[[[-34.911574817635838,-7.262309779732155],[-34.910849097300272,-7.26220591738026],[-34.910822386675058,-7.262211074142187],[-34.910831851501051,-7.262493523964393],[-34.911217666953618,-7.263734200032482],[-34.911523887477728,-7.262911586608374],[-34.911574817635838,-7.262309779732155]]]}},
{"type":"Feature","properties":{"id_sc":"SC_A_0188","outlet":"N_A_0187","area_ha":0.18114372139929436,"pct_imp":30.0,"width_m":37.738797063663746,"slope_pc":11.55640603924682,"cn":79.0,"metodo":"VORONOI_PRELIM","editar":"SIM"},"geometry":{"type":"Polygon","coordinates":[[[-34.911786781066631,-7.261203893991166],[-34.911762924462053,-7.261036657693501],[-34.911101379297904,-7.261068641213663],[-34.91113948130532,-7.261273904297655],[-34.911746677846516,-7.261284888689328],[-34.911786781066631,-7.261203893991166]]]}},
{"type":"Feature","properties":{"id_sc":"SC_A_0189","outlet":"N_A_0024","area_ha":0.53675147410812274,"pct_imp":30.0,"width_m":70.879584510239951,"slope_pc":5.0662634398539543,"cn":79.0,"metodo":"VORONOI_PRELIM","editar":"SIM"},"geometry":{"type":"Polygon","coordinates":[[[-34.911180616099841,-7.266841144018969],[-34.911180356388066,-7.266841160637942],[-34.910720786196876,-7.267069233636398],[-34.910979280146975,-7.26774116040591],[-34.911292638159125,-7.267787540472198],[-34.911513759234857,-7.267746846426808],[-34.911502013476778,-7.267698233393495],[-34.911180616099841,-7.266841144018969]]]}},
{"type":"Feature","properties":{"id_sc":"SC_A_0190","outlet":"N_A_0040","area_ha":0.76779400801628495,"pct_imp":30.0,"width_m":86.7055382135446,"slope_pc":7.792901109638513,"cn":79.0,"metodo":"VORONOI_PRELIM","editar":"SIM"},"geometry":{"type":"Polygon","coordinates":[[[-34.911814802927907,-7.266532232115165],[-34.911331521339051,-7.265784104797635],[-34.910708573360274,-7.26603588702108],[-34.911180356388066,-7.266841160637942],[-34.911180616099841,-7.266841144018969],[-34.911776064766883,-7.266570858972061],[-34.911814802927907,-7.266532232115165]]]}},
{"type":"Feature","properties":{"id_sc":"SC_A_0191","outlet":"N_A_0003","area_ha":0.87737669839696086,"pct_imp":30.0,"width_m":70.854024064836196,"slope_pc":6.2257519798014691,"cn":79.0,"metodo":"VORONOI_PRELIM","editar":"SIM"},"geometry":{"type":"Polygon","coordinates":[[[-34.910822386675058,-7.262211074142187],[-34.91064775786348,-7.262184096267263],[-34.910397555585227,-7.262219293350141],[-34.910272414175758,-7.262242992826542],[-34.910229071704144,-7.26290079046837],[-34.910531908109213,-7.264155972887157],[-34.910831851501051,-7.262493523964393],[-34.910822386675058,-7.262211074142187]]]}},
{"type":"Feature","properties":{"id_sc":"SC_A_0192","outlet":"N_A_0004","area_ha":0.68916037492686277,"pct_imp":30.0,"width_m":67.91776505280194,"slope_pc":7.1942297188602096,"cn":79.0,"metodo":"VORONOI_PRELIM","editar":"SIM"},"geometry":{"type":"Polygon","coordinates":[[[-34.911101379297904,-7.261068641213663],[-34.910943785560569,-7.260711111614524],[-34.910943867663264,-7.260730553926332],[-34.910898598478276,-7.26073074454082],[-34.910898980254949,-7.260821152533328],[-34.910853711059708,-7.260821343145706],[-34.910853901945366,-7.260866547143014],[-34.910808632744391,-7.260866737752082],[-34.910808823626745,-7.260911941750494],[-34.910763554420036,-7.260912132356252],[-34.9107637452991,-7.260957336355771],[-34.91071847608665,-7.260957526958217],[-34.910718666962417,-7.261002730958841],[-34.91067339774424,-7.261002921557978],[-34.91067358861671,-7.261048125559705],[-34.910628319392792,-7.26104831615553],[-34.910628510261965,-7.261093520158363],[-34.910583241032313,-7.261093710750878],[-34.910583431898196,-7.261138914754815],[-34.91053816266281,-7.26113910534402],[-34.910538353525389,-7.261184309349059],[-34.910532603740279,-7.261184333556207],[-34.91064775786348,-7.262184096267263],[-34.910822386675058,-7.262211074142187],[-34.910849097300272,-7.26220591738026],[-34.91113948130532,-7.261273904297655],[-34.911101379297904,-7.261068641213663]]]}},
{"type":"Feature","properties":{"id_sc":"SC_A_0193","outlet":"N_A_0047","area_ha":1.1591846666018235,"pct_imp":30.0,"width_m":95.282015141680006,"slope_pc":5.841234693966161,"cn":79.0,"metodo":"VORONOI_PRELIM","editar":"SIM"},"geometry":{"type":"Polygon","coordinates":[[[-34.910552044411453,-7.264544619218761],[-34.910531908109213,-7.264155972887157],[-34.910229071704144,-7.26290079046837],[-34.909769459543568,-7.263411086510246],[-34.909929783079193,-7.26477263769785],[-34.910545487182226,-7.26454890325232],[-34.910552044411453,-7.264544619218761]]]}},
{"type":"Feature","properties":{"id_sc":"SC_A_0194","outlet":"N_A_0053","area_ha":1.0115075565444802,"pct_imp":30.0,"width_m":78.867929140526911,"slope_pc":1.8037814523212035,"cn":79.0,"metodo":"VORONOI_PRELIM","editar":"SIM"},"geometry":{"type":"Polygon","coordinates":[[[-34.911217666953618,-7.263734200032482],[-34.910831851501051,-7.262493523964393],[-34.910531908109213,-7.264155972887157],[-34.910552044411453,-7.264544619218761],[-34.91114394492908,-7.264375948718531],[-34.911217666953618,-7.263734200032482]]]}},
{"type":"Feature","properties":{"id_sc":"SC_A_0195","outlet":"N_A_0035","area_ha":0.27283550940132506,"pct_imp":30.0,"width_m":32.833985120737609,"slope_pc":4.7942074716447642,"cn":79.0,"metodo":"VORONOI_PRELIM","editar":"SIM"},"geometry":{"type":"Polygon","coordinates":[[[-34.911385164830698,-7.26874423199049],[-34.911385104404104,-7.26872994193859],[-34.911204024502048,-7.268730705380889],[-34.911204215632878,-7.268775909353208],[-34.911068405679956,-7.268776481891133],[-34.911068214562682,-7.268731277915217],[-34.911022944580459,-7.268731468750967],[-34.911023135693213,-7.268776672728082],[-34.910977865705242,-7.268776863560514],[-34.910978056814699,-7.268822067538733],[-34.910208466755712,-7.268825311019828],[-34.910208848824574,-7.268915719016742],[-34.910254118846851,-7.268915528257453],[-34.910254500929632,-7.269005936251586],[-34.910299770959725,-7.269005745485386],[-34.910300153056426,-7.269096153476744],[-34.910345423094334,-7.26909596270363],[-34.910345614149044,-7.269141166697968],[-34.910390884190257,-7.269140975919142],[-34.910391075250701,-7.269186179912188],[-34.91045331386352,-7.269185917614725],[-34.911385164830698,-7.26874423199049]]]}},
{"type":"Feature","properties":{"id_sc":"SC_A_0196","outlet":"N_A_0050","area_ha":1.213202950656737,"pct_imp":30.0,"width_m":102.08211620072606,"slope_pc":1.9017278906374355,"cn":79.0,"metodo":"VORONOI_PRELIM","editar":"SIM"},"geometry":{"type":"Polygon","coordinates":[[[-34.911281143730243,-7.265668173221503],[-34.910545487182226,-7.26454890325232],[-34.909929783079193,-7.26477263769785],[-34.909909539697146,-7.2647852671283],[-34.9106986244932,-7.266023381821605],[-34.910708573360274,-7.26603588702108],[-34.911331521339051,-7.265784104797635],[-34.911281143730243,-7.265668173221503]]]}},
{"type":"Feature","properties":{"id_sc":"SC_A_0197","outlet":"N_A_0023","area_ha":0.37257944494636319,"pct_imp":30.0,"width_m":56.57442855941283,"slope_pc":3.0349721107845546,"cn":79.0,"metodo":"VORONOI_PRELIM","editar":"SIM"},"geometry":{"type":"Polygon","coordinates":[[[-34.910979280146975,-7.26774116040591],[-34.910720786196876,-7.267069233636398],[-34.910354513902334,-7.267155948351848],[-34.910624398983295,-7.267874257544597],[-34.9110089158454,-7.267872636994042],[-34.910979280146975,-7.26774116040591]]]}},
{"type":"Feature","properties":{"id_sc":"SC_A_0198","outlet":"N_A_0033","area_ha":0.02895610420778183,"pct_imp":30.0,"width_m":20.0,"slope_pc":5.994940149847892,"cn":79.0,"metodo":"VORONOI_PRELIM","editar":"SIM"},"geometry":{"type":"Polygon","coordinates":[[[-34.910979280146975,-7.26774116040591],[-34.9110089158454,-7.267872636994042],[-34.911099263764427,-7.267872256174441],[-34.911292638159125,-7.267787540472198],[-34.910979280146975,-7.26774116040591]]]}},
{"type":"Feature","properties":{"id_sc":"SC_A_0199","outlet":"N_A_0039","area_ha":0.99972287277965466,"pct_imp":30.0,"width_m":98.900179181884681,"slope_pc":3.7194827113888524,"cn":79.0,"metodo":"VORONOI_PRELIM","editar":"SIM"},"geometry":{"type":"Polygon","coordinates":[[[-34.911180356388066,-7.266841160637942],[-34.910708573360274,-7.26603588702108],[-34.9106986244932,-7.266023381821605],[-34.909934739107911,-7.26674070014175],[-34.910005479205907,-7.267157447457126],[-34.910354513902334,-7.267155948351848],[-34.910720786196876,-7.267069233636398],[-34.911180356388066,-7.266841160637942]]]}},
{"type":"Feature","properties":{"id_sc":"SC_A_0200","outlet":"N_A_0194","area_ha":0.33908982777655622,"pct_imp":30.0,"width_m":46.882037665248234,"slope_pc":6.5987332887587469,"cn":79.0,"metodo":"VORONOI_PRELIM","editar":"SIM"},"geometry":{"type":"Polygon","coordinates":[[[-34.910397555585227,-7.262219293350141],[-34.91064775786348,-7.262184096267263],[-34.910532603740279,-7.261184333556207],[-34.91044781504192,-7.26118469051634],[-34.910448005896697,-7.26122989452368],[-34.910402736648614,-7.261230085101755],[-34.910402927500094,-7.261275289110204],[-34.910267119734989,-7.26127586082097],[-34.910267310574142,-7.261321064832914],[-34.91022567203489,-7.261321240111869],[-34.910397555585227,-7.262219293350141]]]}},
{"type":"Feature","properties":{"id_sc":"SC_A_0201","outlet":"N_A_0037","area_ha":1.876842840619674,"pct_imp":30.0,"width_m":104.06695670802783,"slope_pc":5.249603322067883,"cn":79.0,"metodo":"VORONOI_PRELIM","editar":"SIM"},"geometry":{"type":"Polygon","coordinates":[[[-34.910005479205907,-7.267157447457126],[-34.909934739107911,-7.26674070014175],[-34.909518617397531,-7.264914515739734],[-34.909407211806638,-7.264909543191573],[-34.908879434705305,-7.264993506310478],[-34.908881321611339,-7.265440538241867],[-34.90892659132097,-7.265440347705717],[-34.90892926285337,-7.266073204245446],[-34.908974532625045,-7.266073013688016],[-34.908974914301069,-7.266163421761203],[-34.909020184080561,-7.266163231196865],[-34.909020374924921,-7.26620843523212],[-34.909065644707709,-7.266208244662069],[-34.909065835557811,-7.266253448696031],[-34.909111105343904,-7.266253258120269],[-34.909111487056791,-7.266343666185516],[-34.909156756850699,-7.266343475602843],[-34.909156947713498,-7.266388679634129],[-34.909202217510703,-7.266388489045749],[-34.909202408379237,-7.266433693075739],[-34.909247678179746,-7.266433502481648],[-34.90924805992951,-7.266523910538949],[-34.909293329737828,-7.26652371993795],[-34.909293711501505,-7.266614127992471],[-34.909338981317653,-7.266613937384562],[-34.909339363095242,-7.26670434543631],[-34.909384632919213,-7.266704154821494],[-34.909385014710715,-7.266794562870466],[-34.909430284542502,-7.266794372248739],[-34.909430666347923,-7.266884780294937],[-34.909475936187526,-7.266884589666303],[-34.909476318006867,-7.266974997709723],[-34.909521587854286,-7.266974807074178],[-34.909521778770305,-7.267020011094552],[-34.909567048621035,-7.267019820453293],[-34.909567430465763,-7.267110228491352],[-34.90961270032431,-7.267110037843189],[-34.909613082182958,-7.267200445878468],[-34.90965835204932,-7.267200255223397],[-34.909658733921887,-7.267290663255904],[-34.909704003796065,-7.267290472593922],[-34.909704385682552,-7.267380880623652],[-34.909716457791049,-7.267380829778467],[-34.910005479205907,-7.267157447457126]]]}},
{"type":"Feature","properties":{"id_sc":"SC_A_0202","outlet":"N_A_0038","area_ha":0.72435417792226175,"pct_imp":30.0,"width_m":72.648805320723611,"slope_pc":4.1816778546582025,"cn":79.0,"metodo":"VORONOI_PRELIM","editar":"SIM"},"geometry":{"type":"Polygon","coordinates":[[[-34.910354513902334,-7.267155948351848],[-34.910005479205907,-7.267157447457126],[-34.909716457791049,-7.267380829778467],[-34.909749655564546,-7.267380689954762],[-34.909750037464953,-7.267471097981713],[-34.90979530735477,-7.267470907305911],[-34.909795880228081,-7.267606519342035],[-34.909841150130241,-7.267606328658125],[-34.909841532060916,-7.267696736679336],[-34.909886801970892,-7.267696545988516],[-34.909887374889614,-7.267832158016029],[-34.909932644811938,-7.267831967317099],[-34.909933981696611,-7.268148395369582],[-34.909979251649354,-7.268148204657751],[-34.909979633636418,-7.268238612669496],[-34.910024903596984,-7.268238421950751],[-34.910024712598322,-7.268193217946127],[-34.910069982553146,-7.268193027224068],[-34.91006979155118,-7.268147823220545],[-34.910115061500264,-7.268147632495173],[-34.910114870494994,-7.268102428492753],[-34.910160140438343,-7.268102237764066],[-34.910159949429776,-7.26805703376275],[-34.910431569037101,-7.268055889303029],[-34.910431378002635,-7.268010685308807],[-34.910476647928398,-7.268010494550922],[-34.910476456890635,-7.267965290557809],[-34.910521726810657,-7.267965099796608],[-34.910521535769597,-7.267919895804598],[-34.910566805683878,-7.267919705040082],[-34.910566614639514,-7.267874501049175],[-34.910624398983295,-7.267874257544597],[-34.910354513902334,-7.267155948351848]]]}},
{"type":"Feature","properties":{"id_sc":"SC_A_0203","outlet":"N_A_0002","area_ha":0.48379084192712296,"pct_imp":30.0,"width_m":59.754540402112951,"slope_pc":6.4865919326647177,"cn":79.0,"metodo":"VORONOI_PRELIM","editar":"SIM"},"geometry":{"type":"Polygon","coordinates":[[[-34.910272414175758,-7.262242992826542],[-34.910397555585227,-7.262219293350141],[-34.91022567203489,-7.261321240111869],[-34.910131502784509,-7.261321636506693],[-34.910131693611326,-7.261366840522144],[-34.909995885797173,-7.261367412158932],[-34.909996076611669,-7.261412616177879],[-34.909950807333331,-7.261412806715657],[-34.909951188956946,-7.261503214755666],[-34.909905919668347,-7.26150340529133],[-34.909906492099381,-7.261639017354226],[-34.90986122279601,-7.261639207888974],[-34.90986198603639,-7.261820023976303],[-34.909816716713742,-7.261820214511337],[-34.909817289143284,-7.261955826579433],[-34.909772019805871,-7.261956017113552],[-34.909772783044261,-7.262136833207814],[-34.909727513687571,-7.262137023742214],[-34.909727603524317,-7.262158306846937],[-34.910272414175758,-7.262242992826542]]]}},
{"type":"Feature","properties":{"id_sc":"SC_A_0204","outlet":"N_A_0052","area_ha":1.3923677471219471,"pct_imp":30.0,"width_m":104.93013699193867,"slope_pc":5.7984332277909409,"cn":79.0,"metodo":"VORONOI_PRELIM","editar":"SIM"},"geometry":{"type":"Polygon","coordinates":[[[-34.909909539697146,-7.2647852671283],[-34.909518617397531,-7.264914515739734],[-34.909934739107911,-7.26674070014175],[-34.9106986244932,-7.266023381821605],[-34.909909539697146,-7.2647852671283]]]}},
{"type":"Feature","properties":{"id_sc":"SC_A_0205","outlet":"N_A_0049","area_ha":1.4417834430125154,"pct_imp":30.0,"width_m":96.89177422390415,"slope_pc":4.288810670609835,"cn":79.0,"metodo":"VORONOI_PRELIM","editar":"SIM"},"geometry":{"type":"Polygon","coordinates":[[[-34.909929783079193,-7.26477263769785],[-34.909769459543568,-7.263411086510246],[-34.909396776965416,-7.262635668837131],[-34.909367457349163,-7.26263579222509],[-34.90936764813457,-7.262680996258158],[-34.909322378712702,-7.262681186766349],[-34.909322569494812,-7.262726390800522],[-34.90927730006721,-7.262726581305399],[-34.909277490846023,-7.262771785340672],[-34.909232221412687,-7.262771975842237],[-34.909232602964948,-7.262862383914901],[-34.909187333521352,-7.262862574414354],[-34.909187524294794,-7.262907778451739],[-34.909142254845463,-7.262907968947876],[-34.909142636386967,-7.262998377024762],[-34.909097366927384,-7.262998567518784],[-34.909097557695453,-7.263043771558285],[-34.909094718098736,-7.263043783507239],[-34.909108842247861,-7.263311613112936],[-34.909407211806638,-7.264909543191573],[-34.909518617397531,-7.264914515739734],[-34.909909539697146,-7.2647852671283],[-34.909929783079193,-7.26477263769785]]]}},
{"type":"Feature","properties":{"id_sc":"SC_A_0206","outlet":"N_A_0045","area_ha":0.30943072572383479,"pct_imp":30.0,"width_m":48.01550108884355,"slope_pc":3.9901983030570425,"cn":79.0,"metodo":"VORONOI_PRELIM","editar":"SIM"},"geometry":{"type":"Polygon","coordinates":[[[-34.909108842247861,-7.263311613112936],[-34.909094718098736,-7.263043783507239],[-34.908735401938785,-7.263045295357678],[-34.90873521120686,-7.2630000913086],[-34.908327785928023,-7.26300180522709],[-34.908328167311794,-7.263092213346713],[-34.908373436801128,-7.263092022926973],[-34.908373818198804,-7.263182431043821],[-34.908419087695961,-7.263182240617172],[-34.90841946910755,-7.263272648731246],[-34.908464738612508,-7.263272458297694],[-34.908465120038002,-7.263362866408993],[-34.908510389550791,-7.263362675968536],[-34.908510580269883,-7.263407880022846],[-34.908555849785955,-7.263407689576681],[-34.908556052746398,-7.263455793603723],[-34.909108842247861,-7.263311613112936]]]}},
{"type":"Feature","properties":{"id_sc":"SC_A_0207","outlet":"N_A_0001","area_ha":0.81450415215322169,"pct_imp":30.0,"width_m":82.634494067409037,"slope_pc":5.7004801215591341,"cn":79.0,"metodo":"VORONOI_PRELIM","editar":"SIM"},"geometry":{"type":"Polygon","coordinates":[[[-34.910272414175758,-7.262242992826542],[-34.909727603524317,-7.262158306846937],[-34.90972827692741,-7.262317839839752],[-34.909683007551422,-7.262318030374435],[-34.909683198359915,-7.262363234399783],[-34.909637928978199,-7.262363424931157],[-34.909638119783395,-7.262408628957602],[-34.909592850395939,-7.262408819485664],[-34.909593232000951,-7.262499227540677],[-34.909547962603256,-7.262499418066624],[-34.909548153403072,-7.262544622095185],[-34.909502883999629,-7.262544812617819],[-34.909503074796156,-7.262590016647487],[-34.909457805386978,-7.262590207166809],[-34.909457996180201,-7.262635411197577],[-34.909396776965416,-7.262635668837131],[-34.909769459543568,-7.263411086510246],[-34.910229071704144,-7.26290079046837],[-34.910272414175758,-7.262242992826542]]]}},
{"type":"Feature","properties":{"id_sc":"SC_A_0208","outlet":"N_A_0051","area_ha":0.66911621655226505,"pct_imp":30.0,"width_m":47.191104963583783,"slope_pc":1.5654870497658124,"cn":79.0,"metodo":"VORONOI_PRELIM","editar":"SIM"},"geometry":{"type":"Polygon","coordinates":[[[-34.909407211806638,-7.264909543191573],[-34.909108842247861,-7.263311613112936],[-34.908556052746398,-7.263455793603723],[-34.908556231236837,-7.26349809768262],[-34.908601500760732,-7.263497907229549],[-34.908601691492514,-7.263543111281181],[-34.908646961019713,-7.263542920822399],[-34.908647151757222,-7.263588124872737],[-34.90882822987188,-7.263587362987718],[-34.908828420628687,-7.26363256703317],[-34.908873690158821,-7.263632376549442],[-34.908874071685133,-7.263722784637667],[-34.908919341223076,-7.263722594147029],[-34.908919722763294,-7.26381300223248],[-34.908964992309066,-7.263812811734939],[-34.908965564642081,-7.263948423858809],[-34.909010834200174,-7.263948233353161],[-34.909011406557724,-7.264083845472585],[-34.909056676128152,-7.264083654958835],[-34.909057248510223,-7.264219267073812],[-34.909102518092993,-7.264219076551957],[-34.909103472110068,-7.264445096735697],[-34.909058202504717,-7.264445287263542],[-34.909058393307269,-7.264490491301205],[-34.909013123696184,-7.264490681825737],[-34.909013314495439,-7.264535885864501],[-34.908968044878605,-7.264536076385721],[-34.908968235674564,-7.264581280425586],[-34.908922966052003,-7.264581470943493],[-34.908923347638542,-7.264671879025339],[-34.908878078005721,-7.264672069541127],[-34.9088782687963,-7.264717273583106],[-34.908832999157738,-7.264717464095582],[-34.908833380733519,-7.264807872181649],[-34.908878650381112,-7.264807681666777],[-34.908879434705305,-7.264993506310478],[-34.909407211806638,-7.264909543191573]]]}}
]
}
