{"type":"FeatureCollection","name":"Linhas de fluxo principais A+B","features":[{"type":"Feature","properties":{"id":1,"camada":"Linhas de fluxo principais A+B"},"geometry":{"type":"LineString","coordinates":[[-34.9204491290934,-7.255062462418931],[-34.92049439745775,-7.255062271000829],[-34.92053966582087,-7.255062079578221],[-34.92058493418277,-7.255061888151109],[-34.920630202543435,-7.2550616967194905],[-34.920675470902886,-7.255061505283368],[-34.92072073926109,-7.255061313842739],[-34.92076600761809,-7.255061122397604],[-34.920811275973854,-7.255060930947964],[-34.92085654432839,-7.25506073949382],[-34.920901812681706,-7.2550605480351695],[-34.92094708103379,-7.255060356572015],[-34.92099254112885,-7.255105368843773]]}},{"type":"Feature","properties":{"id":2,"camada":"Linhas de fluxo principais A+B"},"geometry":{"type":"LineString","coordinates":[[-34.92099254112885,-7.255105368843773],[-34.92103800123292,-7.255150381108516],[-34.921083269590355,-7.255150189629435],[-34.921128729706744,-7.255195201881456],[-34.92117418983216,-7.255240214126467],[-34.921219458194926,-7.255240022631458],[-34.92126472655647,-7.255239831131943],[-34.92130999491679,-7.255239639627923],[-34.921355263275885,-7.255239448119397],[-34.92140053163374,-7.255239256606367],[-34.92144579999039,-7.255239065088831],[-34.921491068345794,-7.255238873566788],[-34.92153633669999,-7.2552386820402415],[-34.92158160505294,-7.255238490509188],[-34.921626873404676,-7.255238298973632],[-34.921672141755174,-7.255238107433568],[-34.921717410104456,-7.255237915888999],[-34.9217626784525,-7.255237724339925],[-34.92180794679932,-7.255237532786345],[-34.92185321514492,-7.255237341228259],[-34.92189848348929,-7.2552371496656685],[-34.92194394367628,-7.2552821618122945],[-34.9219894038723,-7.255327173951906]]}},{"type":"Feature","properties":{"id":3,"camada":"Linhas de fluxo principais A+B"},"geometry":{"type":"LineString","coordinates":[[-34.92063039425154,-7.255106900468551],[-34.9206756626155,-7.255106709031222],[-34.92072093097823,-7.255106517589388],[-34.92076619933973,-7.255106326143049],[-34.920811467700005,-7.2551061346922046],[-34.92085673605906,-7.255105943236855],[-34.920902004416874,-7.255105751776998],[-34.920947272773475,-7.255105560312638],[-34.92099254112885,-7.255105368843773]]}},{"type":"Feature","properties":{"id":4,"camada":"Linhas de fluxo principais A+B"},"geometry":{"type":"LineString","coordinates":[[-34.921899059011,-7.255372760810162],[-34.92194413552136,-7.255327365525918],[-34.9219894038723,-7.255327173951906]]}},{"type":"Feature","properties":{"id":5,"camada":"Linhas de fluxo principais A+B"},"geometry":{"type":"LineString","coordinates":[[-34.921809289637324,-7.255553958805711],[-34.92180909779964,-7.255508755088943],[-34.92180890596319,-7.255463551372082],[-34.92180871412796,-7.255418347655123],[-34.9218539824916,-7.2554181560922135],[-34.921899059011,-7.255372760810162]]}},{"type":"Feature","properties":{"id":6,"camada":"Linhas de fluxo principais A+B"},"geometry":{"type":"LineString","coordinates":[[-34.92171875287928,-7.255554341925247],[-34.92176402125891,-7.255554150367732],[-34.921809289637324,-7.255553958805711]]}},{"type":"Feature","properties":{"id":7,"camada":"Linhas de fluxo principais A+B"},"geometry":{"type":"LineString","coordinates":[[-34.92180986515772,-7.255689569955448],[-34.92180967331636,-7.255644366238962],[-34.921809481476224,-7.255599162522384],[-34.921809289637324,-7.255553958805711]]}},{"type":"Feature","properties":{"id":8,"camada":"Linhas de fluxo principais A+B"},"geometry":{"type":"LineString","coordinates":[[-34.92208243484418,-7.255914439011816],[-34.92208224296961,-7.255869235303041],[-34.92208205109627,-7.255824031594173],[-34.92208185922415,-7.255778827885208],[-34.92208166735326,-7.255733624176151],[-34.92208147548361,-7.255688420466999],[-34.92208128361517,-7.25564321675775],[-34.922035823372404,-7.255598204638666],[-34.922035631510944,-7.255553000928024],[-34.92199017128294,-7.2555079888006295],[-34.92194471106397,-7.25546297666622],[-34.92189925085402,-7.2554179645248],[-34.921899059011,-7.255372760810162]]}},{"type":"Feature","properties":{"id":9,"camada":"Linhas de fluxo principais A+B"},"geometry":{"type":"LineString","coordinates":[[-34.92203908520512,-7.256366667705104],[-34.92208454554545,-7.256411679802072],[-34.922130005894815,-7.256456691892028]]}},{"type":"Feature","properties":{"id":10,"camada":"Linhas de fluxo principais A+B"},"geometry":{"type":"LineString","coordinates":[[-34.922129814001,-7.256411488185599],[-34.922130005894815,-7.256456691892028]]}},{"type":"Feature","properties":{"id":11,"camada":"Linhas de fluxo principais A+B"},"geometry":{"type":"LineString","coordinates":[[-34.922130005894815,-7.256456691892028],[-34.92213019778985,-7.256501895598364],[-34.92213038968612,-7.256547099304604],[-34.92213058158361,-7.25659230301075],[-34.92213077348233,-7.256637506716803],[-34.92213096538227,-7.2566827104227585],[-34.92213115728345,-7.2567279141286205],[-34.92213134918585,-7.256773117834387],[-34.92213154108948,-7.2568183215400595],[-34.92213173299434,-7.256863525245635],[-34.92213192490042,-7.256908728951119]]}},{"type":"Feature","properties":{"id":12,"camada":"Linhas de fluxo principais A+B"},"geometry":{"type":"LineString","coordinates":[[-34.921858586984,-7.256503045244089],[-34.92190404732841,-7.256548057360004],[-34.92194950768185,-7.256593069468908],[-34.92199496804431,-7.256638081570797],[-34.9220404284158,-7.256683093665673],[-34.922040620307946,-7.256728297373946]]}},{"type":"Feature","properties":{"id":13,"camada":"Linhas de fluxo principais A+B"},"geometry":{"type":"LineString","coordinates":[[-34.92194989144441,-7.256683476890562],[-34.92199515993072,-7.2566832852803715],[-34.922040620307946,-7.256728297373946]]}},{"type":"Feature","properties":{"id":14,"camada":"Linhas de fluxo principais A+B"},"geometry":{"type":"LineString","coordinates":[[-34.922040620307946,-7.256728297373946],[-34.92204081220132,-7.256773501082124],[-34.922041004095924,-7.256818704790209],[-34.92204119599175,-7.256863908498198],[-34.92204138788881,-7.256909112206094]]}},{"type":"Feature","properties":{"id":15,"camada":"Linhas de fluxo principais A+B"},"geometry":{"type":"LineString","coordinates":[[-34.92204138788881,-7.256909112206094],[-34.92208665639523,-7.256908920580859],[-34.92213192490042,-7.256908728951119]]}},{"type":"Feature","properties":{"id":16,"camada":"Linhas de fluxo principais A+B"},"geometry":{"type":"LineString","coordinates":[[-34.9220415797871,-7.256954315913892],[-34.92204138788881,-7.256909112206094]]}},{"type":"Feature","properties":{"id":17,"camada":"Linhas de fluxo principais A+B"},"geometry":{"type":"LineString","coordinates":[[-34.92195104276156,-7.256954699153252],[-34.92199631127494,-7.256954507535826],[-34.9220415797871,-7.256954315913892]]}},{"type":"Feature","properties":{"id":18,"camada":"Linhas de fluxo principais A+B"},"geometry":{"type":"LineString","coordinates":[[-34.922042155489315,-7.257089927036722],[-34.92204196358735,-7.2570447233292095],[-34.92204177168661,-7.256999519621597],[-34.9220415797871,-7.256954315913892]]}},{"type":"Feature","properties":{"id":19,"camada":"Linhas de fluxo principais A+B"},"geometry":{"type":"LineString","coordinates":[[-34.92204234739251,-7.257135130744142],[-34.922042155489315,-7.257089927036722]]}},{"type":"Feature","properties":{"id":20,"camada":"Linhas de fluxo principais A+B"},"geometry":{"type":"LineString","coordinates":[[-34.92195181033087,-7.257135513993151],[-34.9219970788623,-7.2571353223709],[-34.922042155489315,-7.257089927036722]]}},{"type":"Feature","properties":{"id":21,"camada":"Linhas de fluxo principais A+B"},"geometry":{"type":"LineString","coordinates":[[-34.92054867700334,-7.2571866557947535],[-34.92059394557732,-7.257186464311003],[-34.92063921415007,-7.257186272822746],[-34.9206844827216,-7.257186081329982],[-34.920729751291894,-7.257185889832711],[-34.92077501986096,-7.257185698330935],[-34.920820288428814,-7.2571855068246505],[-34.92086555699543,-7.25718531531386],[-34.920910825560824,-7.257185123798563],[-34.92095609412498,-7.257184932278758],[-34.921001362687925,-7.257184740754448],[-34.92104663124964,-7.25718454922563],[-34.92109189981012,-7.257184357692307],[-34.921137168369384,-7.2571841661544765],[-34.92118243692742,-7.257183974612139],[-34.92122770548422,-7.257183783065296],[-34.9212729740398,-7.257183591513946],[-34.921318242594154,-7.2571833999580875],[-34.92136351114728,-7.2571832083977235],[-34.92140877969918,-7.257183016832854],[-34.92145404824985,-7.2571828252634765],[-34.9214993167993,-7.2571826336895935],[-34.92154458534751,-7.257182442111202],[-34.9215898538945,-7.257182250528306],[-34.921635122440264,-7.257182058940901],[-34.921680390984804,-7.257181867348992],[-34.92172565952812,-7.257181675752575],[-34.9217709280702,-7.257181484151651],[-34.921816196611054,-7.25718129254622],[-34.92186127326432,-7.257135897224133],[-34.92190654179821,-7.257135705610895],[-34.92195181033087,-7.257135513993151]]}},{"type":"Feature","properties":{"id":22,"camada":"Linhas de fluxo principais A+B"},"geometry":{"type":"LineString","coordinates":[[-34.921771311828564,-7.257271891580488],[-34.92181658037845,-7.257271699972646],[-34.921861657038285,-7.257226304648338],[-34.921906733689084,-7.257180909321841],[-34.92195181033087,-7.257135513993151]]}},{"type":"Feature","properties":{"id":23,"camada":"Linhas de fluxo principais A+B"},"geometry":{"type":"LineString","coordinates":[[-34.92204330692688,-7.257361149279823],[-34.92204311501756,-7.257315945572875],[-34.92204292310945,-7.257270741865835],[-34.92204273120257,-7.2572255381587],[-34.92204253929693,-7.25718033445147],[-34.92204234739251,-7.257135130744142]]}},{"type":"Feature","properties":{"id":24,"camada":"Linhas de fluxo principais A+B"},"geometry":{"type":"LineString","coordinates":[[-34.91914611707656,-7.2573734046925695],[-34.91919138570659,-7.257373213343708],[-34.9192366543354,-7.257373021990341],[-34.91928192296297,-7.257372830632466],[-34.91932719158933,-7.257372639270086],[-34.919372460214454,-7.257372447903198],[-34.91941772883836,-7.257372256531804],[-34.919462997461046,-7.257372065155901],[-34.919508266082495,-7.257371873775494],[-34.91955353470272,-7.257371682390579],[-34.91959880332172,-7.257371491001157],[-34.9196440719395,-7.257371299607229],[-34.91968934055605,-7.257371108208794],[-34.91973460917137,-7.257370916805852],[-34.91977987778547,-7.2573707253984026],[-34.91982514639834,-7.257370533986447],[-34.91987041500999,-7.257370342569985],[-34.91991568362041,-7.257370151149017],[-34.9199609522296,-7.25736995972354],[-34.92000622083757,-7.257369768293557],[-34.92005148944431,-7.257369576859067],[-34.92009675804984,-7.257369385420072],[-34.920142026654126,-7.257369193976568],[-34.92018729525719,-7.2573690025285575],[-34.92023256385903,-7.2573688110760415],[-34.92027783245965,-7.257368619619018],[-34.920323101059026,-7.257368428157488],[-34.92036836965719,-7.257368236691452],[-34.920413638254125,-7.257368045220907],[-34.92045890684984,-7.257367853745857],[-34.92050417544432,-7.2573676622663],[-34.92054944403757,-7.257367470782235],[-34.9205947126296,-7.257367279293664],[-34.920639981220404,-7.257367087800587],[-34.920685249809985,-7.257366896303003],[-34.92073051839833,-7.257366704800911],[-34.92077578698545,-7.257366513294313],[-34.92082105557135,-7.257366321783208],[-34.92086632415602,-7.257366130267597],[-34.920911592739465,-7.257365938747478],[-34.920956861321685,-7.257365747222853],[-34.921002129902675,-7.257365555693721],[-34.92104739848244,-7.2573653641600835],[-34.92109266706098,-7.257365172621937],[-34.92113793563829,-7.257364981079285],[-34.92118320421438,-7.257364789532127],[-34.92122847278924,-7.257364597980461],[-34.92127374136287,-7.257364406424289],[-34.921319009935274,-7.257364214863609],[-34.92136427850645,-7.257364023298424],[-34.9214095470764,-7.257363831728731],[-34.92145481564513,-7.257363640154531],[-34.92150008421262,-7.257363448575824],[-34.92154535277889,-7.257363256992612],[-34.92159062134394,-7.257363065404892],[-34.921635889907755,-7.257362873812665],[-34.92168115847034,-7.257362682215932],[-34.92172642703171,-7.2573624906146925],[-34.92177169559184,-7.257362299008945],[-34.92181696415075,-7.257362107398691],[-34.92186204081715,-7.257316712072162],[-34.92190711747453,-7.2572713167434415],[-34.92195219412288,-7.257225921412531],[-34.92199727076221,-7.257180526079433],[-34.92204234739251,-7.257135130744142]]}},{"type":"Feature","properties":{"id":25,"camada":"Linhas de fluxo principais A+B"},"geometry":{"type":"LineString","coordinates":[[-34.92032405976658,-7.257594446919833],[-34.9203693283873,-7.257594255447772],[-34.920414597006804,-7.2575940639712035],[-34.92045986562508,-7.257593872490128],[-34.92050513424213,-7.257593681004546],[-34.92055040285795,-7.2575934895144565],[-34.92059567147254,-7.25759329801986],[-34.92064094008591,-7.2575931065207575],[-34.92068620869806,-7.257592915017147],[-34.92073147730897,-7.257592723509029],[-34.920776745918666,-7.257592531996406],[-34.92082201452713,-7.257592340479276],[-34.92086728313436,-7.257592148957638],[-34.92091255174037,-7.257591957431493],[-34.92095782034516,-7.257591765900842],[-34.921003088948716,-7.257591574365683],[-34.92104835755105,-7.257591382826018],[-34.92109362615215,-7.257591191281844],[-34.921138894752026,-7.257590999733166],[-34.921184163350674,-7.257590808179979],[-34.921229431948106,-7.257590616622288],[-34.9212747005443,-7.257590425060087],[-34.921319969139276,-7.25759023349338],[-34.92136523773301,-7.257590041922166],[-34.921410506325536,-7.257589850346447],[-34.92145577491682,-7.257589658766219],[-34.921501043506886,-7.257589467181484],[-34.92154631209572,-7.257589275592243],[-34.921591580683334,-7.257589083998495],[-34.92163684926972,-7.257588892400239],[-34.92168211785487,-7.257588700797477],[-34.921727386438796,-7.257588509190208],[-34.921772655021506,-7.257588317578432],[-34.92181792360298,-7.25758812596215],[-34.92186300028582,-7.257542730630063],[-34.92190807695962,-7.257497335295788],[-34.9219531536244,-7.257451939959323],[-34.92199823028016,-7.2574065446206655],[-34.92204330692688,-7.257361149279823]]}},{"type":"Feature","properties":{"id":26,"camada":"Linhas de fluxo principais A+B"},"geometry":{"type":"LineString","coordinates":[[-34.92027879114462,-7.2575946383873875],[-34.92032405976658,-7.257594446919833]]}},{"type":"Feature","properties":{"id":27,"camada":"Linhas de fluxo principais A+B"},"geometry":{"type":"LineString","coordinates":[[-34.92204465032656,-7.257677575225793],[-34.922044458408635,-7.257632371519509],[-34.92204426649194,-7.257587167813133],[-34.922044074576476,-7.257541964106659],[-34.92204388266224,-7.257496760400093],[-34.92204369074923,-7.257451556693431],[-34.92204349883744,-7.257406352986672],[-34.92204330692688,-7.257361149279823]]}},{"type":"Feature","properties":{"id":28,"camada":"Linhas de fluxo principais A+B"},"geometry":{"type":"LineString","coordinates":[[-34.92009867526991,-7.257821423002633],[-34.92014375218731,-7.257776027790457],[-34.920188829095665,-7.257730632576089],[-34.92023390599499,-7.257685237359531],[-34.92027898288529,-7.257639842140777],[-34.92032405976658,-7.257594446919833]]}},{"type":"Feature","properties":{"id":29,"camada":"Linhas de fluxo principais A+B"},"geometry":{"type":"LineString","coordinates":[[-34.92204656957326,-7.258129612283402],[-34.92204676150468,-7.258174815988641],[-34.92204695343733,-7.2582200196937885],[-34.92204714537121,-7.258265223398836],[-34.92204733730631,-7.258310427103793],[-34.92204752924264,-7.258355630808652],[-34.92204772118019,-7.258400834513417],[-34.92204791311898,-7.258446038218086],[-34.92204810505899,-7.258491241922663],[-34.92204829700023,-7.258536445627147],[-34.92204848894269,-7.258581649331532],[-34.92204868088639,-7.258626853035822],[-34.92204887283131,-7.258672056740018],[-34.922049064777454,-7.258717260444122],[-34.92204925672483,-7.258762464148126],[-34.922049448673434,-7.25880766785204],[-34.92204964062326,-7.258852871555857],[-34.922049832574324,-7.258898075259579],[-34.922050024526605,-7.258943278963207],[-34.922050216480116,-7.258988482666737],[-34.922050408434856,-7.259033686370177],[-34.92205060039082,-7.2590788900735195]]}},{"type":"Feature","properties":{"id":30,"camada":"Linhas de fluxo principais A+B"},"geometry":{"type":"LineString","coordinates":[[-34.92172968914099,-7.258130953761772],[-34.9217751496822,-7.258175965848002],[-34.92182061023242,-7.258220977927219],[-34.92186607079167,-7.25826598999942],[-34.92191153135996,-7.258311002064609],[-34.92195699193727,-7.258356014122783],[-34.922002452523614,-7.258401026173943],[-34.92200264445788,-7.258446229879818]]}},{"type":"Feature","properties":{"id":31,"camada":"Linhas de fluxo principais A+B"},"geometry":{"type":"LineString","coordinates":[[-34.921775341587754,-7.258221169560384],[-34.92182080214373,-7.258266181638298],[-34.921866262708726,-7.2583111937092],[-34.92191172328275,-7.258356205773087],[-34.9219571838658,-7.25840121782996],[-34.92200264445788,-7.258446229879818]]}},{"type":"Feature","properties":{"id":32,"camada":"Linhas de fluxo principais A+B"},"geometry":{"type":"LineString","coordinates":[[-34.92200264445788,-7.258446229879818],[-34.922002836393375,-7.2584914335856],[-34.92200302833011,-7.258536637291289],[-34.92200322026806,-7.25858184099688],[-34.92200341220724,-7.258627044702378],[-34.92200360414764,-7.258672248407779],[-34.92200379608928,-7.258717452113089],[-34.92200398803213,-7.2587626558183],[-34.92200417997622,-7.25880785952342],[-34.92200437192154,-7.258853063228441],[-34.922004563868086,-7.25889826693337],[-34.922004755815856,-7.258943470638204]]}},{"type":"Feature","properties":{"id":33,"camada":"Linhas de fluxo principais A+B"},"geometry":{"type":"LineString","coordinates":[[-34.92191229905848,-7.25849181689795],[-34.921957567726544,-7.258491625244029],[-34.92195775965875,-7.258536828950924],[-34.92195795159219,-7.2585820326577215],[-34.92195814352686,-7.258627236364425],[-34.92195833546275,-7.258672440071032],[-34.921958527399866,-7.258717643777548],[-34.921958719338214,-7.258762847483964]]}},{"type":"Feature","properties":{"id":34,"camada":"Linhas de fluxo principais A+B"},"geometry":{"type":"LineString","coordinates":[[-34.92191325870923,-7.258717835437499],[-34.921958719338214,-7.258762847483964]]}},{"type":"Feature","properties":{"id":35,"camada":"Linhas de fluxo principais A+B"},"geometry":{"type":"LineString","coordinates":[[-34.91987616636099,-7.258726455469931],[-34.91992143510683,-7.2587262640128225],[-34.91996670385143,-7.258726072551207],[-34.92001197259481,-7.258725881085083],[-34.92005743308572,-7.2587708933714925],[-34.92010289358566,-7.258815905650894],[-34.920148354094614,-7.258860917923282],[-34.92019381461261,-7.258905930188656],[-34.920239275139636,-7.2589509424470195]]}},{"type":"Feature","properties":{"id":36,"camada":"Linhas de fluxo principais A+B"},"geometry":{"type":"LineString","coordinates":[[-34.921958719338214,-7.258762847483964],[-34.92195891127779,-7.25880805119029],[-34.92195910321859,-7.258853254896519],[-34.92195929516062,-7.258898458602653]]}},{"type":"Feature","properties":{"id":37,"camada":"Linhas de fluxo principais A+B"},"geometry":{"type":"LineString","coordinates":[[-34.9200576248357,-7.258816097128443],[-34.92010308534138,-7.258861109406543],[-34.92014854585609,-7.258906121677629],[-34.920194006379816,-7.258951133941706]]}},{"type":"Feature","properties":{"id":38,"camada":"Linhas de fluxo principais A+B"},"geometry":{"type":"LineString","coordinates":[[-34.92195929516062,-7.258898458602653],[-34.922004755815856,-7.258943470638204]]}},{"type":"Feature","properties":{"id":39,"camada":"Linhas de fluxo principais A+B"},"geometry":{"type":"LineString","coordinates":[[-34.92128026440142,-7.258901333100968],[-34.921325533127295,-7.258901141499302],[-34.92137080185193,-7.258900949893127],[-34.92141607057535,-7.2589007582824445],[-34.92146133929753,-7.258900566667254],[-34.9215066080185,-7.258900375047557],[-34.92155187673823,-7.258900183423352],[-34.92159714545674,-7.258899991794638],[-34.921642414174016,-7.258899800161416],[-34.921687682890074,-7.258899608523689],[-34.921732951604895,-7.258899416881451],[-34.921778220318494,-7.258899225234707],[-34.921823489030864,-7.258899033583456],[-34.92186875774201,-7.258898841927696],[-34.92191402645193,-7.258898650267428],[-34.92195929516062,-7.258898458602653]]}},{"type":"Feature","properties":{"id":40,"camada":"Linhas de fluxo principais A+B"},"geometry":{"type":"LineString","coordinates":[[-34.922004755815856,-7.258943470638204],[-34.922004947764854,-7.25898867434294],[-34.922005139715075,-7.259033878047586],[-34.92205060039082,-7.2590788900735195]]}},{"type":"Feature","properties":{"id":41,"camada":"Linhas de fluxo principais A+B"},"geometry":{"type":"LineString","coordinates":[[-34.920239275139636,-7.2589509424470195],[-34.92028454389822,-7.258950750947826],[-34.92032981265559,-7.258950559444124],[-34.92037508141173,-7.258950367935915],[-34.92042035016664,-7.258950176423198],[-34.920465618920325,-7.258949984905972],[-34.92051088767279,-7.2589497933842395],[-34.92055615642402,-7.258949601858],[-34.920601425174034,-7.258949410327251],[-34.92064669392281,-7.2589492187919955],[-34.92069196267037,-7.258949027252231],[-34.920737231416695,-7.25894883570796],[-34.92078250016179,-7.258948644159181],[-34.92082776890567,-7.2589484526058925],[-34.92087303764832,-7.258948261048099],[-34.920918306389744,-7.258948069485795],[-34.92096357512994,-7.258947877918985],[-34.92100884386891,-7.258947686347667],[-34.921054112606654,-7.258947494771841],[-34.92109938134317,-7.258947303191507],[-34.92114465007845,-7.258947111606665],[-34.92118991881252,-7.258946920017316],[-34.921235187545356,-7.258946728423459],[-34.92128045627697,-7.2589465368250945],[-34.92132572500735,-7.258946345222223],[-34.92137099373651,-7.2589461536148425],[-34.92141626246443,-7.2589459620029535],[-34.921461531191134,-7.258945770386559],[-34.921506799916614,-7.258945578765655],[-34.92155206864086,-7.258945387140244],[-34.92159733736388,-7.258945195510325],[-34.921642606085676,-7.258945003875897],[-34.92168787480624,-7.258944812236963],[-34.92173314352558,-7.258944620593521],[-34.9217784122437,-7.25894442894557],[-34.92182368096058,-7.258944237293114],[-34.92186894967624,-7.258944045636147],[-34.92191421839067,-7.258943853974674],[-34.92195948710388,-7.258943662308693],[-34.922004755815856,-7.258943470638204]]}},{"type":"Feature","properties":{"id":42,"camada":"Linhas de fluxo principais A+B"},"geometry":{"type":"LineString","coordinates":[[-34.920194006379816,-7.258951133941706],[-34.920239275139636,-7.2589509424470195]]}},{"type":"Feature","properties":{"id":43,"camada":"Linhas de fluxo principais A+B"},"geometry":{"type":"LineString","coordinates":[[-34.91865486781669,-7.258957642078906],[-34.91870013661818,-7.258957450737486],[-34.91874540541844,-7.258957259391557],[-34.918790674217476,-7.258957068041119],[-34.91883575138351,-7.258911672896992],[-34.91888082854052,-7.258866277750671],[-34.918926097326846,-7.258866086389118],[-34.91897136611196,-7.2588658950230585],[-34.91901663489584,-7.258865703652491],[-34.919061903678504,-7.258865512277415],[-34.91910717245993,-7.258865320897831],[-34.91915244124014,-7.25886512951374],[-34.91919771001912,-7.258864938125141],[-34.91924297879687,-7.258864746732034],[-34.91928824757341,-7.25886455533442],[-34.919333516348715,-7.2588643639322985],[-34.919378785122795,-7.258864172525668],[-34.919424053895646,-7.258863981114532],[-34.91946932266728,-7.258863789698887],[-34.91951459143768,-7.258863598278733],[-34.91955986020686,-7.258863406854072],[-34.919605128974815,-7.258863215424905],[-34.919650397741535,-7.2588630239912275],[-34.91969566650704,-7.258862832553045],[-34.919740935271314,-7.258862641110352],[-34.91978620403436,-7.258862449663153],[-34.91983147279619,-7.258862258211447],[-34.91987674155678,-7.258862066755232],[-34.91992201031616,-7.25886187529451],[-34.9199672790743,-7.258861683829279],[-34.92001254783122,-7.258861492359542],[-34.920057816586905,-7.258861300885297],[-34.92010327709833,-7.258906313162096],[-34.920148737618774,-7.258951325431885],[-34.920194006379816,-7.258951133941706]]}},{"type":"Feature","properties":{"id":44,"camada":"Linhas de fluxo principais A+B"},"geometry":{"type":"LineString","coordinates":[[-34.92205060039082,-7.2590788900735195],[-34.92205079234801,-7.25912409377677],[-34.92205098430643,-7.259169297479919]]}},{"type":"Feature","properties":{"id":45,"camada":"Linhas de fluxo principais A+B"},"geometry":{"type":"LineString","coordinates":[[-34.92205098430643,-7.259169297479919],[-34.92205117626608,-7.259214501182979],[-34.92205136822696,-7.259259704885943],[-34.922051560189054,-7.2593049085888115],[-34.92209702090254,-7.259349920601229],[-34.922142481625045,-7.259394932606629]]}},{"type":"Feature","properties":{"id":46,"camada":"Linhas de fluxo principais A+B"},"geometry":{"type":"LineString","coordinates":[[-34.91974227734291,-7.259179067464697],[-34.91978754613756,-7.2591788760090665],[-34.919832814930984,-7.259178684548927],[-34.91987808372318,-7.25917849308428],[-34.91992335251415,-7.259178301615126],[-34.919968621303894,-7.2591781101414625],[-34.92001389009241,-7.2591779186632905],[-34.92005915887971,-7.259177727180612],[-34.92010442766578,-7.259177535693427],[-34.920149696450615,-7.259177344201731],[-34.920194965234224,-7.259177152705528],[-34.92024023401662,-7.259176961204818],[-34.92028550279778,-7.2591767696996],[-34.92033077157772,-7.259176578189875],[-34.92037604035642,-7.25917638667564],[-34.920421309133914,-7.259176195156897],[-34.92046657791016,-7.259176003633647],[-34.920511846685194,-7.259175812105891],[-34.920557115459005,-7.259175620573624],[-34.92060238423158,-7.25917542903685],[-34.92064765300294,-7.259175237495569],[-34.92069292177306,-7.25917504594978],[-34.92073819054196,-7.259174854399482],[-34.92078345930963,-7.259174662844678],[-34.92082872807608,-7.259174471285363],[-34.9208739968413,-7.259174279721543],[-34.9209192656053,-7.2591740881532125],[-34.92096453436806,-7.259173896580377],[-34.9210098031296,-7.2591737050030325],[-34.92105507188992,-7.259173513421179],[-34.921100340649005,-7.259173321834818],[-34.921145609406864,-7.2591731302439495],[-34.92119087816349,-7.259172938648573],[-34.9212361469189,-7.259172747048689],[-34.921281415673086,-7.259172555444297],[-34.92132668442604,-7.259172363835396],[-34.92137195317777,-7.259172172221989],[-34.921417221928266,-7.259171980604072],[-34.921462490677534,-7.259171788981649],[-34.92150775942559,-7.259171597354716],[-34.921553028172404,-7.259171405723277],[-34.921598296918,-7.259171214087329],[-34.921643565662364,-7.259171022446874],[-34.92168883440551,-7.259170830801911],[-34.921734103147415,-7.2591706391524395],[-34.92177937188809,-7.259170447498461],[-34.921824640627555,-7.259170255839974],[-34.92186990936579,-7.2591700641769785],[-34.921915178102786,-7.259169872509474],[-34.92196044683856,-7.259169680837464],[-34.922005715573114,-7.259169489160946],[-34.92205098430643,-7.259169297479919]]}},{"type":"Feature","properties":{"id":47,"camada":"Linhas de fluxo principais A+B"},"geometry":{"type":"LineString","coordinates":[[-34.922142481625045,-7.259394932606629],[-34.92214267359986,-7.259440136306802],[-34.92218813433714,-7.259485148303887]]}},{"type":"Feature","properties":{"id":48,"camada":"Linhas de fluxo principais A+B"},"geometry":{"type":"LineString","coordinates":[[-34.92209721287161,-7.259395124302702],[-34.922142481625045,-7.259394932606629]]}},{"type":"Feature","properties":{"id":49,"camada":"Linhas de fluxo principais A+B"},"geometry":{"type":"LineString","coordinates":[[-34.92218813433714,-7.259485148303887],[-34.922188326318924,-7.259530352002663],[-34.92223378707097,-7.2595753639914316],[-34.922233979059726,-7.259620567688811],[-34.922279439826546,-7.259665579669263],[-34.92227963182227,-7.259710783365249],[-34.922279823819224,-7.259755987061139],[-34.92232528460655,-7.259800999031975]]}},{"type":"Feature","properties":{"id":50,"camada":"Linhas de fluxo principais A+B"},"geometry":{"type":"LineString","coordinates":[[-34.92232432460538,-7.259574980558081],[-34.92232451660316,-7.2596201842530474],[-34.92232470860216,-7.259665387947922],[-34.922324900602405,-7.259710591642701],[-34.92232509260386,-7.259755795337385],[-34.92232528460655,-7.259800999031975]]}},{"type":"Feature","properties":{"id":51,"camada":"Linhas de fluxo principais A+B"},"geometry":{"type":"LineString","coordinates":[[-34.92155475540649,-7.259578239166769],[-34.92160002419271,-7.2595780475199705],[-34.92164529297771,-7.259577855868664],[-34.92169056176147,-7.2595776642128484],[-34.921735830544016,-7.259577472552524],[-34.92178109932533,-7.259577280887695],[-34.92182636810542,-7.259577089218354],[-34.921871636884276,-7.259576897544506],[-34.92191690566191,-7.2595767058661504],[-34.92196217443832,-7.259576514183286],[-34.922007443213495,-7.259576322495914],[-34.92205271198745,-7.259576130804033],[-34.92209778878619,-7.2595307354065515],[-34.9221428655759,-7.259485340006881],[-34.92218813433714,-7.259485148303887]]}},{"type":"Feature","properties":{"id":52,"camada":"Linhas de fluxo principais A+B"},"geometry":{"type":"LineString","coordinates":[[-34.92232528460655,-7.259800999031975],[-34.92237074540292,-7.259846010995793],[-34.92241620620831,-7.259891022952599],[-34.92246166702274,-7.259936034902386],[-34.922507127846195,-7.259981046845159],[-34.92255258867868,-7.260026058780917],[-34.92259804952019,-7.2600710707096585]]}},{"type":"Feature","properties":{"id":53,"camada":"Linhas de fluxo principais A+B"},"geometry":{"type":"LineString","coordinates":[[-34.92237112942347,-7.259936418382085],[-34.922416590240346,-7.259981430336287],[-34.922462051066255,-7.260026442283475],[-34.922507511901195,-7.260071454223645]]}},{"type":"Feature","properties":{"id":54,"camada":"Linhas de fluxo principais A+B"},"geometry":{"type":"LineString","coordinates":[[-34.9224167822582,-7.260026634027991],[-34.92246224308986,-7.260071645973875]]}},{"type":"Feature","properties":{"id":55,"camada":"Linhas de fluxo principais A+B"},"geometry":{"type":"LineString","coordinates":[[-34.917256130101094,-7.26004846334995],[-34.9173015905578,-7.260093475947127],[-34.91734705102353,-7.260138488537297],[-34.91739251149829,-7.260183501120458],[-34.917437971982096,-7.260228513696609],[-34.91748343247492,-7.260273526265749],[-34.917528892976776,-7.260318538827879]]}},{"type":"Feature","properties":{"id":56,"camada":"Linhas de fluxo principais A+B"},"geometry":{"type":"LineString","coordinates":[[-34.92259804952019,-7.2600710707096585],[-34.92264351037073,-7.260116082631383],[-34.92268897123031,-7.260161094546093],[-34.922734432098906,-7.260206106453787],[-34.92277989297654,-7.260251118354464],[-34.922825353863196,-7.260296130248123]]}},{"type":"Feature","properties":{"id":57,"camada":"Linhas de fluxo principais A+B"},"geometry":{"type":"LineString","coordinates":[[-34.922507511901195,-7.260071454223645],[-34.92255278071131,-7.260071262468905],[-34.92259804952019,-7.2600710707096585]]}},{"type":"Feature","properties":{"id":58,"camada":"Linhas de fluxo principais A+B"},"geometry":{"type":"LineString","coordinates":[[-34.92246224308986,-7.260071645973875],[-34.922507511901195,-7.260071454223645]]}},{"type":"Feature","properties":{"id":59,"camada":"Linhas de fluxo principais A+B"},"geometry":{"type":"LineString","coordinates":[[-34.921556866605336,-7.2600754800317135],[-34.92160213544122,-7.260075288371652],[-34.92164740427587,-7.260075096707083],[-34.921692673109305,-7.260074905038005],[-34.92173794194151,-7.260074713364419],[-34.92178321077248,-7.260074521686321],[-34.92182847960223,-7.260074330003718],[-34.921873748430755,-7.2600741383166065],[-34.92191901725805,-7.260073946624986],[-34.92196428608412,-7.260073754928856],[-34.92200955490896,-7.260073563228218],[-34.92205482373257,-7.260073371523072],[-34.922100092554956,-7.260073179813417],[-34.92214536137612,-7.260072988099254],[-34.92219063019604,-7.260072796380583],[-34.92223589901475,-7.2600726046574025],[-34.922281167832224,-7.2600724129297145],[-34.922326436648476,-7.260072221197516],[-34.92237170546349,-7.260072029460812],[-34.92241697427729,-7.2600718377195985],[-34.92246224308986,-7.260071645973875]]}},{"type":"Feature","properties":{"id":60,"camada":"Linhas de fluxo principais A+B"},"geometry":{"type":"LineString","coordinates":[[-34.91861438964233,-7.260087928265035],[-34.918659658557914,-7.260087736898025],[-34.91870492747226,-7.260087545526505],[-34.91875019638539,-7.260087354150478],[-34.91879546529729,-7.260087162769944],[-34.9188409258716,-7.260132175171615],[-34.91888638645494,-7.260177187566276],[-34.91893184704731,-7.260222199953927],[-34.91897730764872,-7.260267212334565],[-34.919022768259154,-7.26031222470819],[-34.91906803718628,-7.260312033294582],[-34.91911330611217,-7.260311841876465],[-34.919158766738214,-7.260356854231654],[-34.919204227373285,-7.260401866579832],[-34.91924968801739,-7.260446878920997],[-34.91929514867052,-7.2604918912551515],[-34.91934060933268,-7.260536903582292]]}},{"type":"Feature","properties":{"id":61,"camada":"Linhas de fluxo principais A+B"},"geometry":{"type":"LineString","coordinates":[[-34.92264389446019,-7.260206490002062],[-34.922689355331244,-7.26025150191417],[-34.92273481621133,-7.2602965138192594]]}},{"type":"Feature","properties":{"id":62,"camada":"Linhas de fluxo principais A+B"},"geometry":{"type":"LineString","coordinates":[[-34.92273481621133,-7.2602965138192594],[-34.922780085037886,-7.260296322035945],[-34.922825353863196,-7.260296130248123]]}},{"type":"Feature","properties":{"id":63,"camada":"Linhas de fluxo principais A+B"},"geometry":{"type":"LineString","coordinates":[[-34.92250847206018,-7.260297472668198],[-34.922553740892866,-7.260297280907427],[-34.92259900972432,-7.260297089142148],[-34.92264427855456,-7.260296897372361],[-34.922689547383555,-7.260296705598063],[-34.92273481621133,-7.2602965138192594]]}},{"type":"Feature","properties":{"id":64,"camada":"Linhas de fluxo principais A+B"},"geometry":{"type":"LineString","coordinates":[[-34.919973415471404,-7.260308204075623],[-34.92001868437279,-7.260308012567335],[-34.920063953272944,-7.260307821054538],[-34.92010922217189,-7.260307629537233],[-34.92015449106959,-7.260307438015418],[-34.920199759966074,-7.260307246489095],[-34.92024502886132,-7.260307054958263],[-34.92029029775536,-7.260306863422922],[-34.92033556664816,-7.2603066718830735],[-34.92038083553973,-7.260306480338716],[-34.920426104430085,-7.26030628878985],[-34.92047137331921,-7.260306097236476],[-34.92051664220711,-7.260305905678593],[-34.920561911093785,-7.2603057141162],[-34.92060717997923,-7.260305522549299],[-34.92065244886345,-7.260305330977891],[-34.92069771774644,-7.260305139401972],[-34.920742986628206,-7.260304947821546],[-34.92078825550875,-7.260304756236611],[-34.920833524388065,-7.260304564647168],[-34.92087879326615,-7.260304373053214],[-34.92092406214301,-7.260304181454754],[-34.92096933101865,-7.260303989851785],[-34.92101459989305,-7.260303798244306],[-34.921059868766235,-7.260303606632319],[-34.92110513763818,-7.260303415015823],[-34.92115040650891,-7.2603032233948195],[-34.921195675378414,-7.260303031769307],[-34.92124094424669,-7.2603028401392855],[-34.92128621311373,-7.260302648504756],[-34.92133148197955,-7.260302456865719],[-34.921376750844146,-7.260302265222171],[-34.921422019707514,-7.260302073574114],[-34.92146728856966,-7.260301881921551],[-34.92151255743057,-7.260301690264478],[-34.921557826290254,-7.260301498602896],[-34.92160309514871,-7.260301306936806],[-34.92164836400595,-7.260301115266207],[-34.921693632861945,-7.2603009235911005],[-34.92173890171673,-7.260300731911484],[-34.92178417057028,-7.26030054022736],[-34.9218294394226,-7.260300348538726],[-34.9218747082737,-7.260300156845585],[-34.921919977123565,-7.260299965147935],[-34.92196524597221,-7.260299773445776],[-34.922010514819625,-7.260299581739108],[-34.92205578366581,-7.2602993900279325],[-34.92210105251077,-7.260299198312248],[-34.922146321354504,-7.260299006592053],[-34.92219159019701,-7.260298814867352],[-34.922236859038286,-7.260298623138143],[-34.92228212787834,-7.260298431404422],[-34.922327396717165,-7.260298239666194],[-34.922372665554754,-7.260298047923458],[-34.92241793439113,-7.260297856176214],[-34.92246320322627,-7.260297664424461],[-34.92250847206018,-7.260297472668198]]}},{"type":"Feature","properties":{"id":65,"camada":"Linhas de fluxo principais A+B"},"geometry":{"type":"LineString","coordinates":[[-34.917528892976776,-7.260318538827879],[-34.917574161944316,-7.260318347563057],[-34.91761943091064,-7.260318156293725],[-34.917664699875736,-7.260317965019887],[-34.91770996883961,-7.26031777374154],[-34.91775523780226,-7.260317582458683],[-34.91775542936366,-7.260362786273811],[-34.91775562092628,-7.260407990088847],[-34.9178010814651,-7.260453002612812],[-34.91784654201295,-7.260498015129767],[-34.91789200256983,-7.260543027639712]]}},{"type":"Feature","properties":{"id":66,"camada":"Linhas de fluxo principais A+B"},"geometry":{"type":"LineString","coordinates":[[-34.91748362400801,-7.260318730088192],[-34.917528892976776,-7.260318538827879]]}},{"type":"Feature","properties":{"id":67,"camada":"Linhas de fluxo principais A+B"},"geometry":{"type":"LineString","coordinates":[[-34.91934041760835,-7.260491699809674],[-34.91934060933268,-7.260536903582292]]}},{"type":"Feature","properties":{"id":68,"camada":"Linhas de fluxo principais A+B"},"geometry":{"type":"LineString","coordinates":[[-34.92287158305757,-7.260521956849718],[-34.92287139098106,-7.260476753171123],[-34.922871198905774,-7.260431549492432]]}},{"type":"Feature","properties":{"id":69,"camada":"Linhas de fluxo principais A+B"},"geometry":{"type":"LineString","coordinates":[[-34.921377710469436,-7.260528283815094],[-34.921422979355384,-7.26052809216101],[-34.921468248240096,-7.260527900502418],[-34.92151351712358,-7.260527708839316],[-34.921558786005846,-7.260527517171708],[-34.92160405488688,-7.260527325499589],[-34.92164932376669,-7.260527133822961],[-34.92169459264527,-7.260526942141825],[-34.92173986152262,-7.26052675045618],[-34.921785130398746,-7.260526558766026],[-34.921830399273645,-7.260526367071363],[-34.921875668147315,-7.260526175372193],[-34.92192093701976,-7.260525983668513],[-34.921966205890975,-7.260525791960325],[-34.92201147476097,-7.260525600247627],[-34.92205674362973,-7.260525408530421],[-34.92210201249727,-7.260525216808706],[-34.92214728136358,-7.260525025082483],[-34.92219255022866,-7.26052483335175],[-34.92223781909251,-7.2605246416165095],[-34.92228308795514,-7.260524449876759],[-34.9223281647942,-7.26047905443943],[-34.92237324162424,-7.260433658999909],[-34.92241831844525,-7.260388263558195],[-34.92246339525723,-7.260342868114291],[-34.92250847206018,-7.260297472668198]]}},{"type":"Feature","properties":{"id":70,"camada":"Linhas de fluxo principais A+B"},"geometry":{"type":"LineString","coordinates":[[-34.91934060933268,-7.260536903582292],[-34.91934080105824,-7.260582107354814]]}},{"type":"Feature","properties":{"id":71,"camada":"Linhas de fluxo principais A+B"},"geometry":{"type":"LineString","coordinates":[[-34.91929534039033,-7.2605370950289725],[-34.91934080105824,-7.260582107354814]]}},{"type":"Feature","properties":{"id":72,"camada":"Linhas de fluxo principais A+B"},"geometry":{"type":"LineString","coordinates":[[-34.91789200256983,-7.260543027639712],[-34.917937463135736,-7.260588040142646],[-34.91798292371068,-7.260633052638568],[-34.91798311530322,-7.260678256447019],[-34.91798330689699,-7.260723460255372],[-34.91798349849199,-7.260768664063629],[-34.91798369008822,-7.2608138678717955],[-34.917983881685664,-7.260859071679865],[-34.91798407328433,-7.26090427548784],[-34.91798426488423,-7.26094947929572],[-34.91798445648535,-7.260994683103504],[-34.917984648087696,-7.261039886911197],[-34.917984839691265,-7.261085090718792],[-34.91798503129606,-7.26113029452629],[-34.91798522290208,-7.261175498333699],[-34.917985414509324,-7.261220702141007],[-34.91798560611779,-7.261265905948224],[-34.91798579772749,-7.261311109755345],[-34.91803125839756,-7.261356122224784],[-34.918076719076666,-7.261401134687212],[-34.9181221797648,-7.261446147142626],[-34.91816764046197,-7.261491159591033],[-34.91821310116817,-7.2615361720324225],[-34.9182585618834,-7.261581184466808],[-34.918304022607664,-7.261626196894177],[-34.91834948334096,-7.261671209314534],[-34.91839494408328,-7.261716221727881],[-34.91844040483464,-7.261761234134219],[-34.91848586559504,-7.26180624653354],[-34.91853132636445,-7.2618512589258515],[-34.91857678714291,-7.261896271311152],[-34.918622247930394,-7.26194128368944],[-34.918667708726915,-7.261986296060714],[-34.91871316953247,-7.262031308424979],[-34.91875863034705,-7.262076320782225],[-34.918804091170664,-7.262121333132464],[-34.91884955200331,-7.26216634547569],[-34.918895012845,-7.2622113578119025],[-34.918940473695706,-7.262256370141101],[-34.91898593455546,-7.262301382463288],[-34.919031395424234,-7.262346394778464],[-34.91907685630204,-7.262391407086625],[-34.91912231718889,-7.26243641938777],[-34.91916777808476,-7.262481431681906],[-34.91921323898968,-7.262526443969028],[-34.919258699903615,-7.262571456249137]]}},{"type":"Feature","properties":{"id":73,"camada":"Linhas de fluxo principais A+B"},"geometry":{"type":"LineString","coordinates":[[-34.91730350571416,-7.260545514219217],[-34.9173487747104,-7.260545322970923],[-34.91739404370542,-7.260545131718121],[-34.91743931269922,-7.260544940460808],[-34.91748458169179,-7.260544749198989],[-34.91752985068314,-7.2605445579326595],[-34.91757511967326,-7.260544366661822],[-34.91762038866216,-7.260544175386476],[-34.917665657649835,-7.2605439841066195],[-34.91771092663628,-7.260543792822257],[-34.9177561956215,-7.260543601533383],[-34.9178014646055,-7.260543410240002],[-34.91784673358828,-7.260543218942111],[-34.91789200256983,-7.260543027639712]]}},{"type":"Feature","properties":{"id":74,"camada":"Linhas de fluxo principais A+B"},"geometry":{"type":"LineString","coordinates":[[-34.91725823671669,-7.260545705463001],[-34.91730350571416,-7.260545514219217]]}},{"type":"Feature","properties":{"id":75,"camada":"Linhas de fluxo principais A+B"},"geometry":{"type":"LineString","coordinates":[[-34.915764359113616,-7.2605520139784625],[-34.91580981952483,-7.260597026749839],[-34.915855279945085,-7.260642039514209],[-34.91590074037437,-7.26068705227157],[-34.91594620081268,-7.260732065021924],[-34.915991661260016,-7.260777077765268]]}},{"type":"Feature","properties":{"id":76,"camada":"Linhas de fluxo principais A+B"},"geometry":{"type":"LineString","coordinates":[[-34.91934080105824,-7.260582107354814],[-34.91934099278501,-7.260627311127241],[-34.91938645346769,-7.260672323444772],[-34.9194319141594,-7.26071733575529],[-34.919477374860136,-7.260762348058793],[-34.9195228355699,-7.260807360355288],[-34.919568296288695,-7.260852372644768],[-34.91956848804541,-7.260897576410605],[-34.91956867980334,-7.2609427801763475],[-34.919568871562504,-7.260987983941993],[-34.91956906332289,-7.2610331877075485],[-34.919569255084504,-7.261078391473005],[-34.919614715841035,-7.261123403748973],[-34.919660176606605,-7.261168416017934],[-34.91970563738119,-7.261213428279879],[-34.919751098164824,-7.26125844053481],[-34.919796558957486,-7.26130345278273]]}},{"type":"Feature","properties":{"id":77,"camada":"Linhas de fluxo principais A+B"},"geometry":{"type":"LineString","coordinates":[[-34.91114710174013,-7.2606166859729395],[-34.911192561821146,-7.26066169932539],[-34.91123783099144,-7.260661508683391],[-34.91128310016051,-7.260661318036885],[-34.911328560257154,-7.260706331370918],[-34.91137382942829,-7.260706140714195],[-34.911419098598216,-7.260705950052961],[-34.91146436776692,-7.2607057593872195],[-34.9115096369344,-7.2607055687169675],[-34.911554906100655,-7.260705378042207],[-34.911600175265704,-7.260705187362937],[-34.911645444429524,-7.260704996679159],[-34.911690713592115,-7.260704805990873],[-34.9117359827535,-7.260704615298076],[-34.91178125191366,-7.260704424600772],[-34.91182652107259,-7.260704233898958],[-34.91187179023031,-7.260704043192635],[-34.9119170593868,-7.260703852481802],[-34.911962519535315,-7.260748865734623],[-34.91200797969285,-7.26079387898044],[-34.91205343985941,-7.260838892219257],[-34.91209890003501,-7.260883905451068],[-34.912144360219635,-7.260928918675877],[-34.9121898204133,-7.260973931893682],[-34.912235280615995,-7.261018945104481],[-34.91228074082772,-7.261063958308282],[-34.912326201048465,-7.261108971505076],[-34.91237166127825,-7.261153984694863],[-34.912417121517066,-7.261198997877651],[-34.91246258176491,-7.261244011053432],[-34.91250804202179,-7.261289024222211],[-34.9125535022877,-7.261334037383985],[-34.91259896256265,-7.261379050538754],[-34.91264442284662,-7.26142406368652],[-34.91268988313963,-7.2614690768272805]]}},{"type":"Feature","properties":{"id":78,"camada":"Linhas de fluxo principais A+B"},"geometry":{"type":"LineString","coordinates":[[-34.917123004233545,-7.260681890661516],[-34.91716808173695,-7.260636495597541],[-34.91721315923134,-7.260591100531372],[-34.91725823671669,-7.260545705463001]]}},{"type":"Feature","properties":{"id":79,"camada":"Linhas de fluxo principais A+B"},"geometry":{"type":"LineString","coordinates":[[-34.91418051565442,-7.260694311191293],[-34.914225784748616,-7.260694120250505],[-34.914271053841595,-7.260693929305208],[-34.914316322933345,-7.260693738355401],[-34.91436159202388,-7.260693547401085],[-34.914406861113186,-7.260693356442262],[-34.91445213020127,-7.26069316547893],[-34.91449739928813,-7.2606929745110875],[-34.91454266837377,-7.260692783538737],[-34.91458793745819,-7.2606925925618775],[-34.91463320654138,-7.260692401580509],[-34.914678475623354,-7.260692210594631],[-34.914723744704105,-7.260692019604245],[-34.914769013783626,-7.2606918286093505],[-34.91481428286194,-7.260691637609947],[-34.91485955193901,-7.2606914466060335],[-34.91490482101487,-7.26069125559761],[-34.91495009008951,-7.260691064584679],[-34.91499535916292,-7.260690873567239],[-34.91504062823512,-7.260690682545291],[-34.91508589730608,-7.260690491518833],[-34.91513116637583,-7.260690300487866],[-34.915176435444344,-7.2606901094523915],[-34.915221704511644,-7.260689918412408],[-34.91526697357772,-7.260689727367914],[-34.91531224264258,-7.26068953631891],[-34.91535751170621,-7.2606893452653996],[-34.915402780768616,-7.2606891542073795],[-34.9154480498298,-7.26068896314485],[-34.91549331888976,-7.260688772077813],[-34.9155385879485,-7.260688581006266],[-34.91558385700601,-7.26068838993021],[-34.915629126062306,-7.260688198849646],[-34.91567439511737,-7.260688007764571],[-34.91571966417122,-7.260687816674989],[-34.91576493322384,-7.260687625580898],[-34.91581020227524,-7.260687434482298],[-34.91585566270697,-7.260732447244073],[-34.91590112314772,-7.26077745999884],[-34.91594639220448,-7.260777268884308],[-34.915991661260016,-7.260777077765268]]}},{"type":"Feature","properties":{"id":80,"camada":"Linhas de fluxo principais A+B"},"geometry":{"type":"LineString","coordinates":[[-34.91676123501692,-7.260773828051712],[-34.916806504050435,-7.26077363685151],[-34.91685177308271,-7.2607734456468],[-34.91689704211378,-7.260773254437579],[-34.91694231114362,-7.260773063223851],[-34.916987388676574,-7.2607276681708885],[-34.917032466200496,-7.260682273115723],[-34.917077543715386,-7.260636878058362],[-34.91712281272679,-7.260636686830206],[-34.91716789022691,-7.260591291767342],[-34.917212967718,-7.260545896702278],[-34.91725823671669,-7.260545705463001]]}},{"type":"Feature","properties":{"id":81,"camada":"Linhas de fluxo principais A+B"},"geometry":{"type":"LineString","coordinates":[[-34.915991661260016,-7.260777077765268],[-34.916036930314334,-7.260776886641718],[-34.91608219936742,-7.260776695513661],[-34.91612746841928,-7.260776504381092],[-34.91617273746993,-7.260776313244016],[-34.916218006519344,-7.260776122102431],[-34.916263275567545,-7.260775930956337],[-34.91630854461451,-7.2607757398057355],[-34.91635381366026,-7.260775548650622],[-34.916399082704785,-7.260775357491002],[-34.91644435174808,-7.260775166326872],[-34.91648962079016,-7.260774975158233],[-34.91653488983102,-7.2607747839850845],[-34.916580158870644,-7.260774592807428],[-34.91662542790905,-7.2607744016252616],[-34.91667069694623,-7.260774210438588],[-34.916715965982185,-7.260774019247404],[-34.91676123501692,-7.260773828051712]]}},{"type":"Feature","properties":{"id":82,"camada":"Linhas de fluxo principais A+B"},"geometry":{"type":"LineString","coordinates":[[-34.91599280966364,-7.2610483009303834],[-34.91603788733686,-7.261002905940205],[-34.91608315641253,-7.261002714806136],[-34.916128425486974,-7.261002523667556],[-34.9161736945602,-7.261002332524469],[-34.91621896363219,-7.261002141376872],[-34.916264232702964,-7.261001950224767],[-34.91630950177252,-7.261001759068151],[-34.91635477084084,-7.261001567907027],[-34.91640003990794,-7.261001376741393],[-34.91644511752622,-7.2609559817225655],[-34.916490195135474,-7.260910586701539],[-34.91653546418988,-7.260910395524784],[-34.91658073324305,-7.26091020434352],[-34.916626002295004,-7.260910013157746],[-34.91667107987801,-7.260864618124599],[-34.91671615745198,-7.260819223089255],[-34.91676123501692,-7.260773828051712]]}},{"type":"Feature","properties":{"id":83,"camada":"Linhas de fluxo principais A+B"},"geometry":{"type":"LineString","coordinates":[[-34.911511928391874,-7.261248016472603],[-34.911557197612325,-7.2612478257834505],[-34.91160246683155,-7.261247635089788],[-34.91164773604956,-7.261247444391616],[-34.91169300526634,-7.261247253688935],[-34.911738274481905,-7.261247062981743],[-34.91178354369625,-7.2612468722700445],[-34.91182881290938,-7.261246681553835],[-34.91187408212128,-7.261246490833117],[-34.911919542335326,-7.261291504076113],[-34.911965002558404,-7.261336517312108],[-34.91201046279051,-7.261381530541098],[-34.91205592303166,-7.261426543763085],[-34.91210138328183,-7.261471556978066]]}},{"type":"Feature","properties":{"id":84,"camada":"Linhas de fluxo principais A+B"},"geometry":{"type":"LineString","coordinates":[[-34.91979636716716,-7.261258249023769],[-34.919796558957486,-7.26130345278273]]}},{"type":"Feature","properties":{"id":85,"camada":"Linhas de fluxo principais A+B"},"geometry":{"type":"LineString","coordinates":[[-34.919796558957486,-7.26130345278273],[-34.91979675074903,-7.261348656541596],[-34.9197969425418,-7.261393860300366],[-34.9197971343358,-7.261439064059041],[-34.919797326131025,-7.2614842678176235],[-34.91979751792747,-7.261529471576108],[-34.91979770972515,-7.2615746753345],[-34.91979790152405,-7.261619879092797],[-34.91979809332418,-7.261665082850997],[-34.91979828512553,-7.261710286609103],[-34.919798476928115,-7.261755490367116],[-34.919798668731914,-7.261800694125034],[-34.91979886053695,-7.261845897882854],[-34.91979905234321,-7.261891101640583],[-34.91984451321954,-7.261936113864596],[-34.9198899741049,-7.261981126081595],[-34.919935434999296,-7.262026138291582],[-34.919980895902725,-7.26207115049455],[-34.920026356815185,-7.262116162690507]]}},{"type":"Feature","properties":{"id":86,"camada":"Linhas de fluxo principais A+B"},"geometry":{"type":"LineString","coordinates":[[-34.91635630239339,-7.261363198712344],[-34.91640138004375,-7.261317803687961],[-34.916446457685076,-7.261272408661378],[-34.91649153531738,-7.261227013632596],[-34.91653661294063,-7.261181618601618],[-34.91658169055487,-7.261136223568436],[-34.91662676816007,-7.261090828533062],[-34.91667184575624,-7.261045433495485],[-34.91671692334339,-7.261000038455707],[-34.91676200092149,-7.260954643413733],[-34.91680726997306,-7.260954452208722],[-34.91685253902341,-7.2609542609992],[-34.916897808072534,-7.260954069785169],[-34.916942885624394,-7.260908674731079],[-34.916987963167216,-7.260863279674787],[-34.91703304070102,-7.2608178846163],[-34.91707811822579,-7.260772489555613],[-34.91712319574152,-7.26072709449273],[-34.91716827324823,-7.260681699427649],[-34.917213350745904,-7.260636304360368],[-34.91725842823455,-7.260590909290893],[-34.91730350571416,-7.260545514219217]]}},{"type":"Feature","properties":{"id":87,"camada":"Linhas de fluxo principais A+B"},"geometry":{"type":"LineString","coordinates":[[-34.91268988313963,-7.2614690768272805],[-34.912735152350905,-7.261468886014884],[-34.91278042156096,-7.261468695197979],[-34.9128256907698,-7.261468504376564],[-34.91287095997742,-7.26146831355064],[-34.91291622918382,-7.261468122720207],[-34.912961498388995,-7.261467931885265],[-34.91300676759294,-7.261467741045812],[-34.913052036795676,-7.261467550201851],[-34.91309730599719,-7.26146735935338],[-34.913142575197476,-7.261467168500398],[-34.91318784439654,-7.261466977642908],[-34.91323311359439,-7.261466786780909],[-34.913278573935955,-7.261511799846149],[-34.91332403428655,-7.26155681290438],[-34.91336949464619,-7.261601825955609],[-34.91341495501485,-7.261646838999834],[-34.91346041539255,-7.26169185203705],[-34.91350587577928,-7.2617368650672605],[-34.91355133617504,-7.26178187809047],[-34.91359679657983,-7.261826891106668],[-34.913642256993654,-7.2618719041158615],[-34.913687717416515,-7.261916917118052],[-34.9137331778484,-7.261961930113235],[-34.91377863828932,-7.262006943101412],[-34.913824098739276,-7.262051956082582],[-34.91386955919826,-7.262096969056743],[-34.91391501966628,-7.262141982023901]]}},{"type":"Feature","properties":{"id":88,"camada":"Linhas de fluxo principais A+B"},"geometry":{"type":"LineString","coordinates":[[-34.91210138328183,-7.261471556978066],[-34.91214665250899,-7.261471366224292],[-34.91219192173492,-7.26147117546601],[-34.91223719095964,-7.261470984703219],[-34.912282460183135,-7.261470793935916],[-34.912327729405405,-7.261470603164106],[-34.91237299862646,-7.261470412387786],[-34.91241826784629,-7.261470221606956],[-34.912463537064895,-7.2614700308216165],[-34.91250880628228,-7.261469840031768],[-34.91255407549845,-7.2614696492374105],[-34.9125993447134,-7.261469458438543],[-34.91264461392712,-7.261469267635166],[-34.91268988313963,-7.2614690768272805]]}},{"type":"Feature","properties":{"id":89,"camada":"Linhas de fluxo principais A+B"},"geometry":{"type":"LineString","coordinates":[[-34.91115072922955,-7.261475561765618],[-34.911195998482334,-7.261475371106544],[-34.9112412677339,-7.26147518044296],[-34.91128653698426,-7.261474989774865],[-34.911331806233385,-7.261474799102263],[-34.9113770754813,-7.261474608425151],[-34.91142234472798,-7.261474417743528],[-34.91146761397345,-7.2614742270573975],[-34.911512883217696,-7.2614740363667565],[-34.91155815246072,-7.261473845671605],[-34.91160342170253,-7.261473654971946],[-34.91164869094312,-7.261473464267777],[-34.91169396018248,-7.2614732735590986],[-34.911739229420625,-7.261473082845911],[-34.91178449865755,-7.261472892128213],[-34.91182976789325,-7.2614727014060065],[-34.911875037127736,-7.26147251067929],[-34.911920306361,-7.261472319948063],[-34.91196557559304,-7.261472129212328],[-34.91201084482386,-7.261471938472083],[-34.912056114053456,-7.261471747727329],[-34.91210138328183,-7.261471556978066]]}},{"type":"Feature","properties":{"id":90,"camada":"Linhas de fluxo principais A+B"},"geometry":{"type":"LineString","coordinates":[[-34.92265004055935,-7.261653007881306],[-34.92269530952381,-7.261652816070818],[-34.92274057848705,-7.26165262425582],[-34.922785655350886,-7.261607228757678],[-34.922830732205696,-7.261561833257342],[-34.92287580905146,-7.261516437754814],[-34.9229208858882,-7.2614710422501],[-34.922965962715914,-7.261425646743191],[-34.923011039534586,-7.261380251234091],[-34.923056116344235,-7.2613348557228],[-34.92310119314485,-7.261289460209318],[-34.92310100102489,-7.261244256538368],[-34.923100808906156,-7.261199052867323],[-34.923055347884905,-7.261154041033985],[-34.92305515577314,-7.261108837361542],[-34.92305496366261,-7.261063633689008],[-34.92300950266187,-7.261018621846048],[-34.92300931055831,-7.260973418172113],[-34.92300911845597,-7.260928214498088],[-34.92300892635487,-7.2608830108239655],[-34.9229634653804,-7.260837998970083],[-34.92296327328626,-7.260792795294566],[-34.922963081193345,-7.260747591618951]]}},{"type":"Feature","properties":{"id":91,"camada":"Linhas de fluxo principais A+B"},"geometry":{"type":"LineString","coordinates":[[-34.91196653067517,-7.261698149044132],[-34.91201179992857,-7.261697958297888],[-34.91205706918075,-7.261697767547137],[-34.91210233843171,-7.261697576791873],[-34.91214760768144,-7.261697386032101],[-34.91219287692996,-7.26169719526782],[-34.912238146177245,-7.2616970044990286],[-34.912283415423325,-7.261696813725728],[-34.912328684668175,-7.261696622947918],[-34.9123739539118,-7.261696432165597],[-34.91241922315422,-7.261696241378768],[-34.91246449239541,-7.26169605058743],[-34.91250976163538,-7.261695859791581],[-34.91255503087412,-7.261695668991224],[-34.91260030011165,-7.261695478186356],[-34.91264556934795,-7.261695287376979],[-34.91269083858303,-7.261695096563091],[-34.91273610781689,-7.261694905744696],[-34.912781377049534,-7.26169471492179],[-34.912826646280955,-7.2616945240943735],[-34.91287191551115,-7.261694333262447],[-34.912917184740124,-7.261694142426013],[-34.91296245396788,-7.261693951585069],[-34.91300772319441,-7.261693760739614],[-34.91305299241972,-7.261693569889651],[-34.91309826164382,-7.2616933790351785],[-34.913143530866684,-7.261693188176196],[-34.91318880008833,-7.261692997312704],[-34.91323406930875,-7.261692806444702],[-34.91327933852795,-7.2616926155721915],[-34.913324607745935,-7.26169242469517],[-34.91336987696269,-7.26169223381364],[-34.91341533734284,-7.2617372468552706],[-34.91346079773201,-7.261782259889899],[-34.91350625813021,-7.261827272917519],[-34.91355171853745,-7.261872285938134],[-34.913597178953715,-7.261917298951744]]}},{"type":"Feature","properties":{"id":92,"camada":"Linhas de fluxo principais A+B"},"geometry":{"type":"LineString","coordinates":[[-34.91155910733964,-7.26169986555739],[-34.911604376604025,-7.261699674851733],[-34.91164964586719,-7.261699484141566],[-34.91169491512914,-7.26169929342689],[-34.91174018438986,-7.261699102707705],[-34.911785453649365,-7.261698911984008],[-34.911830722907645,-7.2616987212558035],[-34.91187599216471,-7.26169853052309],[-34.91192126142055,-7.261698339785865],[-34.91196653067517,-7.261698149044132]]}},{"type":"Feature","properties":{"id":93,"camada":"Linhas de fluxo principais A+B"},"geometry":{"type":"LineString","coordinates":[[-34.915498485645664,-7.261909276656059],[-34.91554394620929,-7.261954289422801],[-34.91558940678196,-7.261999302182532],[-34.91563486736366,-7.262044314935257],[-34.915680327954384,-7.262089327680968],[-34.91572578855415,-7.262134340419675]]}},{"type":"Feature","properties":{"id":94,"camada":"Linhas de fluxo principais A+B"},"geometry":{"type":"LineString","coordinates":[[-34.913597178953715,-7.261917298951744],[-34.91364263937901,-7.2619623119583485],[-34.91368809981335,-7.262007324957946],[-34.913733560256716,-7.2620523379505375],[-34.91377902070911,-7.26209735093612],[-34.91382448117054,-7.262142363914699]]}},{"type":"Feature","properties":{"id":95,"camada":"Linhas de fluxo principais A+B"},"geometry":{"type":"LineString","coordinates":[[-34.91355190972049,-7.261917489861825],[-34.913597178953715,-7.261917298951744]]}},{"type":"Feature","properties":{"id":96,"camada":"Linhas de fluxo principais A+B"},"geometry":{"type":"LineString","coordinates":[[-34.91296340957731,-7.261919971282504],[-34.913008678826415,-7.261919780431049],[-34.91305394807431,-7.261919589575084],[-34.913099217320976,-7.261919398714609],[-34.91314448656642,-7.261919207849624],[-34.913189755810656,-7.26191901698013],[-34.91323502505366,-7.261918826106126],[-34.91328029429544,-7.2619186352276115],[-34.913325563536006,-7.261918444344588],[-34.91337083277535,-7.261918253457055],[-34.913416102013464,-7.261918062565012],[-34.91346137125036,-7.2619178716684605],[-34.913506640486034,-7.2619176807673975],[-34.91355190972049,-7.261917489861825]]}},{"type":"Feature","properties":{"id":97,"camada":"Linhas de fluxo principais A+B"},"geometry":{"type":"LineString","coordinates":[[-34.912555986280324,-7.2619216887426665],[-34.91260125554043,-7.261921497931799],[-34.912646524799314,-7.261921307116421],[-34.912691794056975,-7.261921116296534],[-34.91273706331342,-7.261920925472136],[-34.91278233256864,-7.261920734643231],[-34.912827410711856,-7.261875339866914],[-34.91287248884604,-7.2618299450883965],[-34.91291775808857,-7.261829754248359],[-34.91296302732987,-7.261829563403815],[-34.913008296569956,-7.26182937255476],[-34.91305356580881,-7.261829181701195],[-34.91309883504645,-7.261828990843122],[-34.913144104282864,-7.261828799980537],[-34.91318937351806,-7.261828609113444],[-34.91323464275203,-7.261828418241841],[-34.91327991198478,-7.261828227365728],[-34.91332518121631,-7.261828036485105],[-34.91337045044662,-7.261827845599973],[-34.913415719675704,-7.2618276547103315],[-34.91346098890357,-7.261827463816181],[-34.91350644930751,-7.261872476842505],[-34.91355190972049,-7.261917489861825]]}},{"type":"Feature","properties":{"id":98,"camada":"Linhas de fluxo principais A+B"},"geometry":{"type":"LineString","coordinates":[[-34.912012755063806,-7.2619239781213265],[-34.91205802433856,-7.261923787364575],[-34.912103293612105,-7.261923596603315],[-34.91214856288442,-7.261923405837543],[-34.912193832155516,-7.261923215067262],[-34.91223910142539,-7.2619230242924715],[-34.912284370694046,-7.2619228335131725],[-34.91232963996148,-7.2619226427293615],[-34.91237490922769,-7.261922451941043],[-34.912420178492674,-7.2619222611482135],[-34.912465447756446,-7.261922070350875],[-34.912510717018996,-7.261921879549026],[-34.912555986280324,-7.2619216887426665]]}},{"type":"Feature","properties":{"id":99,"camada":"Linhas de fluxo principais A+B"},"geometry":{"type":"LineString","coordinates":[[-34.923330612160555,-7.262011759560337],[-34.92333080432397,-7.262056963223638],[-34.923330996488616,-7.262102166886847],[-34.923376457650214,-7.262147178658557],[-34.92337664982184,-7.26219238232037],[-34.92337684199468,-7.262237585982084],[-34.92342230317681,-7.262282597744172],[-34.923422495356625,-7.262327801404493],[-34.92342268753767,-7.262373005064719],[-34.92342287971995,-7.262418208724849]]}},{"type":"Feature","properties":{"id":100,"camada":"Linhas de fluxo principais A+B"},"geometry":{"type":"LineString","coordinates":[[-34.92002597314648,-7.262025755187955],[-34.92002616498022,-7.262070958939277],[-34.920026356815185,-7.262116162690507]]}},{"type":"Feature","properties":{"id":101,"camada":"Linhas de fluxo principais A+B"},"geometry":{"type":"LineString","coordinates":[[-34.91753636389819,-7.262081487782294],[-34.91758182463295,-7.2621265002867945],[-34.91758201622527,-7.262171704102943],[-34.91758220781881,-7.262216907918997],[-34.91758239941357,-7.262262111734955],[-34.917627860174576,-7.262307124228549],[-34.91767332094461,-7.262352136715132],[-34.917718781723686,-7.262397149194702],[-34.91776424251179,-7.262442161667258],[-34.91776443413074,-7.2624873654779325],[-34.91776462575091,-7.262532569288511],[-34.917764817372316,-7.262577773098992],[-34.91781027818668,-7.262622785560644],[-34.917855739010065,-7.262667798015282],[-34.9179011998425,-7.262712810462913],[-34.917946660683945,-7.2627578229035334],[-34.91799212153443,-7.262802835337138],[-34.918037582393964,-7.262847847763733],[-34.91808304326252,-7.262892860183314],[-34.918083234925334,-7.262938063984613],[-34.918128504140114,-7.2629378725958835],[-34.91817377335366,-7.262937681202642],[-34.91821904256599,-7.262937489804892],[-34.91826431177708,-7.262937298402631],[-34.91830958098696,-7.262937106995859],[-34.918354850195605,-7.262936915584578]]}},{"type":"Feature","properties":{"id":102,"camada":"Linhas de fluxo principais A+B"},"geometry":{"type":"LineString","coordinates":[[-34.92161077391296,-7.262109455372661],[-34.92165604295082,-7.262109263653833],[-34.92170131198745,-7.262109071930496],[-34.92174658102285,-7.262108880202647],[-34.92179185005702,-7.26210868847029],[-34.92183711908997,-7.262108496733423],[-34.92188238812169,-7.262108304992046],[-34.92192765715218,-7.26210811324616],[-34.92197292618145,-7.262107921495763],[-34.92201819520949,-7.2621077297408565],[-34.922063464236295,-7.262107537981441],[-34.92210873326188,-7.262107346217516],[-34.922154002286234,-7.2621071544490805],[-34.92219927130937,-7.2621069626761345],[-34.92224454033127,-7.262106770898681],[-34.922289809351945,-7.262106579116716],[-34.92233507837139,-7.262106387330241],[-34.922380347389606,-7.262106195539257],[-34.922425616406606,-7.262106003743765],[-34.92247088542236,-7.26210581194376],[-34.922516154436906,-7.2621056201392475],[-34.92256142345021,-7.262105428330224],[-34.922606692462296,-7.262105236516691],[-34.92265196147314,-7.26210504469865],[-34.922697230482775,-7.262104852876098],[-34.92274249949117,-7.262104661049037],[-34.922787768498345,-7.262104469217464],[-34.92283303750428,-7.262104277381383],[-34.922878306509,-7.262104085540791],[-34.922923575512485,-7.262103893695691],[-34.92296884451475,-7.262103701846081],[-34.92301430565004,-7.262148713663522],[-34.92305976679437,-7.262193725473944],[-34.92310522794772,-7.262238737277346],[-34.923150689110116,-7.2622837490737355],[-34.92319615028154,-7.262328760863103]]}},{"type":"Feature","properties":{"id":103,"camada":"Linhas de fluxo principais A+B"},"geometry":{"type":"LineString","coordinates":[[-34.920026356815185,-7.262116162690507],[-34.92007162589597,-7.262115971129522],[-34.92011689497553,-7.2621157795640245],[-34.92016216405386,-7.262115587994018],[-34.92020743313097,-7.262115396419502],[-34.92025270220685,-7.262115204840475],[-34.92029797128151,-7.262115013256939],[-34.92034343222274,-7.262160025411596],[-34.920388893173005,-7.262205037559236],[-34.92043416225302,-7.2622048459597615],[-34.9204796232156,-7.2622498580946715]]}},{"type":"Feature","properties":{"id":104,"camada":"Linhas de fluxo principais A+B"},"geometry":{"type":"LineString","coordinates":[[-34.91572578855415,-7.262134340419675],[-34.91577105775128,-7.262134149287118],[-34.91581632694718,-7.262133958150051],[-34.91586159614186,-7.262133767008475],[-34.915906865335316,-7.262133575862389],[-34.91595213452755,-7.262133384711793],[-34.915997403718556,-7.262133193556686],[-34.91604267290835,-7.2621330023970705],[-34.916087942096915,-7.262132811232945],[-34.916133211284254,-7.2621326200643095],[-34.91617848047037,-7.262132428891164],[-34.91622394111209,-7.262177441565741],[-34.91626940176284,-7.26222245423331],[-34.91631486242263,-7.262267466893865],[-34.91636032309145,-7.262312479547416],[-34.91640578376931,-7.262357492193956]]}},{"type":"Feature","properties":{"id":105,"camada":"Linhas de fluxo principais A+B"},"geometry":{"type":"LineString","coordinates":[[-34.915318365724964,-7.262136060409747],[-34.915363634933094,-7.262135869317779],[-34.91540890414001,-7.262135678221299],[-34.9154541733457,-7.262135487120312],[-34.915499442550164,-7.262135296014813],[-34.915544711753405,-7.262135104904805],[-34.915589980955424,-7.262134913790288],[-34.91563525015623,-7.26213472267126],[-34.915680519355796,-7.262134531547724],[-34.91572578855415,-7.262134340419675]]}},{"type":"Feature","properties":{"id":106,"camada":"Linhas de fluxo principais A+B"},"geometry":{"type":"LineString","coordinates":[[-34.91391501966628,-7.262141982023901],[-34.91396028891232,-7.262141791071737],[-34.91400555815713,-7.262141600115063],[-34.91405082740072,-7.262141409153879],[-34.91409609664309,-7.262141218188187],[-34.91414155713332,-7.2621862311254946],[-34.91418701763258,-7.262231244055796],[-34.914232478140875,-7.262276256979088],[-34.9142779386582,-7.262321269895375],[-34.91432339918456,-7.262366282804656]]}},{"type":"Feature","properties":{"id":107,"camada":"Linhas de fluxo principais A+B"},"geometry":{"type":"LineString","coordinates":[[-34.91382448117054,-7.262142363914699],[-34.913869750419025,-7.262142172971556],[-34.91391501966628,-7.262141982023901]]}},{"type":"Feature","properties":{"id":108,"camada":"Linhas de fluxo principais A+B"},"geometry":{"type":"LineString","coordinates":[[-34.91377921192084,-7.262142554853335],[-34.91382448117054,-7.262142363914699]]}},{"type":"Feature","properties":{"id":109,"camada":"Linhas de fluxo principais A+B"},"geometry":{"type":"LineString","coordinates":[[-34.9204796232156,-7.2622498580946715],[-34.92052489229767,-7.262249666484971],[-34.92057035327259,-7.262294678607154],[-34.92061562235672,-7.26229448698723],[-34.92066108334396,-7.262339499096682]]}},{"type":"Feature","properties":{"id":110,"camada":"Linhas de fluxo principais A+B"},"geometry":{"type":"LineString","coordinates":[[-34.92007220142178,-7.262251582379025],[-34.92011747051489,-7.262251390809913],[-34.920162739606766,-7.262251199236293],[-34.92020800869742,-7.262251007658161],[-34.920253277786856,-7.262250816075522],[-34.92029854687505,-7.262250624488371],[-34.920343815962035,-7.26225043289671],[-34.92038908504778,-7.26225024130054],[-34.920434354132304,-7.26225004969986],[-34.9204796232156,-7.2622498580946715]]}},{"type":"Feature","properties":{"id":111,"camada":"Linhas de fluxo principais A+B"},"geometry":{"type":"LineString","coordinates":[[-34.92319615028154,-7.262328760863103],[-34.923241611462,-7.262373772645455],[-34.92328707265148,-7.262418784420785],[-34.92333253385001,-7.262463796189099],[-34.92337799505756,-7.262508807950396],[-34.923378187239,-7.262554011611448]]}},{"type":"Feature","properties":{"id":112,"camada":"Linhas de fluxo principais A+B"},"geometry":{"type":"LineString","coordinates":[[-34.920842159681385,-7.2623387325490265],[-34.92088742876268,-7.2623385409008385],[-34.920932697842744,-7.2623383492481395],[-34.92097796692159,-7.26233815759093],[-34.9210232359992,-7.262337965929212],[-34.92106850507559,-7.262337774262983],[-34.92111377415075,-7.262337582592244],[-34.92115904322468,-7.262337390916998],[-34.921204312297384,-7.26233719923724],[-34.92124958136886,-7.262337007552971],[-34.92129485043912,-7.262336815864193],[-34.921340119508145,-7.2623366241709055],[-34.92138538857594,-7.262336432473108],[-34.92143065764251,-7.2623362407708],[-34.921475926707856,-7.262336049063983],[-34.92152119577197,-7.262335857352656],[-34.92156646483487,-7.262335665636819],[-34.921611733896526,-7.262335473916472],[-34.92165700295697,-7.262335282191614],[-34.92170227201618,-7.262335090462249],[-34.92174754107417,-7.262334898728372],[-34.92179281013092,-7.262334706989984],[-34.92183807918645,-7.262334515247089],[-34.92188334824075,-7.262334323499681],[-34.92192861729382,-7.262334131747766],[-34.92197388634567,-7.26233393999134],[-34.922019155396285,-7.262333748230404],[-34.92206442444568,-7.2623335564649585],[-34.922109693493844,-7.262333364695002],[-34.92215496254078,-7.2623331729205365],[-34.922200231586494,-7.262332981141561],[-34.92224550063098,-7.2623327893580765],[-34.922290769674234,-7.26233259757008],[-34.92233603871626,-7.262332405777576],[-34.922381307757064,-7.26233221398056],[-34.92242657679664,-7.262332022179035],[-34.92247184583498,-7.262331830373001],[-34.9225171148721,-7.262331638562457],[-34.92256238390799,-7.262331446747402],[-34.92260765294265,-7.262331254927838],[-34.92265292197609,-7.262331063103763],[-34.9226981910083,-7.2623308712751795],[-34.92274346003928,-7.262330679442085],[-34.922788729069026,-7.2623304876044825],[-34.92283399809755,-7.262330295762368],[-34.92287926712485,-7.262330103915745],[-34.92292453615091,-7.262329912064612],[-34.922969805175754,-7.262329720208968],[-34.92301507419937,-7.262329528348815],[-34.92306034322175,-7.262329336484152],[-34.923105612242914,-7.26232914461498],[-34.92315088126284,-7.262328952741297],[-34.92319615028154,-7.262328760863103]]}},{"type":"Feature","properties":{"id":113,"camada":"Linhas de fluxo principais A+B"},"geometry":{"type":"LineString","coordinates":[[-34.92066108334396,-7.262339499096682],[-34.92070635243015,-7.262339307466534],[-34.92075162151512,-7.262339115831875],[-34.92079689059887,-7.262338924192706],[-34.920842159681385,-7.2623387325490265]]}},{"type":"Feature","properties":{"id":114,"camada":"Linhas de fluxo principais A+B"},"geometry":{"type":"LineString","coordinates":[[-34.919755701362476,-7.26234333075259],[-34.9198009704732,-7.262343139212639],[-34.91984623958269,-7.262342947668178],[-34.91989150869096,-7.2623427561192075],[-34.91993677779801,-7.262342564565727],[-34.91998204690382,-7.262342373007735],[-34.920027316008415,-7.262342181445234],[-34.92007258511178,-7.262341989878224],[-34.92011785421392,-7.262341798306703],[-34.920163123314836,-7.262341606730671],[-34.92020839241452,-7.262341415150132],[-34.92025366151298,-7.262341223565081],[-34.920298930610215,-7.262341031975521],[-34.92034419970623,-7.262340840381452],[-34.920389468801005,-7.262340648782871],[-34.92043473789457,-7.262340457179781],[-34.92048000698689,-7.262340265572181],[-34.920525276078,-7.262340073960072],[-34.92057054516788,-7.262339882343452],[-34.92061581425653,-7.262339690722322],[-34.92066108334396,-7.262339499096682]]}},{"type":"Feature","properties":{"id":115,"camada":"Linhas de fluxo principais A+B"},"geometry":{"type":"LineString","coordinates":[[-34.91930301018784,-7.262345245904058],[-34.91934827931082,-7.262345054409206],[-34.91939354843257,-7.262344862909844],[-34.9194388175531,-7.262344671405971],[-34.919484086672405,-7.262344479897589],[-34.91952935579048,-7.262344288384699],[-34.91957462490733,-7.262344096867296],[-34.91961989402295,-7.262343905345384],[-34.91966516313735,-7.2623437138189635],[-34.919710432250525,-7.262343522288033],[-34.919755701362476,-7.26234333075259]]}},{"type":"Feature","properties":{"id":116,"camada":"Linhas de fluxo principais A+B"},"geometry":{"type":"LineString","coordinates":[[-34.9165415913697,-7.262356918561777],[-34.91658686056739,-7.262356727342031],[-34.916632129763855,-7.262356536117773],[-34.91667739895909,-7.262356344889007],[-34.9167226681531,-7.262356153655731],[-34.91676793734589,-7.262355962417944],[-34.916813206537455,-7.262355771175648],[-34.91685847572779,-7.262355579928841],[-34.916903744916915,-7.262355388677526],[-34.91694901410481,-7.262355197421701],[-34.91699428329148,-7.262355006161363],[-34.91703955247692,-7.262354814896518],[-34.91708482166114,-7.262354623627162],[-34.91713009084414,-7.2623544323532965],[-34.917175360025915,-7.262354241074921],[-34.91722062920646,-7.262354049792035],[-34.917266089952605,-7.262399062328736],[-34.91731155070779,-7.262444074858425],[-34.917357011472006,-7.262489087381105],[-34.91740247224525,-7.262534099896774],[-34.91744793302753,-7.26257911240543]]}},{"type":"Feature","properties":{"id":117,"camada":"Linhas de fluxo principais A+B"},"geometry":{"type":"LineString","coordinates":[[-34.91640578376931,-7.262357492193956],[-34.91645105297066,-7.262357300987739],[-34.916496322170794,-7.262357109777012],[-34.9165415913697,-7.262356918561777]]}},{"type":"Feature","properties":{"id":118,"camada":"Linhas de fluxo principais A+B"},"geometry":{"type":"LineString","coordinates":[[-34.916315245362924,-7.26235787459286],[-34.916360514566726,-7.262357683395663],[-34.91640578376931,-7.262357492193956]]}},{"type":"Feature","properties":{"id":119,"camada":"Linhas de fluxo principais A+B"},"geometry":{"type":"LineString","coordinates":[[-34.916224706951645,-7.262358256973723],[-34.91626997615789,-7.262358065785547],[-34.916315245362924,-7.26235787459286]]}},{"type":"Feature","properties":{"id":120,"camada":"Linhas de fluxo principais A+B"},"geometry":{"type":"LineString","coordinates":[[-34.91617943774417,-7.26235844815739],[-34.916224706951645,-7.262358256973723]]}},{"type":"Feature","properties":{"id":121,"camada":"Linhas de fluxo principais A+B"},"geometry":{"type":"LineString","coordinates":[[-34.91432339918456,-7.262366282804656],[-34.91436866844218,-7.262366091805898],[-34.91441393769857,-7.262365900802629],[-34.91445920695374,-7.262365709794852],[-34.91450447620769,-7.262365518782563],[-34.91454974546042,-7.262365327765764],[-34.91459501471192,-7.262365136744457],[-34.91464028396221,-7.262364945718637],[-34.914685553211264,-7.262364754688311],[-34.9147308224591,-7.262364563653471],[-34.91477609170572,-7.262364372614124],[-34.91482136095111,-7.262364181570266],[-34.91486663019528,-7.262363990521897],[-34.91491189943822,-7.2623637994690196],[-34.91495716867995,-7.262363608411633],[-34.91500243792045,-7.262363417349733],[-34.91504770715972,-7.262363226283326],[-34.91509297639778,-7.262363035212408],[-34.91513824563461,-7.26236284413698],[-34.915183514870215,-7.262362653057043],[-34.915228784104606,-7.262362461972595],[-34.91527405333777,-7.262362270883637],[-34.91531932256971,-7.26236207979017],[-34.915364591800426,-7.262361888692192],[-34.91540986102992,-7.262361697589704],[-34.915455130258195,-7.262361506482706],[-34.91550039948524,-7.262361315371198],[-34.91554566871106,-7.262361124255181],[-34.91559093793567,-7.262360933134654],[-34.91563620715905,-7.262360742009616],[-34.9156814763812,-7.262360550880068],[-34.915726745602136,-7.262360359746012],[-34.91577201482184,-7.262360168607444],[-34.91581728404033,-7.262359977464367],[-34.91586255325759,-7.262359786316779],[-34.915907822473635,-7.262359595164683],[-34.91595309168844,-7.262359404008074],[-34.91599836090204,-7.262359212846958],[-34.91604363011441,-7.262359021681331],[-34.91608889932555,-7.262358830511195],[-34.91613416853547,-7.262358639336546],[-34.91617943774417,-7.26235844815739]]}},{"type":"Feature","properties":{"id":122,"camada":"Linhas de fluxo principais A+B"},"geometry":{"type":"LineString","coordinates":[[-34.91427812992571,-7.262366473798904],[-34.91432339918456,-7.262366282804656]]}},{"type":"Feature","properties":{"id":123,"camada":"Linhas de fluxo principais A+B"},"geometry":{"type":"LineString","coordinates":[[-34.92079708251797,-7.262384127922882],[-34.920842159681385,-7.2623387325490265]]}},{"type":"Feature","properties":{"id":124,"camada":"Linhas de fluxo principais A+B"},"geometry":{"type":"LineString","coordinates":[[-34.919936969631294,-7.262387768318796],[-34.91998223874163,-7.2623875767596004],[-34.92002750785074,-7.262387385195894],[-34.92007277695862,-7.26238719362768],[-34.92011804606528,-7.262387002054955],[-34.920163315170704,-7.262386810477718],[-34.92020858427491,-7.262386618895973],[-34.920253853377886,-7.2623864273097185],[-34.92029912247964,-7.262386235718953],[-34.920344391580166,-7.262386044123678],[-34.92038966067946,-7.262385852523893],[-34.920434929777535,-7.262385660919598],[-34.92048019887439,-7.262385469310793],[-34.92052546797,-7.262385277697478],[-34.9205707370644,-7.262385086079655],[-34.920616006157566,-7.26238489445732],[-34.920661275249515,-7.262384702830475],[-34.92070654434023,-7.26238451119912],[-34.92075181342971,-7.262384319563257],[-34.92079708251797,-7.262384127922882]]}},{"type":"Feature","properties":{"id":125,"camada":"Linhas de fluxo principais A+B"},"geometry":{"type":"LineString","coordinates":[[-34.920661850973524,-7.26252031403128],[-34.920706928164044,-7.262474918664007],[-34.92075200534552,-7.262429523294541],[-34.92079708251797,-7.262384127922882]]}},{"type":"Feature","properties":{"id":126,"camada":"Linhas de fluxo principais A+B"},"geometry":{"type":"LineString","coordinates":[[-34.92102419571989,-7.26256398454901],[-34.92106946481885,-7.262563792876755],[-34.921114733916596,-7.2625636011999894],[-34.92116000301311,-7.262563409518715],[-34.921205272108395,-7.26256321783293],[-34.921250541202454,-7.262563026142634],[-34.92129581029529,-7.262562834447828],[-34.9213410793869,-7.262562642748512],[-34.92138634847728,-7.262562451044687],[-34.921431617566434,-7.262562259336352],[-34.92147688665436,-7.262562067623507],[-34.92152215574106,-7.262561875906151],[-34.921567424826534,-7.262561684184285],[-34.92161269391078,-7.262561492457909],[-34.9216579629938,-7.2625613007270235],[-34.92170323207559,-7.262561108991627],[-34.92174850115615,-7.262560917251723],[-34.921793770235496,-7.262560725507307],[-34.9218390393136,-7.262560533758381],[-34.92188430839049,-7.262560342004945],[-34.921929577466145,-7.2625601502469985],[-34.92197484654057,-7.262559958484545],[-34.922020115613776,-7.262559766717578],[-34.92206538468575,-7.262559574946102],[-34.9221106537565,-7.262559383170116],[-34.922155922826015,-7.26255919138962],[-34.9222011918943,-7.262558999604615],[-34.92224646096137,-7.262558807815099],[-34.92229173002721,-7.262558616021073],[-34.92233699909182,-7.2625584242225365],[-34.9223822681552,-7.262558232419492],[-34.92242753721736,-7.262558040611935],[-34.922472806278286,-7.262557848799869],[-34.92251807533798,-7.262557656983293],[-34.92256334439646,-7.262557465162208],[-34.9226086134537,-7.262557273336611],[-34.92265388250972,-7.262557081506505],[-34.92269915156451,-7.26255688967189],[-34.922744420618066,-7.262556697832763],[-34.9227896896704,-7.262556505989127],[-34.92283495872151,-7.262556314140982],[-34.92288022777139,-7.262556122288325],[-34.922925496820035,-7.262555930431159],[-34.922970765867454,-7.262555738569484],[-34.92301603491366,-7.262555546703297],[-34.92306130395862,-7.2625553548326],[-34.92310657300236,-7.262555162957395],[-34.92315184204487,-7.262554971077678],[-34.923197111086154,-7.262554779193453],[-34.923242380126204,-7.262554587304716],[-34.92328764916503,-7.26255439541147],[-34.92333291820263,-7.262554203513714],[-34.923378187239,-7.262554011611448]]}},{"type":"Feature","properties":{"id":127,"camada":"Linhas de fluxo principais A+B"},"geometry":{"type":"LineString","coordinates":[[-34.92079785020664,-7.262564942842636],[-34.92079765828263,-7.26251973911284],[-34.92079746635985,-7.262474535382948],[-34.9207972744383,-7.262429331652962],[-34.92079708251797,-7.262384127922882]]}},{"type":"Feature","properties":{"id":128,"camada":"Linhas de fluxo principais A+B"},"geometry":{"type":"LineString","coordinates":[[-34.91934923819596,-7.262571073251899],[-34.9193945073403,-7.262570881746515],[-34.919439776483415,-7.262570690236622],[-34.919485045625294,-7.2625704987222175],[-34.91953031476595,-7.262570307203304],[-34.919575392103326,-7.262524911917553],[-34.91962046943166,-7.262479516629605],[-34.91966554675096,-7.262434121339462],[-34.91971062406123,-7.262388726047125],[-34.919755701362476,-7.26234333075259]]}},{"type":"Feature","properties":{"id":129,"camada":"Linhas de fluxo principais A+B"},"geometry":{"type":"LineString","coordinates":[[-34.919258699903615,-7.262571456249137],[-34.919303969050404,-7.262571264752772],[-34.91934923819596,-7.262571073251899]]}},{"type":"Feature","properties":{"id":130,"camada":"Linhas de fluxo principais A+B"},"geometry":{"type":"LineString","coordinates":[[-34.91876073920809,-7.262573562411472],[-34.91880600836836,-7.262573370964719],[-34.9188512775274,-7.262573179513457],[-34.91889654668521,-7.262572988057682],[-34.9189418158418,-7.2625727965974],[-34.91898708499717,-7.262572605132607],[-34.919032354151305,-7.262572413663303],[-34.91907762330422,-7.26257222218949],[-34.91912289245591,-7.262572030711167],[-34.91916816160637,-7.2625718392283325],[-34.919213430755605,-7.26257164774099],[-34.919258699903615,-7.262571456249137]]}},{"type":"Feature","properties":{"id":131,"camada":"Linhas de fluxo principais A+B"},"geometry":{"type":"LineString","coordinates":[[-34.91744793302753,-7.26257911240543],[-34.91749320222332,-7.262578921089469],[-34.91753866301793,-7.262623933585401],[-34.91758412382156,-7.262668946074321],[-34.917629584634234,-7.262713958556232],[-34.917675045455944,-7.262758971031134],[-34.917720506286685,-7.262803983499018]]}},{"type":"Feature","properties":{"id":132,"camada":"Linhas de fluxo principais A+B"},"geometry":{"type":"LineString","coordinates":[[-34.9173573946323,-7.2625794950238225],[-34.91740266383052,-7.262579303716881],[-34.91744793302753,-7.26257911240543]]}},{"type":"Feature","properties":{"id":133,"camada":"Linhas de fluxo principais A+B"},"geometry":{"type":"LineString","coordinates":[[-34.91731212543283,-7.262579686326253],[-34.9173573946323,-7.2625794950238225]]}},{"type":"Feature","properties":{"id":134,"camada":"Linhas de fluxo principais A+B"},"geometry":{"type":"LineString","coordinates":[[-34.915954048879925,-7.262585423301985],[-34.91599912667084,-7.262540028277468],[-34.91604420445272,-7.262494633250748],[-34.91608928222557,-7.262449238221828],[-34.916134359989385,-7.262403843190709],[-34.91617943774417,-7.26235844815739]]}},{"type":"Feature","properties":{"id":135,"camada":"Linhas de fluxo principais A+B"},"geometry":{"type":"LineString","coordinates":[[-34.920526427448415,-7.2626112963830876],[-34.92057169656539,-7.2626111047592365],[-34.92061677377397,-7.262565709396355],[-34.920661850973524,-7.26252031403128]]}},{"type":"Feature","properties":{"id":136,"camada":"Linhas de fluxo principais A+B"},"geometry":{"type":"LineString","coordinates":[[-34.920255004593066,-7.262657649775541],[-34.920254812720806,-7.2626124460314765],[-34.920300081845134,-7.262612254434686],[-34.92034535096825,-7.262612062833386],[-34.920390620090124,-7.262611871227576],[-34.92043588921078,-7.262611679617257],[-34.92048115833021,-7.262611488002427],[-34.920526427448415,-7.2626112963830876]]}},{"type":"Feature","properties":{"id":137,"camada":"Linhas de fluxo principais A+B"},"geometry":{"type":"LineString","coordinates":[[-34.915909162518645,-7.262676022183905],[-34.91595424032189,-7.262630627160482],[-34.9159993181161,-7.262585232134858],[-34.916044395901274,-7.262539837107032],[-34.91608947367742,-7.262494442077005],[-34.91613455144452,-7.262449047044777],[-34.9161796292026,-7.2624036520103505],[-34.916224706951645,-7.262358256973723]]}},{"type":"Feature","properties":{"id":138,"camada":"Linhas de fluxo principais A+B"},"geometry":{"type":"LineString","coordinates":[[-34.919123851258774,-7.262798049581593],[-34.91916892866428,-7.26275265432005],[-34.91921400606075,-7.262707259056304],[-34.91925908344819,-7.262661863790363],[-34.91930416082659,-7.262616468522229],[-34.91934923819596,-7.262571073251899]]}},{"type":"Feature","properties":{"id":139,"camada":"Linhas de fluxo principais A+B"},"geometry":{"type":"LineString","coordinates":[[-34.918988043732284,-7.262798624021096],[-34.91903331290901,-7.262798432545771],[-34.9190785820845,-7.262798241065937],[-34.919123851258774,-7.262798049581593]]}},{"type":"Feature","properties":{"id":140,"camada":"Linhas de fluxo principais A+B"},"geometry":{"type":"LineString","coordinates":[[-34.917720506286685,-7.262803983499018],[-34.917765775497706,-7.26280379214998],[-34.9178110447075,-7.262803600796432],[-34.91785631391607,-7.262803409438374],[-34.91790158312342,-7.262803218075805],[-34.917947043976355,-7.2628482305138276],[-34.91799250483833,-7.262893242944836],[-34.91803796570934,-7.262938255368833],[-34.91803815736886,-7.262983459171241]]}},{"type":"Feature","properties":{"id":141,"camada":"Linhas de fluxo principais A+B"},"geometry":{"type":"LineString","coordinates":[[-34.91572865978985,-7.262812398391567],[-34.91577392905472,-7.262812207240979],[-34.915819198318374,-7.2628120160858805],[-34.9158644675808,-7.262811824926273],[-34.915909545399664,-7.262766429902835],[-34.915954623209494,-7.262721034877194],[-34.915999701010286,-7.262675639849351],[-34.916044778802046,-7.262630244819312],[-34.916089856584776,-7.262584849787072],[-34.916134934358475,-7.262539454752631],[-34.91618001212313,-7.262494059715986],[-34.91622508987876,-7.262448664677144],[-34.916270167625356,-7.262403269636103],[-34.916315245362924,-7.26235787459286]]}},{"type":"Feature","properties":{"id":142,"camada":"Linhas de fluxo principais A+B"},"geometry":{"type":"LineString","coordinates":[[-34.91455165847383,-7.2628173667237546],[-34.9145969277705,-7.262817175690435],[-34.914642197065945,-7.262816984652603],[-34.91468746636017,-7.262816793610261],[-34.914732735653175,-7.262816602563409],[-34.91477800494496,-7.262816411512047],[-34.914823274235516,-7.262816220456173],[-34.91486854352485,-7.262816029395791],[-34.91491381281296,-7.262815838330897],[-34.91495908209985,-7.262815647261494],[-34.91500435138551,-7.26281545618758],[-34.91504962066996,-7.262815265109157],[-34.91509488995318,-7.262815074026222],[-34.91514015923517,-7.262814882938777],[-34.915185428515954,-7.262814691846823],[-34.9152306977955,-7.262814500750358],[-34.91527596707383,-7.262814309649382],[-34.91532123635094,-7.262814118543897],[-34.915366505626814,-7.262813927433902],[-34.91541177490148,-7.262813736319396],[-34.91545704417492,-7.262813545200379],[-34.91550231344713,-7.262813354076854],[-34.91554758271812,-7.262813162948816],[-34.91559285198789,-7.262812971816269],[-34.915638121256436,-7.262812780679211],[-34.91568339052375,-7.262812589537644],[-34.91572865978985,-7.262812398391567]]}},{"type":"Feature","properties":{"id":143,"camada":"Linhas de fluxo principais A+B"},"geometry":{"type":"LineString","coordinates":[[-34.91446111987682,-7.262817748776866],[-34.91450638917594,-7.262817557752567],[-34.91455165847383,-7.2628173667237546]]}},{"type":"Feature","properties":{"id":144,"camada":"Linhas de fluxo principais A+B"},"geometry":{"type":"LineString","coordinates":[[-34.918264120096204,-7.262892094606145],[-34.918309389301555,-7.262891903200576],[-34.918354850195605,-7.262936915584578]]}},{"type":"Feature","properties":{"id":145,"camada":"Linhas de fluxo principais A+B"},"geometry":{"type":"LineString","coordinates":[[-34.9115642642131,-7.26292037289967],[-34.91160934258373,-7.262874978188421],[-34.91165442094533,-7.262829583474963],[-34.911699499297896,-7.262784188759303],[-34.91174457764142,-7.262738794041432],[-34.91178965597592,-7.262693399321356],[-34.91183473430138,-7.262648004599077],[-34.91187981261781,-7.262602609874594],[-34.911924890925214,-7.262557215147902],[-34.91196996922358,-7.262511820419005],[-34.91201504751291,-7.262466425687901],[-34.912060125793204,-7.262421030954595],[-34.912105204064474,-7.2623756362190806],[-34.9121502823267,-7.2623302414813615],[-34.9121953605799,-7.2622848467414345],[-34.91224043882407,-7.262239451999307],[-34.912285517059196,-7.262194057254973],[-34.912330595285304,-7.262148662508435],[-34.91237567350237,-7.262103267759689],[-34.91242075171041,-7.262057873008743],[-34.912465829909415,-7.262012478255589],[-34.912510908099385,-7.261967083500231],[-34.912555986280324,-7.2619216887426665]]}},{"type":"Feature","properties":{"id":146,"camada":"Linhas de fluxo principais A+B"},"geometry":{"type":"LineString","coordinates":[[-34.91912442655521,-7.262933660902712],[-34.919124234788505,-7.262888457129101],[-34.919124043023025,-7.2628432533553955],[-34.919123851258774,-7.262798049581593]]}},{"type":"Feature","properties":{"id":147,"camada":"Linhas de fluxo principais A+B"},"geometry":{"type":"LineString","coordinates":[[-34.918354850195605,-7.262936915584578],[-34.918400311098694,-7.262981927961563]]}},{"type":"Feature","properties":{"id":148,"camada":"Linhas de fluxo principais A+B"},"geometry":{"type":"LineString","coordinates":[[-34.918807733951034,-7.262980205005636],[-34.9188528114099,-7.262934809762799],[-34.918897888859725,-7.262889414517761],[-34.91894296630053,-7.262844019270528],[-34.918988043732284,-7.262798624021096]]}},{"type":"Feature","properties":{"id":149,"camada":"Linhas de fluxo principais A+B"},"geometry":{"type":"LineString","coordinates":[[-34.918400311098694,-7.262981927961563],[-34.918445772010806,-7.263026940331538]]}},{"type":"Feature","properties":{"id":150,"camada":"Linhas de fluxo principais A+B"},"geometry":{"type":"LineString","coordinates":[[-34.91803815736886,-7.262983459171241],[-34.91808342658938,-7.262983267785817],[-34.91812869580867,-7.262983076395882],[-34.91817396502673,-7.2629828850014375],[-34.91821923424357,-7.262982693602484],[-34.91826450345919,-7.262982502199019],[-34.91830977267358,-7.262982310791044],[-34.91835504188675,-7.262982119378559],[-34.918400311098694,-7.262981927961563]]}},{"type":"Feature","properties":{"id":151,"camada":"Linhas de fluxo principais A+B"},"geometry":{"type":"LineString","coordinates":[[-34.917992888147126,-7.262983650552153],[-34.91803815736886,-7.262983459171241]]}},{"type":"Feature","properties":{"id":152,"camada":"Linhas de fluxo principais A+B"},"geometry":{"type":"LineString","coordinates":[[-34.918445772010806,-7.263026940331538],[-34.918490849518896,-7.262981545114041],[-34.91853592701795,-7.2629361498943465],[-34.91858100450798,-7.262890754672455],[-34.91862608198897,-7.262845359448366],[-34.91867115946092,-7.262799964222077],[-34.91871642864623,-7.262799772778323],[-34.9187616978303,-7.262799581330062],[-34.91880696701315,-7.262799389877288],[-34.91885223619477,-7.262799198420005],[-34.91889750537517,-7.262799006958213],[-34.918942774554345,-7.26279881549191],[-34.918988043732284,-7.262798624021096]]}},{"type":"Feature","properties":{"id":153,"camada":"Linhas de fluxo principais A+B"},"geometry":{"type":"LineString","coordinates":[[-34.91835523357911,-7.263027323172446],[-34.91840050279558,-7.263027131754248],[-34.918445772010806,-7.263026940331538]]}},{"type":"Feature","properties":{"id":154,"camada":"Linhas de fluxo principais A+B"},"geometry":{"type":"LineString","coordinates":[[-34.917585656711935,-7.263030576591754],[-34.91763092594921,-7.2630303852502305],[-34.917676195185265,-7.263030193904196],[-34.9177214644201,-7.263030002553653],[-34.9177667336537,-7.2630298111985985],[-34.91781200288608,-7.263029619839033],[-34.91785727211724,-7.263029428474959],[-34.91790254134717,-7.263029237106373],[-34.917947810575875,-7.263029045733277],[-34.91799307980335,-7.26302885435567],[-34.91803834902961,-7.263028662973554],[-34.91808361825465,-7.263028471586926],[-34.91812888747845,-7.2630282801957895],[-34.918174156701035,-7.263028088800142],[-34.918219425922395,-7.263027897399984],[-34.918264695142526,-7.263027705995315],[-34.918309964361434,-7.263027514586136],[-34.91835523357911,-7.263027323172446]]}},{"type":"Feature","properties":{"id":155,"camada":"Linhas de fluxo principais A+B"},"geometry":{"type":"LineString","coordinates":[[-34.91518638538468,-7.2630407112381565],[-34.915231654686814,-7.263040520135683],[-34.915276923987726,-7.2630403290287],[-34.915322193287416,-7.263040137917204],[-34.915367462585884,-7.2630399468012],[-34.91541273188312,-7.263039755680685],[-34.91545800117915,-7.26303956455566],[-34.91550327047395,-7.263039373426123],[-34.91554834835519,-7.262993978423614],[-34.9155934262274,-7.262948583418906],[-34.91563850409059,-7.262903188411994],[-34.915683581944734,-7.262857793402882],[-34.91572865978985,-7.262812398391567]]}},{"type":"Feature","properties":{"id":156,"camada":"Linhas de fluxo principais A+B"},"geometry":{"type":"LineString","coordinates":[[-34.914280999085186,-7.2630445323404444],[-34.91432626841178,-7.263044341328179],[-34.91437134644225,-7.262998946411699],[-34.914416424463695,-7.262953551493019],[-34.914461502476115,-7.262908156572133],[-34.91450658047949,-7.262862761649047],[-34.91455165847383,-7.2628173667237546]]}},{"type":"Feature","properties":{"id":157,"camada":"Linhas de fluxo principais A+B"},"geometry":{"type":"LineString","coordinates":[[-34.91423572975737,-7.263044723348199],[-34.914280999085186,-7.2630445323404444]]}},{"type":"Feature","properties":{"id":158,"camada":"Linhas de fluxo principais A+B"},"geometry":{"type":"LineString","coordinates":[[-34.914145191098086,-7.263045105350179],[-34.914190460428344,-7.263044914351444],[-34.91423572975737,-7.263044723348199]]}},{"type":"Feature","properties":{"id":159,"camada":"Linhas de fluxo principais A+B"},"geometry":{"type":"LineString","coordinates":[[-34.90984459915432,-7.263063229662414],[-34.90988967775285,-7.263017835073689],[-34.90993475634234,-7.2629724404827565],[-34.909979834922794,-7.262927045889613],[-34.91002491349422,-7.262881651294262],[-34.910069992056606,-7.262836256696702],[-34.91011526147417,-7.262836066109899],[-34.91016053089051,-7.2628358755185864],[-34.910205800305626,-7.262835684922763],[-34.91025106971953,-7.262835494322428],[-34.910296339132216,-7.262835303717584],[-34.91034160854368,-7.262835113108229],[-34.91038687795392,-7.262834922494365],[-34.91043214736294,-7.26283473187599],[-34.910477416770746,-7.262834541253104],[-34.91052268617732,-7.262834350625709],[-34.910567955582685,-7.262834159993801],[-34.91061322498683,-7.262833969357385],[-34.91065849438976,-7.262833778716458],[-34.91070376379146,-7.262833588071023],[-34.91074903319194,-7.262833397421075],[-34.910794302591206,-7.262833206766616],[-34.910839381052774,-7.262787812113867],[-34.910884459505304,-7.262742417458905],[-34.91092953794881,-7.262697022801737],[-34.91097461638328,-7.262651628142364],[-34.91101988575837,-7.262651437470152],[-34.91106496417808,-7.262606042805262],[-34.911110042588746,-7.262560648138164],[-34.91115512099038,-7.262515253468859],[-34.911200199382975,-7.262469858797346],[-34.91124527776654,-7.262424464123631],[-34.91129035614107,-7.2623790694477055],[-34.911335434506576,-7.262333674769574],[-34.91138051286305,-7.262288280089236],[-34.91142559121048,-7.262242885406696],[-34.91147066954888,-7.262197490721946],[-34.91151574787825,-7.262152096034992],[-34.91156082619859,-7.26210670134583],[-34.9116059045099,-7.2620613066544655],[-34.91165098281217,-7.2620159119608925],[-34.91169606110541,-7.261970517265115],[-34.91174113938961,-7.261925122567131],[-34.91178621766479,-7.26187972786694],[-34.91183129593094,-7.261834333164547],[-34.91187637418805,-7.261788938459949],[-34.91192145243612,-7.261743543753141],[-34.91196653067517,-7.261698149044132]]}},{"type":"Feature","properties":{"id":160,"camada":"Linhas de fluxo principais A+B"},"geometry":{"type":"LineString","coordinates":[[-34.90966352135715,-7.263063991898283],[-34.909708790808274,-7.263063801346083],[-34.90975406025817,-7.26306361078937],[-34.90979932970686,-7.263063420228147],[-34.90984459915432,-7.263063229662414]]}},{"type":"Feature","properties":{"id":161,"camada":"Linhas de fluxo principais A+B"},"geometry":{"type":"LineString","coordinates":[[-34.91831015605051,-7.2630727183811326],[-34.91835523357911,-7.263027323172446]]}},{"type":"Feature","properties":{"id":162,"camada":"Linhas de fluxo principais A+B"},"geometry":{"type":"LineString","coordinates":[[-34.91826488682709,-7.263072909791516],[-34.91831015605051,-7.2630727183811326]]}},{"type":"Feature","properties":{"id":163,"camada":"Linhas de fluxo principais A+B"},"geometry":{"type":"LineString","coordinates":[[-34.91106706474112,-7.263103286669897],[-34.91111252513105,-7.263148299962598],[-34.911157985530025,-7.263193313248297],[-34.91120344593803,-7.26323832652699],[-34.91124890635507,-7.263283339798681]]}},{"type":"Feature","properties":{"id":164,"camada":"Linhas de fluxo principais A+B"},"geometry":{"type":"LineString","coordinates":[[-34.91826507851287,-7.263118113587622],[-34.91826488682709,-7.263072909791516]]}},{"type":"Feature","properties":{"id":165,"camada":"Linhas de fluxo principais A+B"},"geometry":{"type":"LineString","coordinates":[[-34.9182198092837,-7.2631183049946975],[-34.91826488682709,-7.263072909791516]]}},{"type":"Feature","properties":{"id":166,"camada":"Linhas de fluxo principais A+B"},"geometry":{"type":"LineString","coordinates":[[-34.9141004955773,-7.263180908064564],[-34.914145573646366,-7.263135513161314],[-34.914190651706384,-7.263090118255857],[-34.91423572975737,-7.263044723348199]]}},{"type":"Feature","properties":{"id":167,"camada":"Linhas de fluxo principais A+B"},"geometry":{"type":"LineString","coordinates":[[-34.918220192649905,-7.263208712589033],[-34.91822000096619,-7.263163508791913],[-34.9182198092837,-7.2631183049946975]]}},{"type":"Feature","properties":{"id":168,"camada":"Linhas de fluxo principais A+B"},"geometry":{"type":"LineString","coordinates":[[-34.91405560876859,-7.263271506873249],[-34.91410068684998,-7.263226111971093],[-34.91414576492233,-7.263180717066738],[-34.91419084298565,-7.263135322160176],[-34.91423592103993,-7.263089927251412],[-34.914280999085186,-7.2630445323404444]]}},{"type":"Feature","properties":{"id":169,"camada":"Linhas de fluxo principais A+B"},"geometry":{"type":"LineString","coordinates":[[-34.91401033941209,-7.263271697864457],[-34.91405560876859,-7.263271506873249]]}},{"type":"Feature","properties":{"id":170,"camada":"Linhas de fluxo principais A+B"},"geometry":{"type":"LineString","coordinates":[[-34.91369345388232,-7.263273034676619],[-34.91373872324738,-7.263272843716984],[-34.913783992611215,-7.263272652752839],[-34.91382926197383,-7.263272461784185],[-34.91387453133523,-7.263272270811018],[-34.9139198006954,-7.263272079833341],[-34.91396507005436,-7.263271888851155],[-34.91401033941209,-7.263271697864457]]}},{"type":"Feature","properties":{"id":171,"camada":"Linhas de fluxo principais A+B"},"geometry":{"type":"LineString","coordinates":[[-34.9135576457798,-7.2632736075284585],[-34.91360291514853,-7.263273416582355],[-34.913648184516035,-7.2632732256317425],[-34.91369345388232,-7.263273034676619]]}},{"type":"Feature","properties":{"id":172,"camada":"Linhas de fluxo principais A+B"},"geometry":{"type":"LineString","coordinates":[[-34.91124890635507,-7.263283339798681],[-34.911294175786075,-7.263283149082618],[-34.911339445215866,-7.263282958362043],[-34.91138490564853,-7.263327971615311],[-34.91143036609023,-7.263372984861572],[-34.91147563552539,-7.263372794125067],[-34.911521095979424,-7.263417807358616],[-34.91156655644249,-7.263462820585158],[-34.91161201691459,-7.263507833804699]]}},{"type":"Feature","properties":{"id":173,"camada":"Linhas de fluxo principais A+B"},"geometry":{"type":"LineString","coordinates":[[-34.91120363692284,-7.263283530510234],[-34.91124890635507,-7.263283339798681]]}},{"type":"Feature","properties":{"id":174,"camada":"Linhas de fluxo principais A+B"},"geometry":{"type":"LineString","coordinates":[[-34.909483397594094,-7.263290774206896],[-34.909528667072685,-7.2632905836667465],[-34.909573936550046,-7.263290393122085],[-34.90961920602619,-7.263290202572914],[-34.90966428466989,-7.263244807995232],[-34.90970936330454,-7.263199413415342],[-34.90975444193017,-7.263154018833241],[-34.90979952054676,-7.2631086242489316],[-34.90984459915432,-7.263063229662414]]}},{"type":"Feature","properties":{"id":175,"camada":"Linhas de fluxo principais A+B"},"geometry":{"type":"LineString","coordinates":[[-34.920484036881646,-7.263289544063105],[-34.92048384496963,-7.2632443403263895],[-34.920483653058845,-7.263199136589581],[-34.92048346114928,-7.263153932852677],[-34.92048326924095,-7.263108729115677],[-34.92048307733384,-7.263063525378582],[-34.920482885427965,-7.263018321641394],[-34.920482693523304,-7.26297311790411],[-34.92048250161988,-7.262927914166734],[-34.92048230971768,-7.262882710429261],[-34.920482117816704,-7.262837506691693],[-34.92048192591695,-7.262792302954027],[-34.92048173401842,-7.262747099216273],[-34.92048154212113,-7.2627018954784175],[-34.92048135022506,-7.262656691740467],[-34.920526427448415,-7.2626112963830876]]}},{"type":"Feature","properties":{"id":176,"camada":"Linhas de fluxo principais A+B"},"geometry":{"type":"LineString","coordinates":[[-34.92324564716832,-7.263323049589642],[-34.92324545497954,-7.263277845926583],[-34.92329053189858,-7.2632324503520795],[-34.92329033970775,-7.263187246690036],[-34.923290147518145,-7.263142043027899],[-34.92328995532977,-7.263096839365667],[-34.92328976314261,-7.263051635703337],[-34.9232895709567,-7.263006432040915],[-34.92333464785025,-7.26296103646978],[-34.92333445566227,-7.262915832808376],[-34.92333426347552,-7.2628706291468745],[-34.923334071289986,-7.26282542548528],[-34.9233338791057,-7.262780221823588],[-34.923333686922625,-7.2627350181618056],[-34.92337876379071,-7.262689622594035],[-34.923378571605575,-7.262644418933266],[-34.92337837942168,-7.262599215272404],[-34.923378187239,-7.262554011611448]]}},{"type":"Feature","properties":{"id":177,"camada":"Linhas de fluxo principais A+B"},"geometry":{"type":"LineString","coordinates":[[-34.917994613097314,-7.263390484780392],[-34.91799442143128,-7.263345280977633],[-34.91799422976647,-7.263300077174782],[-34.91799403810289,-7.2632548733718325],[-34.91803911568486,-7.263209478181859],[-34.91808419325779,-7.263164082989689],[-34.91812927082169,-7.263118687795318],[-34.91817454005331,-7.263118496397263],[-34.9182198092837,-7.2631183049946975]]}},{"type":"Feature","properties":{"id":178,"camada":"Linhas de fluxo principais A+B"},"geometry":{"type":"LineString","coordinates":[[-34.91161201691459,-7.263507833804699],[-34.91165728635841,-7.263507643046552],[-34.91170255580102,-7.263507452283895],[-34.911747825242415,-7.263507261516729],[-34.91179309468257,-7.263507070745052],[-34.91183836412152,-7.263506879968864],[-34.91188363355925,-7.263506689188164],[-34.91192890299576,-7.263506498402953],[-34.911974172431044,-7.263506307613233],[-34.912019441865105,-7.263506116819002],[-34.912064711297944,-7.26350592602026],[-34.91210998072957,-7.263505735217007],[-34.91215525015996,-7.263505544409243],[-34.91220051958914,-7.263505353596969],[-34.9122457890171,-7.263505162780183],[-34.912291058443834,-7.263504971958889],[-34.912336327869355,-7.263504781133082],[-34.91238159729365,-7.263504590302766],[-34.91242686671672,-7.263504399467937],[-34.912472136138575,-7.263504208628599],[-34.91251740555921,-7.263504017784749],[-34.912562674978616,-7.26350382693639],[-34.912607944396804,-7.263503636083519],[-34.91265321381377,-7.263503445226138],[-34.91269848322951,-7.263503254364246],[-34.91274375264404,-7.2635030634978435],[-34.912789022057346,-7.26350287262693],[-34.91283429146943,-7.263502681751505],[-34.912879560880285,-7.26350249087157],[-34.912924830289924,-7.263502299987126],[-34.91297009969834,-7.263502109098169],[-34.91301536910554,-7.263501918204702],[-34.91306063851152,-7.263501727306724],[-34.91310590791627,-7.263501536404236],[-34.9131511773198,-7.263501345497236],[-34.913196446722104,-7.263501154585726],[-34.91324171612319,-7.263500963669706],[-34.91328698552306,-7.263500772749175],[-34.913332254921706,-7.263500581824133],[-34.913377524319124,-7.26350039089458],[-34.91342279371533,-7.263500199960517],[-34.91346806311031,-7.263500009021943],[-34.91351314128277,-7.263454614157286],[-34.913558219446216,-7.263409219290427],[-34.913603297600616,-7.2633638244213605],[-34.91364837574598,-7.263318429550093],[-34.91369345388232,-7.263273034676619]]}},{"type":"Feature","properties":{"id":179,"camada":"Linhas de fluxo principais A+B"},"geometry":{"type":"LineString","coordinates":[[-34.91111405295191,-7.263509931846591],[-34.91115932240916,-7.263509741138065],[-34.9112045918652,-7.2635095504250256],[-34.911249861320016,-7.263509359707477],[-34.9112951307736,-7.263509168985418],[-34.91134040022598,-7.263508978258845],[-34.91138566967713,-7.2635087875277655],[-34.911430939127065,-7.263508596792174],[-34.91147620857578,-7.26350840605207],[-34.91152147802327,-7.263508215307457],[-34.911566747469536,-7.263508024558334],[-34.91161201691459,-7.263507833804699]]}},{"type":"Feature","properties":{"id":180,"camada":"Linhas de fluxo principais A+B"},"geometry":{"type":"LineString","coordinates":[[-34.915822452871815,-7.263580481720688],[-34.91586753075241,-7.263535086681734],[-34.91591260862396,-7.263489691640578],[-34.91591241716326,-7.263444487782681],[-34.9159122257038,-7.26339928392469],[-34.91591203424555,-7.263354080066602],[-34.915911842788525,-7.26330887620842],[-34.91591165133273,-7.263263672350143],[-34.91595672917878,-7.263218277312321],[-34.9160018070158,-7.2631728822723],[-34.91604688484379,-7.2631274872300775],[-34.91609196266274,-7.2630820921856545],[-34.91613704047266,-7.2630366971390306],[-34.91618211827355,-7.262991302090206],[-34.91622719606541,-7.2629459070391835],[-34.91627227384822,-7.262900511985958],[-34.916317351622006,-7.262855116930532],[-34.91636242938676,-7.262809721872904],[-34.91640750714247,-7.262764326813081],[-34.91645258488916,-7.262718931751051],[-34.91649766262682,-7.2626735366868225],[-34.91654274035544,-7.262628141620398],[-34.916587818075016,-7.262582746551774],[-34.916632895785575,-7.262537351480949],[-34.91667816499887,-7.262537160247372],[-34.91672343421095,-7.262536969009286],[-34.91676870342181,-7.262536777766688],[-34.916813972631445,-7.26253658651958],[-34.91685924183985,-7.262536395267964],[-34.91690451104703,-7.262536204011837],[-34.916949780252985,-7.262536012751199],[-34.916995049457725,-7.262535821486053],[-34.917040318661236,-7.262535630216395],[-34.917085587863525,-7.262535438942227],[-34.917130857064585,-7.26253524766355],[-34.91717612626443,-7.2625350563803615],[-34.91722139546304,-7.2625348650926655],[-34.91726666466043,-7.262534673800458],[-34.91731212543283,-7.262579686326253]]}},{"type":"Feature","properties":{"id":181,"camada":"Linhas de fluxo principais A+B"},"geometry":{"type":"LineString","coordinates":[[-34.9153244900597,-7.263582584403468],[-34.91536956800345,-7.26353718940091],[-34.91541464593814,-7.263491794396151],[-34.91545972386381,-7.2634463993891885],[-34.91550480178044,-7.263401004380026],[-34.915549879688044,-7.26335560936866],[-34.915594957586606,-7.263310214355095],[-34.91564003547614,-7.263264819339324],[-34.91568511335664,-7.263219424321355],[-34.9157301912281,-7.263174029301184],[-34.91577526909053,-7.263128634278812],[-34.915820346943924,-7.263083239254237],[-34.91586542478829,-7.263037844227463],[-34.91591050262361,-7.262992449198486],[-34.91595558044991,-7.262947054167312],[-34.91600065826717,-7.262901659133934],[-34.9160457360754,-7.262856264098357],[-34.91609081387459,-7.262810869060576],[-34.91613589166475,-7.2627654740206],[-34.916180969445875,-7.262720078978417],[-34.916226047217975,-7.262674683934035],[-34.91627112498103,-7.2626292888874575],[-34.91631620273506,-7.262583893838679],[-34.916361280480054,-7.262538498787699],[-34.916406358216015,-7.262493103734517],[-34.916451435942946,-7.262447708679136],[-34.91649651366084,-7.262402313621558],[-34.9165415913697,-7.262356918561777]]}},{"type":"Feature","properties":{"id":182,"camada":"Linhas de fluxo principais A+B"},"geometry":{"type":"LineString","coordinates":[[-34.91364952315135,-7.2635896530581965],[-34.913694792549244,-7.263589462094667],[-34.913739870699615,-7.26354406721125],[-34.91378494884095,-7.2634986723256265],[-34.913830026973244,-7.263453277437799],[-34.9138751050965,-7.263407882547772],[-34.913920183210735,-7.263362487655536],[-34.91396526131592,-7.263317092761101],[-34.91401033941209,-7.263271697864457]]}},{"type":"Feature","properties":{"id":183,"camada":"Linhas de fluxo principais A+B"},"geometry":{"type":"LineString","coordinates":[[-34.92324718472271,-7.263684678890709],[-34.92324737692253,-7.263729882552912],[-34.92324756912359,-7.263775086215024],[-34.92324776132587,-7.263820289877039],[-34.92324795352938,-7.263865493538961],[-34.92324814573412,-7.263910697200788],[-34.92324833794008,-7.263955900862518],[-34.92324853014728,-7.264001104524154],[-34.9232487223557,-7.264046308185696],[-34.923248914565356,-7.264091511847141],[-34.923249106776225,-7.264136715508495]]}},{"type":"Feature","properties":{"id":184,"camada":"Linhas de fluxo principais A+B"},"geometry":{"type":"LineString","coordinates":[[-34.91143189421286,-7.263734616674616],[-34.91147716368416,-7.263734425928518],[-34.91152243315424,-7.263734235177907],[-34.911567702623095,-7.263734044422785],[-34.91161297209073,-7.263733853663153],[-34.91165824155714,-7.26373366289901],[-34.911703511022345,-7.263733472130356],[-34.91174878048631,-7.263733281357192],[-34.91179404994907,-7.263733090579516],[-34.911839319410596,-7.26373289979733],[-34.91188458887091,-7.263732709010632],[-34.911929858330005,-7.263732518219423],[-34.91197512778787,-7.263732327423705],[-34.91202039724452,-7.263732136623474],[-34.912065666699945,-7.263731945818734],[-34.91211093615416,-7.263731755009482],[-34.91215620560714,-7.263731564195721],[-34.912201475058914,-7.263731373377447],[-34.91224674450945,-7.263731182554662],[-34.912292013958776,-7.263730991727368],[-34.91233728340688,-7.263730800895562],[-34.91238255285376,-7.263730610059246],[-34.91242782229942,-7.263730419218417],[-34.912473091743855,-7.2637302283730785],[-34.91251836118707,-7.2637300375232305],[-34.91256363062907,-7.26372984666887],[-34.91260890006984,-7.263729655809999],[-34.912654169509395,-7.263729464946617],[-34.91269943894773,-7.263729274078724],[-34.912744708384835,-7.263729083206321],[-34.91278997782073,-7.263728892329405],[-34.912835247255394,-7.26372870144798],[-34.912880516688844,-7.263728510562044],[-34.912925786121065,-7.263728319671597],[-34.91297105555207,-7.26372812877664],[-34.913016324981854,-7.263727937877171],[-34.913061594410415,-7.263727746973191],[-34.91310686383775,-7.263727556064701],[-34.91315213326387,-7.263727365151699],[-34.913197402688766,-7.263727174234188],[-34.91324267211244,-7.263726983312165],[-34.9132879415349,-7.263726792385632],[-34.91333321095612,-7.263726601454587],[-34.91337848037613,-7.263726410519032],[-34.913423749794916,-7.263726219578966],[-34.913469019212485,-7.263726028634387],[-34.913514288628825,-7.263725837685302],[-34.91355955804395,-7.263725646731702],[-34.913604827457846,-7.263725455773592],[-34.913649905629576,-7.263680060893475],[-34.91369498379227,-7.263634666011152],[-34.91374006194593,-7.263589271126628],[-34.91378514009055,-7.2635438762399005],[-34.913830218226146,-7.263498481350966],[-34.91387529635271,-7.263453086459831],[-34.91392037447023,-7.263407691566491],[-34.913965452578715,-7.263362296670947],[-34.91401053067817,-7.2633169017732016],[-34.91405560876859,-7.263271506873249]]}},{"type":"Feature","properties":{"id":185,"camada":"Linhas de fluxo principais A+B"},"geometry":{"type":"LineString","coordinates":[[-34.9155968718957,-7.2637622530167905],[-34.91564194981817,-7.263716857989954],[-34.9156870277316,-7.26367146296091],[-34.91573210563601,-7.263626067929666],[-34.915777183531375,-7.2635806728962224],[-34.91582226141771,-7.263535277860577],[-34.915867339295005,-7.263489882822729],[-34.915867147838824,-7.263444678963628],[-34.91586695638387,-7.263399475104436],[-34.91586676493014,-7.263354271245146],[-34.915866573477636,-7.263309067385762],[-34.91586638202635,-7.263263863526283],[-34.91591145987815,-7.263218468491771],[-34.91595653772091,-7.263173073455057],[-34.916001615554634,-7.263127678416143],[-34.91604669337933,-7.263082283375027],[-34.91609177119499,-7.263036888331713],[-34.91613684900162,-7.262991493286195],[-34.91618192679921,-7.262946098238481],[-34.91622700458777,-7.2629007031885635],[-34.9162720823673,-7.262855308136445],[-34.91631716013779,-7.262809913082125],[-34.91636223789924,-7.26276451802561],[-34.916407315651675,-7.262719122966887],[-34.91645239339507,-7.262673727905967],[-34.916497471129425,-7.26262833284285],[-34.91654254885476,-7.262582937777534],[-34.91658762657105,-7.262537542710016],[-34.91663270427831,-7.2624921476402955],[-34.91667797348709,-7.262491956407922],[-34.91672324269465,-7.262491765171037],[-34.91676851190099,-7.262491573929643],[-34.916813781106114,-7.262491382683739],[-34.91685905031,-7.262491191433323],[-34.91690431951267,-7.2624910001784],[-34.916949588714104,-7.262490808918966],[-34.916994857914325,-7.26249061765502],[-34.917040127113324,-7.262490426386567],[-34.917085396311094,-7.262490235113603],[-34.917130665507635,-7.262490043836127],[-34.91717593470296,-7.262489852554143],[-34.91722120389706,-7.262489661267649],[-34.91726647308993,-7.262489469976643],[-34.917311933856595,-7.26253448250374],[-34.9173573946323,-7.2625794950238225]]}},{"type":"Feature","properties":{"id":186,"camada":"Linhas de fluxo principais A+B"},"geometry":{"type":"LineString","coordinates":[[-34.91758891436417,-7.263799041421137],[-34.917633992037324,-7.263753646247628],[-34.91767906970144,-7.263708251071922],[-34.91772414735652,-7.263662855894013],[-34.91776922500257,-7.263617460713905],[-34.91781430263959,-7.2635720655316005],[-34.91785938026757,-7.263526670347097],[-34.917904457886515,-7.263481275160393],[-34.917949535496426,-7.26343587997149],[-34.917994613097314,-7.263390484780392]]}},{"type":"Feature","properties":{"id":187,"camada":"Linhas de fluxo principais A+B"},"geometry":{"type":"LineString","coordinates":[[-34.917996529824975,-7.263842522802752],[-34.9179963381467,-7.263797319000943],[-34.91799614646964,-7.263752115199038],[-34.91799595479382,-7.263706911397043],[-34.917995763119215,-7.263661707594947],[-34.917995571445836,-7.263616503792758],[-34.91799537977368,-7.263571299990474],[-34.91799518810275,-7.263526096188095],[-34.917994996433045,-7.263480892385621],[-34.91799480476457,-7.263435688583052],[-34.917994613097314,-7.263390484780392]]}},{"type":"Feature","properties":{"id":188,"camada":"Linhas de fluxo principais A+B"},"geometry":{"type":"LineString","coordinates":[[-34.92288599229525,-7.2639122324739915],[-34.9229312614794,-7.263912040580628],[-34.92297653066233,-7.263911848682755],[-34.92302199202741,-7.263956860448134],[-34.92306745340153,-7.264001872206495],[-34.923112914784674,-7.26404688395784],[-34.923158376176865,-7.264091895702162],[-34.92320364537172,-7.2640917037769075],[-34.92320383757808,-7.264136907439466]]}},{"type":"Feature","properties":{"id":189,"camada":"Linhas de fluxo principais A+B"},"geometry":{"type":"LineString","coordinates":[[-34.917996913185206,-7.263932930406087],[-34.91799672150448,-7.263887726604467],[-34.917996529824975,-7.263842522802752]]}},{"type":"Feature","properties":{"id":190,"camada":"Linhas de fluxo principais A+B"},"geometry":{"type":"LineString","coordinates":[[-34.915054404980545,-7.26394536213224],[-34.91509967437669,-7.263945171019264],[-34.915144943771615,-7.263944979901779],[-34.91519021316532,-7.2639447887797814],[-34.91523548255779,-7.263944597653274],[-34.91528075194905,-7.263944406522255],[-34.915326021339084,-7.263944215386725],[-34.91537129072789,-7.263944024246684],[-34.915416560115474,-7.2639438331021315],[-34.915461829501844,-7.26394364195307],[-34.91550709888698,-7.263943450799496],[-34.915552176834105,-7.2638980557748445],[-34.9155972547722,-7.2638526607479905],[-34.91564233270126,-7.263807265718939],[-34.91568741062128,-7.2637618706876825],[-34.91573248853227,-7.263716475654228],[-34.91577756643422,-7.2636710806185665],[-34.91582264432714,-7.263625685580705],[-34.91586772221103,-7.263580290540644],[-34.91591280008588,-7.263534895498382],[-34.9159578779517,-7.263489500453916],[-34.91600295580848,-7.263444105407251],[-34.91604803365623,-7.263398710358386],[-34.916093111494945,-7.263353315307319],[-34.91613818932462,-7.263307920254051],[-34.91618326714527,-7.26326252519858],[-34.91622834495688,-7.2632171301409105],[-34.91627342275945,-7.263171735081041],[-34.916318500553004,-7.263126340018969],[-34.91636357833752,-7.263080944954697],[-34.91640865611299,-7.263035549888225],[-34.916453733879436,-7.262990154819552],[-34.91649881163684,-7.262944759748683],[-34.916543889385224,-7.26289936467561],[-34.91658896712456,-7.2628539696003385],[-34.916634044854874,-7.2628085745228645],[-34.91667912257615,-7.262763179443194],[-34.91672420028839,-7.262717784361318],[-34.9167692779916,-7.262672389277245],[-34.91681435568577,-7.262626994190976],[-34.91685943337092,-7.262581599102506],[-34.91690470258262,-7.262581407845177],[-34.916949971793095,-7.262581216583337],[-34.91699524100235,-7.262581025316987],[-34.91704051021038,-7.262580834046125],[-34.91708577941718,-7.2625806427707555],[-34.91713104862276,-7.262580451490875],[-34.91717631782711,-7.262580260206485],[-34.91722158703025,-7.262580068917585],[-34.91726685623215,-7.262579877624173],[-34.91731212543283,-7.262579686326253]]}},{"type":"Feature","properties":{"id":191,"camada":"Linhas de fluxo principais A+B"},"geometry":{"type":"LineString","coordinates":[[-34.914918596784766,-7.263945935444099],[-34.91496386618458,-7.263945744344657],[-34.915009135583176,-7.2639455532407045],[-34.915054404980545,-7.26394536213224]]}},{"type":"Feature","properties":{"id":192,"camada":"Linhas de fluxo principais A+B"},"geometry":{"type":"LineString","coordinates":[[-34.91482805798147,-7.2639463176294505],[-34.91487332738373,-7.26394612653903],[-34.914918596784766,-7.263945935444099]]}},{"type":"Feature","properties":{"id":193,"camada":"Linhas de fluxo principais A+B"},"geometry":{"type":"LineString","coordinates":[[-34.911659196786395,-7.263959682749093],[-34.91170446627417,-7.263959491974442],[-34.911749735760736,-7.26395930119528],[-34.91179500524607,-7.263959110411607],[-34.911840274730196,-7.263958919623421],[-34.91188554421309,-7.263958728830725],[-34.911930813694774,-7.2639585380335205],[-34.91197608317523,-7.263958347231801],[-34.91202135265446,-7.263958156425574],[-34.91206662213248,-7.263957965614834],[-34.91211189160928,-7.263957774799584],[-34.91215716108485,-7.263957583979822],[-34.912202430559205,-7.26395739315555],[-34.91224770003233,-7.2639572023267664],[-34.91229296950424,-7.263957011493472],[-34.91233823897493,-7.263956820655667],[-34.9123835084444,-7.263956629813351],[-34.912428777912645,-7.263956438966522],[-34.91247404737967,-7.263956248115184],[-34.912519316845476,-7.263956057259335],[-34.912564586310054,-7.263955866398975],[-34.91260985577342,-7.2639556755341035],[-34.91265512523555,-7.263955484664722],[-34.91270039469647,-7.263955293790828],[-34.912745664156176,-7.263955102912423],[-34.91279093361465,-7.263954912029508],[-34.912836203071905,-7.263954721142081],[-34.912881472527936,-7.263954530250145],[-34.91292674198275,-7.263954339353696],[-34.91297201143634,-7.263954148452736],[-34.91301728088871,-7.263953957547266],[-34.91306255033986,-7.263953766637285],[-34.91310781978978,-7.263953575722792],[-34.913153089238484,-7.263953384803789],[-34.91319835868597,-7.263953193880275],[-34.91324362813223,-7.263953002952249],[-34.91328889757727,-7.263952812019714],[-34.913334167021084,-7.263952621082666],[-34.913379436463686,-7.263952430141108],[-34.91342470590505,-7.263952239195039],[-34.91346997534521,-7.263952048244459],[-34.913515244784136,-7.263951857289367],[-34.91356051422184,-7.263951666329766],[-34.913605783658326,-7.263951475365653],[-34.91365105309359,-7.263951284397028],[-34.913696322527635,-7.263951093423894],[-34.91374159196045,-7.263950902446247],[-34.913786861392055,-7.263950711464091],[-34.913832130822435,-7.263950520477423],[-34.913877400251586,-7.263950329486244],[-34.91392266967952,-7.263950138490554],[-34.91396793910623,-7.263949947490353],[-34.91401320853171,-7.26394975648564],[-34.914058477955976,-7.263949565476417],[-34.91410374737902,-7.263949374462684],[-34.91414901680084,-7.2639491834444385],[-34.91419428622144,-7.263948992421684],[-34.91423955564082,-7.263948801394416],[-34.91428482505897,-7.263948610362639],[-34.9143300944759,-7.263948419326351],[-34.914375363891615,-7.26394822828555],[-34.9144206333061,-7.26394803724024],[-34.91446590271937,-7.263947846190418],[-34.914511172131405,-7.263947655136085],[-34.914556441542224,-7.263947464077242],[-34.91460171095182,-7.263947273013888],[-34.914646980360196,-7.263947081946022],[-34.91469224976735,-7.263946890873647],[-34.91473751917328,-7.263946699796759],[-34.91478278857798,-7.263946508715359],[-34.91482805798147,-7.2639463176294505]]}},{"type":"Feature","properties":{"id":194,"camada":"Linhas de fluxo principais A+B"},"geometry":{"type":"LineString","coordinates":[[-34.92320383757808,-7.264136907439466],[-34.923249106776225,-7.264136715508495]]}},{"type":"Feature","properties":{"id":195,"camada":"Linhas de fluxo principais A+B"},"geometry":{"type":"LineString","coordinates":[[-34.923068029976264,-7.2641374832053165],[-34.9231132991781,-7.264137291287877],[-34.9231585683787,-7.264137099365928],[-34.92320383757808,-7.264136907439466]]}},{"type":"Feature","properties":{"id":196,"camada":"Linhas de fluxo principais A+B"},"geometry":{"type":"LineString","coordinates":[[-34.91514590077062,-7.264170999287261],[-34.91519117018691,-7.264170808159256],[-34.915236439601976,-7.264170617026738],[-34.915281709015815,-7.264170425889712],[-34.91532697842844,-7.264170234748173],[-34.915372247839834,-7.264170043602123],[-34.915417517250006,-7.2641698524515625],[-34.91546278665896,-7.26416966129649],[-34.915508056066685,-7.264169470136907],[-34.91555313403028,-7.2641240751067215],[-34.91559821198485,-7.264078680074335],[-34.91564328993038,-7.264033285039743],[-34.91568836786687,-7.263987890002953],[-34.91573344579433,-7.263942494963963],[-34.91577852371275,-7.263897099922767],[-34.915823601622144,-7.263851704879369],[-34.9158686795225,-7.263806309833773],[-34.91591375741382,-7.263760914785972],[-34.91595883529611,-7.263715519735974],[-34.916003913169355,-7.263670124683769],[-34.91604899103358,-7.263624729629365],[-34.91609406888876,-7.263579334572761],[-34.9161391467349,-7.263533939513957],[-34.916184224572014,-7.263488544452949],[-34.9162293024001,-7.263443149389741],[-34.916274380219136,-7.263397754324337],[-34.91631945802915,-7.263352359256727],[-34.91636453583013,-7.263306964186919],[-34.91640961362207,-7.263261569114907],[-34.91645469140499,-7.263216174040696],[-34.916499769178856,-7.2631707789642865],[-34.9165448469437,-7.263125383885674],[-34.9165899246995,-7.263079988804862],[-34.91663500244628,-7.2630345937218515],[-34.91668008018402,-7.262989198636641],[-34.91672515791272,-7.2629438035492315],[-34.9167702356324,-7.262898408459621],[-34.91681531334304,-7.262853013367811],[-34.91686039104465,-7.262807618273798],[-34.91690566027893,-7.262807427010455],[-34.91695092951199,-7.2628072357426],[-34.916996198743824,-7.262807044470236],[-34.917041467974435,-7.262806853193362],[-34.91708673720382,-7.262806661911977],[-34.917132006431984,-7.262806470626082],[-34.91717727565892,-7.262806279335677],[-34.91722254488463,-7.262806088040762],[-34.917267814109124,-7.262805896741336],[-34.917313083332395,-7.262805705437399],[-34.91735835255443,-7.262805514128955],[-34.91740362177525,-7.262805322815999],[-34.91744889099484,-7.262805131498531],[-34.91749416021321,-7.262804940176554],[-34.91753942943035,-7.262804748850068],[-34.91758469864627,-7.26280455751907],[-34.91762996786096,-7.262804366183564],[-34.917675237074434,-7.262804174843546],[-34.917720506286685,-7.262803983499018]]}},{"type":"Feature","properties":{"id":197,"camada":"Linhas de fluxo principais A+B"},"geometry":{"type":"LineString","coordinates":[[-34.91451212881419,-7.264173674605672],[-34.914557398247595,-7.264173483540823],[-34.91460266767978,-7.264173292471461],[-34.91464774575819,-7.264127897507465],[-34.91469282382756,-7.264082502541266],[-34.9147379018879,-7.264037107572863],[-34.914782979939204,-7.263991712602257],[-34.91482805798147,-7.2639463176294505]]}},{"type":"Feature","properties":{"id":198,"camada":"Linhas de fluxo principais A+B"},"geometry":{"type":"LineString","coordinates":[[-34.914466859379566,-7.264173865666011],[-34.91451212881419,-7.264173674605672]]}},{"type":"Feature","properties":{"id":199,"camada":"Linhas de fluxo principais A+B"},"geometry":{"type":"LineString","coordinates":[[-34.91442158994371,-7.264174056721839],[-34.914466859379566,-7.264173865666011]]}},{"type":"Feature","properties":{"id":200,"camada":"Linhas de fluxo principais A+B"},"geometry":{"type":"LineString","coordinates":[[-34.92071422174866,-7.264192660424768],[-34.920714029789536,-7.264147456695978],[-34.920713837831634,-7.264102252967091],[-34.920713645874955,-7.264057049238112],[-34.92071345391951,-7.264011845509035],[-34.92071326196529,-7.2639666417798665],[-34.9207130700123,-7.263921438050602],[-34.92071287806053,-7.26387623432124],[-34.92071268610999,-7.263831030591784],[-34.92071249416067,-7.263785826862235],[-34.92071230221258,-7.26374062313259],[-34.92071211026572,-7.263695419402852],[-34.92071191832008,-7.263650215673016],[-34.92071172637567,-7.263605011943085],[-34.92071153443249,-7.263559808213061],[-34.920711342490534,-7.263514604482943],[-34.920711150549806,-7.263469400752726],[-34.9207109586103,-7.263424197022417],[-34.92071076667202,-7.263378993292015],[-34.92071057473497,-7.263333789561515],[-34.92071038279915,-7.2632885858309235],[-34.920710190864554,-7.2632433821002325],[-34.92070999893118,-7.263198178369448],[-34.920709806999035,-7.2631529746385715],[-34.92070961506811,-7.263107770907597],[-34.920709423138426,-7.263062567176528],[-34.92070923120996,-7.263017363445365],[-34.92070903928272,-7.262972159714106],[-34.92070884735671,-7.262926955982755],[-34.920708655431916,-7.2628817522513085],[-34.92070846350836,-7.262836548519765],[-34.92070827158603,-7.262791344788126],[-34.92070807966492,-7.262746141056396],[-34.920707887745046,-7.262700937324566],[-34.920707695826394,-7.262655733592641],[-34.920662234795664,-7.262610721498007],[-34.920662042883976,-7.262565517764692],[-34.920661850973524,-7.26252031403128]]}},{"type":"Feature","properties":{"id":201,"camada":"Linhas de fluxo principais A+B"},"geometry":{"type":"LineString","coordinates":[[-34.91134345646339,-7.264232241912686],[-34.911388534958306,-7.264186847185964],[-34.911433613444196,-7.264141452457031],[-34.91147869192105,-7.264096057725893],[-34.91152377038886,-7.264050662992545],[-34.911568848847644,-7.264005268256992],[-34.911613927297395,-7.263959873519234],[-34.911659196786395,-7.263959682749093]]}},{"type":"Feature","properties":{"id":202,"camada":"Linhas de fluxo principais A+B"},"geometry":{"type":"LineString","coordinates":[[-34.9143767031612,-7.264264655567536],[-34.914421781274896,-7.264219260617873],[-34.914466859379566,-7.264173865666011]]}},{"type":"Feature","properties":{"id":203,"camada":"Linhas de fluxo principais A+B"},"geometry":{"type":"LineString","coordinates":[[-34.911298568981344,-7.26432284061587],[-34.9113436474886,-7.264277445890246],[-34.91138872598682,-7.264232051162415],[-34.911433804476005,-7.264186656432381],[-34.91147888295615,-7.2641412617001375],[-34.911523961427264,-7.264095866965686],[-34.91156903988934,-7.264050472229028],[-34.911614118342385,-7.264005077490163],[-34.911659196786395,-7.263959682749093]]}},{"type":"Feature","properties":{"id":204,"camada":"Linhas de fluxo principais A+B"},"geometry":{"type":"LineString","coordinates":[[-34.91741032824534,-7.2643874564434165],[-34.91745559762303,-7.264387265083841],[-34.91750067535622,-7.264341869905846],[-34.91754575308038,-7.264296474725655],[-34.9175908307955,-7.26425107954326],[-34.91763590850157,-7.264205684358664],[-34.917680986198626,-7.264160289171875],[-34.91772606388664,-7.2641148939828835],[-34.91777114156561,-7.264069498791693],[-34.917816219235554,-7.2640241035983015],[-34.91786129689647,-7.263978708402714],[-34.91790637454833,-7.263933313204928],[-34.917951452191176,-7.263887918004937],[-34.917996529824975,-7.263842522802752]]}},{"type":"Feature","properties":{"id":205,"camada":"Linhas de fluxo principais A+B"},"geometry":{"type":"LineString","coordinates":[[-34.91736505886642,-7.264387647798481],[-34.91741032824534,-7.2643874564434165]]}},{"type":"Feature","properties":{"id":206,"camada":"Linhas de fluxo principais A+B"},"geometry":{"type":"LineString","coordinates":[[-34.917048173179715,-7.264388987157616],[-34.91709344256721,-7.2643887958341296],[-34.91713871195347,-7.264388604506133],[-34.91718398133851,-7.264388413173625],[-34.91722925072232,-7.264388221836606],[-34.91727452010492,-7.264388030495074],[-34.917319789486285,-7.264387839149034],[-34.91736505886642,-7.264387647798481]]}},{"type":"Feature","properties":{"id":207,"camada":"Linhas de fluxo principais A+B"},"geometry":{"type":"LineString","coordinates":[[-34.916776556829085,-7.264390135003793],[-34.916821826223924,-7.264389943707376],[-34.91686709561753,-7.264389752406447],[-34.91691255659569,-7.264434764930458],[-34.91695782599137,-7.264434573619302],[-34.917003095385816,-7.2644343823036355],[-34.91704836477905,-7.26443419098346],[-34.91709363417105,-7.26443399965877],[-34.917138903561835,-7.264433808329571],[-34.91718417295139,-7.26443361699586],[-34.917229442339725,-7.2644334256576375],[-34.91727471172683,-7.264433234314903],[-34.91731998111272,-7.264433042967659],[-34.91736505886642,-7.264387647798481]]}},{"type":"Feature","properties":{"id":208,"camada":"Linhas de fluxo principais A+B"},"geometry":{"type":"LineString","coordinates":[[-34.91415092983557,-7.264401222477337],[-34.914196199301344,-7.2644010314425715],[-34.914241468765894,-7.264400840403294],[-34.91428673822922,-7.264400649359505],[-34.91433181636428,-7.264355254413145],[-34.91437689449032,-7.264309859464584],[-34.91442197260731,-7.264264464513816],[-34.91446705071527,-7.264219069560844],[-34.91451212881419,-7.264173674605672]]}},{"type":"Feature","properties":{"id":209,"camada":"Linhas de fluxo principais A+B"},"geometry":{"type":"LineString","coordinates":[[-34.91410566036857,-7.264401413507593],[-34.91415092983557,-7.264401222477337]]}},{"type":"Feature","properties":{"id":210,"camada":"Linhas de fluxo principais A+B"},"geometry":{"type":"LineString","coordinates":[[-34.91406039090035,-7.2644016045333375],[-34.91410566036857,-7.264401413507593]]}},{"type":"Feature","properties":{"id":211,"camada":"Linhas de fluxo principais A+B"},"geometry":{"type":"LineString","coordinates":[[-34.914015504025414,-7.2644922033672215],[-34.91406058220151,-7.2644468084385085],[-34.91410566036857,-7.264401413507593]]}},{"type":"Feature","properties":{"id":212,"camada":"Linhas de fluxo principais A+B"},"geometry":{"type":"LineString","coordinates":[[-34.918452290587325,-7.264563869185438],[-34.91845209884427,-7.2645186653971825],[-34.918451907102444,-7.2644734616088344],[-34.91845171536184,-7.264428257820388],[-34.918451523622466,-7.264383054031848],[-34.91845133188431,-7.264337850243212],[-34.91845114014739,-7.264292646454484],[-34.91845094841169,-7.264247442665658],[-34.91845075667721,-7.264202238876737],[-34.91845056494396,-7.264157035087725],[-34.91845037321193,-7.2641118312986155],[-34.91845018148113,-7.264066627509413],[-34.91844998975155,-7.264021423720113],[-34.918449798023204,-7.26397621993072],[-34.91844960629608,-7.263931016141234],[-34.91844941457017,-7.263885812351648],[-34.918449222845496,-7.26384060856197],[-34.91844903112205,-7.263795404772199],[-34.91844883939982,-7.2637502009823285],[-34.91844864767882,-7.263704997192368],[-34.918448455959044,-7.26365979340231],[-34.918448264240496,-7.263614589612155],[-34.91844807252316,-7.263569385821908],[-34.918447880807065,-7.263524182031566],[-34.91844768909219,-7.263478978241127],[-34.91844749737854,-7.263433774450596],[-34.91844730566611,-7.263388570659971],[-34.91844711395491,-7.263343366869249],[-34.91844692224494,-7.263298163078433],[-34.91844673053619,-7.26325295928752],[-34.91840126959536,-7.263207946924037],[-34.91835580866356,-7.263162934553544],[-34.91831034774081,-7.263117922176035],[-34.91831015605051,-7.2630727183811326]]}},{"type":"Feature","properties":{"id":213,"camada":"Linhas de fluxo principais A+B"},"geometry":{"type":"LineString","coordinates":[[-34.91397061713607,-7.264582802201013],[-34.9140156953245,-7.264537407273401],[-34.91406077350389,-7.264492012343586],[-34.91410585167424,-7.264446617411564],[-34.91415092983557,-7.264401222477337]]}},{"type":"Feature","properties":{"id":214,"camada":"Linhas de fluxo principais A+B"},"geometry":{"type":"LineString","coordinates":[[-34.92320575970923,-7.264588944059834],[-34.92320556749059,-7.264543740398224],[-34.92320537527318,-7.26449853673652],[-34.923205183056986,-7.264453333074723],[-34.92320499084203,-7.264408129412826],[-34.923204798628305,-7.264362925750835],[-34.9232046064158,-7.2643177220887525],[-34.92320441420453,-7.264272518426574],[-34.92320422199449,-7.264227314764298],[-34.923204029785666,-7.264182111101928],[-34.923249106776225,-7.264136715508495]]}},{"type":"Feature","properties":{"id":215,"camada":"Linhas de fluxo principais A+B"},"geometry":{"type":"LineString","coordinates":[[-34.922662528693564,-7.264591247024427],[-34.922707797951624,-7.264591055135523],[-34.922753067208454,-7.264590863242107],[-34.92279833646406,-7.26459067134418],[-34.922843605718434,-7.264590479441743],[-34.92288887497158,-7.2645902875347925],[-34.922934144223504,-7.2645900956233325],[-34.92297941347419,-7.2645899037073605],[-34.92302468272365,-7.264589711786877],[-34.92306995197189,-7.264589519861883],[-34.9231152212189,-7.264589327932378],[-34.92316049046468,-7.264589135998362],[-34.92320575970923,-7.264588944059834]]}},{"type":"Feature","properties":{"id":216,"camada":"Linhas de fluxo principais A+B"},"geometry":{"type":"LineString","coordinates":[[-34.9173207476307,-7.2646138582412085],[-34.91732055599937,-7.264568654422965],[-34.91732036436926,-7.2645234506046235],[-34.917320172740375,-7.26447824678619],[-34.917365250497376,-7.264432851615903],[-34.91741032824534,-7.2643874564434165]]}},{"type":"Feature","properties":{"id":217,"camada":"Linhas de fluxo principais A+B"},"geometry":{"type":"LineString","coordinates":[[-34.91727547822674,-7.264614049593265],[-34.9173207476307,-7.2646138582412085]]}},{"type":"Feature","properties":{"id":218,"camada":"Linhas de fluxo principais A+B"},"geometry":{"type":"LineString","coordinates":[[-34.9170038617773,-7.264615197610867],[-34.9170491311886,-7.264615006285879],[-34.91709440059868,-7.264614814956379],[-34.917139670007536,-7.264614623622368],[-34.91718493941516,-7.264614432283844],[-34.917230208821564,-7.264614240940811],[-34.91727547822674,-7.264614049593265]]}},{"type":"Feature","properties":{"id":219,"camada":"Linhas de fluxo principais A+B"},"geometry":{"type":"LineString","coordinates":[[-34.91732113089704,-7.264704265877415],[-34.91732093926325,-7.264659062059361],[-34.9173207476307,-7.2646138582412085]]}},{"type":"Feature","properties":{"id":220,"camada":"Linhas de fluxo principais A+B"},"geometry":{"type":"LineString","coordinates":[[-34.923206528596076,-7.264769758705324],[-34.92320633637252,-7.264724555044093],[-34.92320614415019,-7.264679351382768],[-34.9232059519291,-7.26463414772135],[-34.92320575970923,-7.264588944059834]]}},{"type":"Feature","properties":{"id":221,"camada":"Linhas de fluxo principais A+B"},"geometry":{"type":"LineString","coordinates":[[-34.92103379461336,-7.264824170616531],[-34.92107906393819,-7.2648239788840066],[-34.92112433326179,-7.264823787146971],[-34.921169602584165,-7.264823595405424],[-34.921214871905306,-7.264823403659365],[-34.92126014122523,-7.264823211908795],[-34.92130541054393,-7.264823020153713],[-34.92135067986139,-7.264822828394119],[-34.92139594917763,-7.264822636630016],[-34.921441218492646,-7.264822444861399],[-34.92148648780643,-7.264822253088273],[-34.921531757119,-7.264822061310634],[-34.92157702643033,-7.264821869528483],[-34.92162229574043,-7.264821677741822],[-34.92166756504931,-7.264821485950649],[-34.92171283435696,-7.264821294154964],[-34.92175810366338,-7.264821102354767],[-34.92180337296858,-7.2648209105500605],[-34.92184864227255,-7.264820718740841],[-34.921893911575296,-7.264820526927111],[-34.921939180876805,-7.26482033510887],[-34.92198445017709,-7.264820143286117],[-34.92202971947616,-7.264819951458852],[-34.922074988773986,-7.264819759627076],[-34.9221202580706,-7.264819567790788],[-34.922165527365976,-7.264819375949989],[-34.922210796660124,-7.264819184104679],[-34.92225606595305,-7.264818992254856],[-34.92230133524474,-7.264818800400524],[-34.922346604535214,-7.264818608541679],[-34.92239187382445,-7.264818416678323],[-34.92243714311247,-7.264818224810456],[-34.922482412399255,-7.264818032938076],[-34.92252768168481,-7.264817841061185],[-34.92257295096914,-7.2648176491797845],[-34.92261822025225,-7.26481745729387],[-34.92266348953412,-7.264817265403446],[-34.92270875881477,-7.26481707350851],[-34.92275402809419,-7.264816881609063],[-34.92279929737238,-7.2648166897051025],[-34.922844566649346,-7.264816497796634],[-34.92288983592508,-7.2648163058836515],[-34.92293510519959,-7.264816113966157],[-34.92298037447287,-7.2648159220441535],[-34.923025451538216,-7.264770526451675],[-34.92307072080452,-7.264770334521855],[-34.923115990069604,-7.264770142587522],[-34.923161259333455,-7.264769950648678],[-34.923206528596076,-7.264769758705324]]}},{"type":"Feature","properties":{"id":222,"camada":"Linhas de fluxo principais A+B"},"geometry":{"type":"LineString","coordinates":[[-34.91709555027684,-7.264886037899948],[-34.91709535866076,-7.264840834076258],[-34.91709516704589,-7.264795630252473],[-34.91714024485466,-7.26475023509097],[-34.91718532265439,-7.26470483992727],[-34.917230400445085,-7.264659444761369],[-34.91727547822674,-7.264614049593265]]}},{"type":"Feature","properties":{"id":223,"camada":"Linhas de fluxo principais A+B"},"geometry":{"type":"LineString","coordinates":[[-34.91397195624083,-7.264899229549371],[-34.91401703445233,-7.2648538346140175],[-34.91406211265478,-7.264808439676457],[-34.914107190848206,-7.264763044736694],[-34.9141522690326,-7.264717649794726],[-34.91419734720795,-7.264672254850556],[-34.91424242537427,-7.264626859904176],[-34.91428750353155,-7.264581464955598],[-34.914332581679794,-7.264536070004812],[-34.914377659819,-7.264490675051826],[-34.914422737949174,-7.264445280096632],[-34.914467816070314,-7.264399885139236],[-34.91451289418242,-7.264354490179636],[-34.914557972285486,-7.264309095217834],[-34.91460305037952,-7.264263700253827],[-34.91464812846451,-7.264218305287615],[-34.91469320654048,-7.264172910319206],[-34.9147382846074,-7.26412751534859],[-34.914783362665304,-7.264082120375772],[-34.91482844071415,-7.264036725400748],[-34.91487351875398,-7.263991330423524],[-34.914918596784766,-7.263945935444099]]}},{"type":"Feature","properties":{"id":224,"camada":"Linhas de fluxo principais A+B"},"geometry":{"type":"LineString","coordinates":[[-34.91709574189415,-7.264931241723543],[-34.91709555027684,-7.264886037899948]]}},{"type":"Feature","properties":{"id":225,"camada":"Linhas de fluxo principais A+B"},"geometry":{"type":"LineString","coordinates":[[-34.92320729750257,-7.264950573349293],[-34.92320710527411,-7.264905369688441],[-34.92320691304687,-7.264860166027498],[-34.92320672082086,-7.264814962366459],[-34.923206528596076,-7.264769758705324]]}},{"type":"Feature","properties":{"id":226,"camada":"Linhas de fluxo principais A+B"},"geometry":{"type":"LineString","coordinates":[[-34.9170959335127,-7.264976445547044],[-34.91709574189415,-7.264931241723543]]}},{"type":"Feature","properties":{"id":227,"camada":"Linhas de fluxo principais A+B"},"geometry":{"type":"LineString","coordinates":[[-34.92325295125169,-7.265040788715603],[-34.92329841278015,-7.265085800414136]]}},{"type":"Feature","properties":{"id":228,"camada":"Linhas de fluxo principais A+B"},"geometry":{"type":"LineString","coordinates":[[-34.91591931051901,-7.265071826607231],[-34.91596458000486,-7.265071635378494],[-34.91600984948949,-7.265071444145243],[-34.91605511897289,-7.265071252907483],[-34.91610038845508,-7.2650710616652106],[-34.916145657936035,-7.265070870418425],[-34.91619092741577,-7.26507067916713],[-34.916236196894275,-7.265070487911323],[-34.91628146637156,-7.265070296651003],[-34.91632673584762,-7.2650701053861715],[-34.916372005322465,-7.265069914116829],[-34.91641727479608,-7.265069722842974],[-34.91646254426846,-7.265069531564608],[-34.916507813739635,-7.265069340281732],[-34.916553083209585,-7.265069148994343],[-34.9165983526783,-7.265068957702441],[-34.91664362214579,-7.265068766406029],[-34.91668889161207,-7.265068575105105],[-34.916734161077116,-7.265068383799669],[-34.91677943054094,-7.265068192489721],[-34.916824700003545,-7.265068001175263],[-34.91686996946492,-7.2650678098562915],[-34.916915238925064,-7.265067618532808],[-34.91696031677657,-7.265022223377894],[-34.917005394619025,-7.264976828220779],[-34.91705047245245,-7.264931433061463],[-34.91709555027684,-7.264886037899948]]}},{"type":"Feature","properties":{"id":229,"camada":"Linhas de fluxo principais A+B"},"geometry":{"type":"LineString","coordinates":[[-34.91284098261249,-7.265084819577017],[-34.912886252181465,-7.265084628655073],[-34.91293152174922,-7.265084437728618],[-34.912976791315764,-7.265084246797651],[-34.91302206088107,-7.2650840558621725],[-34.913067330445166,-7.2650838649221825],[-34.913112600008034,-7.26508367397768],[-34.91315786956969,-7.265083483028666],[-34.91320313913011,-7.265083292075141],[-34.91324840868931,-7.265083101117103],[-34.91329367824731,-7.265082910154555],[-34.913338947804064,-7.265082719187493],[-34.91338421735961,-7.265082528215922],[-34.91342948691392,-7.265082337239837],[-34.91347475646702,-7.265082146259241],[-34.913520026018894,-7.265081955274135],[-34.91356529556955,-7.265081764284515],[-34.91361056511897,-7.265081573290384],[-34.91365583466719,-7.265081382291742],[-34.91370110421418,-7.265081191288589],[-34.91374637375994,-7.265081000280923],[-34.91379164330448,-7.2650808092687456],[-34.913836912847806,-7.265080618252056],[-34.913882182389905,-7.265080427230855],[-34.91392745193078,-7.265080236205143],[-34.913972530161196,-7.265034841268674],[-34.914017608382586,-7.2649894463299995],[-34.91406268659493,-7.264944051389121],[-34.914107764798246,-7.26489865644604],[-34.914152842992515,-7.264853261500754],[-34.91419792117776,-7.264807866553264],[-34.91424299935396,-7.264762471603568],[-34.91428807752113,-7.264717076651669],[-34.91433315567926,-7.264671681697567],[-34.91437823382836,-7.264626286741258],[-34.91442331196841,-7.264580891782749],[-34.91446839009944,-7.264535496822033],[-34.91451346822143,-7.264490101859116],[-34.91455854633438,-7.264444706893992],[-34.9146036244383,-7.264399311926666],[-34.914648702533185,-7.264353916957137],[-34.91469378061903,-7.264308521985407],[-34.91473885869585,-7.2642631270114695],[-34.91478393676362,-7.264217732035329],[-34.91482901482236,-7.26417233705699],[-34.91487409287207,-7.2641269420764445],[-34.91491917091274,-7.2640815470936975],[-34.91496424894438,-7.264036152108746],[-34.915009326966974,-7.263990757121594],[-34.915054404980545,-7.26394536213224]]}},{"type":"Feature","properties":{"id":230,"camada":"Linhas de fluxo principais A+B"},"geometry":{"type":"LineString","coordinates":[[-34.912795713042286,-7.265085010494449],[-34.91284098261249,-7.265084819577017]]}},{"type":"Feature","properties":{"id":231,"camada":"Linhas de fluxo principais A+B"},"geometry":{"type":"LineString","coordinates":[[-34.912659904324364,-7.265085583219675],[-34.912705173898225,-7.265085392315778],[-34.91275044347086,-7.265085201407369],[-34.912795713042286,-7.265085010494449]]}},{"type":"Feature","properties":{"id":232,"camada":"Linhas de fluxo principais A+B"},"geometry":{"type":"LineString","coordinates":[[-34.91687054426745,-7.265203421343699],[-34.91691562213457,-7.26515802618877],[-34.91696069999265,-7.265112631031639],[-34.9170057778417,-7.2650672358723085],[-34.917050855681715,-7.265021840710777],[-34.9170959335127,-7.264976445547044]]}},{"type":"Feature","properties":{"id":233,"camada":"Linhas de fluxo principais A+B"},"geometry":{"type":"LineString","coordinates":[[-34.91641784946306,-7.2652053343664615],[-34.916463118949004,-7.265205143084487],[-34.916508388433726,-7.265204951798003],[-34.91655365791723,-7.265204760507006],[-34.9165989273995,-7.265204569211497],[-34.91664419688055,-7.265204377911477],[-34.91668946636038,-7.265204186606944],[-34.91673473583898,-7.2652039952979015],[-34.916780005316355,-7.265203803984345],[-34.916825274792515,-7.265203612666278],[-34.91687035266538,-7.2651582175146565],[-34.91691543052921,-7.2651128223608366],[-34.916960508383994,-7.265067427204814],[-34.917005586229756,-7.265022032046592],[-34.91705066406647,-7.264976636886169],[-34.91709574189415,-7.264931241723543]]}},{"type":"Feature","properties":{"id":234,"camada":"Linhas de fluxo principais A+B"},"geometry":{"type":"LineString","coordinates":[[-34.916870927475244,-7.265293829001494],[-34.91687073587073,-7.265248625172645],[-34.91687054426745,-7.265203421343699]]}},{"type":"Feature","properties":{"id":235,"camada":"Linhas de fluxo principais A+B"},"geometry":{"type":"LineString","coordinates":[[-34.91673511901967,-7.265294402962913],[-34.91678038850609,-7.265294211646951],[-34.91682546639129,-7.265248816496427],[-34.91687054426745,-7.265203421343699]]}},{"type":"Feature","properties":{"id":236,"camada":"Linhas de fluxo principais A+B"},"geometry":{"type":"LineString","coordinates":[[-34.912932477794136,-7.265310457396487],[-34.91297774738326,-7.265310266459519],[-34.91302301697117,-7.265310075518038],[-34.913068286557845,-7.265309884572047],[-34.91311355614331,-7.265309693621542],[-34.91315882572755,-7.265309502666526],[-34.91320409531056,-7.265309311706998],[-34.91324936489236,-7.265309120742959],[-34.91329463447294,-7.265308929774407],[-34.91333990405229,-7.265308738801344],[-34.913385173630424,-7.26530854782377],[-34.91343044320733,-7.265308356841683],[-34.91347571278302,-7.2653081658550835],[-34.91352098235749,-7.265307974863973],[-34.91356625193073,-7.2653077838683515],[-34.91361152150275,-7.265307592868217],[-34.91365679107356,-7.265307401863571],[-34.91370206064313,-7.265307210854411],[-34.91374733021149,-7.265307019840742],[-34.913792599778624,-7.26530682882256],[-34.91383786934453,-7.265306637799868],[-34.91388313890923,-7.265306446772662],[-34.91392840847269,-7.265306255740945],[-34.913973678034935,-7.265306064704716],[-34.91401894759596,-7.2653058736639755],[-34.91406421715577,-7.265305682618723],[-34.91410948671434,-7.265305491568958],[-34.9141547562717,-7.265305300514682],[-34.91420002582784,-7.265305109455894],[-34.91424529538275,-7.2653049183925935],[-34.91429056493644,-7.265304727324783],[-34.9143358344889,-7.26530453625246],[-34.914381104040146,-7.265304345175624],[-34.914426373590175,-7.265304154094276],[-34.91447164313897,-7.265303963008418],[-34.91451691268655,-7.265303771918047],[-34.914562182232906,-7.265303580823164],[-34.91460745177804,-7.265303389723771],[-34.91465272132195,-7.265303198619864],[-34.91469799086463,-7.265303007511446],[-34.9147432604061,-7.265302816398515],[-34.91478852994634,-7.265302625281074],[-34.914833799485365,-7.265302434159121],[-34.91487906902315,-7.2653022430326555],[-34.91492433855973,-7.265302051901678],[-34.91496960809508,-7.26530186076619],[-34.915014877629204,-7.265301669626189],[-34.915060147162116,-7.2653014784816765],[-34.91510541669379,-7.265301287332651],[-34.91515068622425,-7.265301096179115],[-34.9151959557535,-7.265300905021068],[-34.915241225281505,-7.265300713858507],[-34.9152864948083,-7.265300522691437],[-34.915331764333864,-7.265300331519853],[-34.915377033858206,-7.265300140343758],[-34.91542230338133,-7.2652999491631505],[-34.915467572903225,-7.265299757978032],[-34.9155128424239,-7.2652995667884],[-34.915558111943355,-7.2652993755942585],[-34.91560338146159,-7.265299184395605],[-34.91564865097859,-7.265298993192438],[-34.91569392049437,-7.26529880198476],[-34.915739190008935,-7.26529861077257],[-34.915784459522264,-7.265298419555869],[-34.91582972903438,-7.265298228334656],[-34.91587499854526,-7.265298037108931],[-34.91592026805493,-7.2652978458786945],[-34.91596553756337,-7.265297654643945],[-34.916010807070585,-7.265297463404685],[-34.91605607657659,-7.265297272160912],[-34.916101346081355,-7.265297080912628],[-34.9161466155849,-7.265296889659833],[-34.91619188508723,-7.265296698402525],[-34.91623715458833,-7.265296507140705],[-34.9162824240882,-7.265296315874374],[-34.916327693586865,-7.265296124603531],[-34.91637296308429,-7.265295933328176],[-34.9164182325805,-7.26529574204831],[-34.91646350207548,-7.2652955507639305],[-34.91650877156924,-7.26529535947504],[-34.91655404106177,-7.265295168181639],[-34.91659931055308,-7.265294976883726],[-34.916644580043176,-7.265294785581299],[-34.916689849532034,-7.265294594274362],[-34.91673511901967,-7.265294402962913]]}},{"type":"Feature","properties":{"id":237,"camada":"Linhas de fluxo principais A+B"},"geometry":{"type":"LineString","coordinates":[[-34.912479781835685,-7.265312366518023],[-34.91252505143702,-7.265312175626172],[-34.912570321037144,-7.265311984729811],[-34.91261539945625,-7.265266589887153],[-34.91266047786631,-7.265221195042286],[-34.91270555626734,-7.265175800195212],[-34.91275063465933,-7.265130405345933],[-34.912795713042286,-7.265085010494449]]}},{"type":"Feature","properties":{"id":238,"camada":"Linhas de fluxo principais A+B"},"geometry":{"type":"LineString","coordinates":[[-34.912389242629345,-7.265312748288188],[-34.912434512233126,-7.265312557405361],[-34.912479781835685,-7.265312366518023]]}},{"type":"Feature","properties":{"id":239,"camada":"Linhas de fluxo principais A+B"},"geometry":{"type":"LineString","coordinates":[[-34.90940144608101,-7.265325336579015],[-34.909446715765334,-7.265325145993972],[-34.90949198544843,-7.265324955404417],[-34.90953725513031,-7.265324764810351],[-34.90958252481097,-7.26532457421177],[-34.90962779449041,-7.265324383608679],[-34.909673064168636,-7.265324193001078],[-34.90971833384564,-7.265324002388963],[-34.90976360352142,-7.265323811772335],[-34.909808873195985,-7.265323621151198],[-34.909854142869335,-7.265323430525548],[-34.909899412541456,-7.265323239895385],[-34.90994468221236,-7.265323049260711],[-34.90998995188205,-7.265322858621524],[-34.910035221550515,-7.265322667977827],[-34.91008049121776,-7.265322477329618],[-34.91012576088379,-7.265322286676896],[-34.91017103054859,-7.265322096019662],[-34.91021630021218,-7.265321905357918],[-34.91026156987455,-7.265321714691661],[-34.91030683953569,-7.265321524020892],[-34.91035210919562,-7.265321333345609],[-34.91039737885433,-7.265321142665817],[-34.91044264851181,-7.265320951981512],[-34.91048791816808,-7.2653207612926956],[-34.910533187823134,-7.265320570599367],[-34.91057864845465,-7.265365583897191],[-34.91062410909521,-7.265410597188013],[-34.910669569744805,-7.265455610471833],[-34.91071503040343,-7.265500623748643],[-34.9107604910711,-7.265545637018452]]}},{"type":"Feature","properties":{"id":240,"camada":"Linhas de fluxo principais A+B"},"geometry":{"type":"LineString","coordinates":[[-34.92329937400451,-7.265311818703468],[-34.92329918175717,-7.265266615045793],[-34.92329898951108,-7.265221411388024],[-34.92329879726621,-7.265176207730156],[-34.923298605022566,-7.265131004072193],[-34.92329841278015,-7.265085800414136]]}},{"type":"Feature","properties":{"id":241,"camada":"Linhas de fluxo principais A+B"},"geometry":{"type":"LineString","coordinates":[[-34.921307523010235,-7.265320260977168],[-34.92135298443167,-7.265365272913762],[-34.92139844586215,-7.265410284843342],[-34.921443715235895,-7.265410093059053],[-34.921488984608416,-7.265409901270252],[-34.92153425397971,-7.2654097094769385],[-34.92157952334978,-7.265409517679115],[-34.92162479271862,-7.265409325876779],[-34.92167006208623,-7.26540913406993],[-34.92171533145262,-7.265408942258571],[-34.92176060081778,-7.265408750442698],[-34.921805870181714,-7.265408558622316],[-34.921851139544415,-7.26540836679742],[-34.921896408905894,-7.265408174968013],[-34.921941678266144,-7.265407983134095],[-34.921986947625165,-7.265407791295664],[-34.922032216982956,-7.265407599452722],[-34.92207748633953,-7.265407407605267],[-34.92212275569487,-7.265407215753302],[-34.92216802504898,-7.265407023896824],[-34.92221329440187,-7.2654068320358345],[-34.92225856375353,-7.265406640170333],[-34.92230383310396,-7.265406448300318],[-34.92234910245316,-7.265406256425794],[-34.92239437180114,-7.265406064546758],[-34.92243964114789,-7.265405872663209],[-34.92248491049341,-7.265405680775148],[-34.9225301798377,-7.2654054888825765],[-34.92257544918077,-7.2654052969854925],[-34.92262071852261,-7.265405105083897],[-34.92266598786322,-7.265404913177787],[-34.9227112572026,-7.265404721267168],[-34.92275652654075,-7.265404529352038],[-34.92280179587768,-7.265404337432393],[-34.92284706521338,-7.265404145508239],[-34.92289233454785,-7.265403953579573],[-34.922937603881095,-7.265403761646394],[-34.922982873213115,-7.265403569708703],[-34.923028142543906,-7.265403377766502],[-34.92307341187347,-7.265403185819788],[-34.92311868120179,-7.265402993868563],[-34.923163950528895,-7.265402801912825],[-34.923209219854776,-7.265402609952576],[-34.923254296934154,-7.265357214329117],[-34.92329937400451,-7.265311818703468]]}},{"type":"Feature","properties":{"id":242,"camada":"Linhas de fluxo principais A+B"},"geometry":{"type":"LineString","coordinates":[[-34.91687111908099,-7.265339032830248],[-34.916870927475244,-7.265293829001494]]}},{"type":"Feature","properties":{"id":243,"camada":"Linhas de fluxo principais A+B"},"geometry":{"type":"LineString","coordinates":[[-34.92329956625306,-7.265357022361052],[-34.92329937400451,-7.265311818703468]]}},{"type":"Feature","properties":{"id":244,"camada":"Linhas de fluxo principais A+B"},"geometry":{"type":"LineString","coordinates":[[-34.916871310687945,-7.265384236658909],[-34.91687111908099,-7.265339032830248]]}},{"type":"Feature","properties":{"id":245,"camada":"Linhas de fluxo principais A+B"},"geometry":{"type":"LineString","coordinates":[[-34.91646388520685,-7.2653859584429945],[-34.916509154709644,-7.265385767151699],[-34.91655442421121,-7.265385575855891],[-34.91659969371157,-7.2653853845555725],[-34.91664496321069,-7.265385193250741],[-34.9166900411197,-7.265339798107927],[-34.91673511901967,-7.265294402962913]]}},{"type":"Feature","properties":{"id":246,"camada":"Linhas de fluxo principais A+B"},"geometry":{"type":"LineString","coordinates":[[-34.92135317648717,-7.265410476623118],[-34.92139863792339,-7.2654554885513924],[-34.92144390730165,-7.265455296765897],[-34.92148917667869,-7.265455104975891],[-34.92153444605451,-7.265454913181372],[-34.9215797154291,-7.265454721382343],[-34.921624984802456,-7.2654545295788004],[-34.921670254174586,-7.265454337770747],[-34.92171552354549,-7.265454145958181],[-34.921760792915165,-7.265453954141103],[-34.92180606228362,-7.265453762319514],[-34.92185133165084,-7.265453570493414],[-34.92189660101683,-7.2654533786628],[-34.92194187038161,-7.265453186827676],[-34.92198713974515,-7.265452994988039],[-34.922032409107466,-7.265452803143891],[-34.92207767846855,-7.26545261129523],[-34.922122947828406,-7.265452419442059],[-34.92216821718704,-7.265452227584375],[-34.92221348654444,-7.265452035722178],[-34.92225875590062,-7.265451843855471],[-34.92230402525557,-7.265451651984252],[-34.9223492946093,-7.26545146010852],[-34.92239456396179,-7.265451268228277],[-34.92243983331305,-7.265451076343522],[-34.922485102663096,-7.265450884454256],[-34.922530372011906,-7.265450692560478],[-34.92257564135949,-7.265450500662187],[-34.922620910705845,-7.265450308759384],[-34.922666180050975,-7.265450116852071],[-34.922711449394875,-7.265449924940245],[-34.922756718737546,-7.265449733023908],[-34.922801988078994,-7.265449541103058],[-34.922847257419214,-7.265449349177695],[-34.9228925267582,-7.265449157247823],[-34.92293779609596,-7.265448965313437],[-34.9229830654325,-7.265448773374541],[-34.92302833476781,-7.265448581431133],[-34.92307360410188,-7.265448389483212],[-34.92311887343473,-7.265448197530779],[-34.92316414276635,-7.265448005573836],[-34.923209412096746,-7.26544781361238],[-34.92325448917942,-7.265402417987815],[-34.92329956625306,-7.265357022361052]]}},{"type":"Feature","properties":{"id":247,"camada":"Linhas de fluxo principais A+B"},"geometry":{"type":"LineString","coordinates":[[-34.91687150229614,-7.265429440487479],[-34.916871310687945,-7.265384236658909]]}},{"type":"Feature","properties":{"id":248,"camada":"Linhas de fluxo principais A+B"},"geometry":{"type":"LineString","coordinates":[[-34.91664553797114,-7.265520804754198],[-34.91669061589004,-7.265475409608059],[-34.91673569379989,-7.265430014459723],[-34.916780771700715,-7.265384619309178],[-34.9168258495925,-7.265339224156436],[-34.916870927475244,-7.265293829001494]]}},{"type":"Feature","properties":{"id":249,"camada":"Linhas de fluxo principais A+B"},"geometry":{"type":"LineString","coordinates":[[-34.910805760741425,-7.265545446292058],[-34.91085103041052,-7.265545255561151],[-34.9108963000784,-7.265545064825733],[-34.91094156974506,-7.265544874085803],[-34.91098683941049,-7.26554468334136],[-34.91103210907471,-7.265544492592405],[-34.91107737873771,-7.265544301838938],[-34.91112264839949,-7.265544111080961],[-34.911167918060045,-7.26554392031847],[-34.91121318771938,-7.265543729551468],[-34.9112584573775,-7.265543538779953],[-34.9113037270344,-7.265543348003927],[-34.91134899669007,-7.265543157223388],[-34.91139426634453,-7.265542966438338],[-34.911439535997765,-7.265542775648776],[-34.91148480564978,-7.2655425848547],[-34.91153007530057,-7.265542394056114],[-34.911575344950144,-7.265542203253015],[-34.9116206145985,-7.265542012445405],[-34.91166588424562,-7.265541821633282],[-34.91171115389153,-7.2655416308166485],[-34.911756423536225,-7.265541439995501],[-34.91180169317969,-7.265541249169843],[-34.91184696282194,-7.2655410583396725],[-34.91189223246297,-7.26554086750499],[-34.911937502102774,-7.265540676665795],[-34.911982771741364,-7.265540485822091],[-34.912028041378726,-7.265540294973872],[-34.912073311014865,-7.265540104121141],[-34.91211858064979,-7.265539913263899],[-34.91216385028349,-7.265539722402144],[-34.91220911991597,-7.265539531535877],[-34.91225438954723,-7.265539340665099],[-34.912299468022994,-7.265493945840098],[-34.91234454648972,-7.265448551012891],[-34.912389624947416,-7.2654031561834715],[-34.91243470339607,-7.26535776135185],[-34.912479781835685,-7.265312366518023]]}},{"type":"Feature","properties":{"id":250,"camada":"Linhas de fluxo principais A+B"},"geometry":{"type":"LineString","coordinates":[[-34.9107604910711,-7.265545637018452],[-34.910805760741425,-7.265545446292058]]}},{"type":"Feature","properties":{"id":251,"camada":"Linhas de fluxo principais A+B"},"geometry":{"type":"LineString","coordinates":[[-34.91057941237762,-7.26554639987891],[-34.91062468205283,-7.265546209170563],[-34.9106699517268,-7.265546018457706],[-34.91071522139956,-7.265545827740335],[-34.9107604910711,-7.265545637018452]]}},{"type":"Feature","properties":{"id":252,"camada":"Linhas de fluxo principais A+B"},"geometry":{"type":"LineString","coordinates":[[-34.92135375266103,-7.265546087750609],[-34.92139921411449,-7.2655910996749835],[-34.9214444835063,-7.265590907885873],[-34.921489752896896,-7.265590716092249],[-34.921535214365974,-7.265635727998169],[-34.92158067584408,-7.26568073989707],[-34.92162613733123,-7.265725751788954]]}},{"type":"Feature","properties":{"id":253,"camada":"Linhas de fluxo principais A+B"},"geometry":{"type":"LineString","coordinates":[[-34.91650992100515,-7.265566582503881],[-34.9165551905248,-7.265566391203264],[-34.91660026845847,-7.2655209960626355],[-34.91664553797114,-7.265520804754198]]}},{"type":"Feature","properties":{"id":254,"camada":"Linhas de fluxo principais A+B"},"geometry":{"type":"LineString","coordinates":[[-34.91076068207297,-7.2655908410088506],[-34.910805760741425,-7.265545446292058]]}},{"type":"Feature","properties":{"id":255,"camada":"Linhas de fluxo principais A+B"},"geometry":{"type":"LineString","coordinates":[[-34.92330052751426,-7.2655830406475435],[-34.923300335259555,-7.265537836990435],[-34.92330014300609,-7.2654926333332295],[-34.92329995075386,-7.265447429675933],[-34.92329975850284,-7.265402226018543],[-34.92329956625306,-7.265357022361052]]}},{"type":"Feature","properties":{"id":256,"camada":"Linhas de fluxo principais A+B"},"geometry":{"type":"LineString","coordinates":[[-34.916555382106246,-7.2656115950398705],[-34.91660046004321,-7.265566199898135],[-34.91664553797114,-7.265520804754198]]}},{"type":"Feature","properties":{"id":257,"camada":"Linhas de fluxo principais A+B"},"geometry":{"type":"LineString","coordinates":[[-34.92139940618063,-7.265636303382656],[-34.92144467557697,-7.265636111592338],[-34.92148994497208,-7.26563591979751],[-34.92153540644691,-7.2656809317021285],[-34.921580867930764,-7.2657259435997315],[-34.92162613733123,-7.265725751788954]]}},{"type":"Feature","properties":{"id":258,"camada":"Linhas de fluxo principais A+B"},"geometry":{"type":"LineString","coordinates":[[-34.922893487828354,-7.265675175587661],[-34.92293875718871,-7.265674983647243],[-34.92298402654783,-7.265674791702314],[-34.92302929590573,-7.265674599752874],[-34.923074565262404,-7.265674407798919],[-34.92311983461784,-7.265674215840454],[-34.92316510397206,-7.265674023877477],[-34.92321037332504,-7.265673831909986],[-34.923255450424165,-7.2656284362798615],[-34.92330052751426,-7.2655830406475435]]}},{"type":"Feature","properties":{"id":259,"camada":"Linhas de fluxo principais A+B"},"geometry":{"type":"LineString","coordinates":[[-34.92162613733123,-7.265725751788954],[-34.921671406730475,-7.265725559973666],[-34.92171667612848,-7.265725368153866],[-34.921761945525276,-7.265725176329553],[-34.92180721492083,-7.26572498450073],[-34.921852484315174,-7.265724792667394],[-34.92189775370827,-7.265724600829544],[-34.921943023100155,-7.265724408987184],[-34.92198829249081,-7.265724217140312],[-34.922033561880234,-7.265724025288927],[-34.92207883126843,-7.265723833433031],[-34.9221241006554,-7.265723641572624],[-34.922169370041146,-7.265723449707703],[-34.922214639425654,-7.26572325783827],[-34.92225990880895,-7.265723065964326],[-34.922305178191,-7.265722874085869],[-34.92235044757184,-7.2657226822029015],[-34.92239571695144,-7.265722490315421],[-34.92244098632982,-7.265722298423429],[-34.922486255706964,-7.2657221065269235],[-34.92253152508289,-7.265721914625908],[-34.922576794457584,-7.26572172272038],[-34.92262206383105,-7.26572153081034],[-34.922667333203286,-7.265721338895786],[-34.92271260257431,-7.265721146976723],[-34.922757871944086,-7.265720955053146],[-34.92280314131264,-7.265720763125058],[-34.92284841067997,-7.265720571192457],[-34.922893680046066,-7.265720379255345],[-34.92293894941094,-7.26572018731372],[-34.92298421877458,-7.265719995367584],[-34.923029488137,-7.265719803416936],[-34.923074757498185,-7.265719611461775],[-34.92312002685815,-7.265719419502104],[-34.92316529621688,-7.26571922753792],[-34.92321056557439,-7.265719035569224],[-34.9232556426768,-7.265673639937985],[-34.923300719770175,-7.265628244304555],[-34.92330052751426,-7.2655830406475435]]}},{"type":"Feature","properties":{"id":260,"camada":"Linhas de fluxo principais A+B"},"geometry":{"type":"LineString","coordinates":[[-34.91687284358771,-7.265745867284784],[-34.916872651970955,-7.265700663456881],[-34.91687246035543,-7.265655459628887],[-34.91687226874112,-7.265610255800796],[-34.91687207712804,-7.265565051972609],[-34.91687188551618,-7.265519848144324],[-34.91687169390554,-7.2654746443159475],[-34.91687150229614,-7.265429440487479]]}},{"type":"Feature","properties":{"id":261,"camada":"Linhas de fluxo principais A+B"},"geometry":{"type":"LineString","coordinates":[[-34.91642014824112,-7.2657477804518615],[-34.91646541778129,-7.265747589155458],[-34.91651049573962,-7.265702194017019],[-34.916555573688925,-7.26565679887638],[-34.91660065162919,-7.26561140373354],[-34.91664572956041,-7.265566008588495],[-34.9166908074826,-7.265520613441246],[-34.91673588539575,-7.265475218291799],[-34.916780963299864,-7.2654298231401535],[-34.916826041194945,-7.265384427986301],[-34.91687111908099,-7.265339032830248]]}},{"type":"Feature","properties":{"id":262,"camada":"Linhas de fluxo principais A+B"},"geometry":{"type":"LineString","coordinates":[[-34.916374878699735,-7.265747971743753],[-34.91642014824112,-7.2657477804518615]]}},{"type":"Feature","properties":{"id":263,"camada":"Linhas de fluxo principais A+B"},"geometry":{"type":"LineString","coordinates":[[-34.910535097609774,-7.265772610563752],[-34.91058017632011,-7.26572721585911],[-34.910625255021415,-7.26568182115226],[-34.91067033371368,-7.265636426443203],[-34.91071541239691,-7.265591031731933],[-34.9107604910711,-7.265545637018452]]}},{"type":"Feature","properties":{"id":264,"camada":"Linhas de fluxo principais A+B"},"geometry":{"type":"LineString","coordinates":[[-34.9099465914116,-7.265775089380914],[-34.90999186112647,-7.2657748987297435],[-34.910037130840124,-7.265774708074062],[-34.910082400552554,-7.265774517413867],[-34.91012767026376,-7.265774326749161],[-34.910172939973755,-7.265774136079941],[-34.910218209682526,-7.2657739454062105],[-34.910263479390075,-7.2657737547279675],[-34.910308749096416,-7.265773564045211],[-34.91035401880152,-7.265773373357943],[-34.91039928850542,-7.265773182666163],[-34.910444558208084,-7.265772991969872],[-34.910489827909544,-7.265772801269067],[-34.910535097609774,-7.265772610563752]]}},{"type":"Feature","properties":{"id":265,"camada":"Linhas de fluxo principais A+B"},"geometry":{"type":"LineString","coordinates":[[-34.92321095007676,-7.265809442887415],[-34.923211142329784,-7.265854646546363],[-34.92321133458404,-7.265899850205222],[-34.92321152683952,-7.265945053863984],[-34.92321171909624,-7.26599025752265],[-34.92321191135417,-7.266035461181221],[-34.923212103613345,-7.266080664839698],[-34.92325756527068,-7.2661256765140125],[-34.92330302693706,-7.266170688181307]]}},{"type":"Feature","properties":{"id":266,"camada":"Linhas de fluxo principais A+B"},"geometry":{"type":"LineString","coordinates":[[-34.91632999228585,-7.265838570715517],[-34.916375070268,-7.26579317558479],[-34.91642014824112,-7.2657477804518615]]}},{"type":"Feature","properties":{"id":267,"camada":"Linhas de fluxo principais A+B"},"geometry":{"type":"LineString","coordinates":[[-34.91687341844532,-7.265881478767922],[-34.9168732268249,-7.265836274940307],[-34.91687303520569,-7.2657910711125915],[-34.91687284358771,-7.265745867284784]]}},{"type":"Feature","properties":{"id":268,"camada":"Linhas de fluxo principais A+B"},"geometry":{"type":"LineString","coordinates":[[-34.917099957784735,-7.265925725818648],[-34.917099766140495,-7.265880521997138],[-34.91709957449748,-7.2658353181755375],[-34.917099382855675,-7.265790114353837],[-34.91709919121511,-7.2657449105320415],[-34.917098999575764,-7.265699706710155],[-34.917098807937634,-7.2656545028881725],[-34.91709861630074,-7.265609299066097],[-34.91709842466506,-7.265564095243924],[-34.917098233030615,-7.265518891421654],[-34.91709804139739,-7.265473687599291],[-34.91709784976538,-7.265428483776837],[-34.91709765813461,-7.265383279954282],[-34.917097466505055,-7.265338076131635],[-34.917097274876724,-7.265292872308895],[-34.91709708324962,-7.26524766848606],[-34.917096891623736,-7.265202464663129],[-34.91709669999908,-7.2651572608401],[-34.91709650837564,-7.265112057016979],[-34.917096316753444,-7.265066853193763],[-34.91709612513245,-7.265021649370451],[-34.9170959335127,-7.264976445547044]]}},{"type":"Feature","properties":{"id":269,"camada":"Linhas de fluxo principais A+B"},"geometry":{"type":"LineString","coordinates":[[-34.91053586155859,-7.265953426546851],[-34.91053567056956,-7.265908222551219],[-34.910535479581746,-7.265863018555492],[-34.91053528859515,-7.265817814559669],[-34.910535097609774,-7.265772610563752]]}},{"type":"Feature","properties":{"id":270,"camada":"Linhas de fluxo principais A+B"},"geometry":{"type":"LineString","coordinates":[[-34.9162852974217,-7.2659743735302555],[-34.916330375419484,-7.2659289783995185],[-34.91637545340822,-7.265883583266577],[-34.91642053138793,-7.265838188131437],[-34.916465609358596,-7.265792792994089],[-34.916510687320226,-7.265747397854542],[-34.916555765272825,-7.2657020027127945],[-34.91660084321638,-7.265656607568845],[-34.9166459211509,-7.265611212422695],[-34.91669099907639,-7.265565817274341],[-34.91673607699283,-7.2655204221237835],[-34.916781154900235,-7.2654750269710275],[-34.91682623279861,-7.265429631816072],[-34.916871310687945,-7.265384236658909]]}},{"type":"Feature","properties":{"id":271,"camada":"Linhas de fluxo principais A+B"},"geometry":{"type":"LineString","coordinates":[[-34.91343331227085,-7.265986415632987],[-34.91347858191431,-7.265986224628378],[-34.913523851556555,-7.265986033619258],[-34.913569121197575,-7.265985842605626],[-34.91361439083738,-7.2659856515874806],[-34.91365966047596,-7.265985460564822],[-34.91370493011331,-7.265985269537653],[-34.913750199749444,-7.265985078505973],[-34.913795469384354,-7.265984887469779],[-34.91384073901805,-7.265984696429072],[-34.913886008650515,-7.265984505383853],[-34.91393127828176,-7.265984314334123],[-34.91397654791178,-7.265984123279879],[-34.914021817540586,-7.265983932221124],[-34.91406708716816,-7.265983741157857],[-34.91411235679452,-7.265983550090077],[-34.91415762641966,-7.265983359017786],[-34.91420289604356,-7.2659831679409805],[-34.91424816566626,-7.265982976859664],[-34.914293435287725,-7.265982785773836],[-34.91433870490797,-7.2659825946834955],[-34.91438397452699,-7.265982403588642],[-34.91442924414479,-7.265982212489276],[-34.91447451376137,-7.2659820213853985],[-34.914519783376726,-7.265981830277009],[-34.91456505299086,-7.2659816391641066],[-34.914610322603764,-7.265981448046692],[-34.91465559221545,-7.265981256924765],[-34.91470086182592,-7.265981065798326],[-34.91474613143516,-7.265980874667376],[-34.91479140104318,-7.265980683531912],[-34.914836670649976,-7.265980492391936],[-34.914881940255555,-7.265980301247447],[-34.914927209859904,-7.265980110098448],[-34.914972479463025,-7.265979918944936],[-34.91501774906494,-7.2659797277869105],[-34.91506301866562,-7.265979536624374],[-34.91510828826508,-7.265979345457326],[-34.91515355786331,-7.265979154285764],[-34.91519882746033,-7.265978963109691],[-34.915244097056124,-7.265978771929104],[-34.91528936665069,-7.265978580744006],[-34.91533463624403,-7.265978389554397],[-34.915379905836154,-7.2659781983602745],[-34.91542517542705,-7.26597800716164],[-34.91547044501673,-7.265977815958492],[-34.915515714605185,-7.265977624750833],[-34.91556098419241,-7.265977433538662],[-34.91560625377842,-7.265977242321978],[-34.9156515233632,-7.265977051100783],[-34.91569679294676,-7.265976859875074],[-34.91574206252909,-7.2659766686448535],[-34.91578733211021,-7.265976477410121],[-34.9158326016901,-7.265976286170876],[-34.91587787126876,-7.265976094927119],[-34.91592314084621,-7.26597590367885],[-34.91596841042243,-7.265975712426068],[-34.91601367999742,-7.265975521168775],[-34.916058949571195,-7.2659753299069685],[-34.91610421914375,-7.26597513864065],[-34.91614948871507,-7.265974947369821],[-34.916194758285165,-7.265974756094478],[-34.916240027854045,-7.2659745648146234],[-34.9162852974217,-7.2659743735302555]]}},{"type":"Feature","properties":{"id":272,"camada":"Linhas de fluxo principais A+B"},"geometry":{"type":"LineString","coordinates":[[-34.91289007645396,-7.265988707336329],[-34.912935346112086,-7.2659885163858675],[-34.912980615768994,-7.265988325430895],[-34.91302588542467,-7.265988134471408],[-34.91307115507914,-7.265987943507412],[-34.91311642473237,-7.265987752538901],[-34.91316169438439,-7.265987561565879],[-34.91320696403519,-7.265987370588345],[-34.913252233684766,-7.265987179606298],[-34.91329750333311,-7.265986988619738],[-34.91334277298025,-7.265986797628667],[-34.91338804262616,-7.265986606633082],[-34.91343331227085,-7.265986415632987]]}},{"type":"Feature","properties":{"id":273,"camada":"Linhas de fluxo principais A+B"},"geometry":{"type":"LineString","coordinates":[[-34.91279953713404,-7.265989089223714],[-34.91284480679461,-7.265988898282278],[-34.91289007645396,-7.265988707336329]]}},{"type":"Feature","properties":{"id":274,"camada":"Linhas de fluxo principais A+B"},"geometry":{"type":"LineString","coordinates":[[-34.91193941335119,-7.2659927162536775],[-34.91198449190011,-7.2659473214408115],[-34.912029570439984,-7.26590192662574],[-34.91207464897083,-7.265856531808461],[-34.91211972749264,-7.2658111369889715],[-34.9121648060054,-7.265765742167276],[-34.91220988450913,-7.265720347343374],[-34.912254963003825,-7.265674952517264],[-34.91230004148949,-7.26562955768895],[-34.912345119966105,-7.265584162858426],[-34.912390198433684,-7.265538768025692],[-34.912435276892225,-7.265493373190753],[-34.91248035534174,-7.265447978353612],[-34.91252543378221,-7.265402583514258],[-34.91257051221364,-7.265357188672699],[-34.912615590636044,-7.265311793828937],[-34.9126606690494,-7.265266398982966],[-34.91270574745373,-7.265221004134788],[-34.91275082584902,-7.265175609284403],[-34.912795904235274,-7.265130214431814],[-34.91284098261249,-7.265084819577017]]}},{"type":"Feature","properties":{"id":275,"camada":"Linhas de fluxo principais A+B"},"geometry":{"type":"LineString","coordinates":[[-34.91619514139903,-7.2660651637851235],[-34.91624021941489,-7.26601976865879],[-34.9162852974217,-7.2659743735302555]]}},{"type":"Feature","properties":{"id":276,"camada":"Linhas de fluxo principais A+B"},"geometry":{"type":"LineString","coordinates":[[-34.92316721873267,-7.266171264137134],[-34.92321248813536,-7.2661710721563715],[-34.923257757536824,-7.266170880171096],[-34.92330302693706,-7.266170688181307]]}},{"type":"Feature","properties":{"id":277,"camada":"Linhas de fluxo principais A+B"},"geometry":{"type":"LineString","coordinates":[[-34.920269974407375,-7.266183541520449],[-34.9203152438886,-7.26618334982847],[-34.92036051336861,-7.266183158131982],[-34.92040578284739,-7.26618296643098],[-34.920451052324935,-7.266182774725466],[-34.920496513792976,-7.266227786745985],[-34.9205417832726,-7.266227595030241],[-34.92058705275098,-7.266227403309984],[-34.92063232222815,-7.266227211585217],[-34.920677591704084,-7.266227019855937],[-34.920722861178795,-7.266226828122144],[-34.920768130652284,-7.266226636383838],[-34.92081340012454,-7.26622644464102],[-34.92085866959557,-7.2662262528936905],[-34.92090393906537,-7.266226061141848],[-34.92094920853395,-7.266225869385494],[-34.9209944780013,-7.266225677624628],[-34.92103974746742,-7.266225485859249],[-34.92108501693232,-7.266225294089357],[-34.921130286395986,-7.2662251023149524],[-34.921175555858426,-7.266224910536037],[-34.921220825319644,-7.266224718752609],[-34.92126609477963,-7.266224526964667],[-34.9213113642384,-7.266224335172215],[-34.921356633695936,-7.266224143375248],[-34.921401903152244,-7.266223951573772],[-34.92144717260733,-7.266223759767781],[-34.92149244206119,-7.266223567957279],[-34.92153771151381,-7.266223376142264],[-34.92158298096521,-7.266223184322738],[-34.92162825041538,-7.266222992498697],[-34.921673519864335,-7.266222800670147],[-34.92171878931205,-7.266222608837082],[-34.92176405875855,-7.266222416999506],[-34.92180932820381,-7.266222225157417],[-34.92185459764785,-7.266222033310816],[-34.92189986709066,-7.266221841459702],[-34.921945136532244,-7.266221649604076],[-34.92199040597261,-7.2662214577439395],[-34.92203567541173,-7.266221265879289],[-34.92208094484963,-7.266221074010127],[-34.92212621428631,-7.266220882136452],[-34.922171483721755,-7.2662206902582644],[-34.92221675315598,-7.2662204983755645],[-34.922262022588974,-7.266220306488353],[-34.92230729202073,-7.266220114596629],[-34.92235256145128,-7.266219922700392],[-34.922397830880584,-7.266219730799644],[-34.92244310030866,-7.266219538894383],[-34.92248836973552,-7.2662193469846095],[-34.922533639161145,-7.266219155070324],[-34.92257890858554,-7.266218963151526],[-34.92262417800872,-7.266218771228215],[-34.92266944743066,-7.266218579300392],[-34.922714716851374,-7.266218387368058],[-34.92275998627086,-7.26621819543121],[-34.92280525568913,-7.266218003489851],[-34.922850525106156,-7.266217811543979],[-34.92289579452196,-7.266217619593595],[-34.92294106393654,-7.2662174276387],[-34.92298633334989,-7.2662172356792905],[-34.92303141051724,-7.266171840052352],[-34.92307667992361,-7.266171648085126],[-34.92312194932876,-7.266171456113386],[-34.92316721873267,-7.266171264137134]]}},{"type":"Feature","properties":{"id":278,"camada":"Linhas de fluxo principais A+B"},"geometry":{"type":"LineString","coordinates":[[-34.91610517689239,-7.266201157878582],[-34.91615025492961,-7.2661557627555435],[-34.91619533295779,-7.266110367630304],[-34.91624041097695,-7.266064972502864],[-34.91628548898706,-7.2660195773732195],[-34.91633056698814,-7.2659741822413775],[-34.91637564498017,-7.265928787107329],[-34.916420722963174,-7.2658833919710775],[-34.91646580093713,-7.265837996832627],[-34.91651087890206,-7.265792601691972],[-34.91655595685795,-7.265747206549114],[-34.9166010348048,-7.265701811404057],[-34.91664611274261,-7.265656416256799],[-34.91669119067139,-7.26561102110734],[-34.91673626859114,-7.265565625955676],[-34.916781346501836,-7.26552023080181],[-34.91682642440351,-7.265474835645743],[-34.91687150229614,-7.265429440487479]]}},{"type":"Feature","properties":{"id":279,"camada":"Linhas de fluxo principais A+B"},"geometry":{"type":"LineString","coordinates":[[-34.91605990729724,-7.266201349150911],[-34.91610517689239,-7.266201157878582]]}},{"type":"Feature","properties":{"id":280,"camada":"Linhas de fluxo principais A+B"},"geometry":{"type":"LineString","coordinates":[[-34.9139322349459,-7.26621033386044],[-34.913977504598506,-7.266210142800193],[-34.91402277424991,-7.2662099517354335],[-34.91406804390008,-7.26620976066616],[-34.914113313549024,-7.266209569592375],[-34.91415858319676,-7.266209378514079],[-34.914203852843265,-7.266209187431269],[-34.91424912248855,-7.266208996343946],[-34.91429439213261,-7.266208805252111],[-34.91433966177545,-7.266208614155765],[-34.91438493141707,-7.2662084230549056],[-34.914430201057456,-7.266208231949535],[-34.91447547069663,-7.2662080408396506],[-34.91452074033458,-7.266207849725253],[-34.9145660099713,-7.266207658606346],[-34.91461127960681,-7.266207467482923],[-34.91465654924109,-7.26620727635499],[-34.91470181887415,-7.266207085222544],[-34.91474708850598,-7.2662068940855855],[-34.914792358136594,-7.266206702944116],[-34.91483762776599,-7.266206511798132],[-34.91488289739415,-7.266206320647637],[-34.9149281670211,-7.26620612949263],[-34.914973436646825,-7.266205938333108],[-34.915018706271326,-7.266205747169077],[-34.9150639758946,-7.266205556000532],[-34.91510924551665,-7.266205364827474],[-34.91515451513749,-7.2662051736499045],[-34.91519978475709,-7.266204982467822],[-34.915245054375475,-7.266204791281227],[-34.91529032399264,-7.266204600090122],[-34.91533559360858,-7.266204408894502],[-34.9153808632233,-7.26620421769437],[-34.915426132836785,-7.266204026489726],[-34.91547140244905,-7.26620383528057],[-34.9155166720601,-7.266203644066901],[-34.91556194166992,-7.266203452848721],[-34.91560721127852,-7.2662032616260275],[-34.9156524808859,-7.26620307039882],[-34.91569775049205,-7.266202879167103],[-34.91574302009699,-7.266202687930871],[-34.91578828970069,-7.26620249669013],[-34.915833559303174,-7.266202305444874],[-34.91587882890443,-7.2662021141951065],[-34.91592409850447,-7.266201922940827],[-34.91596936810328,-7.266201731682034],[-34.916014637700876,-7.266201540418729],[-34.91605990729724,-7.266201349150911]]}},{"type":"Feature","properties":{"id":281,"camada":"Linhas de fluxo principais A+B"},"geometry":{"type":"LineString","coordinates":[[-34.91596975118419,-7.2662921393837525],[-34.916014829245235,-7.266246744268433],[-34.91605990729724,-7.266201349150911]]}},{"type":"Feature","properties":{"id":282,"camada":"Linhas de fluxo principais A+B"},"geometry":{"type":"LineString","coordinates":[[-34.91569870806793,-7.2664288984567555],[-34.915743977695456,-7.266428707214514],[-34.915789247321754,-7.266428515967761],[-34.91583451694684,-7.266428324716495],[-34.91587978657069,-7.266428133460717],[-34.91592486465311,-7.266382738348694],[-34.915969942726484,-7.266337343234469],[-34.916015020790816,-7.2662919481180435],[-34.916060098846124,-7.266246552999413],[-34.91610517689239,-7.266201157878582]]}},{"type":"Feature","properties":{"id":283,"camada":"Linhas de fluxo principais A+B"},"geometry":{"type":"LineString","coordinates":[[-34.91429534900805,-7.266434824728011],[-34.914340618673485,-7.266434633625658],[-34.9143858883377,-7.2664344425187934],[-34.91443115800068,-7.266434251407416],[-34.91447642766245,-7.266434060291525],[-34.914521697322996,-7.266433869171123],[-34.91456696698231,-7.266433678046208],[-34.914612236640416,-7.266433486916779],[-34.914657506297296,-7.266433295782838],[-34.91470277595295,-7.266433104644387],[-34.914748045607375,-7.26643291350142],[-34.91479331526058,-7.266432722353943],[-34.914838584912566,-7.266432531201952],[-34.914883854563335,-7.26643234004545],[-34.91492912421287,-7.266432148884434],[-34.914974393861186,-7.266431957718906],[-34.91501966350828,-7.266431766548864],[-34.915064933154156,-7.266431575374312],[-34.9151102027988,-7.266431384195247],[-34.91515547244222,-7.266431193011668],[-34.91520074208443,-7.266431001823577],[-34.9152460117254,-7.2664308106309745],[-34.915291281365164,-7.266430619433859],[-34.9153365510037,-7.26643042823223],[-34.91538182064101,-7.26643023702609],[-34.91542709027709,-7.266430045815437],[-34.91547235991196,-7.266429854600271],[-34.9155176295456,-7.266429663380594],[-34.91556289917801,-7.266429472156402],[-34.915608168809214,-7.2664292809276985],[-34.915653438439186,-7.266429089694483],[-34.91569870806793,-7.2664288984567555]]}},{"type":"Feature","properties":{"id":284,"camada":"Linhas de fluxo principais A+B"},"geometry":{"type":"LineString","coordinates":[[-34.91425007934139,-7.266435015825851],[-34.91429534900805,-7.266434824728011]]}},{"type":"Feature","properties":{"id":285,"camada":"Linhas de fluxo principais A+B"},"geometry":{"type":"LineString","coordinates":[[-34.91420480967352,-7.266435206919179],[-34.91425007934139,-7.266435015825851]]}},{"type":"Feature","properties":{"id":286,"camada":"Linhas de fluxo principais A+B"},"geometry":{"type":"LineString","coordinates":[[-34.92045258825692,-7.266544404576814],[-34.9204978577694,-7.266544212857148],[-34.920543127280645,-7.26654402113297],[-34.92058839679066,-7.266543829404278],[-34.920633666299466,-7.266543637671074],[-34.920678935807025,-7.266543445933357],[-34.92072420531337,-7.266543254191128],[-34.920769474818485,-7.266543062444387],[-34.92081455229044,-7.266497666971686],[-34.92085982178858,-7.2664974752171245],[-34.9209050912855,-7.266497283458051],[-34.920950360781184,-7.266497091694464],[-34.92099563027565,-7.2664968999263655],[-34.92104089976889,-7.266496708153754],[-34.921086169260896,-7.266496516376631],[-34.92113143875168,-7.2664963245949945],[-34.92117670824124,-7.266496132808845],[-34.921221977729566,-7.266495941018183],[-34.92126724721667,-7.266495749223011],[-34.92131251670254,-7.266495557423323],[-34.921357594102254,-7.266450161912047],[-34.92140286358116,-7.266449970104542],[-34.92144813305883,-7.2664497782925235],[-34.921493402535276,-7.266449586475993],[-34.921538672010506,-7.266449394654949],[-34.9215839414845,-7.266449202829394],[-34.92162921095727,-7.266449010999326],[-34.92167448042881,-7.266448819164746],[-34.921719749899125,-7.266448627325653],[-34.92176501936821,-7.266448435482048],[-34.92181028883607,-7.26644824363393],[-34.9218555583027,-7.266448051781299],[-34.92190082776811,-7.266447859924156],[-34.92194590508983,-7.266402464371009],[-34.92199117454825,-7.2664022725060455],[-34.92203644400546,-7.266402080636572],[-34.92208171346144,-7.266401888762585],[-34.92212698291619,-7.2664016968840865],[-34.92217225236971,-7.266401505001075],[-34.922217521822006,-7.266401313113551],[-34.92226279127308,-7.266401121221515],[-34.92230806072291,-7.2664009293249645],[-34.92235333017153,-7.266400737423905],[-34.922398599618916,-7.26640054551833],[-34.92244386906507,-7.266400353608244],[-34.92248913851,-7.266400161693646],[-34.92253421575373,-7.266354766098624],[-34.92257948519168,-7.266354574176207],[-34.92262475462841,-7.266354382249278],[-34.922670024063905,-7.266354190317836],[-34.92271529349818,-7.266353998381883],[-34.92276056293123,-7.2663538064414155],[-34.922805832363046,-7.2663536144964365],[-34.92285110179363,-7.266353422546945],[-34.92289637122299,-7.266353230592942],[-34.922941640651125,-7.266353038634427],[-34.92298691007803,-7.2663528466713965],[-34.92303198725525,-7.266307451041122],[-34.923077064423424,-7.266262055408654],[-34.92312214158257,-7.26621665977399],[-34.92316721873267,-7.266171264137134]]}},{"type":"Feature","properties":{"id":287,"camada":"Linhas de fluxo principais A+B"},"geometry":{"type":"LineString","coordinates":[[-34.91397922671161,-7.266616977930774],[-34.91402430504837,-7.266571582953388],[-34.91406938337609,-7.266526187973794],[-34.914114461694766,-7.266480792991994],[-34.91415954000441,-7.266435398007994],[-34.91420480967352,-7.266435206919179]]}},{"type":"Feature","properties":{"id":288,"camada":"Linhas de fluxo principais A+B"},"geometry":{"type":"LineString","coordinates":[[-34.91868745995694,-7.266642285679854],[-34.91868765178017,-7.266687489457627],[-34.91868784360462,-7.266732693235309],[-34.918642765846194,-7.266778088558079],[-34.918642957668574,-7.266823292336774],[-34.91864314949218,-7.266868496115372],[-34.918643341317015,-7.266913699893879],[-34.91864353314307,-7.266958903672289],[-34.91868899457705,-7.2670039158994],[-34.91868918641008,-7.267049119676417],[-34.91868937824433,-7.267094323453339],[-34.9186895700798,-7.267139527230167],[-34.91873503154005,-7.267184539446367],[-34.9187352233825,-7.267229743221796],[-34.91873541522617,-7.267274946997136],[-34.91873560707107,-7.2673201507723775],[-34.9187357989172,-7.2673653545475245],[-34.91873599076454,-7.267410558322579]]}},{"type":"Feature","properties":{"id":289,"camada":"Linhas de fluxo principais A+B"},"geometry":{"type":"LineString","coordinates":[[-34.914839542089716,-7.266658550603402],[-34.91488481176307,-7.266658359440891],[-34.91493008143521,-7.266658168273867],[-34.91497535110612,-7.266657977102332],[-34.915020620775806,-7.2666577859262835],[-34.915065890444275,-7.266657594745723],[-34.91511116011152,-7.266657403560649],[-34.91515642977755,-7.2666572123710615],[-34.91520169944234,-7.266657021176963],[-34.915246969105915,-7.26665682997835],[-34.91529223876827,-7.266656638775227],[-34.915337508429396,-7.26665644756759],[-34.9153827780893,-7.26665625635544],[-34.91542804774799,-7.266656065138776],[-34.91547331740544,-7.2666558739176015],[-34.91551839555601,-7.266610478829842],[-34.91556347369755,-7.266565083739876],[-34.915608551830054,-7.266519688647706],[-34.91565362995351,-7.26647429355333],[-34.91569870806793,-7.2664288984567555]]}},{"type":"Feature","properties":{"id":290,"camada":"Linhas de fluxo principais A+B"},"geometry":{"type":"LineString","coordinates":[[-34.914794272415136,-7.2666587417613995],[-34.914839542089716,-7.266658550603402]]}},{"type":"Feature","properties":{"id":291,"camada":"Linhas de fluxo principais A+B"},"geometry":{"type":"LineString","coordinates":[[-34.91972885166839,-7.266683082728287],[-34.91972904359678,-7.266728286478271],[-34.91972923552639,-7.26677349022816],[-34.919729427457234,-7.266818693977953],[-34.9197296193893,-7.266863897727651],[-34.9197298113226,-7.266909101477256],[-34.919730003257115,-7.266954305226765],[-34.91973019519286,-7.26699950897618],[-34.91973038712983,-7.267044712725497],[-34.91973057906803,-7.267089916474721],[-34.91973077100745,-7.267135120223853],[-34.91973096294811,-7.267180323972887],[-34.91973115488997,-7.267225527721823],[-34.919731346833075,-7.26727073147067],[-34.919731538777405,-7.2673159352194165],[-34.91973173072296,-7.267361138968071],[-34.91973192266973,-7.267406342716632],[-34.91973211461774,-7.2674515464650975],[-34.91968703693875,-7.267496941881715],[-34.91968722888468,-7.267542145631193]]}},{"type":"Feature","properties":{"id":292,"camada":"Linhas de fluxo principais A+B"},"geometry":{"type":"LineString","coordinates":[[-34.91886892191069,-7.266731927014263],[-34.91886911375445,-7.266777130787033],[-34.91891438333242,-7.266776939219286],[-34.918959652909166,-7.266776747647024],[-34.91900492248469,-7.266776556070253],[-34.91905019205899,-7.266776364488965],[-34.91909546163206,-7.266776172903169],[-34.91914053933304,-7.266730777547313],[-34.919185808899144,-7.266730585953693],[-34.91923107846402,-7.26673039435556],[-34.91927634802768,-7.266730202752916],[-34.9192765399121,-7.266775406514849],[-34.91927673179775,-7.266820610276685],[-34.919322193260605,-7.266865622427657],[-34.91932238515323,-7.266910826188102],[-34.919322577047076,-7.266956029948451],[-34.919322768942145,-7.267001233708705],[-34.919322960838436,-7.267046437468863],[-34.91927788313739,-7.267091832845718],[-34.91927807503161,-7.2671370366068935],[-34.91927826692707,-7.267182240367973],[-34.91923318921038,-7.267227635744844],[-34.91927865072165,-7.267272647889843],[-34.919323920338314,-7.267272456268235],[-34.91936938186191,-7.2673174684004955],[-34.91936957377131,-7.267362672158786],[-34.919369765681935,-7.267407875916982],[-34.91936995759379,-7.267453079675083],[-34.91941541914366,-7.267498091796431],[-34.91946068877923,-7.26749790015526],[-34.91950595841359,-7.267497708509579],[-34.91955141997909,-7.267542720612473],[-34.91959668961552,-7.267542528956559],[-34.91964195925071,-7.267542337296132],[-34.91968722888468,-7.267542145631193]]}},{"type":"Feature","properties":{"id":293,"camada":"Linhas de fluxo principais A+B"},"geometry":{"type":"LineString","coordinates":[[-34.91832568693366,-7.266734225460795],[-34.91837095652182,-7.266734033948405],[-34.91841622610875,-7.2667338424315],[-34.91846149569446,-7.2667336509100835],[-34.91850695708654,-7.266778663166555],[-34.91850714889536,-7.266823866948861],[-34.91850734070541,-7.266869070731071],[-34.918507532516685,-7.266914274513189],[-34.91855299393504,-7.266959286758749],[-34.91855318575328,-7.267004490539473],[-34.91855337757275,-7.2670496943201],[-34.91855356939344,-7.267094898100633],[-34.918553761215364,-7.267140101881073],[-34.918553953038504,-7.267185305661417],[-34.918554144862874,-7.267230509441662],[-34.918554336688466,-7.267275713221818],[-34.91859979815607,-7.267320725451269],[-34.918599989988635,-7.267365929230029],[-34.91864545147102,-7.2674109414511685]]}},{"type":"Feature","properties":{"id":294,"camada":"Linhas de fluxo principais A+B"},"geometry":{"type":"LineString","coordinates":[[-34.91266697877668,-7.266758128972197],[-34.91271205728982,-7.266712734087544],[-34.91275713579392,-7.266667339200685],[-34.91280221428897,-7.266621944311622],[-34.912847292775005,-7.266576549420349],[-34.91289237125199,-7.2665311545268665],[-34.912937449719934,-7.266485759631178],[-34.91298252817884,-7.266440364733284],[-34.91302760662872,-7.266394969833184],[-34.913072685069544,-7.266349574930875],[-34.91311776350134,-7.2663041800263635],[-34.9131628419241,-7.266258785119643],[-34.91320792033782,-7.2662133902107175],[-34.91325299874249,-7.266167995299581],[-34.913298077138144,-7.2661226003862405],[-34.91334315552474,-7.266077205470696],[-34.91338823390232,-7.266031810552943],[-34.91343331227085,-7.265986415632987]]}},{"type":"Feature","properties":{"id":295,"camada":"Linhas de fluxo principais A+B"},"geometry":{"type":"LineString","coordinates":[[-34.917329947374434,-7.266783641405386],[-34.91733013906576,-7.266828845218981],[-34.917330330758304,-7.266874049032481],[-34.917330522452076,-7.266919252845889]]}},{"type":"Feature","properties":{"id":296,"camada":"Linhas de fluxo principais A+B"},"geometry":{"type":"LineString","coordinates":[[-34.90999663477113,-7.266904998958793],[-34.91004190459776,-7.266904808273149],[-34.91008717442316,-7.266904617582992],[-34.91013244424735,-7.266904426888321],[-34.910177714070315,-7.266904236189139],[-34.91022298389206,-7.266904045485443],[-34.91026825371259,-7.266903854777234],[-34.9103135235319,-7.266903664064512],[-34.910358793349985,-7.266903473347279],[-34.91040406316685,-7.26690328262553],[-34.910449332982495,-7.2669030918992705],[-34.91049460279692,-7.266902901168497],[-34.91053987261014,-7.266902710433211],[-34.91058514242212,-7.266902519693413],[-34.91063041223289,-7.266902328949102],[-34.91067568204244,-7.266902138200277],[-34.91072076081803,-7.266856743458096],[-34.91076583958459,-7.266811348713704],[-34.91081091834211,-7.266765953967103],[-34.910855997090586,-7.266720559218291],[-34.910901075830026,-7.26667516446727],[-34.91094615456043,-7.266629769714044],[-34.91099123328179,-7.266584374958602],[-34.91103650304995,-7.266584184182069],[-34.91108177281687,-7.266583993401022],[-34.911127042582585,-7.266583802615464],[-34.91117231234707,-7.266583611825393],[-34.911217582110346,-7.266583421030807],[-34.911262851872394,-7.26658323023171],[-34.911308121633226,-7.266583039428101],[-34.91135339139283,-7.266582848619979],[-34.91139866115122,-7.266582657807343],[-34.91144393090838,-7.2665824669901955],[-34.911489200664334,-7.266582276168535],[-34.911534470419056,-7.266582085342363],[-34.91157974017256,-7.266581894511678],[-34.91162500992485,-7.266581703676478],[-34.91167027967591,-7.266581512836768],[-34.91171554942575,-7.266581321992544],[-34.911760819174376,-7.266581131143809],[-34.91180608892178,-7.2665809402905595],[-34.91185135866796,-7.266580749432798],[-34.91189662841291,-7.266580558570524],[-34.911941898156655,-7.266580367703738],[-34.91198716789917,-7.266580176832439],[-34.91203243764047,-7.266579985956626],[-34.91207770738055,-7.266579795076301],[-34.9121229771194,-7.266579604191465],[-34.912168246857036,-7.266579413302114],[-34.91221351659345,-7.266579222408251],[-34.912258786328636,-7.266579031509876],[-34.91230386488025,-7.266533636659457],[-34.91234894342282,-7.266488241806831],[-34.91239421314531,-7.266488050897317],[-34.91243929167311,-7.266442656039175],[-34.91248437019186,-7.266397261178823],[-34.91252944870158,-7.266351866316261],[-34.91257452720226,-7.266306471451496],[-34.912619605693905,-7.266261076584521],[-34.912664684176505,-7.266215681715342],[-34.912709762650074,-7.26617028684395],[-34.912754841114605,-7.266124891970353],[-34.91279991957009,-7.266079497094552],[-34.912844998016546,-7.266034102216542],[-34.91289007645396,-7.265988707336329]]}},{"type":"Feature","properties":{"id":297,"camada":"Linhas de fluxo principais A+B"},"geometry":{"type":"LineString","coordinates":[[-34.91800956682116,-7.266916381103174],[-34.91800975858395,-7.266961584898436],[-34.918009950347965,-7.267006788693603],[-34.9180101421132,-7.267051992488675],[-34.91801033387966,-7.267097196283652],[-34.91805579528475,-7.267142208586901],[-34.918055987058175,-7.267187412380486],[-34.918056178832835,-7.267232616173972],[-34.91805637060872,-7.267277819967367],[-34.91805656238582,-7.267323023760664]]}},{"type":"Feature","properties":{"id":298,"camada":"Linhas de fluxo principais A+B"},"geometry":{"type":"LineString","coordinates":[[-34.917330522452076,-7.266919252845889],[-34.91737579208525,-7.266919061427963],[-34.91737598378477,-7.2669642652400706],[-34.91737617548551,-7.267009469052084],[-34.91737636718748,-7.267054672864001],[-34.917331289239414,-7.267100068098561],[-34.91728601958693,-7.267100259516785],[-34.91728621128231,-7.267145463330921],[-34.91728640297891,-7.267190667144962],[-34.91728659467673,-7.267235870958902],[-34.91728678637578,-7.267281074772755]]}},{"type":"Feature","properties":{"id":299,"camada":"Linhas de fluxo principais A+B"},"geometry":{"type":"LineString","coordinates":[[-34.91723998318205,-7.266919635668199],[-34.91728525281768,-7.266919444259299],[-34.917330522452076,-7.266919252845889]]}},{"type":"Feature","properties":{"id":300,"camada":"Linhas de fluxo principais A+B"},"geometry":{"type":"LineString","coordinates":[[-34.92199348039304,-7.266944716783254],[-34.92199367255475,-7.266989920472404],[-34.92199386471769,-7.26703512416146],[-34.92199405688186,-7.26708032785042],[-34.921994249047245,-7.267125531539286],[-34.92199444121387,-7.267170735228057],[-34.921994633381715,-7.267215938916731],[-34.92199482555078,-7.267261142605315],[-34.92199501772109,-7.267306346293798]]}},{"type":"Feature","properties":{"id":301,"camada":"Linhas de fluxo principais A+B"},"geometry":{"type":"LineString","coordinates":[[-34.91366386943017,-7.266979946621379],[-34.91370894783349,-7.266934551658327],[-34.91375402622777,-7.266889156693068],[-34.91379910461303,-7.266843761725607],[-34.91384418298923,-7.266798366755937],[-34.9138892613564,-7.266752971784062],[-34.91393433971453,-7.266707576809981],[-34.91397941806362,-7.266662181833695],[-34.91402449640368,-7.266616786855205],[-34.9140695747347,-7.266571391874506],[-34.91411465305668,-7.266525996891601],[-34.91415973136961,-7.2664806019064905],[-34.91420480967352,-7.266435206919179]]}},{"type":"Feature","properties":{"id":302,"camada":"Linhas de fluxo principais A+B"},"geometry":{"type":"LineString","coordinates":[[-34.92298960162216,-7.266985697956603],[-34.923034871111106,-7.26698550597217],[-34.92308033287022,-7.2670305176433265],[-34.923080525142844,-7.2670757213033355],[-34.92312579463837,-7.267075529307463],[-34.923170871851006,-7.267030133649481],[-34.92317067957057,-7.266984929991792],[-34.92321575677087,-7.266939534332728],[-34.92326102624916,-7.266939342326937],[-34.923306103434676,-7.266893946662375]]}},{"type":"Feature","properties":{"id":303,"camada":"Linhas de fluxo principais A+B"},"geometry":{"type":"LineString","coordinates":[[-34.91746671476627,-7.267009086197883],[-34.91746690647728,-7.267054290007395],[-34.917467098189505,-7.267099493816812],[-34.91746728990295,-7.267144697626136],[-34.91751275127425,-7.26718970999668],[-34.91751294299468,-7.267234913804606],[-34.91751313471632,-7.267280117612443],[-34.917558404380756,-7.267279926166842],[-34.91760367404397,-7.267279734716727],[-34.91764894370595,-7.2672795432621],[-34.91769421336671,-7.26727935180296],[-34.91773967477172,-7.267324364141027],[-34.917785136185756,-7.2673693764720815],[-34.9177853279382,-7.267414580272412]]}},{"type":"Feature","properties":{"id":304,"camada":"Linhas de fluxo principais A+B"},"geometry":{"type":"LineString","coordinates":[[-34.910586097536296,-7.267128539654197],[-34.91063136736965,-7.267128348903892],[-34.9106766372018,-7.267128158149072],[-34.91072190703272,-7.267127967389741],[-34.91076717686243,-7.267127776625896],[-34.91081244669091,-7.267127585857538],[-34.91085771651818,-7.2671273950846675],[-34.910902986344226,-7.267127204307283],[-34.91094825616904,-7.267127013525387],[-34.910993525992644,-7.267126822738977],[-34.911038795815024,-7.267126631948054],[-34.911084065636196,-7.267126441152617],[-34.91112933545613,-7.267126250352669],[-34.91117460527486,-7.267126059548207],[-34.91121987509236,-7.267125868739232],[-34.91126514490864,-7.267125677925745],[-34.9113104147237,-7.2671254871077435],[-34.91135568453754,-7.26712529628523],[-34.91140095435016,-7.267125105458202],[-34.91144622416155,-7.267124914626663],[-34.91149149397173,-7.2671247237906105],[-34.911536763780695,-7.267124532950044],[-34.911582033588424,-7.267124342104965],[-34.911627303394944,-7.267124151255374],[-34.911672573200235,-7.2671239604012685],[-34.91171784300431,-7.267123769542652],[-34.911763112807165,-7.267123578679519],[-34.9118083826088,-7.267123387811876],[-34.911853652409214,-7.267123196939719],[-34.9118989222084,-7.267123006063049],[-34.91194419200638,-7.267122815181867],[-34.911989461803124,-7.267122624296171],[-34.91203473159865,-7.267122433405963],[-34.91208000139296,-7.26712224251124],[-34.91212527118605,-7.267122051612006],[-34.91217054097792,-7.267121860708258],[-34.91221581076856,-7.267121669799997],[-34.91226108055798,-7.2671214788872245],[-34.912306350346185,-7.267121287969937],[-34.912351620133165,-7.267121097048139],[-34.912396889918924,-7.267120906121825],[-34.91244215970347,-7.267120715190999],[-34.91248742948678,-7.2671205242556605],[-34.91253269926888,-7.267120333315809],[-34.9125781602751,-7.267165346310542],[-34.91262343005928,-7.267165155360465],[-34.91266869984223,-7.2671649644058744],[-34.91271396962396,-7.267164773446771],[-34.91275923940447,-7.267164582483154],[-34.91280450918376,-7.267164391515024],[-34.91284977896182,-7.267164200542383],[-34.91289504873867,-7.267164009565226],[-34.91294031851429,-7.267163818583558],[-34.91298558828869,-7.267163627597377]]}},{"type":"Feature","properties":{"id":305,"camada":"Linhas de fluxo principais A+B"},"geometry":{"type":"LineString","coordinates":[[-34.91705986297896,-7.267146420360362],[-34.91710513264208,-7.2671462289635],[-34.917150402303974,-7.267146037562124],[-34.9171958636522,-7.2671910499726815],[-34.91724132500948,-7.267236062376223],[-34.91728678637578,-7.267281074772755]]}},{"type":"Feature","properties":{"id":306,"camada":"Linhas de fluxo principais A+B"},"geometry":{"type":"LineString","coordinates":[[-34.91298558828869,-7.267163627597377],[-34.91303085806187,-7.267163436606681],[-34.91307612783383,-7.267163245611474],[-34.91312139760457,-7.267163054611753],[-34.91316666737408,-7.26716286360752],[-34.91321193714237,-7.267162672598772],[-34.91325720690945,-7.267162481585514],[-34.9133024766753,-7.267162290567741],[-34.913347746439925,-7.267162099545456],[-34.91339301620334,-7.267161908518657],[-34.91343828596551,-7.267161717487346],[-34.91348355572648,-7.26716152645152],[-34.913528634165964,-7.267116131497294],[-34.91357390391995,-7.267115940453644],[-34.91361898234466,-7.267070545493898],[-34.91366406076032,-7.267025150531949],[-34.91370913916694,-7.2669797555677915],[-34.913754217564524,-7.266934360601428],[-34.91379929595306,-7.266888965632858],[-34.91384437433257,-7.2668435706620835],[-34.91388945270304,-7.266798175689104],[-34.91393453106447,-7.266752780713917],[-34.913979609416856,-7.266707385736522],[-34.91402468776021,-7.266661990756925],[-34.91406976609453,-7.266616595775124],[-34.9141148444198,-7.266571200791114],[-34.91415992273603,-7.266525805804896],[-34.91420500104323,-7.2664804108164756],[-34.91425007934139,-7.266435015825851]]}},{"type":"Feature","properties":{"id":307,"camada":"Linhas de fluxo principais A+B"},"geometry":{"type":"LineString","coordinates":[[-34.923171640985046,-7.267210948279293],[-34.9232167182018,-7.267165552614674],[-34.92326179540952,-7.267120156947857],[-34.923307064904655,-7.267119964932726],[-34.92330687260821,-7.2670747612788436],[-34.923306680312976,-7.26702955762487],[-34.92330648801898,-7.2669843539708],[-34.92330629572621,-7.266939150316635],[-34.923306103434676,-7.266893946662375]]}},{"type":"Feature","properties":{"id":308,"camada":"Linhas de fluxo principais A+B"},"geometry":{"type":"LineString","coordinates":[[-34.91610958293011,-7.2672408463424985],[-34.91610977451165,-7.267286050187619],[-34.91610996609442,-7.26733125403264]]}},{"type":"Feature","properties":{"id":309,"camada":"Linhas de fluxo principais A+B"},"geometry":{"type":"LineString","coordinates":[[-34.922809677138225,-7.267257687851845],[-34.9228094848878,-7.267212484184975],[-34.922809292638604,-7.267167280518015],[-34.922854369898054,-7.267121884880952],[-34.92289983166124,-7.267166896571084],[-34.92294529343348,-7.26721190825419],[-34.922990370678974,-7.267166512606102],[-34.923035640185994,-7.267166320616843],[-34.923080909691784,-7.267166128623069],[-34.92312637147719,-7.267211140283299],[-34.923171640985046,-7.267210948279293]]}},{"type":"Feature","properties":{"id":310,"camada":"Linhas de fluxo principais A+B"},"geometry":{"type":"LineString","coordinates":[[-34.92276440761602,-7.267257879820954],[-34.922809677138225,-7.267257687851845]]}},{"type":"Feature","properties":{"id":311,"camada":"Linhas de fluxo principais A+B"},"geometry":{"type":"LineString","coordinates":[[-34.921361051818955,-7.267263828624885],[-34.92140632137921,-7.267263636795679],[-34.921451590938226,-7.267263444961959],[-34.92149686049603,-7.267263253123726],[-34.92154213005259,-7.267263061280982],[-34.92158739960794,-7.267262869433723],[-34.92163266916205,-7.267262677581952],[-34.921677938714936,-7.267262485725667],[-34.9217232082666,-7.267262293864871],[-34.92176847781703,-7.2672621019995605],[-34.92181374736624,-7.267261910129736],[-34.92185901691422,-7.2672617182554],[-34.921904286460965,-7.267261526376551],[-34.92194955600649,-7.267261334493189],[-34.92199501772109,-7.267306346293798]]}},{"type":"Feature","properties":{"id":312,"camada":"Linhas de fluxo principais A+B"},"geometry":{"type":"LineString","coordinates":[[-34.91728678637578,-7.267281074772755],[-34.91733224775113,-7.2673260871622665],[-34.917377709135515,-7.267371099544769],[-34.91742317052894,-7.267416111920255]]}},{"type":"Feature","properties":{"id":313,"camada":"Linhas de fluxo principais A+B"},"geometry":{"type":"LineString","coordinates":[[-34.91425371566093,-7.267293889835465],[-34.91429879401269,-7.267248494821614],[-34.914298602613144,-7.267203290928335],[-34.91434368095257,-7.2671578959133845],[-34.914343489550966,-7.2671126920211115],[-34.91434329815057,-7.267067488128745],[-34.91438837647437,-7.2670220931138045],[-34.914433454789126,-7.266976698096657],[-34.91447853309484,-7.266931303077304],[-34.914523611391516,-7.266885908055746],[-34.91456888109603,-7.266885716918818],[-34.914614150799316,-7.266885525777377],[-34.91465922907548,-7.266840130746992],[-34.914704307342596,-7.266794735714402],[-34.91474938560067,-7.266749340679607],[-34.91479446384971,-7.266703945642606],[-34.914839542089716,-7.266658550603402]]}},{"type":"Feature","properties":{"id":314,"camada":"Linhas de fluxo principais A+B"},"geometry":{"type":"LineString","coordinates":[[-34.92276459986316,-7.2673030834889305],[-34.922809677138225,-7.267257687851845]]}},{"type":"Feature","properties":{"id":315,"camada":"Linhas de fluxo principais A+B"},"geometry":{"type":"LineString","coordinates":[[-34.92199501772109,-7.267306346293798],[-34.921995209892614,-7.2673515499821875],[-34.92199540206537,-7.267396753670484],[-34.92199559423935,-7.2674419573586855],[-34.92199578641456,-7.267487161046792],[-34.921995978591,-7.267532364734802],[-34.921996170768665,-7.267577568422717],[-34.92199636294756,-7.267622772110538],[-34.92199655512768,-7.267667975798265],[-34.922042016897294,-7.26771298758145],[-34.92208728648433,-7.267712795672488],[-34.92213274826627,-7.267757807442932]]}},{"type":"Feature","properties":{"id":316,"camada":"Linhas de fluxo principais A+B"},"geometry":{"type":"LineString","coordinates":[[-34.91805656238582,-7.267323023760664],[-34.91805675416415,-7.267368227553867],[-34.918056945943704,-7.267413431346978],[-34.9181024073923,-7.2674584436354195],[-34.91810259917882,-7.2675036474271355],[-34.91810279096657,-7.267548851218755],[-34.91810298275554,-7.26759405501028],[-34.91814844423041,-7.267639067287813],[-34.918103366337164,-7.2676844625930475],[-34.918103558129815,-7.267729666384289],[-34.918058480224225,-7.267775061688432],[-34.9180586720148,-7.267820265480685]]}},{"type":"Feature","properties":{"id":317,"camada":"Linhas de fluxo principais A+B"},"geometry":{"type":"LineString","coordinates":[[-34.91610996609442,-7.26733125403264],[-34.9161101576784,-7.26737645787757],[-34.91611034926362,-7.267421661722405],[-34.91615581057051,-7.267466674256636],[-34.91615600216269,-7.267511878100078],[-34.91615619375609,-7.267557081943424],[-34.91620165508351,-7.267602094468049],[-34.916247116419974,-7.267647106985662]]}},{"type":"Feature","properties":{"id":318,"camada":"Linhas de fluxo principais A+B"},"geometry":{"type":"LineString","coordinates":[[-34.91248838558056,-7.267346543962192],[-34.91253365538525,-7.26734635301634],[-34.912578925188726,-7.267346162065975],[-34.91262400375622,-7.267300767173584],[-34.91266927355273,-7.267300576215393],[-34.912714352105446,-7.267255181317474],[-34.91275962189499,-7.267254990351457],[-34.912804891683315,-7.267254799380928],[-34.91284997021551,-7.267209404474183],[-34.91289523999688,-7.2672092134958275],[-34.91294050977702,-7.267209022512957],[-34.91298558828869,-7.267163627597377]]}},{"type":"Feature","properties":{"id":319,"camada":"Linhas de fluxo principais A+B"},"geometry":{"type":"LineString","coordinates":[[-34.912126227099044,-7.267348071366532],[-34.9121714969135,-7.267347880456787],[-34.91221676672675,-7.267347689542527],[-34.91226203653877,-7.267347498623753],[-34.91230730634957,-7.267347307700467],[-34.91235257615915,-7.267347116772668],[-34.912397845967504,-7.267346925840355],[-34.91244311577464,-7.26734673490353],[-34.91248838558056,-7.267346543962192]]}},{"type":"Feature","properties":{"id":320,"camada":"Linhas de fluxo principais A+B"},"geometry":{"type":"LineString","coordinates":[[-34.91873599076454,-7.267410558322579],[-34.91873618261312,-7.267455762097537],[-34.91873637446291,-7.267500965872401],[-34.91878183597242,-7.267545978072492],[-34.91878202782918,-7.267591181845959],[-34.91878221968718,-7.267636385619334],[-34.9187824115464,-7.267681589392614],[-34.91878260340684,-7.2677267931658],[-34.91878279526851,-7.267771996938889],[-34.91878298713141,-7.2678172007118835],[-34.91878317899553,-7.267862404484782],[-34.91882864055429,-7.267907416668766],[-34.918828832425376,-7.267952620440273]]}},{"type":"Feature","properties":{"id":321,"camada":"Linhas de fluxo principais A+B"},"geometry":{"type":"LineString","coordinates":[[-34.91864545147102,-7.2674109414511685],[-34.918690721118395,-7.26741074988913],[-34.91873599076454,-7.267410558322579]]}},{"type":"Feature","properties":{"id":322,"camada":"Linhas de fluxo principais A+B"},"geometry":{"type":"LineString","coordinates":[[-34.9177853279382,-7.267414580272412],[-34.91783059760884,-7.267414388796122],[-34.91787586727827,-7.267414197315319],[-34.91792094518046,-7.267368802033284],[-34.91792075341569,-7.2673235982364695],[-34.917966023073625,-7.267323406749047],[-34.918011100957756,-7.267278011462612],[-34.91805656238582,-7.267323023760664]]}},{"type":"Feature","properties":{"id":323,"camada":"Linhas de fluxo principais A+B"},"geometry":{"type":"LineString","coordinates":[[-34.91742317052894,-7.267416111920255],[-34.91746863193141,-7.267461124288728],[-34.917514093342916,-7.267506136650187],[-34.91755936302995,-7.26750594519857],[-34.91760482445379,-7.267550957547296],[-34.91765009414289,-7.267550766085448],[-34.9176951720837,-7.267505370816639],[-34.91774025001547,-7.267459975545627],[-34.9177853279382,-7.267414580272412]]}},{"type":"Feature","properties":{"id":324,"camada":"Linhas de fluxo principais A+B"},"geometry":{"type":"LineString","coordinates":[[-34.91502387571409,-7.267426251791763],[-34.91506895397813,-7.267380856718294],[-34.91511403223313,-7.267335461642621],[-34.91511384074979,-7.2672902577711564],[-34.915158918992454,-7.267244862694383],[-34.91515872750704,-7.267199658823931],[-34.91520399722607,-7.267199467615412],[-34.91524907545065,-7.267154072534231],[-34.915248883958654,-7.2671088686659875],[-34.91524869246788,-7.267063664797651],[-34.915293770676826,-7.267018269716481],[-34.91533904037411,-7.2670180784992295],[-34.915384501573286,-7.26706309114229],[-34.91542977127264,-7.267062899914811],[-34.91547504097077,-7.267062708682819],[-34.91552031066768,-7.267062517446314],[-34.915565388842175,-7.267017122345279],[-34.915610658532124,-7.267016931100949],[-34.91565573669183,-7.266971535994399],[-34.91570081484251,-7.2669261408856425],[-34.915745892984155,-7.2668807457746825],[-34.91579097111675,-7.266835350661523],[-34.91583604924031,-7.266789955546158],[-34.91588112735483,-7.266744560428588],[-34.915926205460316,-7.266699165308816],[-34.915971283556765,-7.26665377018684],[-34.91601636164417,-7.266608375062664],[-34.91606143972254,-7.266562979936282],[-34.91610651779187,-7.266517584807697],[-34.91615159585216,-7.266472189676906],[-34.91619667390342,-7.266426794543919],[-34.916241751945634,-7.266381399408724],[-34.91628682997881,-7.266336004271328],[-34.91633190800295,-7.266290609131732],[-34.91637698601806,-7.26624521398993],[-34.916422064024125,-7.26619981884593],[-34.91646714202115,-7.266154423699722],[-34.91651222000914,-7.2661090285513135],[-34.91655729798809,-7.2660636334007025],[-34.91660237595801,-7.2660182382478915],[-34.916647453918884,-7.2659728430928805],[-34.91669253187073,-7.265927447935665],[-34.916737609813524,-7.265882052776246],[-34.91678268774729,-7.265836657614629],[-34.916827765672025,-7.265791262450806],[-34.91687284358771,-7.265745867284784]]}},{"type":"Feature","properties":{"id":325,"camada":"Linhas de fluxo principais A+B"},"geometry":{"type":"LineString","coordinates":[[-34.920049001949344,-7.267450204669421],[-34.92004919393021,-7.267495408409358],[-34.92009465553524,-7.26754042044364],[-34.92009484752308,-7.26758562418218],[-34.92009503951214,-7.26763082792063],[-34.92009523150243,-7.267676031658983],[-34.920095423493954,-7.267721235397241],[-34.920095615486694,-7.2677664391354035]]}},{"type":"Feature","properties":{"id":326,"camada":"Linhas de fluxo principais A+B"},"geometry":{"type":"LineString","coordinates":[[-34.913530164762264,-7.267477762805741],[-34.91357543455241,-7.267477571752485],[-34.913620704341355,-7.267477380694715],[-34.91366597412907,-7.267477189632435],[-34.913711052568665,-7.267431794657219],[-34.91371086122299,-7.267386590748702],[-34.91371066987854,-7.267341386840091],[-34.9136652087669,-7.26729637399338],[-34.9136197476643,-7.267251361139654],[-34.913619556332556,-7.26720615722836],[-34.913619365002035,-7.267160953316968],[-34.913619173672735,-7.26711574940548],[-34.91366425209169,-7.267070354442423],[-34.91370933050161,-7.267024959477162],[-34.91375440890249,-7.2669795645096915],[-34.913799487294334,-7.266934169540017],[-34.91384456567713,-7.266888774568134],[-34.9138896440509,-7.266843379594049],[-34.913934722415625,-7.266797984617757],[-34.91397980077131,-7.266752589639257],[-34.91402487911796,-7.266707194658552],[-34.914069957455574,-7.266661799675642],[-34.91411503578414,-7.26661640469053],[-34.91416011410368,-7.266571009703207],[-34.91420519241417,-7.26652561471368],[-34.914250270715634,-7.266480219721945],[-34.91429534900805,-7.266434824728011]]}},{"type":"Feature","properties":{"id":327,"camada":"Linhas de fluxo principais A+B"},"geometry":{"type":"LineString","coordinates":[[-34.92032081162231,-7.267494258115537],[-34.920366273247105,-7.267539270115512],[-34.92036646526206,-7.267584473846823],[-34.920366657278244,-7.267629677578044],[-34.920366849295654,-7.267674881309167],[-34.92036704131429,-7.267720085040197],[-34.920412502971104,-7.2677650970279535],[-34.920457580577924,-7.267719701551742],[-34.920502658175714,-7.26767430607333],[-34.92054792779994,-7.267674114319024],[-34.92059338946418,-7.26771912628521],[-34.920638659090486,-7.2677189345206745],[-34.920684120767056,-7.267763946474121],[-34.92072939039543,-7.267763754699351]]}},{"type":"Feature","properties":{"id":328,"camada":"Linhas de fluxo principais A+B"},"geometry":{"type":"LineString","coordinates":[[-34.916563429632426,-7.267510156091606],[-34.91660889098377,-7.267555168566086],[-34.91665435234414,-7.267600181033553]]}},{"type":"Feature","properties":{"id":329,"camada":"Linhas de fluxo principais A+B"},"geometry":{"type":"LineString","coordinates":[[-34.92072843012759,-7.2675377360919375],[-34.9207286221787,-7.267582939813608],[-34.92072881423104,-7.267628143535188],[-34.92072900628461,-7.267673347256672],[-34.9207291983394,-7.267718550978061],[-34.92072939039543,-7.267763754699351]]}},{"type":"Feature","properties":{"id":330,"camada":"Linhas de fluxo principais A+B"},"geometry":{"type":"LineString","coordinates":[[-34.91968722888468,-7.267542145631193],[-34.91973269046911,-7.267587157709918],[-34.91977815206257,-7.267632169781629],[-34.91982361366508,-7.267677181846321],[-34.919869075276615,-7.267722193903996],[-34.9199145368972,-7.267767205954653],[-34.919959806546416,-7.26776701425661],[-34.9200050761944,-7.267766822554055],[-34.92005034584116,-7.267766630846985],[-34.920095615486694,-7.2677664391354035]]}},{"type":"Feature","properties":{"id":331,"camada":"Linhas de fluxo principais A+B"},"geometry":{"type":"LineString","coordinates":[[-34.918510409832805,-7.267592331233544],[-34.91851021800315,-7.267547127452853],[-34.91855529583482,-7.2675017321211595],[-34.91860037365744,-7.267456336787264],[-34.91860018182242,-7.267411133008695],[-34.91864545147102,-7.2674109414511685]]}},{"type":"Feature","properties":{"id":332,"camada":"Linhas de fluxo principais A+B"},"geometry":{"type":"LineString","coordinates":[[-34.91665435234414,-7.267600181033553],[-34.916699622063476,-7.267599989665281],[-34.916744700128206,-7.267554594464877],[-34.916789969840565,-7.267554403088782],[-34.91683504789051,-7.267509007882865],[-34.916880317595904,-7.267508816498946],[-34.91692558730008,-7.267508625110512],[-34.91697085700302,-7.267508433717566],[-34.917016126704745,-7.267508242320107],[-34.91706139640525,-7.267508050918136],[-34.91710666610452,-7.267507859511649],[-34.91715193580258,-7.2675076681006505],[-34.917197205499406,-7.267507476685139],[-34.91724247519501,-7.267507285265114],[-34.917287744889386,-7.2675070938405755],[-34.917333014582546,-7.267506902411524],[-34.91737809256026,-7.26746150716699],[-34.91742317052894,-7.267416111920255]]}},{"type":"Feature","properties":{"id":333,"camada":"Linhas de fluxo principais A+B"},"geometry":{"type":"LineString","coordinates":[[-34.916247116419974,-7.267647106985662],[-34.91629257776547,-7.267692119496261],[-34.916337847503634,-7.26769192816169],[-34.91638311724057,-7.267691736822605],[-34.916428386976285,-7.267691545479007],[-34.9164281953521,-7.267646341643159],[-34.91647327345458,-7.26760094646151],[-34.9165185431788,-7.26760075511129],[-34.916563812901806,-7.267600563756559],[-34.91660908262359,-7.267600372397313],[-34.91665435234414,-7.267600181033553]]}},{"type":"Feature","properties":{"id":334,"camada":"Linhas de fluxo principais A+B"},"geometry":{"type":"LineString","coordinates":[[-34.91570387950614,-7.267649402579893],[-34.91574895770052,-7.267604007451218],[-34.91579403588585,-7.267558612320343],[-34.91583930562391,-7.267558421039023],[-34.91588438379447,-7.267513025902633],[-34.91592946195599,-7.267467630764037],[-34.915974540108465,-7.267422235623238],[-34.9160196182519,-7.267376840480234],[-34.91606469638629,-7.267331445335027],[-34.91610996609442,-7.26733125403264]]}},{"type":"Feature","properties":{"id":335,"camada":"Linhas de fluxo principais A+B"},"geometry":{"type":"LineString","coordinates":[[-34.91602115089553,-7.267738471255484],[-34.916066420645556,-7.267738279946791],[-34.91611149880058,-7.267692884789413],[-34.91615676854364,-7.267692693472895],[-34.916202038285476,-7.2676925021518635],[-34.916201846683876,-7.267647298310003],[-34.916247116419974,-7.267647106985662]]}},{"type":"Feature","properties":{"id":336,"camada":"Linhas de fluxo principais A+B"},"geometry":{"type":"LineString","coordinates":[[-34.92213274826627,-7.267757807442932],[-34.92217782565472,-7.267712411841026],[-34.92222290303413,-7.267667016236922],[-34.92226836482021,-7.267712027991511],[-34.922313826615316,-7.267757039739076],[-34.922359096199514,-7.267756847801829],[-34.92240455800696,-7.267801859536654],[-34.92244963536422,-7.267756463913797],[-34.92249490494473,-7.267756271963009],[-34.9225399822872,-7.267710876334647],[-34.92258525186074,-7.2677106843760395],[-34.92263071367889,-7.267755696083569],[-34.92267598325449,-7.267755504114728],[-34.922721252828865,-7.267755312141376],[-34.9227663301426,-7.26770991649648],[-34.922811599709995,-7.267709724515306],[-34.92281140744729,-7.267664520849387],[-34.922856484742944,-7.267619125200098],[-34.92290194656936,-7.267664136875912],[-34.922947216128556,-7.267663944882407],[-34.922992485686514,-7.2676637528843875],[-34.923037947528556,-7.267708764541742],[-34.923083024798764,-7.267663368874808],[-34.923128102059934,-7.267617973205681],[-34.92317337160847,-7.267617781190815],[-34.923173179312066,-7.2675725775343585],[-34.92317298701688,-7.267527373877808],[-34.923127525187965,-7.267482362232409],[-34.923082063368085,-7.267437350579987],[-34.923081871085635,-7.267392146920739],[-34.92312694832705,-7.267346751258281],[-34.923126756042535,-7.267301547600048],[-34.923171833271624,-7.267256151936511],[-34.923171640985046,-7.267210948279293]]}},{"type":"Feature","properties":{"id":337,"camada":"Linhas de fluxo principais A+B"},"geometry":{"type":"LineString","coordinates":[[-34.92072939039543,-7.267763754699351],[-34.920729582452665,-7.267808958420548],[-34.920729774511145,-7.267854162141651],[-34.920729966570846,-7.26789936586266]]}},{"type":"Feature","properties":{"id":338,"camada":"Linhas de fluxo principais A+B"},"geometry":{"type":"LineString","coordinates":[[-34.920095615486694,-7.2677664391354035],[-34.92009580748067,-7.26781164287347],[-34.92014126912921,-7.267856654892936],[-34.920186730786796,-7.267901666905386]]}},{"type":"Feature","properties":{"id":339,"camada":"Linhas de fluxo principais A+B"},"geometry":{"type":"LineString","coordinates":[[-34.9180586720148,-7.267820265480685],[-34.91810413351511,-7.26786527775744],[-34.91814940322237,-7.267865086237523],[-34.91819486473501,-7.267910098501548]]}},{"type":"Feature","properties":{"id":340,"camada":"Linhas de fluxo principais A+B"},"geometry":{"type":"LineString","coordinates":[[-34.91167563150613,-7.267847223799349],[-34.911720901382516,-7.267847032921539],[-34.91176617125768,-7.267846842039216],[-34.9118112499648,-7.26780144719431],[-34.91185632866287,-7.2677560523471945],[-34.91185613749396,-7.2677108483901325],[-34.9119012161797,-7.267665453541913],[-34.9119464860319,-7.267665262646333],[-34.911991755882894,-7.267665071746242],[-34.91203702573266,-7.267664880841637],[-34.91208229558119,-7.267664689932517],[-34.91212756542852,-7.267664499018886],[-34.91217264407651,-7.267619104151887],[-34.91221772271547,-7.267573709282684],[-34.91226280134538,-7.26752831441127],[-34.91230787996626,-7.267482919537648],[-34.91235295857809,-7.267437524661816],[-34.91239803718089,-7.267392129783778],[-34.91244330699254,-7.267391938845751],[-34.91248838558056,-7.267346543962192]]}},{"type":"Feature","properties":{"id":341,"camada":"Linhas de fluxo principais A+B"},"geometry":{"type":"LineString","coordinates":[[-34.920729966570846,-7.26789936586266],[-34.92077523621154,-7.267899174079761],[-34.92082050585102,-7.26789898229235],[-34.920865583416,-7.267853586783033],[-34.920865391343966,-7.267808383065547],[-34.92091066097195,-7.267808191271519],[-34.920956122679776,-7.267853203188055],[-34.92100120022423,-7.267807807669925],[-34.92104646984853,-7.267807615862358],[-34.9210917394716,-7.267807424050279],[-34.92113681699552,-7.267762028523335],[-34.92118208661162,-7.267761836703434],[-34.921227356226495,-7.267761644879019],[-34.92127262584014,-7.267761453050091],[-34.92131770333778,-7.267716057511028],[-34.92136297294445,-7.267715865674279],[-34.921408434673715,-7.267760877536228],[-34.921453704282456,-7.267760685689245],[-34.92149897388996,-7.267760493837751],[-34.92154443563485,-7.267805505681241],[-34.92158970524443,-7.267805313819515],[-34.92163497485278,-7.267805121953274],[-34.921680052307735,-7.267759726386639],[-34.921725321909115,-7.267759534512579],[-34.92177078367047,-7.267804546327474],[-34.92181605327391,-7.2678043544431805],[-34.921861322876126,-7.2678041625543734],[-34.92190640030235,-7.267758766971201],[-34.92195147771953,-7.267713371385833],[-34.921996747309024,-7.267713179485897],[-34.92204220908438,-7.26775819126778],[-34.92208747867594,-7.267757999357612],[-34.92213274826627,-7.267757807442932]]}},{"type":"Feature","properties":{"id":342,"camada":"Linhas de fluxo principais A+B"},"geometry":{"type":"LineString","coordinates":[[-34.92041307905161,-7.267900708216568],[-34.92045815666831,-7.267855312737025],[-34.92050361834895,-7.267900324709447],[-34.920548887995785,-7.267900132949117],[-34.92059415764139,-7.267899941184272],[-34.920639427285764,-7.267899749414914],[-34.92068469692892,-7.2678995576410435],[-34.920729966570846,-7.26789936586266]]}},{"type":"Feature","properties":{"id":343,"camada":"Linhas de fluxo principais A+B"},"geometry":{"type":"LineString","coordinates":[[-34.920186730786796,-7.267901666905386],[-34.92023200044221,-7.26790147517665],[-34.9202772700964,-7.2679012834434],[-34.920322539749364,-7.267901091705635],[-34.9203678094011,-7.267900899963359],[-34.92041307905161,-7.267900708216568]]}},{"type":"Feature","properties":{"id":344,"camada":"Linhas de fluxo principais A+B"},"geometry":{"type":"LineString","coordinates":[[-34.91819486473501,-7.267910098501548],[-34.91824032625668,-7.267955110758557],[-34.91828559596931,-7.267954919222693],[-34.91833086568072,-7.267954727682314],[-34.91837613539091,-7.267954536137424],[-34.91842140509986,-7.267954344588019],[-34.9184666748076,-7.2679541530341005],[-34.918511944514115,-7.267953961475669],[-34.9185572142194,-7.267953769912724],[-34.91860248392346,-7.267953578345265],[-34.91864775362629,-7.267953386773294],[-34.9186930233279,-7.267953195196808],[-34.918738293028284,-7.26795300361581],[-34.91878356272744,-7.267952812030298],[-34.918828832425376,-7.267952620440273]]}},{"type":"Feature","properties":{"id":345,"camada":"Linhas de fluxo principais A+B"},"geometry":{"type":"LineString","coordinates":[[-34.91887410212209,-7.2679524288457324],[-34.91891937181757,-7.26795223724668],[-34.91896464151183,-7.267952045643115],[-34.91900991120485,-7.267951854035036],[-34.91905518089666,-7.267951662422442],[-34.91910045058725,-7.267951470805336],[-34.9191457202766,-7.267951279183716],[-34.91919098996473,-7.2679510875575835],[-34.91923625965164,-7.267950895926938],[-34.91928152933731,-7.267950704291777],[-34.91932679902177,-7.267950512652105],[-34.919371876779664,-7.267905117250861],[-34.91941714645715,-7.267904925603365],[-34.919462416133406,-7.267904733951355],[-34.91950768580844,-7.267904542294834],[-34.919552955482246,-7.267904350633798],[-34.91959822515482,-7.267904158968249],[-34.919643494826175,-7.267903967298186],[-34.9196887644963,-7.2679037756236085],[-34.91973403416521,-7.26790358394452],[-34.91977930383288,-7.267903392260916],[-34.919824573499334,-7.267903200572801],[-34.919869843164555,-7.26790300888017],[-34.919915112828555,-7.267902817183027],[-34.919960382491325,-7.26790262548137],[-34.92000565215287,-7.2679024337752],[-34.920050921813186,-7.267902242064517],[-34.92009619147229,-7.26790205034932],[-34.92014146113015,-7.26790185862961],[-34.920186730786796,-7.267901666905386]]}},{"type":"Feature","properties":{"id":346,"camada":"Linhas de fluxo principais A+B"},"geometry":{"type":"LineString","coordinates":[[-34.918828832425376,-7.267952620440273],[-34.91887410212209,-7.2679524288457324]]}},{"type":"Feature","properties":{"id":347,"camada":"Linhas de fluxo principais A+B"},"geometry":{"type":"LineString","coordinates":[[-34.91271741213321,-7.26797844426946],[-34.91276287326171,-7.268023457216732],[-34.91276306452957,-7.268068661149131],[-34.91276325579865,-7.268113865081434],[-34.91280871694768,-7.268158878019108],[-34.91280890822372,-7.268204081950019],[-34.912854369387524,-7.268249094879389],[-34.91285456067054,-7.268294298808912],[-34.91290002184912,-7.268339311729976],[-34.91290021313909,-7.268384515658106],[-34.91294567433246,-7.268429528570868],[-34.9129458656294,-7.268474732497609],[-34.91299132683755,-7.268519745402065],[-34.912991518141446,-7.26856494932742],[-34.913036979364385,-7.268609962223569],[-34.91308244059636,-7.268654975112712]]}},{"type":"Feature","properties":{"id":348,"camada":"Linhas de fluxo principais A+B"},"geometry":{"type":"LineString","coordinates":[[-34.9224958661246,-7.2679822903329265],[-34.922541327970656,-7.26802730204409],[-34.92258678982576,-7.26807231374823],[-34.92258698207691,-7.268117517419327],[-34.922587174329294,-7.268162721090327],[-34.9225873665829,-7.268207924761236],[-34.92258755883773,-7.268253128432048],[-34.92263302072487,-7.268298140123959],[-34.9226782903547,-7.268297948140642],[-34.92272355998332,-7.268297756152812],[-34.922768829610696,-7.268297564160469],[-34.922814291516744,-7.268342575828198],[-34.92285936886178,-7.26829718016224],[-34.92290444619778,-7.268251784494085],[-34.92294952352473,-7.268206388823734],[-34.92299460084265,-7.268160993151184],[-34.9230398704491,-7.26816080113538],[-34.92308514005433,-7.268160609115061],[-34.923130409658334,-7.268160417090228],[-34.92317548694996,-7.268115021405567],[-34.92322075654698,-7.268114829372913]]}},{"type":"Feature","properties":{"id":349,"camada":"Linhas de fluxo principais A+B"},"geometry":{"type":"LineString","coordinates":[[-34.91887429399892,-7.26799763261594],[-34.91887410212209,-7.2679524288457324]]}},{"type":"Feature","properties":{"id":350,"camada":"Linhas de fluxo principais A+B"},"geometry":{"type":"LineString","coordinates":[[-34.9216359356094,-7.2680311404372935],[-34.921681205239125,-7.268030948560511],[-34.9217262827048,-7.267985552985011],[-34.92172609054321,-7.267940349290716],[-34.92177136016144,-7.267940157407318],[-34.92181662977844,-7.267939965519406],[-34.921861899394216,-7.267939773626981],[-34.92190716900876,-7.267939581730043],[-34.92195243862208,-7.267939389828593],[-34.92199751604669,-7.267893994235471],[-34.92204259346225,-7.267848598640153],[-34.92208786306285,-7.267848406727574],[-34.922132940463634,-7.267803011126754],[-34.92213274826627,-7.267757807442932]]}},{"type":"Feature","properties":{"id":351,"camada":"Linhas de fluxo principais A+B"},"geometry":{"type":"LineString","coordinates":[[-34.917652203391775,-7.268048007919386],[-34.91769747312938,-7.268047816439791],[-34.91774255110069,-7.268002421155474],[-34.917787820831315,-7.268002229668055],[-34.91783309056072,-7.268002038176121],[-34.9178783602889,-7.268001846679676],[-34.91792363001585,-7.268001655178716],[-34.91796870795514,-7.267956259878961],[-34.91801397767513,-7.267956068370176],[-34.918059055599635,-7.267910673064909],[-34.91810451711142,-7.267955685339069],[-34.91814959502444,-7.2679102900271815],[-34.91819486473501,-7.267910098501548]]}},{"type":"Feature","properties":{"id":352,"camada":"Linhas de fluxo principais A+B"},"geometry":{"type":"LineString","coordinates":[[-34.91756166391291,-7.268048390865038],[-34.91760693365296,-7.268048199394469],[-34.917652203391775,-7.268048007919386]]}},{"type":"Feature","properties":{"id":353,"camada":"Linhas de fluxo principais A+B"},"geometry":{"type":"LineString","coordinates":[[-34.91697315718089,-7.268050879571706],[-34.917018235244115,-7.268005484340357],[-34.91706331329829,-7.267960089106809],[-34.91710858304277,-7.267959897688295],[-34.91715366108216,-7.267914502449231],[-34.917198930819666,-7.267914311022893],[-34.917244200555956,-7.267914119592041],[-34.91728947029101,-7.267913928156675],[-34.91733454830414,-7.267868532905478],[-34.917379818032224,-7.2678683414622895],[-34.917425087759085,-7.267868150014587],[-34.91747016575168,-7.267822754754569],[-34.91751543547158,-7.267822563299043],[-34.91756070519025,-7.267822371839003],[-34.917605783162315,-7.267776976570161],[-34.91765105287402,-7.267776785102299],[-34.9176963225845,-7.267776593629923],[-34.91774178405269,-7.26782160595371],[-34.91778705376524,-7.267821414471103],[-34.91783232347656,-7.267821222983985],[-34.91787759318666,-7.267821031492351],[-34.91792305467378,-7.267866043791974],[-34.91796813260318,-7.267820648495545],[-34.918013402309604,-7.267820456990371],[-34.9180586720148,-7.267820265480685]]}},{"type":"Feature","properties":{"id":354,"camada":"Linhas de fluxo principais A+B"},"geometry":{"type":"LineString","coordinates":[[-34.91348738229791,-7.268065604733363],[-34.91353284349397,-7.2681106175809065],[-34.913578113347405,-7.268110426510841],[-34.913623383199614,-7.268110235436263],[-34.91366884441131,-7.268155248265368],[-34.91371430563205,-7.268200261087463],[-34.913759766861816,-7.26824527390255],[-34.913805228100635,-7.2682902867106245],[-34.913850497964816,-7.268290095608674],[-34.91389576782778,-7.268289904502211],[-34.91394103768952,-7.268289713391234],[-34.91398630755003,-7.268289522275743],[-34.914031577409325,-7.268289331155738],[-34.914077038673675,-7.268334343928228],[-34.91412211712425,-7.268288948902187],[-34.91416738697988,-7.26828875776864],[-34.91421265683428,-7.268288566630581],[-34.91425792668746,-7.268288375488007],[-34.91430300511177,-7.268242980449821],[-34.91434808352704,-7.268197585409426]]}},{"type":"Feature","properties":{"id":355,"camada":"Linhas de fluxo principais A+B"},"geometry":{"type":"LineString","coordinates":[[-34.91670173028174,-7.268097231776061],[-34.91674700004956,-7.268097040390045],[-34.91679226981617,-7.268096848999517],[-34.91683753958155,-7.268096657604476],[-34.9168828093457,-7.268096466204919],[-34.91692788742371,-7.268051070979086],[-34.91697315718089,-7.268050879571706]]}},{"type":"Feature","properties":{"id":356,"camada":"Linhas de fluxo principais A+B"},"geometry":{"type":"LineString","coordinates":[[-34.91131461917938,-7.2681199744849385],[-34.911360080222835,-7.268164987605441],[-34.911360271354226,-7.268210191574744],[-34.91140573241246,-7.268255204686947],[-34.911405923550824,-7.268300408654864],[-34.91145138462384,-7.26834542175876],[-34.911451575769156,-7.268390625725284],[-34.9114517669157,-7.268435829691719],[-34.91149722800924,-7.26848084278602],[-34.91154268911181,-7.268525855873316],[-34.91158815022344,-7.2685708689536055],[-34.91158834138842,-7.268616072916057],[-34.91163380251482,-7.268661085988044]]}},{"type":"Feature","properties":{"id":357,"camada":"Linhas de fluxo principais A+B"},"geometry":{"type":"LineString","coordinates":[[-34.92027823018731,-7.26812730210727],[-34.92027803816667,-7.268082098374685],[-34.92032311581379,-7.268036702900628],[-34.92036819345186,-7.26799130742437],[-34.920413271080896,-7.267945911945917],[-34.92041307905161,-7.267900708216568]]}},{"type":"Feature","properties":{"id":358,"camada":"Linhas de fluxo principais A+B"},"geometry":{"type":"LineString","coordinates":[[-34.916928270794784,-7.26814147862252],[-34.91692807910863,-7.2680962748008495],[-34.91697315718089,-7.268050879571706]]}},{"type":"Feature","properties":{"id":359,"camada":"Linhas de fluxo principais A+B"},"geometry":{"type":"LineString","coordinates":[[-34.916068145003926,-7.268145114550864],[-34.916113223188624,-7.268099719383521],[-34.91615849297235,-7.268099528056182],[-34.9162039543687,-7.268144540565242],[-34.916249224154505,-7.268144349227674],[-34.91629449393909,-7.268144157885592],[-34.916339763722455,-7.268143966538997],[-34.91638503350459,-7.268143775187888],[-34.9164303032855,-7.2681435838322646],[-34.91647538142424,-7.268098188638432],[-34.91652065119819,-7.268097997274984],[-34.91656592097091,-7.268097805907024],[-34.916611190742415,-7.2680976145345495],[-34.91665646051269,-7.268097423157562],[-34.91670173028174,-7.268097231776061]]}},{"type":"Feature","properties":{"id":360,"camada":"Linhas de fluxo principais A+B"},"geometry":{"type":"LineString","coordinates":[[-34.91756223916121,-7.2681840022795186],[-34.91756204741055,-7.268138798474788],[-34.91760712540568,-7.268093403198187],[-34.917652203391775,-7.268048007919386]]}},{"type":"Feature","properties":{"id":361,"camada":"Linhas de fluxo principais A+B"},"geometry":{"type":"LineString","coordinates":[[-34.91593252721608,-7.2681908923438945],[-34.91597779701375,-7.268190701032206],[-34.9160230668102,-7.2681905097160024],[-34.916068145003926,-7.268145114550864]]}},{"type":"Feature","properties":{"id":362,"camada":"Linhas de fluxo principais A+B"},"geometry":{"type":"LineString","coordinates":[[-34.91434808352704,-7.268197585409426],[-34.914393544802984,-7.268242598144506],[-34.91443881464675,-7.26824240698508],[-34.9144840844893,-7.2682422158211395],[-34.914529354330625,-7.268242024652685],[-34.91457462417073,-7.268241833479718],[-34.91461989400961,-7.268241642302236],[-34.914664972384685,-7.268196247238655],[-34.9147102422166,-7.268196056053347],[-34.91475551204729,-7.268195864863526],[-34.914800781876764,-7.268195673669192],[-34.91484605170502,-7.268195482470342],[-34.91489132153204,-7.268195291266981],[-34.914936591357844,-7.2681951000591045],[-34.914981861182426,-7.268194908846716],[-34.915027131005786,-7.268194717629813],[-34.91507220932587,-7.268149322537532],[-34.91511767064883,-7.268194335182466],[-34.91516294046851,-7.268194143952023],[-34.915208210286984,-7.268193952717065],[-34.91525348010423,-7.268193761477594],[-34.91529874992025,-7.26819357023361],[-34.91534401973504,-7.26819337898511],[-34.915389289548614,-7.2681931877321],[-34.91543455936096,-7.268192996474574],[-34.91547982917209,-7.268192805212534],[-34.915524907434744,-7.268147410087136],[-34.915570177238905,-7.268147218817271],[-34.91561544704184,-7.268147027542893],[-34.915660716843554,-7.268146836264001],[-34.91570598664405,-7.268146644980597],[-34.91575125644331,-7.268146453692678],[-34.91579652624136,-7.268146262400245],[-34.91584179603818,-7.268146071103299],[-34.91588706583377,-7.268145879801839],[-34.91593233562815,-7.268145688495867],[-34.9159776054213,-7.268145497185379],[-34.91602287521322,-7.268145305870379],[-34.916068145003926,-7.268145114550864]]}},{"type":"Feature","properties":{"id":363,"camada":"Linhas de fluxo principais A+B"},"geometry":{"type":"LineString","coordinates":[[-34.914212273998274,-7.2681981588434805],[-34.91425754384242,-7.268197967703309],[-34.91430281368534,-7.268197776558625],[-34.91434808352704,-7.268197585409426]]}},{"type":"Feature","properties":{"id":364,"camada":"Linhas de fluxo principais A+B"},"geometry":{"type":"LineString","coordinates":[[-34.916929037551625,-7.268322293908247],[-34.91692884586058,-7.268277090086959],[-34.91692865417075,-7.268231886265573],[-34.91692846248216,-7.268186682444093],[-34.916928270794784,-7.26814147862252]]}},{"type":"Feature","properties":{"id":365,"camada":"Linhas de fluxo principais A+B"},"geometry":{"type":"LineString","coordinates":[[-34.91217589461043,-7.26838757126946],[-34.91222135575101,-7.2684325842736435],[-34.912221546975616,-7.2684777882195855],[-34.91226700813099,-7.268522801215465],[-34.9123124692954,-7.268567814204338],[-34.91231266053271,-7.268613018147595],[-34.91231285177125,-7.268658222090761],[-34.91235831295618,-7.268703235070031],[-34.91240377415016,-7.268748248042295],[-34.912403965401396,-7.268793451982774],[-34.91244942661015,-7.268838464946736],[-34.91249469656523,-7.268838273965796],[-34.912539966519084,-7.268838082980343],[-34.91258523647173,-7.268837891990375],[-34.91263050642314,-7.268837700995895],[-34.912675585093744,-7.268792306063713],[-34.9127208550382,-7.268792115061405],[-34.91276612498143,-7.2687919240545815],[-34.91281139492344,-7.268791733043244],[-34.912856473567786,-7.2687463380989135],[-34.91290174350283,-7.268746147079749],[-34.91294682213238,-7.268700752129897],[-34.91299209206047,-7.2687005611029045],[-34.91303736198733,-7.268700370071398],[-34.91308244059636,-7.268654975112712]]}},{"type":"Feature","properties":{"id":366,"camada":"Linhas de fluxo principais A+B"},"geometry":{"type":"LineString","coordinates":[[-34.91620510407736,-7.2684157636087106],[-34.916204912456195,-7.268370559768367],[-34.91624999064014,-7.268325164585556],[-34.9162952604428,-7.2683249732386646],[-34.91629506881504,-7.26827976940054],[-34.9163401469809,-7.268234374213318],[-34.91638541677208,-7.268234182859805],[-34.91643068656204,-7.268233991501777],[-34.916475956350766,-7.268233800139236],[-34.91652103449036,-7.268188404939875],[-34.916566304272116,-7.26818821356951],[-34.91661157405265,-7.26818802219463],[-34.91665665217172,-7.268142626986448],[-34.91670173028174,-7.268097231776061]]}},{"type":"Feature","properties":{"id":367,"camada":"Linhas de fluxo principais A+B"},"geometry":{"type":"LineString","coordinates":[[-34.92086808046406,-7.268441235101727],[-34.920868272553264,-7.268486438817885],[-34.920913734344,-7.268531450720639],[-34.92091392644017,-7.268576654435399],[-34.9209593882457,-7.2686216663298335],[-34.92100485006026,-7.268666678217244],[-34.921050119770435,-7.268666486386774],[-34.92109538947939,-7.268666294551791],[-34.921140659187124,-7.268666102712293],[-34.92118592889362,-7.268665910868283],[-34.921231198598896,-7.268665719019758],[-34.92127646830294,-7.2686655271667195],[-34.921321738005766,-7.268665335309168],[-34.92136700770736,-7.268665143447102],[-34.921412277407725,-7.268664951580521],[-34.921457354953986,-7.268619556009321],[-34.92150262464738,-7.26861936413492],[-34.921547702178856,-7.2685739685582105],[-34.92159297186527,-7.2685737766759875],[-34.92163843372019,-7.26861878848463],[-34.92168370340868,-7.268618596592173],[-34.92172897309594,-7.268618404695202],[-34.921774242781964,-7.268618212793716],[-34.92181951246677,-7.268618020887718],[-34.921864782150344,-7.268617828977206],[-34.92191005183269,-7.268617637062178],[-34.92195532151381,-7.268617445142637],[-34.922000783400826,-7.268662456904219],[-34.92204605308401,-7.268662264974445],[-34.92209132276597,-7.268662073040158],[-34.92213678466861,-7.268707084783279],[-34.92218205435264,-7.2687068928387575],[-34.92222751626762,-7.26875190456914],[-34.92227297819163,-7.268796916292501],[-34.92231824788101,-7.268796724332026],[-34.92236370981736,-7.268841736042645],[-34.92240917176275,-7.268886747746243],[-34.92245444145749,-7.2688865557698135],[-34.922499903415215,-7.268931567460668],[-34.922500095680654,-7.268976771132374],[-34.922545557653166,-7.269021782814909],[-34.92254574992558,-7.269066986485214],[-34.92254594219923,-7.26911219015543],[-34.922546134474096,-7.269157393825548],[-34.922546326750194,-7.269202597495571],[-34.92254651902752,-7.269247801165503],[-34.92254671130607,-7.269293004835333],[-34.922546903585854,-7.269338208505074]]}},{"type":"Feature","properties":{"id":368,"camada":"Linhas de fluxo principais A+B"},"geometry":{"type":"LineString","coordinates":[[-34.92245328792514,-7.268615333729782],[-34.922498557591524,-7.268615141756076],[-34.92254401951805,-7.268660153449018],[-34.922589289186504,-7.268659961465077],[-34.92263455885374,-7.268659769476623],[-34.92263475112537,-7.268704973145279],[-34.92263494339823,-7.268750176813839],[-34.92263513567232,-7.268795380482307],[-34.92263532794764,-7.268840584150676],[-34.922635520224176,-7.268885787818953],[-34.92263571250195,-7.268930991487133],[-34.92259063508208,-7.268976387152118],[-34.92259082735779,-7.269021590821318],[-34.92259101963472,-7.269066794490417],[-34.92259121191289,-7.269111998159425],[-34.922591404192275,-7.269157201828339],[-34.9225915964729,-7.269202405497155],[-34.922591788754744,-7.269247609165879],[-34.92259198103782,-7.269292812834504],[-34.922592173322116,-7.269338016503039],[-34.92259236560765,-7.269383220171478]]}},{"type":"Feature","properties":{"id":369,"camada":"Linhas de fluxo principais A+B"},"geometry":{"type":"LineString","coordinates":[[-34.91308244059636,-7.268654975112712],[-34.91312751919636,-7.268609580151815],[-34.91317259778731,-7.268564185188715],[-34.91321786769573,-7.2685639941427524]]}},{"type":"Feature","properties":{"id":370,"camada":"Linhas de fluxo principais A+B"},"geometry":{"type":"LineString","coordinates":[[-34.91163380251482,-7.268661085988044],[-34.91163399368677,-7.268706289949109],[-34.911679454827954,-7.26875130301279],[-34.91167964600687,-7.268796506972467],[-34.91172510716283,-7.2688415200278484],[-34.9117252983487,-7.268886723986134],[-34.911770759519456,-7.268931737033212],[-34.91177095071228,-7.268976940990108],[-34.91181641189781,-7.269021954028885],[-34.91186187309239,-7.269066967060653],[-34.91190714308594,-7.2690667761324],[-34.91195241307828,-7.2690665851996314],[-34.91199749185151,-7.269021190311637],[-34.91204276183688,-7.2690209993710395],[-34.912088031821035,-7.269020808425927],[-34.91213311057375,-7.268975413529098],[-34.912178380550934,-7.268975222576157],[-34.9122236505269,-7.2689750316187025],[-34.91226872925909,-7.268929636713035],[-34.91231399922809,-7.2689294457477525],[-34.912359269195875,-7.268929254777955],[-34.91240473041856,-7.268974267743744],[-34.91245019165029,-7.2690192807025245],[-34.91249565289105,-7.2690642936542975],[-34.91254111414086,-7.269109306599055],[-34.91254130541543,-7.269154510535178],[-34.91258676668002,-7.269199523471635],[-34.91258695796156,-7.269244727406365],[-34.912632419240936,-7.26928974033452],[-34.91263261052943,-7.269334944267858],[-34.91267807182359,-7.2693799571877085],[-34.912678263119055,-7.26942516111966],[-34.91267845441573,-7.269470365051513],[-34.91267864571363,-7.269515568983273],[-34.912724107034066,-7.269560581892227],[-34.91272429833894,-7.2696057858225975],[-34.91272448964502,-7.269650989752873],[-34.91276995098598,-7.269696002652226],[-34.91277014229903,-7.269741206581115]]}},{"type":"Feature","properties":{"id":371,"camada":"Linhas de fluxo principais A+B"},"geometry":{"type":"LineString","coordinates":[[-34.91964675818453,-7.268672431032374],[-34.91964695015781,-7.268717634780588],[-34.91964714213233,-7.268762838528709],[-34.9196926038686,-7.268807850578069],[-34.91969279585008,-7.2688530543247944],[-34.919692987832796,-7.268898258071426],[-34.91969317981673,-7.268943461817961],[-34.9196933718019,-7.268988665564403],[-34.919693563788286,-7.26903386931075],[-34.91969375577591,-7.269079073056998],[-34.91969394776475,-7.269124276803156],[-34.91969413975482,-7.269169480549219],[-34.91969433174611,-7.269214684295184],[-34.91969452373863,-7.2692598880410575],[-34.91969471573237,-7.269305091786832],[-34.919739985541405,-7.269304900070401],[-34.91978525534921,-7.269304708349456],[-34.91983052515579,-7.269304516623997],[-34.91987579496115,-7.269304324894022],[-34.919921064765276,-7.269304133159534],[-34.91996633456818,-7.269303941420533],[-34.920011604369854,-7.269303749677015],[-34.92005687417031,-7.269303557928985],[-34.92010214396953,-7.269303366176441],[-34.92014741376753,-7.269303174419381],[-34.9201926835643,-7.269302982657807],[-34.920237953359845,-7.269302790891719],[-34.92028322315417,-7.269302599121118],[-34.920328492947256,-7.269302407346001]]}},{"type":"Feature","properties":{"id":372,"camada":"Linhas de fluxo principais A+B"},"geometry":{"type":"LineString","coordinates":[[-34.91068332417144,-7.268710297724213],[-34.91072859416056,-7.268710106922919],[-34.91077386414847,-7.268709916117112],[-34.910819134135146,-7.26870972530679],[-34.91086440412061,-7.268709534491955],[-34.91090967410486,-7.2687093436726045],[-34.910954752983734,-7.268663948869689],[-34.91099983185358,-7.268618554064558],[-34.911045292937075,-7.268663567210818],[-34.91109037179544,-7.268618172399057],[-34.91113564176454,-7.268617981559536],[-34.91118091173242,-7.268617790715502],[-34.911226181699085,-7.268617599866952],[-34.91127145166452,-7.268617409013888],[-34.911316721628744,-7.268617218156312],[-34.91136199159174,-7.268617027294221],[-34.91140707040661,-7.268571632460366],[-34.91145234036265,-7.268571441590447],[-34.91149761031747,-7.268571250716013],[-34.91154307143153,-7.268616263800718],[-34.911588532554624,-7.26866127687842],[-34.91163380251482,-7.268661085988044]]}},{"type":"Feature","properties":{"id":373,"camada":"Linhas de fluxo principais A+B"},"geometry":{"type":"LineString","coordinates":[[-34.91747457592148,-7.268862442310022],[-34.91751965398083,-7.268817047022312],[-34.91756473203115,-7.268771651732397],[-34.91756454026458,-7.268726447928899],[-34.91760961830256,-7.268681052637892],[-34.917654888104664,-7.268680861145965],[-34.91770015790554,-7.268680669649522],[-34.9177454277052,-7.268680478148567],[-34.91779069750363,-7.268680286643096],[-34.91783596730083,-7.268680095133113],[-34.91788142889381,-7.268725107413784],[-34.91792689049582,-7.268770119687441],[-34.917927082299784,-7.26881532348122],[-34.917927274104976,-7.268860527274901],[-34.91792746591138,-7.268905731068488],[-34.91792765771902,-7.268950934861978],[-34.917927849527885,-7.268996138655377],[-34.917973311167664,-7.269041150915526],[-34.91801858099614,-7.26904095937786],[-34.91806385082338,-7.269040767835679],[-34.918109120649405,-7.269040576288983],[-34.9181543904742,-7.269040384737774],[-34.91819966029777,-7.26904019318205],[-34.91824493012012,-7.269040001621812],[-34.918245121963075,-7.269085205406592],[-34.918245313807255,-7.26913040919128],[-34.918245505652656,-7.269175612975872],[-34.91824569749929,-7.269220816760369],[-34.91824588934714,-7.269266020544773],[-34.91824608119623,-7.269311224329079],[-34.91824627304653,-7.269356428113292],[-34.9182915428993,-7.269356236540114],[-34.91833681275084,-7.269356044962422],[-34.91838208260116,-7.269355853380216],[-34.91842735245025,-7.269355661793497],[-34.91847262229812,-7.269355470202261],[-34.918517892144756,-7.269355278606512],[-34.91856316199017,-7.269355087006248],[-34.91860843183437,-7.269354895401472],[-34.918653701677336,-7.26935470379218],[-34.91869897151907,-7.269354512178373]]}},{"type":"Feature","properties":{"id":374,"camada":"Linhas de fluxo principais A+B"},"geometry":{"type":"LineString","coordinates":[[-34.91548270245983,-7.268870863101889],[-34.91552816390437,-7.2689158756746375],[-34.915573433785376,-7.268915684384339],[-34.91561870366515,-7.268915493089528],[-34.915663973543715,-7.268915301790202],[-34.91570924342105,-7.268915110486361]]}},{"type":"Feature","properties":{"id":375,"camada":"Linhas de fluxo principais A+B"},"geometry":{"type":"LineString","coordinates":[[-34.911091518512634,-7.268889396250945],[-34.91113678850886,-7.268889205404229],[-34.91118205850386,-7.2688890145529985],[-34.911227328497645,-7.268888823697254],[-34.91127259849021,-7.268888632836996],[-34.91131767733636,-7.268843238003143]]}},{"type":"Feature","properties":{"id":376,"camada":"Linhas de fluxo principais A+B"},"geometry":{"type":"LineString","coordinates":[[-34.91638829143428,-7.268912240387078],[-34.916388099781564,-7.2688670365525905],[-34.916342638280135,-7.268822024087155],[-34.91634244663439,-7.268776820251273],[-34.91634225498987,-7.2687316164153],[-34.91634206334657,-7.268686412579231],[-34.9163418717045,-7.268641208743068],[-34.916341680063645,-7.268596004906807],[-34.916386758246844,-7.268550609708523],[-34.91643183642099,-7.268505214508031],[-34.916476914586106,-7.268459819305339],[-34.916521992742176,-7.2684144241004445],[-34.91656726254654,-7.268414232724065],[-34.91661253234968,-7.268414041343173],[-34.91665780215159,-7.268413849957766],[-34.9167028802814,-7.268368454740731],[-34.916747958402155,-7.268323059521497],[-34.916793036513866,-7.268277664300058],[-34.916838114616546,-7.268232269076414],[-34.91688319271018,-7.268186873850568],[-34.916928270794784,-7.26814147862252]]}},{"type":"Feature","properties":{"id":377,"camada":"Linhas de fluxo principais A+B"},"geometry":{"type":"LineString","coordinates":[[-34.91439660793677,-7.268965860352273],[-34.914442069313644,-7.269010873059605],[-34.914487339233034,-7.269010681875241],[-34.91453280062225,-7.269055694569846],[-34.914578262020505,-7.269100707257435],[-34.9146237234278,-7.269145719938017],[-34.91466899335587,-7.269145528731994],[-34.91471426328271,-7.269145337521458],[-34.91475972470564,-7.269190350183594]]}},{"type":"Feature","properties":{"id":378,"camada":"Linhas de fluxo principais A+B"},"geometry":{"type":"LineString","coordinates":[[-34.91475953320833,-7.269145146306405],[-34.91475972470564,-7.269190350183594]]}},{"type":"Feature","properties":{"id":379,"camada":"Linhas de fluxo principais A+B"},"geometry":{"type":"LineString","coordinates":[[-34.91901509267567,-7.269172355699772],[-34.919015284599155,-7.269217559463803],[-34.91901547652387,-7.269262763227742],[-34.9190156684498,-7.269307966991581],[-34.91901586037696,-7.269353170755328]]}},{"type":"Feature","properties":{"id":380,"camada":"Linhas de fluxo principais A+B"},"geometry":{"type":"LineString","coordinates":[[-34.91475972470564,-7.269190350183594],[-34.914759916204176,-7.269235554060686],[-34.91480537764189,-7.269280566714518],[-34.91485083908865,-7.269325579361332],[-34.91485103059989,-7.269370783235737],[-34.91489649206144,-7.269415795874247],[-34.91494195353202,-7.269460808505738],[-34.91498722348318,-7.269460617259704],[-34.91503268496611,-7.269505629878473],[-34.91507814645807,-7.269550642490225],[-34.91512360795908,-7.269595655094968],[-34.91512379950479,-7.269640858961593]]}},{"type":"Feature","properties":{"id":381,"camada":"Linhas de fluxo principais A+B"},"geometry":{"type":"LineString","coordinates":[[-34.918698395836216,-7.2692189008615635],[-34.918743665663165,-7.269218709246855],[-34.91874385756075,-7.269263913018016],[-34.918744049459555,-7.269309116789081],[-34.91878951119888,-7.269354128937218]]}},{"type":"Feature","properties":{"id":382,"camada":"Linhas de fluxo principais A+B"},"geometry":{"type":"LineString","coordinates":[[-34.91399051857151,-7.269284008040885],[-34.914035979958896,-7.269329020790581],[-34.914036171388766,-7.269374224686609],[-34.91408163279093,-7.269419237428],[-34.9141269027608,-7.269419046268942],[-34.914172172729444,-7.26941885510537],[-34.91421744269686,-7.269418663937283],[-34.91426271266306,-7.269418472764681],[-34.914308174087466,-7.269463485476193],[-34.91430836554812,-7.269508689364731],[-34.91430855701,-7.269553893253172],[-34.91430874847311,-7.26959909714152]]}},{"type":"Feature","properties":{"id":383,"camada":"Linhas de fluxo principais A+B"},"geometry":{"type":"LineString","coordinates":[[-34.911274318811124,-7.269295468565248],[-34.91131958884315,-7.269295277689682],[-34.91136485887395,-7.269295086809603],[-34.91141012890354,-7.2692948959250065],[-34.91145520776218,-7.269249501071267],[-34.911500477784806,-7.269249310178843],[-34.91154555662865,-7.26920391531958],[-34.911590826644314,-7.269203724419326],[-34.91163590547338,-7.269158329554538],[-34.91168117548209,-7.269158138646455],[-34.91172644548956,-7.269157947733859],[-34.91177190669477,-7.269202960773169],[-34.911817367909,-7.269247973805473],[-34.91186282913229,-7.269292986830768],[-34.91186302034393,-7.269338190784505],[-34.911908481581996,-7.269383203801497],[-34.9119086728006,-7.269428407753847],[-34.911908864020425,-7.269473611706099],[-34.91195432527901,-7.269518624713492],[-34.911999786546644,-7.269563637713877],[-34.911999977779175,-7.269608841663447],[-34.91200016901293,-7.269654045612922]]}},{"type":"Feature","properties":{"id":384,"camada":"Linhas de fluxo principais A+B"},"geometry":{"type":"LineString","coordinates":[[-34.920328492947256,-7.269302407346001],[-34.920373762739125,-7.26930221556637],[-34.920419032529765,-7.269302023782226],[-34.92046411024858,-7.269256628268273],[-34.92050938003225,-7.269256436476305],[-34.92055464981469,-7.269256244679822],[-34.92059991959591,-7.269256052878825],[-34.9206451893759,-7.269255861073314],[-34.920690459154656,-7.2692556692632895],[-34.920735728932186,-7.269255477448748],[-34.920780998708494,-7.269255285629694],[-34.92082626848359,-7.2692550938061276],[-34.92087153825744,-7.269254901978045],[-34.920916808030064,-7.269254710145448],[-34.92096207780146,-7.269254518308339],[-34.92100734757164,-7.269254326466713],[-34.92105261734059,-7.2692541346205735],[-34.92109788710831,-7.269253942769921],[-34.92114315687481,-7.2692537509147535],[-34.92118842664008,-7.269253559055071],[-34.92123369640412,-7.269253367190875],[-34.92127896616694,-7.269253175322165],[-34.921324235928516,-7.269252983448939],[-34.92136950568888,-7.269252791571201],[-34.92141477544802,-7.269252599688948],[-34.921460045205926,-7.269252407802181],[-34.9215053149626,-7.2692522159109],[-34.92155058471805,-7.2692520240151035],[-34.92159585447228,-7.2692518321147945],[-34.92164112422528,-7.269251640209969],[-34.92168639397705,-7.269251448300632],[-34.92173166372759,-7.26925125638678],[-34.92177693347691,-7.2692510644684125],[-34.921822203225005,-7.269250872545531],[-34.92186747297186,-7.2692506806181365],[-34.9219127427175,-7.269250488686226],[-34.921958204681694,-7.269295500435314],[-34.922003474429395,-7.269295308493171],[-34.922048936405915,-7.26934032022952],[-34.922094206155684,-7.2693401282771415],[-34.92213928366514,-7.269294732639653],[-34.92218455340793,-7.269294540679453],[-34.92223001539762,-7.269339552392922],[-34.92227528514248,-7.269339360422486],[-34.92232055488611,-7.2693391684475355],[-34.922365824628514,-7.269338976468072],[-34.92241109436969,-7.269338784484093],[-34.92245636410964,-7.269338592495601],[-34.92250163384836,-7.269338400502595],[-34.922546903585854,-7.269338208505074]]}},{"type":"Feature","properties":{"id":385,"camada":"Linhas de fluxo principais A+B"},"geometry":{"type":"LineString","coordinates":[[-34.913311660399984,-7.2693320786108995],[-34.91335712174363,-7.269377091445027],[-34.91335731310691,-7.269422295358973],[-34.913357504471406,-7.26946749927282],[-34.91340296583558,-7.269512512097347],[-34.91340315720704,-7.269557716009807],[-34.913448618586,-7.269602728826028],[-34.91344880996443,-7.2696479327370955],[-34.91344900134408,-7.26969313664807],[-34.913494462743564,-7.26973814945469],[-34.9135399241521,-7.269783162254297],[-34.913585385569675,-7.269828175046895],[-34.91363065559367,-7.269827983926689],[-34.91367611702359,-7.269872996706556],[-34.91372157846255,-7.269918009479415]]}},{"type":"Feature","properties":{"id":386,"camada":"Linhas de fluxo principais A+B"},"geometry":{"type":"LineString","coordinates":[[-34.922546903585854,-7.269338208505074],[-34.92259236560765,-7.269383220171478]]}},{"type":"Feature","properties":{"id":387,"camada":"Linhas de fluxo principais A+B"},"geometry":{"type":"LineString","coordinates":[[-34.92001179639647,-7.269348953414267],[-34.920057066201444,-7.26934876166503],[-34.920102336005186,-7.269348569911281],[-34.920147605807706,-7.269348378153016],[-34.920192875609,-7.269348186390237],[-34.920238145409066,-7.269347994622946],[-34.920283415207905,-7.269347802851138],[-34.920328492947256,-7.269302407346001]]}},{"type":"Feature","properties":{"id":388,"camada":"Linhas de fluxo principais A+B"},"geometry":{"type":"LineString","coordinates":[[-34.91901586037696,-7.269353170755328],[-34.919061130208895,-7.269352979105408],[-34.91910640003961,-7.269352787450973],[-34.919151669869095,-7.269352595792023],[-34.91919693969735,-7.269352404128559],[-34.91924220952439,-7.269352212460581],[-34.9192874793502,-7.269352020788089],[-34.91933274917479,-7.269351829111083],[-34.919378018998145,-7.269351637429561],[-34.919423288820276,-7.269351445743526],[-34.91946855864119,-7.269351254052977],[-34.91951382846087,-7.269351062357912],[-34.91955909827933,-7.269350870658334],[-34.919604368096564,-7.269350678954242],[-34.91964963791256,-7.269350487245635],[-34.91969490772735,-7.269350295532514],[-34.919740177540895,-7.269350103814879],[-34.91978544735323,-7.269349912092729],[-34.919830717164324,-7.269349720366064],[-34.9198759869742,-7.269349528634887],[-34.91992125678286,-7.269349336899194],[-34.91996652659027,-7.269349145158987],[-34.92001179639647,-7.269348953414267]]}},{"type":"Feature","properties":{"id":389,"camada":"Linhas de fluxo principais A+B"},"geometry":{"type":"LineString","coordinates":[[-34.91897059054379,-7.269353362400735],[-34.91901586037696,-7.269353170755328]]}},{"type":"Feature","properties":{"id":390,"camada":"Linhas de fluxo principais A+B"},"geometry":{"type":"LineString","coordinates":[[-34.9189253207094,-7.269353554041627],[-34.91897059054379,-7.269353362400735]]}},{"type":"Feature","properties":{"id":391,"camada":"Linhas de fluxo principais A+B"},"geometry":{"type":"LineString","coordinates":[[-34.91878951119888,-7.269354128937218],[-34.91883478103695,-7.269353937309869],[-34.91888005087379,-7.269353745678004],[-34.9189253207094,-7.269353554041627]]}},{"type":"Feature","properties":{"id":392,"camada":"Linhas de fluxo principais A+B"},"geometry":{"type":"LineString","coordinates":[[-34.91869897151907,-7.269354512178373],[-34.91874424135959,-7.269354320560052],[-34.91878951119888,-7.269354128937218]]}},{"type":"Feature","properties":{"id":393,"camada":"Linhas de fluxo principais A+B"},"geometry":{"type":"LineString","coordinates":[[-34.92259236560765,-7.269383220171478],[-34.92263782763848,-7.2694282318308545],[-34.92268309738134,-7.269428039817377],[-34.92272836712296,-7.269427847799386],[-34.92277363686335,-7.269427655776881],[-34.922818906602515,-7.269427463749862],[-34.92286417634046,-7.269427271718328],[-34.92290944607717,-7.269427079682279],[-34.92295471581265,-7.269426887641717],[-34.92295452348973,-7.269381683983029]]}},{"type":"Feature","properties":{"id":394,"camada":"Linhas de fluxo principais A+B"},"geometry":{"type":"LineString","coordinates":[[-34.916797828818225,-7.269407759894025],[-34.9168430987147,-7.269407568464104],[-34.916888368609946,-7.269407377029668],[-34.91693363850397,-7.269407185590717],[-34.916978908396764,-7.269406994147252],[-34.917024178288344,-7.269406802699273],[-34.917069448178694,-7.2694066112467794],[-34.91711471806782,-7.269406419789773],[-34.91715998795573,-7.26940622832825],[-34.91720525784241,-7.269406036862213],[-34.917250527727866,-7.269405845391662],[-34.91729579761209,-7.269405653916598],[-34.917341067495094,-7.269405462437018],[-34.917386337376875,-7.269405270952925],[-34.91743160725744,-7.269405079464316],[-34.91747687713677,-7.269404887971192],[-34.917522147014886,-7.269404696473556],[-34.917567416891764,-7.269404504971404],[-34.91761268676742,-7.269404313464739],[-34.917657956641854,-7.269404121953558],[-34.917703226515066,-7.269403930437864],[-34.917748496387055,-7.269403738917655],[-34.917793766257816,-7.269403547392932],[-34.91783903612735,-7.2694033558636955],[-34.91788430599566,-7.269403164329943],[-34.91792957586274,-7.269402972791677],[-34.917974845728615,-7.269402781248897],[-34.91802011559325,-7.269402589701602],[-34.918065385456664,-7.269402398149793],[-34.91811065531885,-7.269402206593468],[-34.91815592517981,-7.269402015032631],[-34.91820119503955,-7.269401823467279],[-34.91824646489806,-7.269401631897411],[-34.91829173475535,-7.269401440323031],[-34.918337004611416,-7.269401248744134],[-34.91838227446625,-7.269401057160725],[-34.91842754431987,-7.269400865572801],[-34.918472814172254,-7.269400673980363],[-34.91851808402341,-7.269400482383411],[-34.91856335387335,-7.269400290781943],[-34.918608623722065,-7.26940009917596],[-34.91865389356955,-7.2693999075654645],[-34.91869897151907,-7.269354512178373]]}},{"type":"Feature","properties":{"id":395,"camada":"Linhas de fluxo principais A+B"},"geometry":{"type":"LineString","coordinates":[[-34.91865427735766,-7.269490315111745],[-34.91869935531378,-7.269444919722435],[-34.91874462516334,-7.269444728101708],[-34.91878989501167,-7.269444536476464],[-34.91883516485878,-7.269444344846707],[-34.91888024278861,-7.26939894944527],[-34.9189253207094,-7.269353554041627]]}},{"type":"Feature","properties":{"id":396,"camada":"Linhas de fluxo principais A+B"},"geometry":{"type":"LineString","coordinates":[[-34.91421801705171,-7.269554275610096],[-34.91426328703147,-7.26955408443389],[-34.91430874847311,-7.26959909714152]]}},{"type":"Feature","properties":{"id":397,"camada":"Linhas de fluxo principais A+B"},"geometry":{"type":"LineString","coordinates":[[-34.91969586772059,-7.269576314259497],[-34.919740945551126,-7.269530918791837],[-34.91978602337262,-7.269485523321975],[-34.91983110118507,-7.269440127849913],[-34.91987637100399,-7.269439936116325],[-34.91992164082168,-7.269439744378224],[-34.9199667186136,-7.2693943488973485],[-34.92001179639647,-7.269348953414267]]}},{"type":"Feature","properties":{"id":398,"camada":"Linhas de fluxo principais A+B"},"geometry":{"type":"LineString","coordinates":[[-34.91770399371644,-7.269584745631149],[-34.917749263606495,-7.269584554106128],[-34.917794533495346,-7.269584362576592],[-34.91783980338297,-7.269584171042539],[-34.91788507326936,-7.269583979503975],[-34.91793034315454,-7.269583787960895],[-34.91797561303848,-7.269583596413301],[-34.918020882921205,-7.269583404861191],[-34.918066152802695,-7.269583213304568],[-34.91811142268296,-7.269583021743429],[-34.918156692562015,-7.269582830177778],[-34.91820196243984,-7.26958263860761],[-34.91824723231643,-7.2695824470329296],[-34.918292502191804,-7.2695822554537335],[-34.918337772065954,-7.269582063870023],[-34.918383041938874,-7.269581872281799],[-34.918428311810565,-7.269581680689061],[-34.918473581681035,-7.269581489091806],[-34.91851885155029,-7.269581297490039],[-34.918564121418314,-7.2695811058837565],[-34.9186093912851,-7.269580914272959],[-34.91865446925355,-7.2695355188847435],[-34.91869954721297,-7.269490123494327],[-34.91874481706705,-7.2694899318723945],[-34.9187900869199,-7.269489740245946],[-34.91883535677153,-7.2694895486149855],[-34.918880434704654,-7.269444153212436],[-34.918925512628746,-7.269398757807688],[-34.91897059054379,-7.269353362400735]]}},{"type":"Feature","properties":{"id":399,"camada":"Linhas de fluxo principais A+B"},"geometry":{"type":"LineString","coordinates":[[-34.91430874847311,-7.26959909714152],[-34.914308939937435,-7.26964430102977],[-34.914354401393865,-7.26968931372909],[-34.91439986285933,-7.269734326421401],[-34.91440005433636,-7.269779530306965],[-34.91444551581662,-7.269824542990967],[-34.91449097730592,-7.269869555667952],[-34.914536438804255,-7.269914568337926],[-34.91458190031163,-7.269959581000889],[-34.914627170322305,-7.269959389777757],[-34.91467263184202,-7.270004402427992],[-34.91471809337079,-7.270049415071211],[-34.91476336338683,-7.270049223832131],[-34.91480882492794,-7.2700942364626275],[-34.91485428647809,-7.270139249086107],[-34.91489974803728,-7.270184261702577],[-34.91494520960551,-7.270229274312028]]}},{"type":"Feature","properties":{"id":400,"camada":"Linhas de fluxo principais A+B"},"geometry":{"type":"LineString","coordinates":[[-34.91141146709421,-7.269611323683145],[-34.91145692833372,-7.2696563367495095],[-34.911457119514445,-7.269701540713284],[-34.911457310696385,-7.269746744676967],[-34.91150258076874,-7.269746553771348],[-34.91154785083988,-7.269746362861216],[-34.91159292971429,-7.269700967986485],[-34.911638199778466,-7.269700777068524],[-34.91168366104596,-7.269745790103731],[-34.911728931112215,-7.269745599175541],[-34.911774201177245,-7.269745408242835],[-34.91181947124105,-7.269745217305616],[-34.91186474130365,-7.269745026363881],[-34.911909820137865,-7.269699631465945],[-34.91195489896304,-7.2696542365658],[-34.91200016901293,-7.269654045612922]]}},{"type":"Feature","properties":{"id":401,"camada":"Linhas de fluxo principais A+B"},"geometry":{"type":"LineString","coordinates":[[-34.91512379950479,-7.269640858961593],[-34.91516926102058,-7.269685871558026],[-34.91521453098822,-7.269685680283411],[-34.91525999251637,-7.269730692867116],[-34.9152601840793,-7.269775896729852],[-34.915305645622226,-7.269820909305247],[-34.91530583719213,-7.2698661131665885],[-34.915306028763254,-7.269911317027838],[-34.91530622033561,-7.269956520888994],[-34.9153516819048,-7.270001533453484],[-34.91535187348412,-7.270046737313244],[-34.91535206506467,-7.270091941172915],[-34.915397526654395,-7.270136953727796],[-34.9153977182419,-7.270182157586077],[-34.91539790983063,-7.270227361444253],[-34.915443371440894,-7.270272373989531],[-34.9154435630366,-7.270317577846318],[-34.915443754633515,-7.2703627817030165],[-34.91548921626431,-7.270407794238682],[-34.91553448629573,-7.2704076029132345],[-34.915579947938866,-7.270452615436174],[-34.91562521797237,-7.270452424100494],[-34.91567048800465,-7.270452232760301],[-34.9157157580357,-7.2704520414155915],[-34.91576121969777,-7.2704970539143625],[-34.91580668136889,-7.270542066406122],[-34.915851951405315,-7.270541875045464],[-34.91589741308877,-7.270586887524488],[-34.91594287478127,-7.270631899996502],[-34.91598814482307,-7.270631708619895],[-34.91603341486365,-7.270631517238772],[-34.91607887657179,-7.27067652969233],[-34.9160790682418,-7.270721733531441],[-34.91607925991303,-7.270766937370451],[-34.91607945158549,-7.270812141209367],[-34.91607964325918,-7.2708573450481895],[-34.91607983493408,-7.270902548886917],[-34.91608002661022,-7.270947752725546],[-34.91608021828757,-7.270992956564082],[-34.91608040996614,-7.271038160402523],[-34.91608060164595,-7.271083364240869],[-34.91608079332698,-7.271128568079122],[-34.91608098500922,-7.271173771917277],[-34.916126446789605,-7.271218784349556],[-34.91617190857903,-7.271263796774819]]}},{"type":"Feature","properties":{"id":402,"camada":"Linhas de fluxo principais A+B"},"geometry":{"type":"LineString","coordinates":[[-34.91507852953922,-7.269641050225977],[-34.91512379950479,-7.269640858961593]]}},{"type":"Feature","properties":{"id":403,"camada":"Linhas de fluxo principais A+B"},"geometry":{"type":"LineString","coordinates":[[-34.91200016901293,-7.269654045612922],[-34.91204563030109,-7.269699058603709],[-34.9120458215418,-7.269744262551795],[-34.91204601278373,-7.269789466499786],[-34.91209147409242,-7.269834479480976],[-34.912091665341315,-7.269879683427574],[-34.912091856591445,-7.26992488737408],[-34.91213731792065,-7.269969900345668],[-34.91213750917773,-7.2700151042907875],[-34.912182970521734,-7.2700601172540695],[-34.912183161785784,-7.270105321197798],[-34.912228623144564,-7.270150334152778],[-34.91222881441557,-7.270195538095119],[-34.912229005687806,-7.270240742037356],[-34.912229196961256,-7.270285945979505],[-34.91222938823593,-7.270331149921556],[-34.912274849626726,-7.27037616286435],[-34.91232031102657,-7.270421175800131],[-34.912320502313946,-7.270466379739499],[-34.912320693602545,-7.270511583678771],[-34.912366155022916,-7.270556596604957],[-34.912366346318485,-7.270601800542837],[-34.91236653761526,-7.270647004480626],[-34.91236672891328,-7.270692208418315]]}},{"type":"Feature","properties":{"id":404,"camada":"Linhas de fluxo principais A+B"},"geometry":{"type":"LineString","coordinates":[[-34.91584831040683,-7.269683001964784],[-34.915893580356126,-7.2696828106224505],[-34.91589377198114,-7.269728014468456],[-34.91589396360737,-7.269773218314366]]}},{"type":"Feature","properties":{"id":405,"camada":"Linhas de fluxo principais A+B"},"geometry":{"type":"LineString","coordinates":[[-34.91539561084658,-7.269684915139809],[-34.915440880808106,-7.269684723842622],[-34.91548595918532,-7.269639328684002],[-34.91553122913989,-7.269639137378988],[-34.915576690685356,-7.2696841499239735],[-34.915621960642,-7.269683958608727],[-34.91566723059741,-7.269683767288968],[-34.9157125005516,-7.269683575964693],[-34.91575796211602,-7.269728588485518],[-34.91580323207228,-7.269728397151011],[-34.91584850202732,-7.269728205811991],[-34.91589396360737,-7.269773218314366]]}},{"type":"Feature","properties":{"id":406,"camada":"Linhas de fluxo principais A+B"},"geometry":{"type":"LineString","coordinates":[[-34.91263414088138,-7.269696575731164],[-34.91267960222147,-7.269741588640654],[-34.91272487226087,-7.269741397613142],[-34.91277014229903,-7.269741206581115]]}},{"type":"Feature","properties":{"id":407,"camada":"Linhas de fluxo principais A+B"},"geometry":{"type":"LineString","coordinates":[[-34.91326811263825,-7.269739104930849],[-34.913313382661755,-7.269738913844647],[-34.913358844057086,-7.269783926667116],[-34.913404114082674,-7.269783735570684],[-34.913449575490354,-7.2698287483804265],[-34.91349484551802,-7.269828557273764],[-34.91354030693804,-7.269873570070778],[-34.9135857683671,-7.269918582860784],[-34.91363103840013,-7.269918391738176],[-34.91367630843195,-7.269918200611053],[-34.91372157846255,-7.269918009479415]]}},{"type":"Feature","properties":{"id":408,"camada":"Linhas de fluxo principais A+B"},"geometry":{"type":"LineString","coordinates":[[-34.91277014229903,-7.269741206581115],[-34.91277033361331,-7.269786410509905],[-34.91281579497479,-7.26983142339966],[-34.912815986296025,-7.269876627327058],[-34.91286144767229,-7.269921640208506],[-34.9128616390005,-7.269966844134516],[-34.91290710039155,-7.2700118570076615],[-34.91290729172672,-7.270057060932278],[-34.91295275313256,-7.270102073797117],[-34.91295294447469,-7.270147277720348],[-34.91295313581804,-7.270192481643487],[-34.91299859724441,-7.270237494498719],[-34.91304405867982,-7.270282507346947],[-34.91304425003589,-7.270327711267393],[-34.913044441393176,-7.2703729151877505],[-34.91304463275168,-7.27041811910801],[-34.9130448241114,-7.270463323028176],[-34.91304501547235,-7.270508526948245],[-34.91309047694552,-7.270553539782985],[-34.91309066831343,-7.270598743701663],[-34.91313612980139,-7.270643756528097],[-34.91313632117627,-7.270688960445383],[-34.91313651255236,-7.270734164362581],[-34.913181974060855,-7.27077917717941],[-34.91318216544392,-7.270824381095217],[-34.91322762696719,-7.27086939390374],[-34.913273088499515,-7.270914406705255],[-34.913273279895286,-7.2709596106183705],[-34.913273471292285,-7.271004814531393],[-34.91331893284513,-7.271049827323304],[-34.91331912424909,-7.271095031234936],[-34.91336458581674,-7.27114004401854],[-34.91336477722766,-7.271185247928782],[-34.91341023881009,-7.27123026070408]]}},{"type":"Feature","properties":{"id":409,"camada":"Linhas de fluxo principais A+B"},"geometry":{"type":"LineString","coordinates":[[-34.91589396360737,-7.269773218314366],[-34.91589415523483,-7.2698184221601805],[-34.91593961682967,-7.2698634346542415],[-34.91598507843354,-7.26990844714129],[-34.91598527007371,-7.269953650984415],[-34.9159854617151,-7.269998854827448],[-34.91598565335772,-7.270044058670378],[-34.91598584500156,-7.2700892625132205],[-34.916031306637464,-7.270134274988067],[-34.91607676828241,-7.2701792874559015],[-34.91612222993639,-7.270224299916715],[-34.916167499932605,-7.270224108532867],[-34.91621296159894,-7.270269120980955],[-34.9162584232743,-7.270314133422024],[-34.91630388495872,-7.270359145856085],[-34.916349346652176,-7.270404158283125],[-34.916394808354674,-7.270449170703153],[-34.91644027006622,-7.270494183116164],[-34.91644046176751,-7.270539386946033],[-34.91644065347002,-7.270584590775802],[-34.9164861152021,-7.270629603179206],[-34.91653138522922,-7.270629411748416],[-34.91657684697363,-7.270674424139083],[-34.91662230872709,-7.27071943652274],[-34.91666757875958,-7.270719245076],[-34.91671304052538,-7.270764257446919],[-34.916758502300226,-7.270809269810825],[-34.91680358059328,-7.270763874528457],[-34.91684885062539,-7.2707636830624525],[-34.91689431241013,-7.2708086954092055],[-34.916939582444314,-7.270808503932969],[-34.91693977420392,-7.27085370774894],[-34.9169850442414,-7.2708535162669845],[-34.91703050604752,-7.270898528593989],[-34.91707596786269,-7.270943540913972],[-34.91707615963952,-7.270988744726051],[-34.917076351417585,-7.271033948538035]]}},{"type":"Feature","properties":{"id":410,"camada":"Linhas de fluxo principais A+B"},"geometry":{"type":"LineString","coordinates":[[-34.922231937946485,-7.269791589169525],[-34.922277207736556,-7.26979139718703],[-34.92232247752539,-7.269791205200018],[-34.92236793958821,-7.269836216882007],[-34.922413401660066,-7.269881228556979],[-34.92245886374096,-7.269926240224928],[-34.9225043258309,-7.269971251885858],[-34.922549595631686,-7.269971059871447],[-34.92259486543125,-7.269970867852524],[-34.92264013522958,-7.269970675829085],[-34.922685405026684,-7.269970483801131],[-34.92273067482256,-7.269970291768664],[-34.92277594461721,-7.26997009973168]]}},{"type":"Feature","properties":{"id":411,"camada":"Linhas de fluxo principais A+B"},"geometry":{"type":"LineString","coordinates":[[-34.91372157846255,-7.269918009479415],[-34.913767039910546,-7.269963022245261]]}},{"type":"Feature","properties":{"id":412,"camada":"Linhas de fluxo principais A+B"},"geometry":{"type":"LineString","coordinates":[[-34.92263994292357,-7.269925472163086],[-34.92268521271615,-7.269925280136339],[-34.922730482507504,-7.2699250881050785],[-34.92277594461721,-7.26997009973168]]}},{"type":"Feature","properties":{"id":413,"camada":"Linhas de fluxo principais A+B"},"geometry":{"type":"LineString","coordinates":[[-34.913767039910546,-7.269963022245261],[-34.91381211852007,-7.269917627202596],[-34.91385757997467,-7.269962639957013],[-34.91390304143831,-7.27000765270442],[-34.91394831147184,-7.270007461547807],[-34.913993581504144,-7.270007270386679],[-34.914038851535224,-7.2700070792210365],[-34.91408431301781,-7.2700520919442795],[-34.914129583050965,-7.270051900768406],[-34.914175044545885,-7.270096913478927],[-34.91422031458112,-7.270096722292824],[-34.91426558461514,-7.270096531102206],[-34.914311046125704,-7.27014154379428]]}},{"type":"Feature","properties":{"id":414,"camada":"Linhas de fluxo principais A+B"},"geometry":{"type":"LineString","coordinates":[[-34.92277594461721,-7.26997009973168],[-34.92282140673594,-7.270015111351256]]}},{"type":"Feature","properties":{"id":415,"camada":"Linhas de fluxo principais A+B"},"geometry":{"type":"LineString","coordinates":[[-34.9137672313304,-7.270008226147169],[-34.913767039910546,-7.269963022245261]]}},{"type":"Feature","properties":{"id":416,"camada":"Linhas de fluxo principais A+B"},"geometry":{"type":"LineString","coordinates":[[-34.92236870870129,-7.270017031575135],[-34.92241397851028,-7.2700168395730635],[-34.92245924831804,-7.270016647566476],[-34.922504518124576,-7.270016455555375],[-34.92254978792989,-7.27001626353976],[-34.922595057733965,-7.270016071519629],[-34.92264032753681,-7.270015879494984],[-34.922685597338436,-7.270015687465825],[-34.92273086713884,-7.270015495432149],[-34.922776136938005,-7.2700153033939605],[-34.92282140673594,-7.270015111351256]]}},{"type":"Feature","properties":{"id":417,"camada":"Linhas de fluxo principais A+B"},"geometry":{"type":"LineString","coordinates":[[-34.9115944593125,-7.270062599664479],[-34.91163992062263,-7.270107612695046],[-34.91168538194181,-7.2701526257186],[-34.911685573158564,-7.270197829675338],[-34.91173103449252,-7.270242842690585],[-34.911776495835525,-7.2702878556988315],[-34.911776687064986,-7.270333059652878],[-34.91182214842277,-7.2703780726528215],[-34.91186741854866,-7.270377881694292],[-34.9119128799188,-7.270422894681507],[-34.911958341297975,-7.270467907661714],[-34.91200361142924,-7.27046771668724],[-34.912049072820764,-7.270512729654721],[-34.912094534221325,-7.270557742615196],[-34.91213999563094,-7.270602755568657],[-34.91218545704959,-7.270647768515113],[-34.912230918477285,-7.270692781454554],[-34.912276188623835,-7.2706925904469895],[-34.91232126747568,-7.270647195496021],[-34.91236672891328,-7.270692208418315]]}},{"type":"Feature","properties":{"id":418,"camada":"Linhas de fluxo principais A+B"},"geometry":{"type":"LineString","coordinates":[[-34.92277632926003,-7.27006050705615],[-34.92282140673594,-7.270015111351256]]}},{"type":"Feature","properties":{"id":419,"camada":"Linhas de fluxo principais A+B"},"geometry":{"type":"LineString","coordinates":[[-34.921916202780004,-7.270064155032652],[-34.92196147260579,-7.270063963074522],[-34.92200674243035,-7.270063771111875],[-34.92205201225368,-7.270063579144715],[-34.92209728207578,-7.270063387173041],[-34.92214255189666,-7.270063195196851],[-34.92218782171631,-7.270063003216147],[-34.92223309153473,-7.270062811230926],[-34.92227836135192,-7.270062619241193],[-34.922323631167885,-7.270062427246944],[-34.922368900982626,-7.270062235248181],[-34.922414170796145,-7.270062043244903],[-34.92245944060842,-7.270061851237111],[-34.92250471041948,-7.270061659224804],[-34.922549980229306,-7.270061467207981],[-34.92259525003791,-7.270061275186644],[-34.92264051984528,-7.270061083160793],[-34.922685789651425,-7.270060891130426],[-34.92273105945634,-7.270060699095545],[-34.92277632926003,-7.27006050705615]]}},{"type":"Feature","properties":{"id":420,"camada":"Linhas de fluxo principais A+B"},"geometry":{"type":"LineString","coordinates":[[-34.914311046125704,-7.27014154379428],[-34.91435650764531,-7.270186556479344],[-34.91440158619666,-7.270141161388065],[-34.9144468562303,-7.270140970178186],[-34.91449231775981,-7.270185982846103],[-34.91453758779553,-7.270185791625994],[-34.91458285783003,-7.270185600401367],[-34.9146281278633,-7.270185409172228],[-34.91467358941174,-7.270230421815978],[-34.9147188594471,-7.270230230576607],[-34.91476412948123,-7.27023003933272],[-34.914809399514134,-7.27022984808432],[-34.91485466954582,-7.270229656831404],[-34.91489993957628,-7.270229465573974],[-34.91494520960551,-7.270229274312028]]}},{"type":"Feature","properties":{"id":421,"camada":"Linhas de fluxo principais A+B"},"geometry":{"type":"LineString","coordinates":[[-34.91494520960551,-7.270229274312028],[-34.91499067118279,-7.270274286914471],[-34.91503574966032,-7.270228891774591],[-34.91508101968589,-7.270228700499103],[-34.9150812112442,-7.270273904365602],[-34.91512667283711,-7.270318916949596],[-34.91512686440239,-7.2703641208147065],[-34.91512705596888,-7.270409324679717],[-34.9151272475366,-7.270454528544635],[-34.91517270915579,-7.270499541117727],[-34.91517290073048,-7.270544744981255],[-34.91521836236446,-7.270589757546034],[-34.91526382400748,-7.270634770103806],[-34.91530928565956,-7.2706797826545575],[-34.91535474732066,-7.270724795198302],[-34.91540020899082,-7.270769807735028],[-34.91544567067002,-7.270814820264743],[-34.9154458622804,-7.270860024120393],[-34.915491323974386,-7.270905036641798],[-34.91553678567742,-7.270950049156185],[-34.915582247389494,-7.270995061663557],[-34.91558243901832,-7.271040265515223],[-34.91562790074519,-7.271085278014286],[-34.9156733624811,-7.271130290506334],[-34.91571882422605,-7.271175302991369],[-34.915764285980046,-7.27122031546939],[-34.91580974774308,-7.271265327940394],[-34.91585520951517,-7.271310340404384],[-34.91590047962725,-7.271310149018773],[-34.9159457497381,-7.271309957628649],[-34.91599082817085,-7.271264562393731],[-34.91603609827473,-7.271264370995776],[-34.916081368377384,-7.271264179593306],[-34.91612663847882,-7.27126398818632],[-34.91617190857903,-7.271263796774819]]}},{"type":"Feature","properties":{"id":422,"camada":"Linhas de fluxo principais A+B"},"geometry":{"type":"LineString","coordinates":[[-34.92259601926597,-7.270242089853746],[-34.922641096778044,-7.27019669415764],[-34.92268617428108,-7.270151298459344],[-34.92273125177508,-7.270105902758843],[-34.92277632926003,-7.27006050705615]]}},{"type":"Feature","properties":{"id":423,"camada":"Linhas de fluxo principais A+B"},"geometry":{"type":"LineString","coordinates":[[-34.92110211433725,-7.270248424333268],[-34.921147384203216,-7.2702482324515785],[-34.92119265406795,-7.270248040565376],[-34.92123792393145,-7.27024784867466],[-34.92128319379373,-7.2702476567794285],[-34.92132846365478,-7.270247464879683],[-34.9213737335146,-7.2702472729754195],[-34.9214190033732,-7.2702470810666435],[-34.92146427323057,-7.270246889153353],[-34.921509543086714,-7.270246697235546],[-34.92155481294163,-7.270246505313225],[-34.92160008279532,-7.270246313386389],[-34.92164535264778,-7.270246121455039],[-34.921690622499014,-7.270245929519173],[-34.92173589234902,-7.270245737578793],[-34.9217811621978,-7.270245545633897],[-34.92182643204536,-7.270245353684488],[-34.92187170189168,-7.270245161730562],[-34.921916971736785,-7.270244969772122],[-34.92196224158065,-7.270244777809169],[-34.922007511423296,-7.2702445858416995],[-34.92205278126472,-7.2702443938697145],[-34.9220980511049,-7.270244201893215],[-34.92214332094386,-7.2702440099122025],[-34.9221885907816,-7.270243817926673],[-34.92223386061811,-7.270243625936629],[-34.92227913045338,-7.2702434339420705],[-34.92232440028744,-7.270243241942997],[-34.92236967012026,-7.270243049939409],[-34.92241493995186,-7.270242857931306],[-34.92246020978223,-7.270242665918688],[-34.92250547961137,-7.270242473901556],[-34.92255074943928,-7.270242281879908],[-34.92259601926597,-7.270242089853746]]}},{"type":"Feature","properties":{"id":424,"camada":"Linhas de fluxo principais A+B"},"geometry":{"type":"LineString","coordinates":[[-34.913949651571606,-7.270323888824853],[-34.91399473018455,-7.2702784937600855],[-34.91403980878845,-7.270233098693106],[-34.914084887383304,-7.270187703623924],[-34.91412996596912,-7.2701423085525265],[-34.914175236010095,-7.270142117369738],[-34.91422050604985,-7.270141926182433],[-34.914265776088385,-7.270141734990613],[-34.914311046125704,-7.27014154379428]]}},{"type":"Feature","properties":{"id":425,"camada":"Linhas de fluxo principais A+B"},"geometry":{"type":"LineString","coordinates":[[-34.92255171097937,-7.270468300217681],[-34.9225515186689,-7.270423096550316],[-34.92255132635965,-7.270377892882856],[-34.92255113405164,-7.270332689215303],[-34.92255094174484,-7.270287485547651],[-34.92259601926597,-7.270242089853746]]}},{"type":"Feature","properties":{"id":426,"camada":"Linhas de fluxo principais A+B"},"geometry":{"type":"LineString","coordinates":[[-34.92255190329107,-7.270513503884951],[-34.92255171097937,-7.270468300217681]]}},{"type":"Feature","properties":{"id":427,"camada":"Linhas de fluxo principais A+B"},"geometry":{"type":"LineString","coordinates":[[-34.92246155588365,-7.270559091607792],[-34.92250663343603,-7.270513695913838],[-34.92255171097937,-7.270468300217681]]}},{"type":"Feature","properties":{"id":428,"camada":"Linhas de fluxo principais A+B"},"geometry":{"type":"LineString","coordinates":[[-34.91236672891328,-7.270692208418315],[-34.912366920212506,-7.270737412355919],[-34.912412381664886,-7.2707824252699105],[-34.91241257297108,-7.270827629206121],[-34.9124127642785,-7.270872833142232],[-34.91245822575141,-7.270917846046628],[-34.912458417065785,-7.270963049981348],[-34.912458608381385,-7.271008253915976],[-34.91245879969821,-7.271053457850511]]}},{"type":"Feature","properties":{"id":429,"camada":"Linhas de fluxo principais A+B"},"geometry":{"type":"LineString","coordinates":[[-34.91757297915223,-7.270715415193001],[-34.91761844098398,-7.270760427449558],[-34.917663902824785,-7.2708054396990995],[-34.917709364674614,-7.270850451941624],[-34.9177548265335,-7.270895464177133],[-34.91780028840142,-7.270940476405621]]}},{"type":"Feature","properties":{"id":430,"camada":"Linhas de fluxo principais A+B"},"geometry":{"type":"LineString","coordinates":[[-34.91725608907051,-7.270716755857492],[-34.917301359085855,-7.270716564347539],[-34.91734662909998,-7.27071637283307],[-34.91739209091525,-7.2707613851182185],[-34.91743755273956,-7.270806397396353],[-34.91748301457291,-7.270851409667468],[-34.917528476415306,-7.27089642193157],[-34.91757393826675,-7.270941434188652],[-34.91761920829613,-7.270941242641076],[-34.91766447832429,-7.270941051088985],[-34.91770974835123,-7.270940859532379],[-34.91775501837694,-7.270940667971258],[-34.91780028840142,-7.270940476405621]]}},{"type":"Feature","properties":{"id":431,"camada":"Linhas de fluxo principais A+B"},"geometry":{"type":"LineString","coordinates":[[-34.91644122858491,-7.270720202264551],[-34.91644142029232,-7.2707654060939415],[-34.91648688204738,-7.270810418492154],[-34.91653215209258,-7.270810227056554],[-34.91657761385998,-7.2708552394420325],[-34.91662307563642,-7.270900251820499],[-34.916668345687,-7.270900060368948],[-34.91671380747578,-7.270945072734675],[-34.91675926927361,-7.27099008509339],[-34.91680473108048,-7.271035097445089],[-34.91685000113973,-7.2710349059718675],[-34.916895271197745,-7.2710347144941325],[-34.91694054125454,-7.27103452301188],[-34.91698581131011,-7.271034331525115],[-34.91703108136446,-7.271034140033833],[-34.917076351417585,-7.271033948538035]]}},{"type":"Feature","properties":{"id":432,"camada":"Linhas de fluxo principais A+B"},"geometry":{"type":"LineString","coordinates":[[-34.91467646230431,-7.270908479965703],[-34.91472192394796,-7.270953492582996],[-34.914767385600655,-7.270998505193277],[-34.91481284726239,-7.271043517796546],[-34.91481303881557,-7.271088721668544]]}},{"type":"Feature","properties":{"id":433,"camada":"Linhas de fluxo principais A+B"},"geometry":{"type":"LineString","coordinates":[[-34.91780028840142,-7.270940476405621],[-34.917845558424695,-7.270940284835468],[-34.91789082844673,-7.270940093260801],[-34.91793629033029,-7.270985105470836],[-34.9179817522229,-7.271030117673854],[-34.91802721412456,-7.271075129869857],[-34.91807267603525,-7.271120142058841],[-34.918118137954984,-7.271165154240808],[-34.918163599883776,-7.271210166415758],[-34.9182090618216,-7.271255178583687],[-34.918254523768475,-7.271300190744602],[-34.91829998572438,-7.271345202898497],[-34.91834544768935,-7.271390215045374],[-34.91839090966335,-7.271435227185236],[-34.9184363716464,-7.271480239318079],[-34.918481833638495,-7.271525251443902],[-34.91852729563963,-7.271570263562709],[-34.91857275764981,-7.271615275674496],[-34.918618219669035,-7.271660287779266],[-34.91866368169731,-7.271705299877017],[-34.918709143734624,-7.271750311967746],[-34.91866406561039,-7.271795707413612],[-34.91861898747712,-7.271841102857271],[-34.9186191794322,-7.271886306626538],[-34.91866464148921,-7.271931318717793]]}},{"type":"Feature","properties":{"id":434,"camada":"Linhas de fluxo principais A+B"},"geometry":{"type":"LineString","coordinates":[[-34.91064760936157,-7.270970687772331],[-34.910693070717215,-7.2710157008970135],[-34.91073853208191,-7.271060714014688],[-34.91078399345565,-7.271105727125355],[-34.910829454838435,-7.271150740229013],[-34.91087491623026,-7.271195753325664]]}},{"type":"Feature","properties":{"id":435,"camada":"Linhas de fluxo principais A+B"},"geometry":{"type":"LineString","coordinates":[[-34.9128660398863,-7.271006534406559],[-34.91291131004742,-7.27100634332738],[-34.9129565802073,-7.271006152243686],[-34.91300204173705,-7.2710511650756064],[-34.913047503275834,-7.2710961779005165],[-34.91304769465389,-7.271141381819258],[-34.91309315620747,-7.271186394635863]]}},{"type":"Feature","properties":{"id":436,"camada":"Linhas de fluxo principais A+B"},"geometry":{"type":"LineString","coordinates":[[-34.917076351417585,-7.271033948538035],[-34.91712181325328,-7.271078960848408],[-34.91716727509804,-7.2711239731517665]]}},{"type":"Feature","properties":{"id":437,"camada":"Linhas de fluxo principais A+B"},"geometry":{"type":"LineString","coordinates":[[-34.91449595643664,-7.271044856591913],[-34.91454141808432,-7.2710898692281845],[-34.914586688209255,-7.271089677979535],[-34.91463176679787,-7.271044282849562],[-34.91467703691583,-7.271044091593081],[-34.91472211548965,-7.270998696457586],[-34.9147675771481,-7.271043709066572],[-34.91481303881557,-7.271088721668544]]}},{"type":"Feature","properties":{"id":438,"camada":"Linhas de fluxo principais A+B"},"geometry":{"type":"LineString","coordinates":[[-34.91245879969821,-7.271053457850511],[-34.9125042611974,-7.271098470744008],[-34.91250445252118,-7.271143674677152],[-34.91250464384619,-7.271188878610201],[-34.91255010536591,-7.271233891494099],[-34.91259556689467,-7.271278904370986],[-34.91264083709024,-7.271278713311697],[-34.912686107284586,-7.271278522247895],[-34.91273137747771,-7.271278331179576],[-34.91277645631503,-7.271232936181086],[-34.91282172650118,-7.271232745104936],[-34.91286718804975,-7.271277757947528],[-34.91291245823799,-7.271277566861147],[-34.912957537052336,-7.2712321718493955],[-34.913002615857636,-7.271186776835432],[-34.91304788603316,-7.271186585737904],[-34.91309315620747,-7.271186394635863]]}},{"type":"Feature","properties":{"id":439,"camada":"Linhas de fluxo principais A+B"},"geometry":{"type":"LineString","coordinates":[[-34.91205136805367,-7.271055177004977],[-34.91209644696064,-7.271009782061743],[-34.912141717142504,-7.271009591059326],[-34.91218679603468,-7.270964196110566],[-34.91223225750257,-7.271009209040946],[-34.91227771897951,-7.271054221964317],[-34.91232298916103,-7.271054030942637],[-34.91236825934131,-7.271053839916445],[-34.91241352952037,-7.271053648885734],[-34.91245879969821,-7.271053457850511]]}},{"type":"Feature","properties":{"id":440,"camada":"Linhas de fluxo principais A+B"},"geometry":{"type":"LineString","coordinates":[[-34.91481303881557,-7.271088721668544],[-34.91485850049211,-7.271133734263504],[-34.914903962177675,-7.271178746851449],[-34.914949423872294,-7.271223759432381],[-34.91494961544393,-7.271268963300395],[-34.914995077153336,-7.271313975873016],[-34.915040538871786,-7.271358988438623],[-34.91504073045615,-7.271404192303949],[-34.91508619218938,-7.2714492048612485],[-34.91513165393167,-7.271494217411532],[-34.915177115682994,-7.2715392299548],[-34.91517730728581,-7.271584433816144],[-34.91522276905192,-7.271629446351102],[-34.91526823082708,-7.271674458879046],[-34.915268422442615,-7.271719662737701],[-34.91531388423257,-7.271764675257331],[-34.91535915440454,-7.271764483913891],[-34.915404616206835,-7.271809496420794],[-34.9154048078396,-7.271854700275555],[-34.91545026965669,-7.271899712774146],[-34.91549573148282,-7.27194472526572],[-34.915541193318,-7.271989737750279],[-34.915586655162215,-7.272034750227824],[-34.915632117015484,-7.2720797626983575],[-34.915632308678205,-7.272124966546538]]}},{"type":"Feature","properties":{"id":441,"camada":"Linhas de fluxo principais A+B"},"geometry":{"type":"LineString","coordinates":[[-34.92232805387351,-7.271102111728496],[-34.92232824617979,-7.2711473154004675],[-34.9223284384873,-7.271192519072343],[-34.92232863079603,-7.271237722744124],[-34.92232882310599,-7.271282926415811],[-34.92232901541718,-7.2713281300874],[-34.9223292077296,-7.271373333758897],[-34.92232940004324,-7.271418537430298],[-34.92232959235812,-7.271463741101605],[-34.92232978467421,-7.2715089447728145],[-34.92232997699154,-7.271554148443934],[-34.9223301693101,-7.271599352114955],[-34.92233036162988,-7.2716445557858815],[-34.92233055395089,-7.271689759456713],[-34.92233074627313,-7.2717349631274475],[-34.922330938596595,-7.271780166798091],[-34.92233113092129,-7.271825370468634],[-34.92237659324282,-7.271870382092074],[-34.92237678557449,-7.271915585761224],[-34.92237697790739,-7.271960789430279],[-34.92237717024152,-7.2720059930992385],[-34.92233209256317,-7.272051388819943]]}},{"type":"Feature","properties":{"id":442,"camada":"Linhas de fluxo principais A+B"},"geometry":{"type":"LineString","coordinates":[[-34.91716727509804,-7.2711239731517665],[-34.91721254515653,-7.271123781640016],[-34.917258007013615,-7.271168793930638],[-34.91730327707418,-7.271168602408656],[-34.91734854713353,-7.271168410882157],[-34.917393817191645,-7.271168219351142],[-34.91743927906767,-7.271213231617593],[-34.917484740952744,-7.271258243877026],[-34.917530202846855,-7.271303256129443],[-34.91757547291364,-7.271303064576757],[-34.9176207429792,-7.271302873019555],[-34.91766620488896,-7.271347885253516],[-34.91771147495659,-7.271347693686081],[-34.91775693687869,-7.2713927059073065],[-34.917802398809826,-7.2714377181215175],[-34.91784786075001,-7.271482730328708],[-34.917893322699236,-7.271527742528882],[-34.91793859277884,-7.271527550934054],[-34.91798386285721,-7.271527359334711],[-34.91802932482208,-7.271572371516431],[-34.91807459490253,-7.271572179906853],[-34.918119864981755,-7.27157198829276],[-34.918165135059745,-7.2715717966741495]]}},{"type":"Feature","properties":{"id":443,"camada":"Linhas de fluxo principais A+B"},"geometry":{"type":"LineString","coordinates":[[-34.91309315620747,-7.271186394635863],[-34.913138426380556,-7.271186203529304],[-34.91318388794648,-7.271231216333182],[-34.91322934952145,-7.271276229130046],[-34.91327461969991,-7.27127603800754],[-34.91331988987716,-7.271275846880519],[-34.91336516005318,-7.271275655748983],[-34.91341023881009,-7.27123026070408]]}},{"type":"Feature","properties":{"id":444,"camada":"Linhas de fluxo principais A+B"},"geometry":{"type":"LineString","coordinates":[[-34.91087491623026,-7.271195753325664],[-34.91092018646318,-7.271195562440367],[-34.91096545669487,-7.271195371550556],[-34.91101072692534,-7.271195180656227],[-34.9110559971546,-7.271194989757384],[-34.91110126738263,-7.271194798854026],[-34.91114653760945,-7.271194607946152],[-34.91119180783504,-7.271194417033763],[-34.91123707805941,-7.271194226116857],[-34.91128253948669,-7.271239239160782],[-34.91132800092302,-7.271284252197696],[-34.911373462368395,-7.271329265227601],[-34.911418923822815,-7.271374278250497],[-34.91146438528627,-7.271419291266382]]}},{"type":"Feature","properties":{"id":445,"camada":"Linhas de fluxo principais A+B"},"geometry":{"type":"LineString","coordinates":[[-34.910829645996124,-7.271195944206445],[-34.91087491623026,-7.271195753325664]]}},{"type":"Feature","properties":{"id":446,"camada":"Linhas de fluxo principais A+B"},"geometry":{"type":"LineString","coordinates":[[-34.916850768173774,-7.271215721242914],[-34.91689623001597,-7.271260733576686],[-34.91694169186721,-7.271305745903445]]}},{"type":"Feature","properties":{"id":447,"camada":"Linhas de fluxo principais A+B"},"geometry":{"type":"LineString","coordinates":[[-34.91341023881009,-7.27123026070408],[-34.91345531755795,-7.2711848656569655],[-34.91350058772126,-7.271184674514283],[-34.91354585788335,-7.271184483367085],[-34.91359093661068,-7.271139088311132],[-34.9136362067658,-7.2711388971561055],[-34.9136814769197,-7.271138705996563],[-34.91372674707238,-7.271138514832503],[-34.913772017223835,-7.27113832366393],[-34.91381728737407,-7.27113813249084],[-34.91386255752309,-7.271137941313236],[-34.91390782767088,-7.271137750131114],[-34.91395309781744,-7.271137558944477],[-34.91399836796279,-7.271137367753327],[-34.91404382958567,-7.271182380449889],[-34.9140892912176,-7.2712273931394416],[-34.914134752858565,-7.271272405821979],[-34.914180214508576,-7.271317418497505],[-34.91422567616764,-7.271362431166017],[-34.91427113783574,-7.271407443827516],[-34.914271329344444,-7.271452647713173]]}},{"type":"Feature","properties":{"id":448,"camada":"Linhas de fluxo principais A+B"},"geometry":{"type":"LineString","coordinates":[[-34.91617190857903,-7.271263796774819],[-34.916217178678025,-7.271263605358802],[-34.91626244877578,-7.27126341393827],[-34.916307718872325,-7.271263222513222],[-34.91635298896764,-7.2712630310836595],[-34.91639825906173,-7.271262839649579],[-34.9164437208767,-7.271307852039238],[-34.91648918270071,-7.271352864421879],[-34.91653445280017,-7.271352672971849],[-34.91657972289841,-7.271352481517303],[-34.91662480125402,-7.271307086234895],[-34.916670071345294,-7.271306894772519],[-34.91671514968611,-7.271261499484593],[-34.916760228017885,-7.271216104194461],[-34.91680568985349,-7.271261116539671],[-34.916850959935346,-7.271260925060437],[-34.91685115169813,-7.271306128877865],[-34.916896421783285,-7.271305937392912],[-34.91694169186721,-7.271305745903445]]}},{"type":"Feature","properties":{"id":449,"camada":"Linhas de fluxo principais A+B"},"geometry":{"type":"LineString","coordinates":[[-34.91703223203139,-7.271305362910962],[-34.91707731032625,-7.2712599675965315],[-34.91712238861205,-7.2712145722798995],[-34.917167466888806,-7.27116917696106],[-34.91716727509804,-7.2711239731517665]]}},{"type":"Feature","properties":{"id":450,"camada":"Linhas de fluxo principais A+B"},"geometry":{"type":"LineString","coordinates":[[-34.91694169186721,-7.271305745903445],[-34.91698696194992,-7.2713055544094605],[-34.91703223203139,-7.271305362910962]]}},{"type":"Feature","properties":{"id":451,"camada":"Linhas de fluxo principais A+B"},"geometry":{"type":"LineString","coordinates":[[-34.914225867670595,-7.2714076350529675],[-34.914271329344444,-7.271452647713173]]}},{"type":"Feature","properties":{"id":452,"camada":"Linhas de fluxo principais A+B"},"geometry":{"type":"LineString","coordinates":[[-34.91214343875298,-7.271416426542303],[-34.91218870897433,-7.271416235524572],[-34.912188900275,-7.271461439465451],[-34.91223436180607,-7.2715064523815895]]}},{"type":"Feature","properties":{"id":453,"camada":"Linhas de fluxo principais A+B"},"geometry":{"type":"LineString","coordinates":[[-34.91146438528627,-7.271419291266382],[-34.91150965552593,-7.271419100316386],[-34.91155492576437,-7.271418909361875],[-34.91160019600159,-7.271418718402848],[-34.91164546623758,-7.271418527439306],[-34.9116909277233,-7.271463540425325],[-34.911736389218056,-7.271508553404333],[-34.91178185072186,-7.271553566376329],[-34.9118273122347,-7.271598579341317],[-34.91187277375659,-7.271643592299296],[-34.91191823528752,-7.271688605250263],[-34.91196350554211,-7.271688414247912],[-34.91200877579548,-7.271688223241046],[-34.912054046047615,-7.2716880322296635],[-34.91209931629854,-7.271687841213766],[-34.91214458654824,-7.271687650193352],[-34.91218985679672,-7.271687459168423]]}},{"type":"Feature","properties":{"id":454,"camada":"Linhas de fluxo principais A+B"},"geometry":{"type":"LineString","coordinates":[[-34.911328574559974,-7.2714198640892755],[-34.91137384480329,-7.271419673152828],[-34.91141911504539,-7.271419482211862],[-34.91146438528627,-7.271419291266382]]}},{"type":"Feature","properties":{"id":455,"camada":"Linhas de fluxo principais A+B"},"geometry":{"type":"LineString","coordinates":[[-34.914271329344444,-7.271452647713173],[-34.91427152085437,-7.271497851598735],[-34.914316982543006,-7.271542864250628],[-34.91436244424069,-7.271587876895511],[-34.91440790594741,-7.2716328895333815],[-34.91445336766318,-7.271677902164237],[-34.914498829387995,-7.271722914788081],[-34.91454429112186,-7.271767927404909],[-34.914589752864764,-7.271812940014725],[-34.9146352146167,-7.271857952617525],[-34.914635406173815,-7.271903156492622],[-34.914680867940554,-7.271948169087115],[-34.91468105950463,-7.271993372960817],[-34.914726521286156,-7.272038385546999],[-34.91477198307673,-7.2720833981261706],[-34.91481744487635,-7.272128410698323]]}},{"type":"Feature","properties":{"id":456,"camada":"Linhas de fluxo principais A+B"},"geometry":{"type":"LineString","coordinates":[[-34.91223436180607,-7.2715064523815895],[-34.91227963203402,-7.271506261352428],[-34.91232471094528,-7.271460866381565],[-34.912369981166265,-7.2714606753445725],[-34.91241525138603,-7.271460484303063],[-34.912460521604565,-7.271460293257038],[-34.912505791821886,-7.271460102206498],[-34.912551253376066,-7.271505115082626],[-34.91259633225286,-7.271459720091869],[-34.91264179381364,-7.271504732956567],[-34.91264198516198,-7.271549936885253],[-34.91268744673756,-7.271594949741646],[-34.91268763809287,-7.271640153668945]]}},{"type":"Feature","properties":{"id":457,"camada":"Linhas de fluxo principais A+B"},"geometry":{"type":"LineString","coordinates":[[-34.91698792085008,-7.271531573477137],[-34.9169877290676,-7.271486369663793],[-34.91698753728634,-7.271441165850351],[-34.916987345506314,-7.271395962036815],[-34.916987153727504,-7.271350758223185],[-34.91703223203139,-7.271305362910962]]}},{"type":"Feature","properties":{"id":458,"camada":"Linhas de fluxo principais A+B"},"geometry":{"type":"LineString","coordinates":[[-34.91218928288002,-7.271551847346924],[-34.912189091576906,-7.271506643406236],[-34.91223436180607,-7.2715064523815895]]}},{"type":"Feature","properties":{"id":459,"camada":"Linhas de fluxo principais A+B"},"geometry":{"type":"LineString","coordinates":[[-34.918165135059745,-7.2715717966741495],[-34.91821040513652,-7.271571605051026],[-34.91825586712362,-7.27161661720285],[-34.91830132911977,-7.271661629347655],[-34.91834679112496,-7.2717066414854425],[-34.91834698304923,-7.271751845262213],[-34.91834717497473,-7.271797049038892],[-34.91834736690146,-7.271842252815472],[-34.91839282893294,-7.271887264942346]]}},{"type":"Feature","properties":{"id":460,"camada":"Linhas de fluxo principais A+B"},"geometry":{"type":"LineString","coordinates":[[-34.916082901899,-7.271625810293622],[-34.916128172036615,-7.271625618877018],[-34.916173442173,-7.271625427455898],[-34.91621852060012,-7.2715800321966615],[-34.91626379072954,-7.2715798407677115],[-34.91630906085773,-7.271579649334248],[-34.9163543309847,-7.271579457896267],[-34.91639940938553,-7.271534062624884],[-34.91644467950554,-7.2715338711790745],[-34.91649014135827,-7.2715788835552315],[-34.916535411480346,-7.2715786920991885],[-34.9165804898582,-7.271533296814552],[-34.9166257599733,-7.27153310535068],[-34.91667122183923,-7.271578117703963],[-34.916716491956414,-7.271577926229857],[-34.91676176207237,-7.271577734751236],[-34.9168070321871,-7.271577543268097],[-34.91685211053047,-7.271532147963582],[-34.91689738063823,-7.271531956472617],[-34.91694284252395,-7.271576968791589],[-34.91698792085008,-7.271531573477137]]}},{"type":"Feature","properties":{"id":461,"camada":"Linhas de fluxo principais A+B"},"geometry":{"type":"LineString","coordinates":[[-34.91268763809287,-7.271640153668945],[-34.91273309968322,-7.2716851665170275],[-34.91277856128262,-7.271730179358102],[-34.91282383151852,-7.27172998826875]]}},{"type":"Feature","properties":{"id":462,"camada":"Linhas de fluxo principais A+B"},"geometry":{"type":"LineString","coordinates":[[-34.91218985679672,-7.271687459168423],[-34.91223493573267,-7.271642064199772],[-34.91228039729002,-7.271687077105016],[-34.91228058860707,-7.271732281042926]]}},{"type":"Feature","properties":{"id":463,"camada":"Linhas de fluxo principais A+B"},"geometry":{"type":"LineString","coordinates":[[-34.91694341786884,-7.271712580234381],[-34.91698849620487,-7.2716671849166055],[-34.91698830441872,-7.271621981103545],[-34.91698811263379,-7.271576777290388],[-34.91698792085008,-7.271531573477137]]}},{"type":"Feature","properties":{"id":464,"camada":"Linhas de fluxo principais A+B"},"geometry":{"type":"LineString","coordinates":[[-34.91282383151852,-7.27172998826875],[-34.91286910175321,-7.271729797174883],[-34.91291418060631,-7.27168440215539],[-34.91295945083402,-7.2716842110536914],[-34.91300452967233,-7.271638816028673],[-34.91304960850159,-7.2715934210014455],[-34.9130948787166,-7.271593229888601],[-34.91313995753107,-7.271547834855847],[-34.9131850363365,-7.271502439820886],[-34.91323030653879,-7.271502248696893],[-34.913275768151536,-7.2715472614802685],[-34.913320846939726,-7.271501866435362],[-34.91336611713836,-7.271501675297824],[-34.91341138733576,-7.271501484155768],[-34.91345646610343,-7.27145608910202],[-34.91345627467613,-7.271410885194745],[-34.91341081306743,-7.27136587243035],[-34.913410621647095,-7.271320668521688],[-34.91341043022798,-7.2712754646129305],[-34.91341023881009,-7.27123026070408]]}},{"type":"Feature","properties":{"id":465,"camada":"Linhas de fluxo principais A+B"},"geometry":{"type":"LineString","coordinates":[[-34.91228058860707,-7.271732281042926],[-34.912325858856406,-7.271732090003248],[-34.91237093777843,-7.2716866950235435],[-34.9124162080208,-7.271686503976035],[-34.91246147826195,-7.27168631292401],[-34.91250674850189,-7.27168612186747],[-34.9125520187406,-7.271685930806414],[-34.912597288978084,-7.271685739740841],[-34.912642559214355,-7.271685548670752],[-34.91268763809287,-7.271640153668945]]}},{"type":"Feature","properties":{"id":466,"camada":"Linhas de fluxo principais A+B"},"geometry":{"type":"LineString","coordinates":[[-34.9120995075975,-7.271733045156476],[-34.91214477785173,-7.271732854134862],[-34.91218985679672,-7.271687459168423]]}},{"type":"Feature","properties":{"id":467,"camada":"Linhas de fluxo principais A+B"},"geometry":{"type":"LineString","coordinates":[[-34.922104396344494,-7.271735923276677],[-34.92210458864535,-7.271781126953351],[-34.92210478094743,-7.271826330629924],[-34.92215024325249,-7.271871342281975],[-34.922195705566594,-7.2719163539270015],[-34.92224116788974,-7.271961365565004],[-34.92228663022193,-7.272006377195982],[-34.92233209256317,-7.272051388819943]]}},{"type":"Feature","properties":{"id":468,"camada":"Linhas de fluxo principais A+B"},"geometry":{"type":"LineString","coordinates":[[-34.91196407940196,-7.271824026086551],[-34.91200934966889,-7.271823835076087],[-34.9120546199346,-7.271823644061105],[-34.912099890199094,-7.271823453041607],[-34.91214516046235,-7.271823262017594],[-34.9121904307244,-7.271823070989065],[-34.91223550967026,-7.2717776760170985],[-34.91228058860707,-7.271732281042926]]}},{"type":"Feature","properties":{"id":469,"camada":"Linhas de fluxo principais A+B"},"geometry":{"type":"LineString","coordinates":[[-34.92065614038823,-7.271832472988809],[-34.92070141042472,-7.271832281110089],[-34.920746680459985,-7.271832089226852],[-34.920791950494014,-7.271831897339102],[-34.92083722052683,-7.271831705446835],[-34.92088249055841,-7.271831513550053],[-34.920927760588775,-7.271831321648753],[-34.9209730306179,-7.27183112974294],[-34.921018300645805,-7.2718309378326085],[-34.92106357067249,-7.271830745917762],[-34.92110884069793,-7.2718305539984],[-34.92115411072216,-7.271830362074521],[-34.92119938074516,-7.271830170146127],[-34.92124465076693,-7.271829978213217],[-34.92128992078747,-7.271829786275792],[-34.921335190806786,-7.271829594333852],[-34.921380460824885,-7.271829402387394],[-34.92142573084174,-7.2718292104364215],[-34.92147100085738,-7.271829018480933],[-34.921516270871784,-7.271828826520927],[-34.921561540884966,-7.271828634556407],[-34.921606810896925,-7.27182844258737],[-34.921652080907656,-7.271828250613819],[-34.92169735091715,-7.27182805863575],[-34.92174262092542,-7.271827866653166],[-34.92178789093247,-7.271827674666066],[-34.92183316093829,-7.271827482674451],[-34.92187843094288,-7.27182729067832],[-34.921923893231465,-7.27187230235898],[-34.92196935552909,-7.271917314032615],[-34.922014817835766,-7.271962325699227],[-34.922060280151484,-7.272007337358816],[-34.92210574247625,-7.272052349011386]]}},{"type":"Feature","properties":{"id":470,"camada":"Linhas de fluxo principais A+B"},"geometry":{"type":"LineString","coordinates":[[-34.911919000418344,-7.271869421039723],[-34.91196427069102,-7.271869230032572],[-34.91200954096247,-7.271869039020908],[-34.91205481123271,-7.271868848004726],[-34.91210008150171,-7.271868656984029],[-34.9121453517695,-7.271868465958815],[-34.91219062203608,-7.271868274929087],[-34.912235892301425,-7.271868083894841],[-34.91228116256555,-7.271867892856081],[-34.912326624154915,-7.271912905749133],[-34.912372085753326,-7.2719579186351755]]}},{"type":"Feature","properties":{"id":471,"camada":"Linhas de fluxo principais A+B"},"geometry":{"type":"LineString","coordinates":[[-34.91839282893294,-7.271887264942346],[-34.91839302086663,-7.271932468717535],[-34.91839321280155,-7.2719776724926275],[-34.91839340473769,-7.2720228762676244],[-34.91843886679546,-7.272067888383587],[-34.91848413691463,-7.272067696720127],[-34.91852940703257,-7.272067505052149],[-34.91857448519384,-7.272022109609564],[-34.91861956334604,-7.27197671416478],[-34.91866464148921,-7.271931318717793]]}},{"type":"Feature","properties":{"id":472,"camada":"Linhas de fluxo principais A+B"},"geometry":{"type":"LineString","coordinates":[[-34.91250770521242,-7.271912141526067],[-34.912552975473744,-7.271911950459009],[-34.91259805438025,-7.271866555458305],[-34.9126433246346,-7.271866364383417],[-34.91268840352632,-7.271820969377191],[-34.912733673773715,-7.27182077829447],[-34.912778752650645,-7.271775383282713],[-34.91282383151852,-7.27172998826875]]}},{"type":"Feature","properties":{"id":473,"camada":"Linhas de fluxo principais A+B"},"geometry":{"type":"LineString","coordinates":[[-34.91866464148921,-7.271931318717793],[-34.91871010355526,-7.271976330802031],[-34.91875556563036,-7.272021342879248],[-34.918800835736434,-7.272021151185378],[-34.918846105841276,-7.272020959486994],[-34.91889156793202,-7.272065971545756],[-34.91893683803893,-7.272065779837135]]}},{"type":"Feature","properties":{"id":474,"camada":"Linhas de fluxo principais A+B"},"geometry":{"type":"LineString","coordinates":[[-34.91635586479191,-7.271941088533549],[-34.91635605652332,-7.271986292362783],[-34.91640151842692,-7.272031304737399],[-34.91644698033957,-7.272076317105003],[-34.916492442261266,-7.272121329465586],[-34.91653790419201,-7.272166341819151],[-34.91653809594762,-7.272211545643102],[-34.916583557893155,-7.2722565579883565],[-34.91662901984773,-7.272301570326596],[-34.91667448181135,-7.272346582657818],[-34.91671994378402,-7.272391594982025],[-34.91672013556385,-7.272436798800687],[-34.91676559755131,-7.272481811116578],[-34.91681105954782,-7.272526823425454],[-34.91685652155337,-7.272571835727312],[-34.91685671335166,-7.272617039541988],[-34.91690217537201,-7.272662051835533],[-34.91694763740139,-7.272707064122057],[-34.916993099439836,-7.272752076401564],[-34.91699329125659,-7.272797280212254],[-34.91703875330982,-7.272842292483447],[-34.91708421537209,-7.2728873047476235],[-34.91712967744342,-7.272932317004781],[-34.91717494768404,-7.2729321254494295]]}},{"type":"Feature","properties":{"id":475,"camada":"Linhas de fluxo principais A+B"},"geometry":{"type":"LineString","coordinates":[[-34.912372085753326,-7.2719579186351755],[-34.912417356022836,-7.2719577275804665],[-34.91246243494987,-7.271912332588607],[-34.91250770521242,-7.271912141526067]]}},{"type":"Feature","properties":{"id":476,"camada":"Linhas de fluxo principais A+B"},"geometry":{"type":"LineString","coordinates":[[-34.912326815482594,-7.271958109685367],[-34.912372085753326,-7.2719579186351755]]}},{"type":"Feature","properties":{"id":477,"camada":"Linhas de fluxo principais A+B"},"geometry":{"type":"LineString","coordinates":[[-34.914499978645566,-7.271994138060562],[-34.914545440413896,-7.272039150669614],[-34.914545631966845,-7.2720843545467355],[-34.91454582352102,-7.2721295584237575],[-34.91459128530988,-7.2721745710232],[-34.91463674710779,-7.272219583615635],[-34.91468201734334,-7.272219392327916],[-34.914727096002956,-7.272173997163652],[-34.91477217465352,-7.272128601997184],[-34.91481744487635,-7.272128410698323]]}},{"type":"Feature","properties":{"id":478,"camada":"Linhas de fluxo principais A+B"},"geometry":{"type":"LineString","coordinates":[[-34.912372468421395,-7.272048326504958],[-34.91241754736078,-7.272002931514205],[-34.912462626291116,-7.271957536521242],[-34.91250770521242,-7.271912141526067]]}},{"type":"Feature","properties":{"id":479,"camada":"Linhas de fluxo principais A+B"},"geometry":{"type":"LineString","coordinates":[[-34.92210574247625,-7.272052349011386],[-34.92215101249609,-7.27205215698213],[-34.9221962825147,-7.272051964948356],[-34.922241552532086,-7.272051772910068],[-34.922286822548244,-7.272051580867264],[-34.92233209256317,-7.272051388819943]]}},{"type":"Feature","properties":{"id":480,"camada":"Linhas de fluxo principais A+B"},"geometry":{"type":"LineString","coordinates":[[-34.92201520243289,-7.272052733056353],[-34.922060472455186,-7.272052541036127],[-34.92210574247625,-7.272052349011386]]}},{"type":"Feature","properties":{"id":481,"camada":"Linhas de fluxo principais A+B"},"geometry":{"type":"LineString","coordinates":[[-34.92115507177613,-7.272056380582589],[-34.92120034182173,-7.272056188648167],[-34.92124561186612,-7.272055996709231],[-34.92129088190927,-7.272055804765777],[-34.9213361519512,-7.272055612817807],[-34.9213814219919,-7.272055420865322],[-34.921426692031375,-7.272055228908322],[-34.92147196206963,-7.272055036946804],[-34.92151723210665,-7.272054844980771],[-34.921562502142436,-7.272054653010222],[-34.92160777217701,-7.2720544610351565],[-34.92165304221035,-7.272054269055577],[-34.92169831224246,-7.272054077071479],[-34.92174358227334,-7.272053885082866],[-34.921788852303,-7.272053693089737],[-34.92183412233143,-7.272053501092092],[-34.92187939235864,-7.272053309089932],[-34.92192466238462,-7.272053117083254],[-34.92196993240937,-7.27205292507206],[-34.92201520243289,-7.272052733056353]]}},{"type":"Feature","properties":{"id":482,"camada":"Linhas de fluxo principais A+B"},"geometry":{"type":"LineString","coordinates":[[-34.920068590313505,-7.272060985653901],[-34.92011386038855,-7.2720607938278645],[-34.92015913046237,-7.2720606019973095],[-34.92020440053496,-7.272060410162242],[-34.92024967060633,-7.272060218322655],[-34.92029494067647,-7.272060026478554],[-34.920340210745394,-7.272059834629937],[-34.920385480813074,-7.272059642776803],[-34.92043075087954,-7.272059450919153],[-34.920476020944776,-7.272059259056988],[-34.920521098858856,-7.272013863472008],[-34.920566368917115,-7.272013671602015],[-34.92061163897415,-7.272013479727507],[-34.92065690902995,-7.272013287848482],[-34.92070198691774,-7.271967892251372],[-34.92074706479648,-7.27192249665206],[-34.92079233483957,-7.271922304761898],[-34.92083760488142,-7.271922112867222],[-34.92088287492205,-7.271921920968027],[-34.92092814496145,-7.271921729064318],[-34.92097341499963,-7.271921537156094],[-34.92101868503658,-7.271921345243352],[-34.921063955072306,-7.271921153326095],[-34.9211092251068,-7.271920961404322],[-34.921154495140065,-7.271920769478034],[-34.921199765172105,-7.2719205775472275],[-34.92124503520292,-7.271920385611907],[-34.92129030523251,-7.271920193672071],[-34.92133557526087,-7.271920001727719],[-34.92138084528801,-7.271919809778851],[-34.92142611531391,-7.271919617825466],[-34.92147138533859,-7.271919425867565],[-34.92151665536205,-7.271919233905149],[-34.92156192538428,-7.271919041938219],[-34.92160719540527,-7.271918849966769],[-34.92165246542505,-7.271918657990806],[-34.921697735443594,-7.271918466010326],[-34.92174300546091,-7.271918274025332],[-34.921788275477,-7.2719180820358185],[-34.921833545491864,-7.2719178900417925],[-34.9218788155055,-7.271917698043249],[-34.92192427780558,-7.271962709721306],[-34.92196974011471,-7.272007721392338],[-34.92201520243289,-7.272052733056353]]}},{"type":"Feature","properties":{"id":483,"camada":"Linhas de fluxo principais A+B"},"geometry":{"type":"LineString","coordinates":[[-34.91997805015974,-7.272061369292428],[-34.920023320237235,-7.272061177475422],[-34.920068590313505,-7.272060985653901]]}},{"type":"Feature","properties":{"id":484,"camada":"Linhas de fluxo principais A+B"},"geometry":{"type":"LineString","coordinates":[[-34.919253728753034,-7.272064437750338],[-34.919298998850145,-7.2720642460055895],[-34.919344268946034,-7.272064054256323],[-34.919389539040694,-7.2720638625025416],[-34.91943480913413,-7.272063670744244],[-34.91948007922634,-7.272063478981432],[-34.919525349317325,-7.272063287214102],[-34.919570619407075,-7.272063095442257],[-34.91961588949562,-7.272062903665895],[-34.919661159582915,-7.272062711885018],[-34.919706429669,-7.272062520099625],[-34.91975169975385,-7.272062328309715],[-34.91979696983748,-7.27206213651529],[-34.91984223991988,-7.272061944716349],[-34.91988751000106,-7.27206175291289],[-34.91993278008101,-7.272061561104917],[-34.91997805015974,-7.272061369292428]]}},{"type":"Feature","properties":{"id":485,"camada":"Linhas de fluxo principais A+B"},"geometry":{"type":"LineString","coordinates":[[-34.91893683803893,-7.272065779837135],[-34.91898191614846,-7.272020384364742],[-34.91902737824909,-7.272065396406345],[-34.919072648352326,-7.272065204684175],[-34.919118110465305,-7.272110216713033],[-34.91916357258732,-7.272155228734871],[-34.91920884269593,-7.272155036996744],[-34.919254112803316,-7.272154845254104],[-34.91929938290947,-7.272154653506946],[-34.9193446530144,-7.272154461755272],[-34.91938992311811,-7.272154269999081],[-34.919435193220586,-7.2721540782383745],[-34.91948046332184,-7.272153886473153],[-34.91952573342187,-7.272153694703415],[-34.91957100352067,-7.272153502929161],[-34.91961627361825,-7.272153311150389],[-34.919661543714604,-7.272153119367104],[-34.919706813809725,-7.272152927579301],[-34.919752083903624,-7.272152735786983],[-34.9197973539963,-7.272152543990147],[-34.91984262408775,-7.2721523521887965],[-34.91988789417797,-7.272152160382931],[-34.91993297217338,-7.272106764838781],[-34.91997805015974,-7.272061369292428]]}},{"type":"Feature","properties":{"id":486,"camada":"Linhas de fluxo principais A+B"},"geometry":{"type":"LineString","coordinates":[[-34.91717130296144,-7.2720732531269885],[-34.91721638129511,-7.272027857783782],[-34.917261459619745,-7.271982462438376],[-34.91730653793533,-7.2719370670907635],[-34.91730634611017,-7.271891863286692],[-34.91735142441342,-7.271846467937983],[-34.91739650270761,-7.271801072587069],[-34.91744158099277,-7.271755677233949],[-34.91748685110723,-7.271755485678262],[-34.917532313064555,-7.2718004979164],[-34.91757777503093,-7.271845510147519],[-34.917577966882,-7.271890713944465],[-34.917623428863166,-7.2719357261672695],[-34.917668698990816,-7.271935534588707],[-34.91771396911724,-7.2719353430056275],[-34.917759239242436,-7.271935151418034],[-34.917804509366405,-7.2719349598259235],[-34.91784958760973,-7.2718895644396655],[-34.91784939573153,-7.271844360649937],[-34.91789447396251,-7.271798965262587],[-34.91793974406925,-7.271798773660539],[-34.9179852060653,-7.271843785840184],[-34.9180304761741,-7.2718435942279],[-34.9180755543821,-7.2717981988273],[-34.918075362483734,-7.271752995043398],[-34.9180751705866,-7.271707791259407],[-34.91807497869068,-7.271662587475317],[-34.91812005687974,-7.271617192075836],[-34.918165135059745,-7.2715717966741495]]}},{"type":"Feature","properties":{"id":487,"camada":"Linhas de fluxo principais A+B"},"geometry":{"type":"LineString","coordinates":[[-34.915632308678205,-7.272124966546538],[-34.91567777054626,-7.272169979008754],[-34.91572323242337,-7.272214991463961],[-34.91576869430951,-7.272260003912147],[-34.915768885990694,-7.272305207756346],[-34.91581434789163,-7.272350220196222],[-34.91585980980162,-7.272395232629083],[-34.915905271720646,-7.272440245054924],[-34.91590546342029,-7.272485448895136],[-34.91595092535411,-7.272530461312669],[-34.91599638729698,-7.272575473723185]]}},{"type":"Feature","properties":{"id":488,"camada":"Linhas de fluxo principais A+B"},"geometry":{"type":"LineString","coordinates":[[-34.91481744487635,-7.272128410698323],[-34.914862906685016,-7.2721734232634585],[-34.91490836850273,-7.272218435821587],[-34.91490856009675,-7.272263639688714],[-34.914954021929255,-7.2723086522385305],[-34.9149994837708,-7.272353664781331],[-34.91504494562139,-7.272398677317118],[-34.91509040748103,-7.272443689845889],[-34.915090599099265,-7.2724888937077345]]}},{"type":"Feature","properties":{"id":489,"camada":"Linhas de fluxo principais A+B"},"geometry":{"type":"LineString","coordinates":[[-34.912463583015686,-7.272183556182987],[-34.91250885330536,-7.272183365113246],[-34.912553932237415,-7.27213797010923],[-34.912599202520134,-7.272137779031658],[-34.9126442814374,-7.272092384022116],[-34.912644090074394,-7.272047180094563],[-34.91268916897932,-7.272001785083916],[-34.9127342478752,-7.271956390071055],[-34.91277951813493,-7.271956198980219],[-34.912824979772104,-7.272001211807803],[-34.91287025003392,-7.272001020706734],[-34.91291532890682,-7.2719556256806115],[-34.91296059916167,-7.27195543457171],[-34.91296079055389,-7.272000638491048],[-34.91300625221,-7.272045651294472],[-34.91305171387516,-7.2720906640908884],[-34.91309717554937,-7.2721356768802865],[-34.91314263723262,-7.272180689662673],[-34.91318809892491,-7.272225702438055],[-34.91323356062625,-7.27227071520642],[-34.91327902233664,-7.272315727967774],[-34.91332448405607,-7.272360740722114]]}},{"type":"Feature","properties":{"id":490,"camada":"Linhas de fluxo principais A+B"},"geometry":{"type":"LineString","coordinates":[[-34.91871125538047,-7.272247553400035],[-34.918756525510375,-7.272247361704662],[-34.91880160365608,-7.272201966241084],[-34.91884668179275,-7.2721565707753015],[-34.91889175992036,-7.2721111753073195],[-34.91893683803893,-7.272065779837135]]}},{"type":"Feature","properties":{"id":491,"camada":"Linhas de fluxo principais A+B"},"geometry":{"type":"LineString","coordinates":[[-34.91862071511697,-7.272247936777233],[-34.91866598524933,-7.272247745090892],[-34.91871125538047,-7.272247553400035]]}},{"type":"Feature","properties":{"id":492,"camada":"Linhas de fluxo principais A+B"},"geometry":{"type":"LineString","coordinates":[[-34.91531599214731,-7.27226191768199],[-34.91536126236904,-7.272261726325328],[-34.91540634094576,-7.2722163311102435],[-34.915406149303216,-7.272171127256236],[-34.91545122786759,-7.272125732040052],[-34.91549649807208,-7.272125540673447],[-34.91554176827534,-7.272125349302327],[-34.91558703847738,-7.272125157926691],[-34.915632308678205,-7.272124966546538]]}},{"type":"Feature","properties":{"id":493,"camada":"Linhas de fluxo principais A+B"},"geometry":{"type":"LineString","coordinates":[[-34.9140936956985,-7.272267082604732],[-34.9141391574716,-7.272312095257462],[-34.914184619253746,-7.272357107903178],[-34.914184810779076,-7.272402311789244]]}},{"type":"Feature","properties":{"id":494,"camada":"Linhas de fluxo principais A+B"},"geometry":{"type":"LineString","coordinates":[[-34.9196168498114,-7.27228892237643],[-34.91966211992132,-7.27228873058953],[-34.91970739003001,-7.272288538798113],[-34.919752660137476,-7.272288347002182],[-34.919797930243725,-7.272288155201735],[-34.91984320034874,-7.272287963396768],[-34.919888278359785,-7.272242567852597],[-34.91993335636178,-7.2721971723062255],[-34.91997843435473,-7.272151776757649],[-34.920023512338645,-7.272106381206876],[-34.920068590313505,-7.272060985653901]]}},{"type":"Feature","properties":{"id":495,"camada":"Linhas de fluxo principais A+B"},"geometry":{"type":"LineString","coordinates":[[-34.918349286236065,-7.272294290576071],[-34.91839436443681,-7.272248895141195],[-34.91839417249454,-7.272203691366672],[-34.9184394426285,-7.272203499704115],[-34.91848471276123,-7.272203308037042],[-34.91852998289274,-7.272203116365454],[-34.91857544498339,-7.272248128459057],[-34.91862071511697,-7.272247936777233]]}},{"type":"Feature","properties":{"id":496,"camada":"Linhas de fluxo principais A+B"},"geometry":{"type":"LineString","coordinates":[[-34.91214726490815,-7.272320505365833],[-34.91219253521994,-7.272320314324105],[-34.912237805530516,-7.272320123277862],[-34.912283075839866,-7.272319932227101],[-34.912328346148,-7.272319741171826],[-34.912373616454914,-7.272319550112034],[-34.9124188867606,-7.2723193590477235],[-34.912464157065074,-7.272319167978899],[-34.91250942736832,-7.272318976905558],[-34.91255488903163,-7.27236398975708],[-34.912555080394135,-7.272409193686366],[-34.91260054207224,-7.272454206529581],[-34.912646003759384,-7.272499219365786],[-34.91269127407584,-7.272499028269578],[-34.912736544391066,-7.272498837168856],[-34.912781814705085,-7.2724986460636165],[-34.91282727641118,-7.2725436588756605],[-34.912872738126325,-7.272588671680692],[-34.912918008445715,-7.272588480559503],[-34.91296308735579,-7.272543085515694],[-34.91300835766821,-7.272542894386672],[-34.913053627979416,-7.2725427032531345],[-34.91309870686896,-7.272497308200482],[-34.91314397717319,-7.272497117059111],[-34.91318905604794,-7.272451722000934],[-34.91323413491364,-7.272406326940548],[-34.91327921377029,-7.272360931877948],[-34.91332448405607,-7.272360740722114]]}},{"type":"Feature","properties":{"id":497,"camada":"Linhas de fluxo principais A+B"},"geometry":{"type":"LineString","coordinates":[[-34.912101994595126,-7.272320696403045],[-34.91214726490815,-7.272320505365833]]}},{"type":"Feature","properties":{"id":498,"camada":"Linhas de fluxo principais A+B"},"geometry":{"type":"LineString","coordinates":[[-34.91196618364875,-7.27232126948758],[-34.91201145396543,-7.272321078463918],[-34.91205672428089,-7.272320887435739],[-34.912101994595126,-7.272320696403045]]}},{"type":"Feature","properties":{"id":499,"camada":"Linhas de fluxo principais A+B"},"geometry":{"type":"LineString","coordinates":[[-34.91332448405607,-7.272360740722114],[-34.91336994578455,-7.272405753469443],[-34.91337013722969,-7.272450957377027],[-34.91341559897295,-7.272495970116046],[-34.913461060725275,-7.272540982848055],[-34.91350652248663,-7.272585995573052],[-34.91350671395023,-7.272631199476655],[-34.91355217572637,-7.272676212193343],[-34.91359763751157,-7.272721224903013],[-34.913643099305816,-7.272766237605675],[-34.913688369622534,-7.2727660464029045],[-34.91373363993802,-7.272765855195617],[-34.91377910174791,-7.272810867879833],[-34.913824372065484,-7.272810676662311],[-34.91386964238183,-7.2728104854402735],[-34.91391510420736,-7.272855498106039],[-34.91396056604195,-7.2729005107647895],[-34.914006027885584,-7.272945523416527],[-34.91400621940871,-7.272990727306163],[-34.914006410933055,-7.273035931195702],[-34.91405187279723,-7.273080943837834],[-34.91409733467044,-7.2731259564729545],[-34.914142605011115,-7.27312576521541],[-34.914188066896685,-7.273170777837799],[-34.91423352879129,-7.27321579045317],[-34.91427879913734,-7.273215599179673],[-34.91432406948218,-7.27321540790166],[-34.91436914826036,-7.273170012739582],[-34.91441441859823,-7.2731698214537355],[-34.91445949736162,-7.273124426286129],[-34.91450476769252,-7.2731242349924505],[-34.914550038022185,-7.2731240436942555],[-34.91459511676504,-7.27307864851781],[-34.914640195498855,-7.273033253339157],[-34.914685465815815,-7.273033062029815],[-34.914730927729494,-7.273078074586179],[-34.91477638965222,-7.27312308713553],[-34.91482146836634,-7.2730776919425075],[-34.91486673868294,-7.273077500613897],[-34.91491181738227,-7.273032105415353],[-34.91495689607255,-7.272986710214597],[-34.91500216637643,-7.2729865188748395],[-34.91504724505192,-7.27294112366856],[-34.91509232371837,-7.2728957284600755],[-34.91513740237577,-7.272850333249385],[-34.915182481024125,-7.272804938036483],[-34.915227751303796,-7.272804746678948],[-34.91527282993736,-7.272759351460522]]}},{"type":"Feature","properties":{"id":500,"camada":"Linhas de fluxo principais A+B"},"geometry":{"type":"LineString","coordinates":[[-34.914184810779076,-7.272402311789244],[-34.91423027257601,-7.27244732442665],[-34.91427573438199,-7.272492337057044],[-34.914321196197015,-7.272537349680426],[-34.914366658021095,-7.2725823622967924],[-34.91436684957062,-7.272627566177578],[-34.91441231140949,-7.2726725787856354],[-34.914457773257396,-7.272717591386675],[-34.91450323511435,-7.272762603980702],[-34.91454831383655,-7.272717208816425],[-34.91459358412429,-7.272717017524524],[-34.91463885441081,-7.272716826228108],[-34.914684316280976,-7.2727618387992665],[-34.91472958656957,-7.272761647492616],[-34.91477466526304,-7.272716252311761],[-34.914819935544664,-7.272716060997278],[-34.91486520582507,-7.27271586967828],[-34.914910476104254,-7.272715678354765],[-34.914955937994215,-7.272760690891614],[-34.91500139989322,-7.272805703421452],[-34.91504647855552,-7.2727603082196],[-34.91509155720876,-7.27271491301554],[-34.91513663585296,-7.272669517809276],[-34.915181714488114,-7.272624122600801]]}},{"type":"Feature","properties":{"id":501,"camada":"Linhas de fluxo principais A+B"},"geometry":{"type":"LineString","coordinates":[[-34.9138681103787,-7.272448854288683],[-34.91391338065765,-7.272448663071737],[-34.91395865093536,-7.272448471850272],[-34.914003921211865,-7.272448280624293],[-34.91404919148714,-7.272448089393798],[-34.91409427024368,-7.272402694270416],[-34.914139348991185,-7.272357299144822],[-34.914184810779076,-7.272402311789244]]}},{"type":"Feature","properties":{"id":502,"camada":"Linhas de fluxo principais A+B"},"geometry":{"type":"LineString","coordinates":[[-34.91848586448751,-7.2724745306683145],[-34.91853094268419,-7.272429135219065],[-34.91857602087183,-7.272383739767614],[-34.9185758289078,-7.27233853599819],[-34.91862090708309,-7.272293140545644],[-34.91862071511697,-7.272247936777233]]}},{"type":"Feature","properties":{"id":503,"camada":"Linhas de fluxo principais A+B"},"geometry":{"type":"LineString","coordinates":[[-34.915090599099265,-7.2724888937077345],[-34.915136060973694,-7.272533906228195],[-34.91518152285717,-7.272578918741641],[-34.915181714488114,-7.272624122600801]]}},{"type":"Feature","properties":{"id":504,"camada":"Linhas de fluxo principais A+B"},"geometry":{"type":"LineString","coordinates":[[-34.914954788340566,-7.272489467700903],[-34.914999866985504,-7.2724440725101145],[-34.915045137233875,-7.272443881180259],[-34.915090599099265,-7.2724888937077345]]}},{"type":"Feature","properties":{"id":505,"camada":"Linhas de fluxo principais A+B"},"geometry":{"type":"LineString","coordinates":[[-34.91165024776416,-7.272548626292693],[-34.911695518112,-7.272548435294646],[-34.911740788458616,-7.272548244292084],[-34.91178605880401,-7.272548053285004],[-34.91183132914819,-7.2725478622734085],[-34.911876599491144,-7.272547671257297],[-34.91192186983289,-7.2725474802366685],[-34.911966948866024,-7.2725020852669235],[-34.91201202789013,-7.27245669029497],[-34.91205710690518,-7.272411295320803],[-34.91210218591118,-7.272365900344424],[-34.91214726490815,-7.272320505365833]]}},{"type":"Feature","properties":{"id":506,"camada":"Linhas de fluxo principais A+B"},"geometry":{"type":"LineString","coordinates":[[-34.91599638729698,-7.272575473723185],[-34.9160418492489,-7.272620486126686],[-34.91608731120986,-7.272665498523171],[-34.91613277317986,-7.2727105109126375],[-34.91613296490946,-7.272755714746267],[-34.916178426894255,-7.272800727127425],[-34.916223888888105,-7.272845739501563],[-34.91626935089099,-7.272890751868684],[-34.916269542639064,-7.272935955698327],[-34.916315004656745,-7.272980968057137],[-34.91636046668348,-7.273025980408931],[-34.91640592871925,-7.273070992753705],[-34.91640612048578,-7.273116196579362],[-34.916451582536354,-7.273161208915823],[-34.91649704459597,-7.273206221245266],[-34.91654250666463,-7.2732512335676915],[-34.91658796874235,-7.273296245883103],[-34.9166334308291,-7.2733412581915],[-34.91667889292491,-7.273386270492876]]}},{"type":"Feature","properties":{"id":507,"camada":"Linhas de fluxo principais A+B"},"geometry":{"type":"LineString","coordinates":[[-34.91586076828333,-7.272621251835676],[-34.91590603852655,-7.272621060415203],[-34.91595111706073,-7.272575665151488],[-34.91599638729698,-7.272575473723185]]}},{"type":"Feature","properties":{"id":508,"camada":"Linhas de fluxo principais A+B"},"geometry":{"type":"LineString","coordinates":[[-34.915181714488114,-7.272624122600801],[-34.91522717638638,-7.272669135105936],[-34.9152273680243,-7.2727143389636995],[-34.91527282993736,-7.272759351460522]]}},{"type":"Feature","properties":{"id":509,"camada":"Linhas de fluxo principais A+B"},"geometry":{"type":"LineString","coordinates":[[-34.92188189218321,-7.272640956948999],[-34.92188169988164,-7.272595753268102],[-34.92188150758131,-7.272550549587109],[-34.9218813152822,-7.272505345906022],[-34.921881122984324,-7.27246014222484],[-34.92188093068767,-7.272414938543562],[-34.92188073839225,-7.272369734862193],[-34.921880546098045,-7.272324531180724],[-34.92188035380508,-7.272279327499163],[-34.921925431557405,-7.272233931806006],[-34.921970509300685,-7.272188536110649],[-34.92201558703491,-7.272143140413091],[-34.9220606647601,-7.272097744713339],[-34.92210574247625,-7.272052349011386]]}},{"type":"Feature","properties":{"id":510,"camada":"Linhas de fluxo principais A+B"},"geometry":{"type":"LineString","coordinates":[[-34.91871298320098,-7.272654387290635],[-34.918667521048704,-7.272609375225881],[-34.91866732906949,-7.272564171459338],[-34.91871240724978,-7.272518775994623],[-34.91875767740682,-7.272518584292026],[-34.91875748542102,-7.2724733805277015],[-34.91875729343644,-7.272428176763284],[-34.91875710145308,-7.272382972998773],[-34.91875690947096,-7.272337769234163],[-34.91871144735562,-7.2722927571660385],[-34.91871125538047,-7.272247553400035]]}},{"type":"Feature","properties":{"id":511,"camada":"Linhas de fluxo principais A+B"},"geometry":{"type":"LineString","coordinates":[[-34.91527282993736,-7.272759351460522],[-34.915318291859464,-7.27280436395033],[-34.915363753790615,-7.272849376433124],[-34.91540921573081,-7.2728943889089],[-34.91545467768005,-7.27293940137766],[-34.91550013963835,-7.272984413839408],[-34.91550033131196,-7.2730296176893],[-34.91554579328505,-7.273074630142733],[-34.915591255267174,-7.273119642589153],[-34.91563671725835,-7.273164655028556],[-34.91563690895043,-7.273209858874458],[-34.9156823709564,-7.273254871305548],[-34.91572783297141,-7.273299883729622],[-34.91577329499548,-7.273344896146681],[-34.91581875702859,-7.273389908556724],[-34.91581894874488,-7.273435112397346],[-34.91586441079278,-7.273480124799075],[-34.91590987284973,-7.273525137193789],[-34.91591006457873,-7.2735703410317205],[-34.91595552665048,-7.273615353418122],[-34.91600098873128,-7.273660365797502],[-34.91604645082111,-7.273705378169869],[-34.91609191292,-7.27375039053522],[-34.91613737502793,-7.273795402893554],[-34.916182837144916,-7.273840415244868],[-34.91622810750171,-7.273840223760317],[-34.91622829927095,-7.273885427589168]]}},{"type":"Feature","properties":{"id":512,"camada":"Linhas de fluxo principais A+B"},"geometry":{"type":"LineString","coordinates":[[-34.911153230005446,-7.2727767468026405],[-34.91119830915274,-7.272731351883763],[-34.91124338829099,-7.272685956962677],[-34.911288658663395,-7.27268576600168],[-34.911333737786855,-7.27264037107506],[-34.91137881690127,-7.272594976146224],[-34.91142389600664,-7.272549581215179],[-34.91146897510296,-7.272504186281919],[-34.911514245451166,-7.272503995303139],[-34.911559515798146,-7.2725038043198404],[-34.9116047861439,-7.272503613332026],[-34.91165005648844,-7.272503422339695],[-34.91169532683176,-7.27250323134285],[-34.91174059717385,-7.272503040341486],[-34.91178586751473,-7.272502849335606],[-34.91183113785439,-7.27250265832521],[-34.911876408192825,-7.272502467310298],[-34.911921678530035,-7.2725022762908695],[-34.91196675755988,-7.27245688132223],[-34.912011836580675,-7.272411486351382],[-34.91205691559242,-7.272366091378318],[-34.912101994595126,-7.272320696403045]]}},{"type":"Feature","properties":{"id":513,"camada":"Linhas de fluxo principais A+B"},"geometry":{"type":"LineString","coordinates":[[-34.91332678140945,-7.272903187622401],[-34.91337205174828,-7.272902996447644],[-34.913417322085905,-7.2729028052683695],[-34.91346259242229,-7.272902614084579],[-34.91350767128654,-7.2728572189932414],[-34.91355294161596,-7.272857027801618],[-34.91359821194416,-7.272856836605479],[-34.91364367375564,-7.272901849304252],[-34.91368913557616,-7.2729468619960125],[-34.913734597405735,-7.272991874680762],[-34.91378005924435,-7.273036887358497],[-34.913780250747315,-7.2730820912539444],[-34.91382571260072,-7.27312710392337],[-34.91382590411064,-7.273172307817428],[-34.91387136597884,-7.273217320478542],[-34.913916827856085,-7.273262333132645],[-34.91396228974238,-7.273307345779732],[-34.914007751637726,-7.273352358419809],[-34.91400794317185,-7.273397562308588],[-34.91405340508198,-7.273442574940353],[-34.914098867001165,-7.273487587565105],[-34.914144328929396,-7.273532600182844],[-34.914189790866665,-7.2735776127935665],[-34.91418998242501,-7.273622816677068],[-34.91423544437707,-7.273667829279479],[-34.914280906338185,-7.273712841874878],[-34.91428109790923,-7.273758045755691],[-34.91432655988514,-7.27380305834278],[-34.9143720218701,-7.273848070922852],[-34.9144174838641,-7.273893083495911],[-34.91446294586716,-7.273938096061956],[-34.914508407879254,-7.2739831086209845],[-34.91455367829488,-7.273982917299964],[-34.9145538699004,-7.274028121172999]]}},{"type":"Feature","properties":{"id":514,"camada":"Linhas de fluxo principais A+B"},"geometry":{"type":"LineString","coordinates":[[-34.91794454158723,-7.272928868317403],[-34.91798981180581,-7.272928676680753],[-34.91803527394885,-7.272973688822219],[-34.91808073610094,-7.273018700956668],[-34.91812619826207,-7.273063713084095],[-34.91817146848932,-7.273063521425768],[-34.918216930662794,-7.273108533540458],[-34.91826239284532,-7.273153545648129],[-34.91830766307795,-7.273153353973845],[-34.91835312527281,-7.273198366068772],[-34.91839858747673,-7.273243378156683]]}},{"type":"Feature","properties":{"id":515,"camada":"Linhas de fluxo principais A+B"},"geometry":{"type":"LineString","coordinates":[[-34.91717494768404,-7.2729321254494295],[-34.917220217923436,-7.272931933889561],[-34.917265488161604,-7.272931742325175],[-34.917310566546455,-7.2728863469542935],[-34.91735564492227,-7.272840951581206],[-34.91740072328903,-7.272795556205914],[-34.91744580164674,-7.272750160828413],[-34.917490879995405,-7.272704765448709],[-34.91753595833503,-7.272659370066804],[-34.91758103666561,-7.272613974682689],[-34.91762611498714,-7.27256857929637],[-34.917671193299626,-7.272523183907845],[-34.91771627160306,-7.272477788517116],[-34.91776134989746,-7.272432393124183],[-34.917761158013604,-7.272387189333191],[-34.917806236295654,-7.2723417939391615],[-34.917851314568665,-7.272296398542927],[-34.917896392832624,-7.27225100314449],[-34.9178962009401,-7.272205799356727],[-34.917941279191716,-7.27216040395719],[-34.91794108729712,-7.272115200170444],[-34.91798635743429,-7.272115008555455],[-34.918031435667814,-7.2720696131515155],[-34.91807670579801,-7.272069421528698],[-34.91812178401674,-7.272024026119237],[-34.91816686222643,-7.271978630707576],[-34.9182121323439,-7.271978439073619],[-34.9182572105388,-7.271933043656441],[-34.91830228872465,-7.271887648237057],[-34.9183475588294,-7.271887456591961],[-34.91839282893294,-7.271887264942346]]}},{"type":"Feature","properties":{"id":516,"camada":"Linhas de fluxo principais A+B"},"geometry":{"type":"LineString","coordinates":[[-34.91305592506578,-7.273085150235297],[-34.91310119543004,-7.273084959082839],[-34.91314665723393,-7.273129971838025],[-34.91319211904686,-7.2731749845862],[-34.9132373894165,-7.273174793417789],[-34.91328265978492,-7.273174602244863],[-34.91332793015212,-7.273174411067419],[-34.91337339198401,-7.273219423791425],[-34.913418853824936,-7.27326443650842],[-34.913464315674915,-7.273309449218402],[-34.913509777533946,-7.2733544619213735],[-34.913509969018314,-7.273399665823361],[-34.91355543089214,-7.273444678518022],[-34.91351035199072,-7.273490073627052]]}},{"type":"Feature","properties":{"id":517,"camada":"Linhas de fluxo principais A+B"},"geometry":{"type":"LineString","coordinates":[[-34.91839858747673,-7.273243378156683],[-34.91844404968969,-7.273288390237575],[-34.9184895119117,-7.273333402311449],[-34.91853497414276,-7.273378414378303],[-34.91858024439064,-7.2733782226709],[-34.91862570663404,-7.273423234725013],[-34.91867116888649,-7.273468246772108],[-34.91871663114799,-7.273513258812183],[-34.918761901404544,-7.2735130670831],[-34.91880736367838,-7.273558079110433],[-34.91885282596127,-7.273603091130748],[-34.9188982882532,-7.27364810314404],[-34.918943750554185,-7.273693115150312],[-34.91898902082271,-7.273692923393828],[-34.91903448313603,-7.27373793538736],[-34.91907994545841,-7.273782947373873],[-34.91912540778983,-7.273827959353363],[-34.919170870130294,-7.273872971325834],[-34.91921614041078,-7.273872779541947],[-34.91926141069005,-7.273872587753543],[-34.91930687304616,-7.27391759970755]]}},{"type":"Feature","properties":{"id":518,"camada":"Linhas de fluxo principais A+B"},"geometry":{"type":"LineString","coordinates":[[-34.91835331723751,-7.273243569842408],[-34.91839858747673,-7.273243378156683]]}},{"type":"Feature","properties":{"id":519,"camada":"Linhas de fluxo principais A+B"},"geometry":{"type":"LineString","coordinates":[[-34.9194401867907,-7.273329375627561],[-34.91944037886764,-7.2733745793720175],[-34.9194858411737,-7.273419591317431],[-34.91953130348881,-7.273464603255826],[-34.91957676581296,-7.2735096151872],[-34.919622036046235,-7.273509423372294],[-34.91966749838273,-7.273554435290926],[-34.91966769048842,-7.273599639028884],[-34.91966788259533,-7.273644842766747],[-34.91966807470346,-7.273690046504514],[-34.91966826681282,-7.273735250242186],[-34.91971353706626,-7.273735058412225],[-34.919758999438095,-7.273780070312917],[-34.919804461818984,-7.273825082206583],[-34.919849924208926,-7.273870094093232],[-34.91985011634128,-7.273915297825705]]}},{"type":"Feature","properties":{"id":520,"camada":"Linhas de fluxo principais A+B"},"geometry":{"type":"LineString","coordinates":[[-34.92007416188334,-7.27337189379261],[-34.92002908381287,-7.27341728937777],[-34.92002927595106,-7.2734624931063765],[-34.920074738311484,-7.273507504974814],[-34.92012000853127,-7.273507313110223],[-34.92016547090404,-7.273552324965915],[-34.92021074112589,-7.273552133091085],[-34.920256203511016,-7.273597144934037],[-34.92030166590517,-7.273642156769963],[-34.9203469361324,-7.273641964879172],[-34.9203923985389,-7.273686976702356],[-34.920437668768194,-7.273686784801326],[-34.92048313118705,-7.2737317966117665],[-34.92052859361495,-7.273776808415187],[-34.92057405605189,-7.273821820211581],[-34.92061932628985,-7.273821628288868],[-34.920664596526585,-7.273821436361638],[-34.92070986676209,-7.27382124442989],[-34.92075513699636,-7.273821052493627]]}},{"type":"Feature","properties":{"id":521,"camada":"Linhas de fluxo principais A+B"},"geometry":{"type":"LineString","coordinates":[[-34.91667889292491,-7.273386270492876],[-34.91672397141747,-7.273340875153995],[-34.916769049900985,-7.273295479812904],[-34.91681432018758,-7.2732952882840625],[-34.91685939865631,-7.273249892937455],[-34.91690466893593,-7.273249701400782],[-34.91694974738986,-7.273204306048656],[-34.91699501766251,-7.273204114504153],[-34.917040096101644,-7.273158719146507],[-34.91703990427057,-7.273113515337783],[-34.917084982697354,-7.273068119979037],[-34.917130061115095,-7.273022724618085],[-34.917175139523785,-7.272977329254926],[-34.91717494768404,-7.2729321254494295]]}},{"type":"Feature","properties":{"id":522,"camada":"Linhas de fluxo principais A+B"},"geometry":{"type":"LineString","coordinates":[[-34.91346489011446,-7.273445060927968],[-34.91351035199072,-7.273490073627052]]}},{"type":"Feature","properties":{"id":523,"camada":"Linhas de fluxo principais A+B"},"geometry":{"type":"LineString","coordinates":[[-34.91351035199072,-7.273490073627052],[-34.91355581387603,-7.273535086319123],[-34.91355600536981,-7.27358029021953],[-34.91355619686482,-7.273625494119843],[-34.913601658770666,-7.273670506802306],[-34.91364712068556,-7.273715519477758],[-34.9136925826095,-7.273760532146195],[-34.91373804454249,-7.27380554480762],[-34.91378350648453,-7.273850557462029],[-34.91382896843562,-7.273895570109425],[-34.91387443039575,-7.273940582749808],[-34.91391989236494,-7.273985595383176],[-34.913965162796444,-7.27398540412088],[-34.914010433226736,-7.273985212854067],[-34.914055512101264,-7.2739398176963945],[-34.914100782524585,-7.273939626421748],[-34.914146052946684,-7.273939435142585],[-34.91419132336757,-7.273939243858904],[-34.914236593787216,-7.2739390525707055],[-34.914281864205655,-7.27393886127799],[-34.91432732620455,-7.273983873859892],[-34.914327517787456,-7.274029077738935],[-34.91437297980114,-7.274074090312526],[-34.914418250229474,-7.274073899002655],[-34.91446352065659,-7.274073707688266],[-34.91450859948026,-7.274028312495222],[-34.9145538699004,-7.274028121172999]]}},{"type":"Feature","properties":{"id":524,"camada":"Linhas de fluxo principais A+B"},"geometry":{"type":"LineString","coordinates":[[-34.91704163079432,-7.273520349612874],[-34.91708690109619,-7.273520158050917],[-34.91713236324798,-7.273565170289905],[-34.917177825408814,-7.273610182521876],[-34.91722328757869,-7.273655194746828],[-34.917268557889244,-7.273655003163194],[-34.91731402007147,-7.273700015375409],[-34.917359482262746,-7.273745027580606],[-34.91740475257867,-7.273744835981015],[-34.917450214782285,-7.273789848173474],[-34.91749567699496,-7.273834860358912],[-34.917541139216674,-7.273879872537334],[-34.91758660144745,-7.273924884708736],[-34.917631871775335,-7.273924693081748],[-34.91767733401845,-7.27396970524041],[-34.91772279627061,-7.274014717392054],[-34.91776806660387,-7.274014525749108],[-34.91781352886838,-7.274059537888011],[-34.917858991141934,-7.2741045500198975],[-34.917904453424526,-7.274149562144764],[-34.91794991571618,-7.274194574262613],[-34.917995378016876,-7.27423958637344],[-34.91804064836541,-7.274239394697371],[-34.91808611067845,-7.274284406795461],[-34.91813157300055,-7.274329418886531],[-34.91817703533169,-7.274374430970579],[-34.91822230568889,-7.27437423927283]]}},{"type":"Feature","properties":{"id":525,"camada":"Linhas de fluxo principais A+B"},"geometry":{"type":"LineString","coordinates":[[-34.91509519830368,-7.273573786363551],[-34.91514066031603,-7.273618798852892],[-34.91518612233741,-7.273663811335216],[-34.915231584367845,-7.273708823810525],[-34.915277046407326,-7.273753836278819],[-34.91532250845585,-7.2737988487401],[-34.91532270013339,-7.273844052593085],[-34.915368162196714,-7.273889065046052],[-34.915413624269085,-7.273934077492003],[-34.91541381595934,-7.273979281342301],[-34.915459278046505,-7.274024293779938],[-34.915504740142715,-7.274069306210559],[-34.91550493184569,-7.27411451005817],[-34.9155503939567,-7.274159522480477],[-34.91559585607675,-7.27420453489577]]}},{"type":"Feature","properties":{"id":526,"camada":"Linhas de fluxo principais A+B"},"geometry":{"type":"LineString","coordinates":[[-34.921659772188235,-7.27363639808136],[-34.92170485006819,-7.273591002371432],[-34.92174992793909,-7.2735456066593],[-34.92179500580095,-7.273500210944969],[-34.92184008365376,-7.273454815228438],[-34.92188516149753,-7.273409419509707],[-34.921884969175096,-7.2733642158304255],[-34.9218847768539,-7.273319012151048],[-34.92188458453393,-7.273273808471576],[-34.92188439221519,-7.273228604792009],[-34.921929470036716,-7.2731832090755235],[-34.921929277715904,-7.273138005396975],[-34.92192908539632,-7.273092801718327],[-34.92192889307796,-7.273047598039587],[-34.921973970880565,-7.273002202324233],[-34.92201904867411,-7.272956806606679],[-34.92201885635039,-7.272911602930065],[-34.922018664027895,-7.272866399253355],[-34.922018471706636,-7.272821195576553],[-34.92201827938659,-7.272775991899655],[-34.92206335715791,-7.272730596184343],[-34.922063164835805,-7.272685392508461],[-34.92206297251492,-7.272640188832486],[-34.922062780195276,-7.272594985156411],[-34.922062587876844,-7.272549781480243],[-34.92206239555965,-7.272504577803979],[-34.92206220324368,-7.272459374127621],[-34.92206201092893,-7.272414170451168],[-34.922061818615425,-7.272368966774621],[-34.92206162630313,-7.272323763097978],[-34.92206143399207,-7.272278559421241],[-34.9221065117214,-7.2722331637148425],[-34.92210631940827,-7.272187960039119],[-34.92210612709637,-7.2721427563633],[-34.9221059347857,-7.2720975526873906],[-34.92210574247625,-7.272052349011386]]}},{"type":"Feature","properties":{"id":527,"camada":"Linhas de fluxo principais A+B"},"geometry":{"type":"LineString","coordinates":[[-34.91636315144575,-7.273658833977635],[-34.91640842177955,-7.273658642479825],[-34.9164535003264,-7.273613247154185],[-34.91649857886419,-7.2735678518263365],[-34.91654365739294,-7.273522456496282],[-34.91658873591264,-7.273477061164019],[-34.9166338144233,-7.27343166582955],[-34.91667889292491,-7.273386270492876]]}},{"type":"Feature","properties":{"id":528,"camada":"Linhas de fluxo principais A+B"},"geometry":{"type":"LineString","coordinates":[[-34.920754752556824,-7.2737306450764],[-34.920754944775986,-7.273775848785063],[-34.92080021500451,-7.273775656845487],[-34.92084567746124,-7.273820668607547]]}},{"type":"Feature","properties":{"id":529,"camada":"Linhas de fluxo principais A+B"},"geometry":{"type":"LineString","coordinates":[[-34.91192703547136,-7.273767986737332],[-34.911927226808395,-7.273813190680473],[-34.91192741814665,-7.273858394623515],[-34.91192760948613,-7.273903598566466],[-34.91192780082683,-7.273948802509321],[-34.91192799216875,-7.27399400645208],[-34.91192818351188,-7.274039210394745],[-34.91192837485625,-7.274084414337313],[-34.91192856620184,-7.274129618279789],[-34.911928757548644,-7.274174822222168],[-34.911928948896666,-7.274220026164453],[-34.91192914024592,-7.274265230106641],[-34.911929331596376,-7.274310434048739],[-34.91192952294807,-7.2743556379907375],[-34.911929714300975,-7.274400841932643],[-34.91192990565511,-7.2744460458744555],[-34.911930097010455,-7.274491249816168],[-34.91193028836703,-7.274536453757786],[-34.91193047972482,-7.274581657699311]]}},{"type":"Feature","properties":{"id":530,"camada":"Linhas de fluxo principais A+B"},"geometry":{"type":"LineString","coordinates":[[-34.92084567746124,-7.273820668607547],[-34.92089113992701,-7.273865680362587],[-34.92093660240184,-7.273910692110603],[-34.920982064885706,-7.273955703851597],[-34.92102752737863,-7.274000715585568],[-34.92107298988059,-7.274045727312515],[-34.92111826012767,-7.2740455353340865],[-34.92116353037353,-7.274045343351141],[-34.92120880061816,-7.274045151363679],[-34.921254070861565,-7.274044959371699],[-34.92129934110373,-7.2740447673752024],[-34.92134461134468,-7.274044575374187],[-34.9213898815844,-7.274044383368656],[-34.9214351518229,-7.274044191358607],[-34.92148022976127,-7.273998795655238],[-34.921525307690594,-7.273953399949668],[-34.92157038561088,-7.273908004241897],[-34.92161565583089,-7.273907812217397],[-34.92161546352211,-7.273862608531926],[-34.92161527121455,-7.273817404846358],[-34.921615078908225,-7.273772201160698],[-34.92161488660312,-7.273726997474941],[-34.92161469429924,-7.273681793789089],[-34.921659772188235,-7.27363639808136]]}},{"type":"Feature","properties":{"id":531,"camada":"Linhas de fluxo principais A+B"},"geometry":{"type":"LineString","coordinates":[[-34.92075513699636,-7.273821052493627],[-34.920800407229414,-7.273820860552846],[-34.92084567746124,-7.273820668607547]]}},{"type":"Feature","properties":{"id":532,"camada":"Linhas de fluxo principais A+B"},"geometry":{"type":"LineString","coordinates":[[-34.91962338077151,-7.2738258495451005],[-34.91966865103522,-7.273825657717247],[-34.91971411341527,-7.2738706696210595],[-34.919759575804356,-7.273915681517852],[-34.91980484607343,-7.273915489674038],[-34.91985011634128,-7.273915297825705]]}},{"type":"Feature","properties":{"id":533,"camada":"Linhas de fluxo principais A+B"},"geometry":{"type":"LineString","coordinates":[[-34.91717878471162,-7.273836201541274],[-34.91722405504149,-7.273836009957345],[-34.91726932537013,-7.273835818368899],[-34.91731478757535,-7.273880830575922],[-34.917360057906066,-7.273880638977239],[-34.91740552012364,-7.273925651171522],[-34.917405712012936,-7.273970854968912],[-34.9174511742453,-7.27401586715488],[-34.91749644458591,-7.274015675539036],[-34.9175417149253,-7.274015483918674],[-34.91758717717331,-7.2740604960861805],[-34.917632639430366,-7.27410550824667],[-34.91763283134719,-7.274150712037662],[-34.91763302326523,-7.274195915828563],[-34.9176332151845,-7.274241119619364],[-34.91767867746785,-7.274286131768942],[-34.917678869394095,-7.274331335558352],[-34.91767906132156,-7.274376539347666],[-34.91772452362545,-7.274421551487629],[-34.9177699859384,-7.274466563620568],[-34.91781544826039,-7.274511575746489],[-34.917815640206335,-7.274556779531814],[-34.91786110254313,-7.274601791649417],[-34.91781602410188,-7.274647187102182],[-34.91781621605149,-7.274692390887221]]}},{"type":"Feature","properties":{"id":534,"camada":"Linhas de fluxo principais A+B"},"geometry":{"type":"LineString","coordinates":[[-34.91622829927095,-7.273885427589168],[-34.91627376140602,-7.273930439926452],[-34.91631922355014,-7.273975452256717],[-34.91636468570332,-7.274020464579966],[-34.91636487749102,-7.274065668404829],[-34.91641033965899,-7.274110680719763],[-34.916455801836,-7.274155693027677],[-34.91650126402207,-7.274200705328579],[-34.91654672621717,-7.274245717622458],[-34.91659218842133,-7.274290729909324],[-34.91663765063454,-7.2743357421891695],[-34.91668311285679,-7.2743807544619985],[-34.916728575088094,-7.274425766727812],[-34.91677403732845,-7.274470778986603],[-34.91681949957785,-7.274515791238378],[-34.916864961836296,-7.274560803483133],[-34.91691042410378,-7.274605815720871],[-34.916955886380336,-7.274650827951595],[-34.91700134866593,-7.274695840175296],[-34.917046810960564,-7.27474085239198],[-34.91709227326426,-7.274785864601644],[-34.917137543691574,-7.274785673001487],[-34.91718300600761,-7.274830685198413],[-34.917228468332695,-7.274875697388319],[-34.91727393066684,-7.274920709571207],[-34.91731939301002,-7.274965721747078],[-34.91736485536225,-7.275010733915925],[-34.91741031772354,-7.275055746077758],[-34.91745578009387,-7.27510075823257],[-34.91750124247324,-7.2751457703803615],[-34.91754670486167,-7.275190782521136],[-34.91759216725915,-7.27523579465489],[-34.91763762966568,-7.275280806781623],[-34.917683092081255,-7.275325818901339],[-34.917728554505885,-7.275370831014035],[-34.91777401693956,-7.275415843119709],[-34.91781947938228,-7.275460855218366],[-34.917864941834054,-7.27550586731],[-34.91791040429488,-7.275550879394616],[-34.91795586676476,-7.275595891472209],[-34.91800132924368,-7.275640903542786],[-34.918046791731655,-7.27568591560634],[-34.91804698373206,-7.2757311193831775],[-34.91800190523133,-7.275776514876908],[-34.91795682672154,-7.275821910368433],[-34.91795701871657,-7.275867114147392],[-34.91800248122999,-7.2759121262101765],[-34.918002673231996,-7.2759573299877385],[-34.91795759470901,-7.276002725483699],[-34.91800305723968,-7.276047737542589],[-34.91800324924536,-7.27609294131987],[-34.91800344125227,-7.276138145097054],[-34.91804871179083,-7.276137953370438],[-34.91809398232817,-7.276137761639302],[-34.91813925286429,-7.276137569903649]]}},{"type":"Feature","properties":{"id":535,"camada":"Linhas de fluxo principais A+B"},"geometry":{"type":"LineString","coordinates":[[-34.91985011634128,-7.273915297825705],[-34.919895578746015,-7.273960309704032],[-34.9199410411598,-7.274005321575336],[-34.91998631143302,-7.274005129711045]]}},{"type":"Feature","properties":{"id":536,"camada":"Linhas de fluxo principais A+B"},"geometry":{"type":"LineString","coordinates":[[-34.91930687304616,-7.27391759970755],[-34.919352143327494,-7.2739174079089075],[-34.919397413607605,-7.273917216105748],[-34.919442875979364,-7.27396222804129],[-34.91948814626154,-7.273962036227893],[-34.91953341654251,-7.273961844409976],[-34.91957868682223,-7.273961652587544],[-34.91962395710073,-7.273961460760594],[-34.91966941949473,-7.274006472666229],[-34.91971468977531,-7.274006280829041],[-34.91976015218165,-7.274051292721932],[-34.91980542246429,-7.274051100874504],[-34.91985088488298,-7.274096112754653],[-34.919896155167706,-7.274095920896987],[-34.91994123330489,-7.274050525305116],[-34.91998631143302,-7.274005129711045]]}},{"type":"Feature","properties":{"id":537,"camada":"Linhas de fluxo principais A+B"},"geometry":{"type":"LineString","coordinates":[[-34.91903525133241,-7.273918750404545],[-34.9190805216211,-7.273918558633005],[-34.91912579190856,-7.2739183668569485],[-34.9191710621948,-7.273918175076375],[-34.91921633247981,-7.273917983291284],[-34.9192616027636,-7.273917791501676],[-34.91930687304616,-7.27391759970755]]}},{"type":"Feature","properties":{"id":538,"camada":"Linhas de fluxo principais A+B"},"geometry":{"type":"LineString","coordinates":[[-34.91563997619004,-7.273933120396012],[-34.915685438287966,-7.2739781328063495],[-34.91568563000659,-7.274023336649343],[-34.91568582172643,-7.274068540492238],[-34.9156860134475,-7.274113744335042],[-34.91564093476665,-7.274159139616509],[-34.91559585607675,-7.27420453489577]]}},{"type":"Feature","properties":{"id":539,"camada":"Linhas de fluxo principais A+B"},"geometry":{"type":"LineString","coordinates":[[-34.91170163972411,-7.273994961701996],[-34.91170183104463,-7.27404016565066],[-34.91170202236638,-7.2740853695992245],[-34.911702213689345,-7.2741305735476995],[-34.91170240501352,-7.274175777496077],[-34.911702596338934,-7.27422098144436],[-34.911702787665554,-7.2742661853925465],[-34.911702978993404,-7.2743113893406415],[-34.91170317032247,-7.2743565932886405],[-34.911748632184846,-7.274401606184797],[-34.91179409405626,-7.274446619073945],[-34.91183955593674,-7.274491631956079],[-34.91188501782626,-7.274536644831201],[-34.91193047972482,-7.274581657699311]]}},{"type":"Feature","properties":{"id":540,"camada":"Linhas de fluxo principais A+B"},"geometry":{"type":"LineString","coordinates":[[-34.92052955461602,-7.274002826987193],[-34.920574824873306,-7.2740026350641775],[-34.92062009512935,-7.274002443136643],[-34.920665365384174,-7.274002251204593],[-34.920710635637775,-7.2740020592680255],[-34.92071044341701,-7.273956855558634],[-34.92071025119748,-7.273911651849147],[-34.92071005897917,-7.273866448139568],[-34.92075513699636,-7.273821052493627]]}},{"type":"Feature","properties":{"id":541,"camada":"Linhas de fluxo principais A+B"},"geometry":{"type":"LineString","coordinates":[[-34.91998631143302,-7.274005129711045],[-34.92003177385915,-7.274050141569605],[-34.920077236294325,-7.274095153421145],[-34.920122698738545,-7.274140165265661],[-34.92016816119182,-7.274185177103159],[-34.920213431477,-7.274184985211459],[-34.920258893942616,-7.274229997036209]]}},{"type":"Feature","properties":{"id":542,"camada":"Linhas de fluxo principais A+B"},"geometry":{"type":"LineString","coordinates":[[-34.9145538699004,-7.274028121172999],[-34.914599331930596,-7.274073133717997],[-34.914644793969835,-7.274118146255984],[-34.91469025601813,-7.274163158786952],[-34.91473571807547,-7.2742081713109075],[-34.9147359097052,-7.2742533751786596],[-34.91478137177734,-7.274298387694306],[-34.91482683385852,-7.274343400202933],[-34.91482702550097,-7.274388604067999],[-34.914872487596945,-7.2744336165683166],[-34.914917949701966,-7.274478629061615],[-34.91496341181604,-7.274523641547898],[-34.915008873939165,-7.274568654027165],[-34.91500906560582,-7.274613857886949],[-34.91505452774374,-7.274658870357908],[-34.915099989890706,-7.274703882821847],[-34.91514526036281,-7.274703691422875],[-34.915190530833705,-7.274703500019386],[-34.91523580130337,-7.274703308611379],[-34.91528088007555,-7.27465791334647],[-34.915325958838686,-7.274612518079346],[-34.91537122929564,-7.27461232666019],[-34.91541630804397,-7.274566931387548],[-34.91546177020585,-7.274611943808324],[-34.91550723237678,-7.274656956222089],[-34.91555269455676,-7.2747019686288334],[-34.91559815674578,-7.274746981028561],[-34.915643618943854,-7.274791993421273],[-34.91568888941033,-7.2747918019656845],[-34.915734351620756,-7.274836814345658],[-34.91577981384023,-7.274881826718617],[-34.915825276068745,-7.274926839084555],[-34.91587073830632,-7.27497185144348],[-34.915916200552935,-7.275016863795385],[-34.9159616628086,-7.275061876140275],[-34.91600712507332,-7.275106888478146],[-34.91605258734708,-7.275151900808999],[-34.916098049629895,-7.275196913132839],[-34.91614351192177,-7.275241925449658],[-34.91618897422268,-7.275286937759457],[-34.91623443653263,-7.275331950062243],[-34.91627989885165,-7.27537696235801],[-34.916280090667016,-7.275422166182427],[-34.916325553000824,-7.275467178469877]]}},{"type":"Feature","properties":{"id":543,"camada":"Linhas de fluxo principais A+B"},"geometry":{"type":"LineString","coordinates":[[-34.91500676568659,-7.2740714115632565],[-34.915052036097805,-7.274071220190144],[-34.915097114846766,-7.274025824953993],[-34.915142385251016,-7.274025633573046],[-34.91518765565404,-7.274025442187583],[-34.91523292605584,-7.274025250797602],[-34.915278388135555,-7.274070263256817],[-34.91532385022431,-7.274115275709019],[-34.91536931232211,-7.274160288154204],[-34.91541477442897,-7.2742053005923735],[-34.915460044842746,-7.274205109174999],[-34.9155053152553,-7.274204917753106],[-34.915550585666644,-7.274204726326698],[-34.91559604779245,-7.27424973874069]]}},{"type":"Feature","properties":{"id":544,"camada":"Linhas de fluxo principais A+B"},"geometry":{"type":"LineString","coordinates":[[-34.918130997089776,-7.274193807554118],[-34.91813118905881,-7.274239011331681],[-34.91813138102907,-7.274284215109154],[-34.91817684335446,-7.274329227194502],[-34.91822230568889,-7.27437423927283]]}},{"type":"Feature","properties":{"id":545,"camada":"Linhas de fluxo principais A+B"},"geometry":{"type":"LineString","coordinates":[[-34.91559585607675,-7.27420453489577],[-34.91559604779245,-7.27424973874069]]}},{"type":"Feature","properties":{"id":546,"camada":"Linhas de fluxo principais A+B"},"geometry":{"type":"LineString","coordinates":[[-34.920258893942616,-7.274229997036209],[-34.92030435641728,-7.27427500885394],[-34.92034962670783,-7.2742748169462805],[-34.92039508919484,-7.274319828751264],[-34.920440359487465,-7.274319636833365],[-34.92048543757214,-7.274274241196196],[-34.920530707857786,-7.274274049270468],[-34.92057597814221,-7.27427385734022],[-34.920621440645704,-7.274318869116592],[-34.92066690315825,-7.27436388088594],[-34.92066709538553,-7.274409084595685],[-34.92071236567984,-7.274408892648269]]}},{"type":"Feature","properties":{"id":547,"camada":"Linhas de fluxo principais A+B"},"geometry":{"type":"LineString","coordinates":[[-34.91559604779245,-7.27424973874069],[-34.9156415099273,-7.27429475114767],[-34.9156869720712,-7.274339763547631],[-34.9157320507595,-7.274294368258421],[-34.91577732117376,-7.274294176807021],[-34.91582239984728,-7.274248781512283],[-34.91582220810896,-7.274203577673374],[-34.91586728677012,-7.274158182377538],[-34.91591236542224,-7.274112787079494],[-34.91595763581351,-7.274112595614834],[-34.91600271445083,-7.274067200311265],[-34.9160477930791,-7.274021805005493],[-34.916092871698325,-7.27397640969751],[-34.9161379503085,-7.273931014387319],[-34.91618302890963,-7.273885619074922],[-34.91622829927095,-7.273885427589168]]}},{"type":"Feature","properties":{"id":548,"camada":"Linhas de fluxo principais A+B"},"geometry":{"type":"LineString","coordinates":[[-34.919716034658315,-7.274322706977668],[-34.9197614971049,-7.2743677188614635],[-34.91980676741922,-7.2743675270056025],[-34.91985203773231,-7.274367335145225],[-34.91989730804417,-7.2743671432803305]]}},{"type":"Feature","properties":{"id":549,"camada":"Linhas de fluxo principais A+B"},"geometry":{"type":"LineString","coordinates":[[-34.91989730804417,-7.2743671432803305],[-34.91994238620114,-7.274321747681803],[-34.91998765650603,-7.2743215558090775],[-34.9200329268097,-7.274321363931835],[-34.92007800494611,-7.274275968324478],[-34.920123275242794,-7.2742757764394055],[-34.92016854553826,-7.274275584549816],[-34.920213623654135,-7.274230188933629],[-34.920258893942616,-7.274229997036209]]}},{"type":"Feature","properties":{"id":550,"camada":"Linhas de fluxo principais A+B"},"geometry":{"type":"LineString","coordinates":[[-34.91822230568889,-7.27437423927283],[-34.91826776803238,-7.27441925134414],[-34.918313230384925,-7.2744642634084276],[-34.9183585007475,-7.274464071694718],[-34.91840396311238,-7.274509083746264],[-34.918449425486315,-7.274554095790791],[-34.918494887869294,-7.274599107828296],[-34.918540158240546,-7.274598916092905],[-34.918585620635874,-7.274643928117675],[-34.918631083040246,-7.274688940135419],[-34.91867654545367,-7.2747339521461445],[-34.91872200787614,-7.274778964149847],[-34.918767470307664,-7.274823976146529],[-34.918812740694186,-7.274823784378013],[-34.91885820313805,-7.274868796361955],[-34.91890366559097,-7.274913808338874],[-34.91894893598287,-7.274913616554396],[-34.91899439844813,-7.274958628518574],[-34.91903986092244,-7.275003640475729],[-34.9190853234058,-7.275048652425864],[-34.91913059380637,-7.275048460619703],[-34.91917586420571,-7.275048268809023],[-34.91922094250416,-7.275002873246865],[-34.91926602079356,-7.274957477682502],[-34.91931129118017,-7.274957285860678],[-34.919356369454775,-7.274911890290797],[-34.919401639834405,-7.274911698461141],[-34.919446718094214,-7.274866302885743],[-34.91949198846687,-7.274866111048256],[-34.919537450965976,-7.274911122945068],[-34.91958252920852,-7.27486572735973],[-34.919627799577505,-7.274865535508689],[-34.91967287780526,-7.274820139917834],[-34.91971814816727,-7.274819948058963],[-34.91976322638022,-7.274774552462591],[-34.91980849673525,-7.274774360595891]]}},{"type":"Feature","properties":{"id":551,"camada":"Linhas de fluxo principais A+B"},"geometry":{"type":"LineString","coordinates":[[-34.92071236567984,-7.274408892648269],[-34.920757635972926,-7.274408700696338],[-34.92080290626479,-7.274408508739889],[-34.92084836880203,-7.274453520483745],[-34.92089363909596,-7.274453328517056],[-34.92093890938867,-7.274453136545849],[-34.92098437194154,-7.2744981482712365],[-34.921029834503464,-7.274543159989602],[-34.92107510480154,-7.274542968002432],[-34.92112037509839,-7.274542776010744],[-34.921165645394005,-7.274542584014539],[-34.9212109156884,-7.2745423920138155],[-34.92125618598156,-7.274542200008574],[-34.921301456273504,-7.274542007998818],[-34.92134672656422,-7.274541815984541],[-34.9213919968537,-7.2745416239657485],[-34.92143707483409,-7.274496228253474],[-34.92143688252745,-7.274451024564417],[-34.92148196049549,-7.274405628851052],[-34.921527038454485,-7.274360233135484],[-34.92157211640444,-7.274314837417717],[-34.92161719434534,-7.274269441697749],[-34.921662272277196,-7.2742240459755765],[-34.9216620799553,-7.274178842291978],[-34.92166188763463,-7.27413363860828],[-34.92166169531518,-7.274088434924492],[-34.92166150299696,-7.274043231240604],[-34.92166131067997,-7.273998027556625],[-34.92166111836421,-7.27395282387255],[-34.92166092604968,-7.273907620188379],[-34.921660733736374,-7.273862416504114],[-34.921660541424295,-7.273817212819752],[-34.92166034911344,-7.273772009135299],[-34.92166015680381,-7.273726805450746],[-34.92165996449541,-7.2736816017661],[-34.921659772188235,-7.27363639808136]]}},{"type":"Feature","properties":{"id":552,"camada":"Linhas de fluxo principais A+B"},"geometry":{"type":"LineString","coordinates":[[-34.91193047972482,-7.274581657699311],[-34.91193067108384,-7.27462686164074],[-34.91193086244407,-7.274672065582078],[-34.91193105380553,-7.274717269523319],[-34.91193124516821,-7.274762473464464],[-34.9119767070988,-7.274807486320383],[-34.91202216903845,-7.274852499169289],[-34.912067630987146,-7.274897512011186],[-34.91211309294489,-7.274942524846068],[-34.91215855491168,-7.2749875376739395]]}},{"type":"Feature","properties":{"id":553,"camada":"Linhas de fluxo principais A+B"},"geometry":{"type":"LineString","coordinates":[[-34.91107033915541,-7.27458528734445],[-34.91111560972267,-7.274585096351154],[-34.911160880288726,-7.274584905353341],[-34.91120615085356,-7.27458471435101],[-34.91125142141717,-7.274584523344162],[-34.91129669197956,-7.274584332332795],[-34.911341962540725,-7.274584141316911],[-34.91138723310067,-7.27458395029651],[-34.9114325036594,-7.274583759271589],[-34.911477774216905,-7.274583568242153],[-34.91152323609149,-7.274628581160423],[-34.91156869797512,-7.274673594071687],[-34.911614159867796,-7.274718606975934],[-34.91165962176952,-7.2747636198731715],[-34.9117050836803,-7.274808632763395],[-34.91175054560013,-7.274853645646607],[-34.911796007529,-7.274898658522808],[-34.91184146946693,-7.274943671391996],[-34.911886931413896,-7.274988684254173],[-34.91193239336991,-7.275033697109337],[-34.91197785533498,-7.27507870995749],[-34.91202331730911,-7.275123722798629],[-34.91206877929227,-7.275168735632754],[-34.91211424128449,-7.275213748459872],[-34.91215970328576,-7.275258761279972]]}},{"type":"Feature","properties":{"id":554,"camada":"Linhas de fluxo principais A+B"},"geometry":{"type":"LineString","coordinates":[[-34.917680020977265,-7.274602558292815],[-34.917680212912074,-7.274647762081566],[-34.9177254833099,-7.274647570426287],[-34.917770753706506,-7.274647378766494],[-34.91781621605149,-7.274692390887221]]}},{"type":"Feature","properties":{"id":555,"camada":"Linhas de fluxo principais A+B"},"geometry":{"type":"LineString","coordinates":[[-34.91618609731145,-7.274608880342854],[-34.91623155953519,-7.274653892665104],[-34.91623175132646,-7.2746990964922436],[-34.916231943118945,-7.2747443003192895],[-34.91627740536323,-7.274789312631922],[-34.91623232670759,-7.274834707973096],[-34.91627778896337,-7.274879720283134],[-34.91627798076528,-7.274924924108597],[-34.916278172568404,-7.274970127933966],[-34.91632363484473,-7.275015140234389],[-34.9163690971301,-7.275060152527797],[-34.91641455942453,-7.2751051648141845],[-34.91641475124613,-7.275150368635566],[-34.91641494306895,-7.275195572456854],[-34.91646040538392,-7.2752405847336306],[-34.91646059721372,-7.275285788553521],[-34.91650605954349,-7.275330800821984],[-34.91650625138025,-7.275376004640486],[-34.916551713724814,-7.275421016900628],[-34.916597176078426,-7.2754660291537565],[-34.9166426384411,-7.275511041399863]]}},{"type":"Feature","properties":{"id":556,"camada":"Linhas de fluxo principais A+B"},"geometry":{"type":"LineString","coordinates":[[-34.91781621605149,-7.274692390887221],[-34.91786167840553,-7.2747374030009295],[-34.91790714076862,-7.274782415107618],[-34.91795260314075,-7.274827427207287],[-34.91795279510883,-7.2748726309883365],[-34.917952987078145,-7.274917834769291],[-34.91795317904868,-7.27496303855015],[-34.91795337102044,-7.275008242330914],[-34.91799883342462,-7.275053254418371],[-34.918044295837845,-7.275098266498806],[-34.91804448782232,-7.275143470276877],[-34.918089950250355,-7.275188482348998],[-34.91813541268743,-7.275233494414094]]}},{"type":"Feature","properties":{"id":557,"camada":"Linhas de fluxo principais A+B"},"geometry":{"type":"LineString","coordinates":[[-34.91763532637729,-7.274738361311936],[-34.91763551831125,-7.274783565101599],[-34.91763571024644,-7.274828768891166],[-34.917681172604524,-7.274873781023865],[-34.91772663497166,-7.274918793149541],[-34.917772097347836,-7.274963805268202],[-34.9177722893015,-7.275009009053778],[-34.91781775169248,-7.275054021164119],[-34.91786321409251,-7.27509903326744],[-34.91790867650159,-7.27514404536374],[-34.91795413891972,-7.275189057453025],[-34.91799940936449,-7.275188865756201],[-34.91804487179497,-7.27523387783274],[-34.91809014224181,-7.275233686125676],[-34.91813541268743,-7.275233494414094]]}},{"type":"Feature","properties":{"id":558,"camada":"Linhas de fluxo principais A+B"},"geometry":{"type":"LineString","coordinates":[[-34.91980849673525,-7.274774360595891],[-34.91980830458412,-7.274729156864017],[-34.91980811243422,-7.2746839531320475],[-34.91985319062577,-7.274638557532379],[-34.91989826880828,-7.274593161930501],[-34.91994334698174,-7.274547766326426],[-34.91998861730925,-7.274547574447678],[-34.92003407980438,-7.27459258629064],[-34.92007915796059,-7.274547190676626],[-34.920124236107746,-7.274501795060411],[-34.920169506425836,-7.274501603164796],[-34.920214584558195,-7.2744562075430625],[-34.92025985486929,-7.274456015639619],[-34.92030512517917,-7.274455823731656],[-34.92035058768589,-7.274500835537162],[-34.92039585799783,-7.2745006436189605],[-34.92044112830855,-7.274500451696241],[-34.92048639861805,-7.274500259769003],[-34.92053166892632,-7.2745000678372485],[-34.920576747012674,-7.274454672189016],[-34.92062182508998,-7.274409276538581],[-34.92066728761403,-7.274454288305329],[-34.92071236567984,-7.274408892648269]]}},{"type":"Feature","properties":{"id":559,"camada":"Linhas de fluxo principais A+B"},"geometry":{"type":"LineString","coordinates":[[-34.91935579312975,-7.274776279059612],[-34.91940087138541,-7.2747308834908555],[-34.91944614174573,-7.2747306916614995],[-34.91949121998658,-7.274685296087225],[-34.91953629821839,-7.274639900510749],[-34.919581376441144,-7.274594504932063],[-34.91962664678299,-7.27459431308825],[-34.919671724990955,-7.274548917504053],[-34.919716803189864,-7.274503521917651],[-34.91976188137973,-7.274458126329046],[-34.91980715170309,-7.274457934470777],[-34.91985222987815,-7.274412538876657],[-34.91989730804417,-7.2743671432803305]]}},{"type":"Feature","properties":{"id":560,"camada":"Linhas de fluxo principais A+B"},"geometry":{"type":"LineString","coordinates":[[-34.91156927195456,-7.274809205923912],[-34.91161454253103,-7.274809014874924],[-34.91166000444425,-7.27485402776957],[-34.91170546636652,-7.274899040657206],[-34.91175092829783,-7.274944053537829],[-34.911796390238194,-7.274989066411441],[-34.911841852187614,-7.27503407927804]]}},{"type":"Feature","properties":{"id":561,"camada":"Linhas de fluxo principais A+B"},"geometry":{"type":"LineString","coordinates":[[-34.913742449793475,-7.274845234369376],[-34.91374264134079,-7.274890438262227],[-34.9136975623567,-7.274935833419906],[-34.91365248336356,-7.274981228575376],[-34.91360740436137,-7.2750266237286345],[-34.913562325350135,-7.2750720188796825],[-34.913517246329846,-7.275117414028517]]}},{"type":"Feature","properties":{"id":562,"camada":"Linhas de fluxo principais A+B"},"geometry":{"type":"LineString","coordinates":[[-34.91215817213009,-7.274897129804502],[-34.91215836352028,-7.2749423337392685],[-34.91215855491168,-7.2749875376739395]]}},{"type":"Feature","properties":{"id":563,"camada":"Linhas de fluxo principais A+B"},"geometry":{"type":"LineString","coordinates":[[-34.921212646310835,-7.274949225264467],[-34.921212838608355,-7.2749944289585065],[-34.9212130309071,-7.275039632652456],[-34.92121322320706,-7.2750848363463065],[-34.92121341550826,-7.275130040040061],[-34.921213607810685,-7.275175243733726],[-34.92121380011434,-7.275220447427292]]}},{"type":"Feature","properties":{"id":564,"camada":"Linhas de fluxo principais A+B"},"geometry":{"type":"LineString","coordinates":[[-34.91215855491168,-7.2749875376739395],[-34.91215874630431,-7.2750327416085145],[-34.91215893769815,-7.275077945542996],[-34.912159129093226,-7.275123149477383],[-34.912159320489515,-7.275168353411672],[-34.912159511887026,-7.2752135573458725],[-34.9122049738916,-7.275258570160255],[-34.912250435905214,-7.275303582967625],[-34.91229589792788,-7.2753485957679835],[-34.912341359959605,-7.27539360856133],[-34.91238682200037,-7.275438621347661],[-34.91243228405019,-7.2754836341269815],[-34.912477746109055,-7.275528646899286],[-34.91252320817697,-7.275573659664579],[-34.91256867025394,-7.275618672422857],[-34.912614132339954,-7.275663685174123],[-34.91265959443503,-7.275708697918375],[-34.91270505653914,-7.275753710655614],[-34.9127505186523,-7.275798723385838],[-34.91279598077452,-7.275843736109048],[-34.91284144290579,-7.275888748825245]]}},{"type":"Feature","properties":{"id":565,"camada":"Linhas de fluxo principais A+B"},"geometry":{"type":"LineString","coordinates":[[-34.91351686326946,-7.275027006231665],[-34.913517054799044,-7.27507221013014],[-34.913517246329846,-7.275117414028517]]}},{"type":"Feature","properties":{"id":566,"camada":"Linhas de fluxo principais A+B"},"geometry":{"type":"LineString","coordinates":[[-34.911841852187614,-7.27503407927804],[-34.91188731414607,-7.275079092137628],[-34.91193277611358,-7.275124104990202],[-34.91197823809015,-7.275169117835764],[-34.91202370007576,-7.275214130674316],[-34.912069162070416,-7.275259143505854]]}},{"type":"Feature","properties":{"id":567,"camada":"Linhas de fluxo principais A+B"},"geometry":{"type":"LineString","coordinates":[[-34.91179658159463,-7.275034270355614],[-34.911841852187614,-7.27503407927804]]}},{"type":"Feature","properties":{"id":568,"camada":"Linhas de fluxo principais A+B"},"geometry":{"type":"LineString","coordinates":[[-34.916640719956035,-7.275059003249504],[-34.91668618227026,-7.2751040155015705],[-34.91668637411902,-7.275149219315734],[-34.91673183644804,-7.275194231559488],[-34.916732028303755,-7.275239435372259],[-34.916732220160696,-7.275284639184937],[-34.91673241201887,-7.275329842997521],[-34.916687333381105,-7.275375238385141],[-34.916687525237194,-7.275420442198735],[-34.916687717094504,-7.275465646012238],[-34.9166426384411,-7.275511041399863]]}},{"type":"Feature","properties":{"id":569,"camada":"Linhas de fluxo principais A+B"},"geometry":{"type":"LineString","coordinates":[[-34.915327875889275,-7.275064556587856],[-34.91537333810778,-7.2751095690058065],[-34.91537352982531,-7.275154772854837],[-34.91541899205861,-7.275199785264478],[-34.915419183783115,-7.2752449891121165],[-34.915464646031204,-7.275290001513439],[-34.91550991655235,-7.275289810062701],[-34.91555518707227,-7.275289618607443],[-34.91560045759097,-7.27528942714767],[-34.91564572810844,-7.275289235683377],[-34.91569119037879,-7.275334248054805],[-34.91573665265818,-7.275379260419216],[-34.91578211494663,-7.275424272776608],[-34.91582757724413,-7.275469285126984],[-34.915873039550675,-7.275514297470342],[-34.915918310083434,-7.275514105972929],[-34.915963580614964,-7.275513914470999],[-34.91600885114528,-7.275513722964551],[-34.91605392987916,-7.2754683276233445],[-34.9160992004025,-7.275468136109063],[-34.916144662728854,-7.275513148418097],[-34.91619012506426,-7.275558160720115],[-34.916235203778456,-7.275512765364536],[-34.91628028248361,-7.275467370006751],[-34.916325553000824,-7.275467178469877]]}},{"type":"Feature","properties":{"id":570,"camada":"Linhas de fluxo principais A+B"},"geometry":{"type":"LineString","coordinates":[[-34.913517246329846,-7.275117414028517],[-34.91351743786187,-7.275162617926799],[-34.91347235882923,-7.275208013074531],[-34.91342727978754,-7.275253408220048],[-34.913382200736805,-7.275298803363353],[-34.91333712167702,-7.275344198504448],[-34.91329204260818,-7.2753895936433315],[-34.91329223412492,-7.275434797547046],[-34.91329242564287,-7.27548000145067],[-34.913247346558386,-7.2755253965895506],[-34.91324753807426,-7.2755706004941825],[-34.913247729591355,-7.275615804398718],[-34.91324792110968,-7.27566100830316],[-34.91324811262922,-7.275706212207508],[-34.913203033522464,-7.2757516073485995],[-34.91315795440666,-7.275797002487477],[-34.913112875281804,-7.275842397624144],[-34.91306779614791,-7.275887792758597]]}},{"type":"Feature","properties":{"id":571,"camada":"Linhas de fluxo principais A+B"},"geometry":{"type":"LineString","coordinates":[[-34.91881408509824,-7.2751402106832685],[-34.918859547582365,-7.275185222658118],[-34.918859739650735,-7.275230426414332],[-34.91890520214965,-7.275275438380858],[-34.918905394225,-7.2753206421356795],[-34.91890558630158,-7.2753658458904065],[-34.91895104882104,-7.275410857847313],[-34.91899631926148,-7.2754106660450715],[-34.91904158970069,-7.275410474238313],[-34.919086860138684,-7.275410282427037]]}},{"type":"Feature","properties":{"id":572,"camada":"Linhas de fluxo principais A+B"},"geometry":{"type":"LineString","coordinates":[[-34.92121380011434,-7.275220447427292],[-34.92121399241921,-7.275265651120762],[-34.92121418472532,-7.275310854814138],[-34.921214377032655,-7.275356058507421],[-34.92121456934121,-7.275401262200607],[-34.921214761650994,-7.275446465893698],[-34.92121495396201,-7.275491669586693],[-34.92121514627425,-7.275536873279596],[-34.921215338587714,-7.275582076972399],[-34.92121553090241,-7.275627280665112],[-34.921215723218324,-7.275672484357727]]}},{"type":"Feature","properties":{"id":573,"camada":"Linhas de fluxo principais A+B"},"geometry":{"type":"LineString","coordinates":[[-34.91813541268743,-7.275233494414094],[-34.91818068313182,-7.275233302697994],[-34.91818087513355,-7.275278506472169],[-34.91818106713651,-7.275323710246252],[-34.91822652959743,-7.275368722296011],[-34.918271800052956,-7.275368530567264],[-34.91831687848949,-7.275323135063623],[-34.91836214893804,-7.275322943327042],[-34.918362340960314,-7.275368147096216],[-34.91840780344019,-7.275413159121786],[-34.91845326592911,-7.27545817114034],[-34.91849853638756,-7.275457979386595],[-34.91854399888882,-7.275502991392403],[-34.91858926934934,-7.275502799628417],[-34.918634539808636,-7.275502607859915],[-34.9186798102667,-7.275502416086892],[-34.91872508072354,-7.275502224309353],[-34.918770351179155,-7.275502032527295],[-34.91881562163355,-7.275501840740719],[-34.918861084163666,-7.275546852705174]]}},{"type":"Feature","properties":{"id":574,"camada":"Linhas de fluxo principais A+B"},"geometry":{"type":"LineString","coordinates":[[-34.91215970328576,-7.275258761279972],[-34.91220516529607,-7.275303774093061],[-34.91225062731544,-7.275348786899138],[-34.912296089343855,-7.275393799698201],[-34.912341551381324,-7.2754388124902505],[-34.91238701342783,-7.27548382527529],[-34.9124324754834,-7.275528838053313],[-34.91247793754801,-7.275573850824324],[-34.91252339962167,-7.27561886358832],[-34.912568861704386,-7.2756638763453045],[-34.91261432379615,-7.2757088890952755],[-34.91265978589696,-7.275753901838231],[-34.91270524800682,-7.275798914574174],[-34.91275071012574,-7.275843927303103],[-34.9127961722537,-7.27588894002502],[-34.91284163439071,-7.27593395273992]]}},{"type":"Feature","properties":{"id":575,"camada":"Linhas de fluxo principais A+B"},"geometry":{"type":"LineString","coordinates":[[-34.912069162070416,-7.275259143505854],[-34.91211443267869,-7.2752589523951725],[-34.91215970328576,-7.275258761279972]]}},{"type":"Feature","properties":{"id":576,"camada":"Linhas de fluxo principais A+B"},"geometry":{"type":"LineString","coordinates":[[-34.91197862085019,-7.275259525713661],[-34.91202389146091,-7.2752593346120165],[-34.912069162070416,-7.275259143505854]]}},{"type":"Feature","properties":{"id":577,"camada":"Linhas de fluxo principais A+B"},"geometry":{"type":"LineString","coordinates":[[-34.91478577973091,-7.275338076596619],[-34.91483124194428,-7.275383089075427],[-34.914876704166694,-7.2754281015472175],[-34.91492197471731,-7.27542791015161],[-34.914967436952075,-7.275472922610667],[-34.91501270750477,-7.275472731204821],[-34.91505816975189,-7.2755177436511405],[-34.915103632008055,-7.2755627560904435],[-34.915149094273275,-7.275607768522727],[-34.91519455654754,-7.275652780947999],[-34.91524001883086,-7.275697793366251],[-34.91528548112323,-7.275742805777487],[-34.91533094342464,-7.275787818181705],[-34.915331135156,-7.275833022030514],[-34.915331326888584,-7.275878225879227],[-34.91537678921055,-7.275923238273834],[-34.91542225154156,-7.275968250661423],[-34.915377172690874,-7.27601364596838]]}},{"type":"Feature","properties":{"id":578,"camada":"Linhas de fluxo principais A+B"},"geometry":{"type":"LineString","coordinates":[[-34.91238643914911,-7.275348213492123],[-34.91238663057413,-7.2753934174199415],[-34.9124320926182,-7.275438430200553],[-34.91247755467132,-7.2754834429741555],[-34.912523016733495,-7.2755284557407425],[-34.912568478804715,-7.275573468500316],[-34.91261394088499,-7.275618481252876],[-34.912659402974306,-7.275663493998424],[-34.912704865072676,-7.275708506736957],[-34.91275032718009,-7.275753519468477],[-34.91279578929657,-7.275798532192983],[-34.91284125142208,-7.275843544910475]]}},{"type":"Feature","properties":{"id":579,"camada":"Linhas de fluxo principais A+B"},"geometry":{"type":"LineString","coordinates":[[-34.919086860138684,-7.275410282427037],[-34.91913193847502,-7.275364886862634],[-34.919177208906035,-7.275364695043524],[-34.91922228722757,-7.2753192994736],[-34.91926736554006,-7.275273903901472],[-34.91931263595835,-7.275273712071216],[-34.91935771425604,-7.275228316493571],[-34.91940279254469,-7.275182920913723],[-34.91944806295024,-7.275182729072323],[-34.91949314122409,-7.275137333486952],[-34.91953821948888,-7.275091937899381],[-34.91958329774462,-7.275046542309606],[-34.9196285681317,-7.2750463504537475],[-34.91967364637265,-7.275000954858452],[-34.91971872460455,-7.274955559260958],[-34.9197639949789,-7.274955367393954],[-34.919809073196,-7.274909971790939],[-34.91980888104119,-7.274864768059352],[-34.91980868888761,-7.274819564327667],[-34.91980849673525,-7.274774360595891]]}},{"type":"Feature","properties":{"id":580,"camada":"Linhas de fluxo principais A+B"},"geometry":{"type":"LineString","coordinates":[[-34.916325553000824,-7.275467178469877],[-34.916371015343685,-7.275512190750309],[-34.91641647769559,-7.275557203023724],[-34.91646194005655,-7.275602215290118],[-34.916507210582445,-7.275602023731564],[-34.91655267295575,-7.275647035985222],[-34.91659813533811,-7.2756920482318606],[-34.916643405869394,-7.275691856657346]]}},{"type":"Feature","properties":{"id":581,"camada":"Linhas de fluxo principais A+B"},"geometry":{"type":"LineString","coordinates":[[-34.911255247472084,-7.27548860251456],[-34.91130051812496,-7.275488411479207],[-34.91134578877662,-7.275488220439339],[-34.911391059427054,-7.27548802939495],[-34.91143633007628,-7.275487838346043],[-34.91148160072428,-7.275487647292617],[-34.91152687137105,-7.275487456234675],[-34.9115721420166,-7.275487265172212],[-34.911617412660945,-7.275487074105234],[-34.91166268330406,-7.275486883033736],[-34.91170795394595,-7.27548669195772],[-34.91175322458662,-7.275486500877184],[-34.91179849522607,-7.275486309792132],[-34.911843765864305,-7.275486118702562],[-34.911889036501314,-7.2754859276084725],[-34.91193430713711,-7.275485736509865],[-34.911979577771675,-7.27548554540674],[-34.91202484840502,-7.2754853542990965],[-34.912070119037146,-7.275485163186933],[-34.91211538966805,-7.275484972070254],[-34.91216066029774,-7.275484780949054],[-34.91220593092619,-7.275484589823338],[-34.91225120155344,-7.275484398693103],[-34.912296472179456,-7.27548420755835],[-34.91234174280426,-7.275484016419079],[-34.912387204856515,-7.27552902920282],[-34.91243266691782,-7.275574041979549],[-34.912478128988184,-7.2756190547492645],[-34.9125235910676,-7.275664067511967],[-34.912569053156055,-7.275709080267656],[-34.912614515253566,-7.275754093016332],[-34.91265997736012,-7.275799105757993],[-34.91270543947573,-7.275844118492641],[-34.91275090160039,-7.275889131220275],[-34.912796363734095,-7.275934143940895]]}},{"type":"Feature","properties":{"id":582,"camada":"Linhas de fluxo principais A+B"},"geometry":{"type":"LineString","coordinates":[[-34.9166426384411,-7.275511041399863],[-34.91664283029633,-7.275556245214378],[-34.9166430221528,-7.275601449028794],[-34.91664321401048,-7.275646652843118],[-34.916643405869394,-7.275691856657346]]}},{"type":"Feature","properties":{"id":583,"camada":"Linhas de fluxo principais A+B"},"geometry":{"type":"LineString","coordinates":[[-34.918861084163666,-7.275546852705174],[-34.918906354620134,-7.2755466609083586],[-34.91895143298937,-7.27550126535388],[-34.91899651134956,-7.2754558697972005],[-34.9190417817933,-7.275455677989237],[-34.919086860138684,-7.275410282427037]]}},{"type":"Feature","properties":{"id":584,"camada":"Linhas de fluxo principais A+B"},"geometry":{"type":"LineString","coordinates":[[-34.91881600577963,-7.27559224825413],[-34.918861084163666,-7.275546852705174]]}},{"type":"Feature","properties":{"id":585,"camada":"Linhas de fluxo principais A+B"},"geometry":{"type":"LineString","coordinates":[[-34.91691464526044,-7.275600299501259],[-34.916960107663456,-7.275645311703428],[-34.91696029955404,-7.275690515509237],[-34.91700576197185,-7.2757355277030875],[-34.91700595386941,-7.275780731507504],[-34.91700614576819,-7.275825935311826]]}},{"type":"Feature","properties":{"id":586,"camada":"Linhas de fluxo principais A+B"},"geometry":{"type":"LineString","coordinates":[[-34.913066647128254,-7.275616569304558],[-34.913066838628474,-7.275661773213803],[-34.913067030129916,-7.275706977122951],[-34.91306722163258,-7.275752181032006],[-34.91306741313647,-7.275797384940963],[-34.913067604641576,-7.275842588849829],[-34.91306779614791,-7.275887792758597]]}},{"type":"Feature","properties":{"id":587,"camada":"Linhas de fluxo principais A+B"},"geometry":{"type":"LineString","coordinates":[[-34.91284029402188,-7.2756175253351945],[-34.91284048549949,-7.275662729250442],[-34.912840676978306,-7.275707933165593],[-34.912840868458346,-7.275753137080648],[-34.9128410599396,-7.275798340995608],[-34.91284125142208,-7.275843544910475]]}},{"type":"Feature","properties":{"id":588,"camada":"Linhas de fluxo principais A+B"},"geometry":{"type":"LineString","coordinates":[[-34.921215723218324,-7.275672484357727],[-34.92121591553548,-7.275717688050248],[-34.921216107853844,-7.275762891742674],[-34.92121630017345,-7.275808095435005]]}},{"type":"Feature","properties":{"id":589,"camada":"Linhas de fluxo principais A+B"},"geometry":{"type":"LineString","coordinates":[[-34.916643405869394,-7.275691856657346],[-34.9166888682641,-7.2757368688912445],[-34.91673433066786,-7.275781881118124],[-34.91677979308067,-7.275826893337984],[-34.91682506362062,-7.27582670174179],[-34.91687033415935,-7.275826510141076],[-34.91691560469686,-7.275826318535845],[-34.91696087523314,-7.275826126926094],[-34.91700614576819,-7.275825935311826]]}},{"type":"Feature","properties":{"id":590,"camada":"Linhas de fluxo principais A+B"},"geometry":{"type":"LineString","coordinates":[[-34.9104866023918,-7.275717869312832],[-34.910531873088054,-7.275717678348296],[-34.91057714378308,-7.275717487379242],[-34.91062241447689,-7.27571729640567],[-34.91066768516948,-7.275717105427578],[-34.910712955860845,-7.275716914444969],[-34.910758226550996,-7.275716723457841],[-34.910803497239925,-7.275716532466194],[-34.91084876792764,-7.275716341470031],[-34.910894038614124,-7.275716150469347],[-34.91093930929939,-7.275715959464146],[-34.91098457998344,-7.275715768454426],[-34.91102985066627,-7.275715577440189],[-34.91107512134787,-7.275715386421433],[-34.91112039202826,-7.275715195398156],[-34.911165662707425,-7.275715004370364],[-34.91121093338537,-7.275714813338052],[-34.91125620406209,-7.275714622301222],[-34.911301474737606,-7.275714431259874],[-34.91134674541188,-7.275714240214007],[-34.911392016084946,-7.275714049163622],[-34.911437286756794,-7.275713858108719],[-34.91148255742741,-7.2757136670492955],[-34.91152782809681,-7.275713475985357],[-34.91157309876499,-7.275713284916897],[-34.91161836943195,-7.27571309384392],[-34.91166364009769,-7.275712902766425],[-34.91170891076221,-7.2757127116844105],[-34.91175418142551,-7.275712520597878],[-34.911799452087585,-7.275712329506828],[-34.911844722748434,-7.275712138411259],[-34.911889993408074,-7.275711947311171],[-34.911935264066486,-7.275711756206566],[-34.911980534723675,-7.275711565097442],[-34.91202580537965,-7.275711373983799],[-34.912071076034394,-7.2757111828656384],[-34.91211634668793,-7.275710991742959],[-34.91216161734024,-7.275710800615761],[-34.912206887991324,-7.2757106094840465],[-34.912252158641195,-7.275710418347811],[-34.91229742928983,-7.275710227207058],[-34.912342699937255,-7.275710036061787],[-34.91238797058346,-7.275709844911998],[-34.912433241228435,-7.27570965375769],[-34.912478511872195,-7.275709462598864],[-34.9125239739631,-7.275754475358976],[-34.91256943606305,-7.275799488112074],[-34.91261489817205,-7.2758445008581605],[-34.912660360290104,-7.275889513597231],[-34.91270582241721,-7.275934526329288]]}},{"type":"Feature","properties":{"id":591,"camada":"Linhas de fluxo principais A+B"},"geometry":{"type":"LineString","coordinates":[[-34.91700614576819,-7.275825935311826],[-34.91705141630202,-7.275825743693039],[-34.917096878743685,-7.275870755871552],[-34.917142341194406,-7.275915768043047],[-34.91718761173361,-7.2759155764083],[-34.91723307419667,-7.2759605885670515],[-34.91727853666879,-7.276005600718788],[-34.91732380721338,-7.276005409068078],[-34.91736926969784,-7.276050421207073],[-34.91741473219136,-7.276095433339047],[-34.91746000274132,-7.276095241672375],[-34.91750527329006,-7.276095050001185],[-34.91755054383757,-7.276094858325477]]}},{"type":"Feature","properties":{"id":592,"camada":"Linhas de fluxo principais A+B"},"geometry":{"type":"LineString","coordinates":[[-34.91315814592082,-7.275842206393941],[-34.913158337436194,-7.275887410300308],[-34.9131585289528,-7.275932614206582],[-34.913113449818034,-7.275978009346561],[-34.91311364133255,-7.276023213253846],[-34.91311383284829,-7.276068417161037],[-34.91311402436525,-7.276113621068131],[-34.91311421588344,-7.276158824975127],[-34.91311440740285,-7.27620402888203],[-34.91311459892347,-7.27624923278884],[-34.91311479044533,-7.2762944366955535]]}},{"type":"Feature","properties":{"id":593,"camada":"Linhas de fluxo principais A+B"},"geometry":{"type":"LineString","coordinates":[[-34.91284125142208,-7.275843544910475],[-34.91284144290579,-7.275888748825245]]}},{"type":"Feature","properties":{"id":594,"camada":"Linhas de fluxo principais A+B"},"geometry":{"type":"LineString","coordinates":[[-34.91252435686349,-7.275844883205604],[-34.91256981897494,-7.275889895956113],[-34.912615281095434,-7.275934908699607]]}},{"type":"Feature","properties":{"id":595,"camada":"Linhas de fluxo principais A+B"},"geometry":{"type":"LineString","coordinates":[[-34.91542186805463,-7.275877842969092],[-34.91542205979748,-7.275923046815307],[-34.9154675221318,-7.275968059197174],[-34.915512984475164,-7.276013071572028],[-34.91551317623074,-7.276058275415556],[-34.915468097384945,-7.276103670731359],[-34.91546828913844,-7.276148874575895]]}},{"type":"Feature","properties":{"id":596,"camada":"Linhas de fluxo principais A+B"},"geometry":{"type":"LineString","coordinates":[[-34.91306779614791,-7.275887792758597],[-34.91306798765545,-7.275932996667271],[-34.91306817916423,-7.275978200575846],[-34.91306837067422,-7.276023404484332],[-34.91306856218544,-7.276068608392723],[-34.91306875369787,-7.276113812301018],[-34.913068945211535,-7.276159016209213]]}},{"type":"Feature","properties":{"id":597,"camada":"Linhas de fluxo principais A+B"},"geometry":{"type":"LineString","coordinates":[[-34.91284144290579,-7.275888748825245],[-34.91284163439071,-7.27593395273992]]}},{"type":"Feature","properties":{"id":598,"camada":"Linhas de fluxo principais A+B"},"geometry":{"type":"LineString","coordinates":[[-34.915240977442394,-7.275923812622309],[-34.915286248033,-7.275923621177336],[-34.915331710357414,-7.275968633576365],[-34.915377172690874,-7.27601364596838]]}},{"type":"Feature","properties":{"id":599,"camada":"Linhas de fluxo principais A+B"},"geometry":{"type":"LineString","coordinates":[[-34.91284163439071,-7.27593395273992],[-34.91288709653678,-7.275978965447805],[-34.91293255869189,-7.276023978148681],[-34.91297802085605,-7.27606899084254],[-34.913023483029264,-7.276114003529385],[-34.913068945211535,-7.276159016209213]]}},{"type":"Feature","properties":{"id":600,"camada":"Linhas de fluxo principais A+B"},"geometry":{"type":"LineString","coordinates":[[-34.912796363734095,-7.275934143940895],[-34.91284163439071,-7.27593395273992]]}},{"type":"Feature","properties":{"id":601,"camada":"Linhas de fluxo principais A+B"},"geometry":{"type":"LineString","coordinates":[[-34.91270582241721,-7.275934526329288],[-34.91275109307627,-7.27593433513735],[-34.912796363734095,-7.275934143940895]]}},{"type":"Feature","properties":{"id":602,"camada":"Linhas de fluxo principais A+B"},"geometry":{"type":"LineString","coordinates":[[-34.912615281095434,-7.275934908699607],[-34.912660551756936,-7.275934717516707],[-34.91270582241721,-7.275934526329288]]}},{"type":"Feature","properties":{"id":603,"camada":"Linhas de fluxo principais A+B"},"geometry":{"type":"LineString","coordinates":[[-34.91257001043271,-7.275935099877989],[-34.912615281095434,-7.275934908699607]]}},{"type":"Feature","properties":{"id":604,"camada":"Linhas de fluxo principais A+B"},"geometry":{"type":"LineString","coordinates":[[-34.91329453242104,-7.275977244384232],[-34.91329472395367,-7.2760224482867155],[-34.913294915487505,-7.276067652189104],[-34.91329510702257,-7.276112856091395],[-34.91329529855886,-7.27615805999359],[-34.91329549009637,-7.276203263895691],[-34.91329568163509,-7.276248467797699],[-34.91329587317504,-7.2762936716996105],[-34.91329606471622,-7.276338875601426],[-34.91329625625861,-7.276384079503149],[-34.91329644780223,-7.276429283404775],[-34.91329663934707,-7.276474487306307]]}},{"type":"Feature","properties":{"id":605,"camada":"Linhas de fluxo principais A+B"},"geometry":{"type":"LineString","coordinates":[[-34.91994949670344,-7.27599428559577],[-34.919994574973394,-7.275948889953979],[-34.920039845439945,-7.275948698033365],[-34.92008492369511,-7.27590330238606],[-34.92013000194122,-7.275857906736548],[-34.920175272395035,-7.27585771480479],[-34.920220350626344,-7.275812319149761],[-34.92026581329898,-7.275857330927714],[-34.92031089151879,-7.27581193526606],[-34.92035616196318,-7.27581174331743],[-34.92040143240633,-7.275811551364284],[-34.92044670284827,-7.275811359406619],[-34.920491973288975,-7.275811167444436],[-34.920537243728454,-7.275810975477734],[-34.9205825141667,-7.275810783506515],[-34.92062778460373,-7.275810591530775],[-34.92067305503953,-7.275810399550518],[-34.920718325474105,-7.275810207565742],[-34.92076359590745,-7.275810015576449],[-34.92080886633957,-7.275809823582638],[-34.920854136770465,-7.275809631584307],[-34.92089940720013,-7.275809439581458],[-34.92094467762857,-7.275809247574092],[-34.920989948055784,-7.275809055562207],[-34.92103521848177,-7.2758088635458025],[-34.92108048890653,-7.2758086715248815],[-34.92112575933006,-7.2758084794994415],[-34.921171029752365,-7.275808287469482],[-34.92121630017345,-7.275808095435005]]}},{"type":"Feature","properties":{"id":606,"camada":"Linhas de fluxo principais A+B"},"geometry":{"type":"LineString","coordinates":[[-34.915377172690874,-7.27601364596838],[-34.91537736443287,-7.276058849815513],[-34.91542282678113,-7.276103862199213],[-34.91546828913844,-7.276148874575895]]}},{"type":"Feature","properties":{"id":607,"camada":"Linhas de fluxo principais A+B"},"geometry":{"type":"LineString","coordinates":[[-34.91755054383757,-7.276094858325477],[-34.917595622418915,-7.276049462857139],[-34.91764108492893,-7.276094474960504],[-34.91768635547277,-7.276094283271239],[-34.91773162601539,-7.276094091577457],[-34.91777708854106,-7.276139103662357],[-34.91782255107578,-7.276184115740238],[-34.917867821623766,-7.276183924030493],[-34.91786801361955,-7.276229127811099],[-34.917913476172366,-7.27627413987494],[-34.91795874672696,-7.27627394815375],[-34.918004017280325,-7.276273756428042],[-34.918049095817366,-7.276228360922117],[-34.918094174345356,-7.2761829654139865],[-34.91813925286429,-7.276137569903649]]}},{"type":"Feature","properties":{"id":608,"camada":"Linhas de fluxo principais A+B"},"geometry":{"type":"LineString","coordinates":[[-34.91813925286429,-7.276137569903649],[-34.918184523399184,-7.276137378163478],[-34.91822979393285,-7.2761371864187865],[-34.9182750644653,-7.276136994669577],[-34.91832033499651,-7.27613680291585],[-34.918365797570836,-7.2761818149250646],[-34.91841106810413,-7.276181623161096],[-34.91845614658281,-7.276136227627554],[-34.918501225052445,-7.276090832091809],[-34.91854630351303,-7.276045436553854],[-34.91859157402785,-7.276045244775423],[-34.91863665247364,-7.275999849231948],[-34.91868173091037,-7.275954453686267],[-34.91872700141246,-7.275954261896687],[-34.91877207983439,-7.27590886634549],[-34.91881715824728,-7.275863470792086],[-34.91886242873664,-7.275863278991358],[-34.918907507134726,-7.275817883432435],[-34.918952777617115,-7.275817691623875],[-34.918997856000395,-7.275772296059429],[-34.91904293437463,-7.27572690049278],[-34.91908801273982,-7.275681504923926],[-34.91913328320373,-7.275681313100906],[-34.91917836155411,-7.2756359175265315],[-34.91922363201105,-7.275635725695679],[-34.91926871034663,-7.275590330115786],[-34.919313788673165,-7.27554493453369],[-34.91935905911737,-7.275544742691691],[-34.91940413742911,-7.275499347104075],[-34.91944921573179,-7.275453951514256],[-34.91949448616327,-7.275453759661112],[-34.919539564451156,-7.275408364065773],[-34.919584642729994,-7.275362968468232],[-34.919629913148746,-7.2753627766039415],[-34.91967499141278,-7.275317381000881],[-34.91972006966777,-7.275271985395616],[-34.919765340073795,-7.27527179352018],[-34.919810418313986,-7.2752263979094005],[-34.91985549654512,-7.275181002296417],[-34.91990076693842,-7.275180810409838],[-34.91994584515476,-7.2751354147913325],[-34.91999111554109,-7.275135222896922],[-34.920036193742625,-7.275089827272905],[-34.92008127193511,-7.275044431646684],[-34.92012635011855,-7.274999036018257],[-34.92017162048639,-7.274998844109389],[-34.92021669865503,-7.27495344847545],[-34.92026177681463,-7.2749080528393035],[-34.92030685496517,-7.2748626572009565],[-34.92035212531454,-7.274862465277633],[-34.9203975878763,-7.274907477065716],[-34.92039778009115,-7.274952680781548],[-34.92044305044711,-7.274952488846778],[-34.92048832080185,-7.274952296907491],[-34.92053359115537,-7.2749521049636865],[-34.92057886150765,-7.274951913015362],[-34.92062413185871,-7.2749517210625205],[-34.92066959445176,-7.274996732813666],[-34.92071486480489,-7.274996540850585],[-34.92076013515679,-7.274996348882985],[-34.92080540550747,-7.274996156910867],[-34.92085067585692,-7.274995964934233],[-34.92089594620514,-7.274995772953079],[-34.92094121655214,-7.274995580967408],[-34.92098648689791,-7.274995388977219],[-34.9210319495231,-7.275040400681282],[-34.92107741215733,-7.275085412378319],[-34.921122874800616,-7.275130424068332],[-34.921168337452954,-7.275175435751326],[-34.92121380011434,-7.275220447427292]]}},{"type":"Feature","properties":{"id":609,"camada":"Linhas de fluxo principais A+B"},"geometry":{"type":"LineString","coordinates":[[-34.91546828913844,-7.276148874575895],[-34.915513559745555,-7.2761486831023205],[-34.91555883035144,-7.276148491624228],[-34.915604100956116,-7.276148300141616],[-34.91564937155956,-7.276148108654484],[-34.915694450385665,-7.276102713324309],[-34.91573972098214,-7.276102521829344],[-34.91578499157738,-7.276102330329859],[-34.915830453961114,-7.276147342660775],[-34.91583064575203,-7.276192546495601],[-34.91587591635389,-7.276192354984675],[-34.91592137875571,-7.276237367301558],[-34.915966649359646,-7.276237175780393],[-34.91601191996235,-7.276236984254709],[-34.91605719056383,-7.276236792724506],[-34.916102461164094,-7.276236601189784],[-34.91614773176314,-7.2762364096505445],[-34.91619300236095,-7.276236218106785],[-34.916238272957536,-7.276236026558509],[-34.91628354355291,-7.2762358350057115],[-34.91632881414704,-7.276235643448397],[-34.91637408473997,-7.2762354518865635],[-34.91641935533166,-7.276235260320212],[-34.91646462592213,-7.276235068749342],[-34.91650989651138,-7.276234877173952],[-34.9165551670994,-7.276234685594043],[-34.9166004376862,-7.276234494009618],[-34.91664570827178,-7.276234302420672],[-34.91669097885613,-7.276234110827208],[-34.91673624943926,-7.276233919229225],[-34.91678152002116,-7.276233727626724],[-34.91682679060184,-7.276233536019705],[-34.916872061181294,-7.2762333444081655],[-34.91691733175953,-7.276233152792109],[-34.91696260233653,-7.276232961171533],[-34.917007872912315,-7.276232769546438],[-34.917053143486875,-7.276232577916825],[-34.91709841406021,-7.276232386282692],[-34.91714368463232,-7.2762321946440425],[-34.91718895520321,-7.276232003000874],[-34.917234225772866,-7.2762318113531865],[-34.9172794963413,-7.2762316197009795],[-34.917324766908514,-7.276231428044254],[-34.917370037474505,-7.27623123638301],[-34.91741530803927,-7.276231044717247]]}},{"type":"Feature","properties":{"id":610,"camada":"Linhas de fluxo principais A+B"},"geometry":{"type":"LineString","coordinates":[[-34.913068945211535,-7.276159016209213],[-34.91306913672641,-7.276204220117317],[-34.913069328242514,-7.276249424025327],[-34.91311479044533,-7.2762944366955535]]}},{"type":"Feature","properties":{"id":611,"camada":"Linhas de fluxo principais A+B"},"geometry":{"type":"LineString","coordinates":[[-34.912933133188474,-7.276159589884365],[-34.91297859536988,-7.276204602574338],[-34.913024057560335,-7.276249615257297],[-34.91306951975984,-7.276294627933241],[-34.91311498196839,-7.276339640602171],[-34.913160444186,-7.276384653264087],[-34.91320590641266,-7.276429665918986],[-34.91325136864837,-7.276474678566873],[-34.913296830893124,-7.276519691207743]]}},{"type":"Feature","properties":{"id":612,"camada":"Linhas de fluxo principais A+B"},"geometry":{"type":"LineString","coordinates":[[-34.91927120800388,-7.276177978787158],[-34.91931647851266,-7.276177786932817],[-34.91936155687633,-7.276132391332984],[-34.919406635230956,-7.27608699573095],[-34.91945171357653,-7.276041600126707],[-34.91949698406684,-7.276041408257905],[-34.91954206239761,-7.275996012648143],[-34.91958714071933,-7.275950617036178],[-34.91963241119691,-7.275950425156228],[-34.919677489503826,-7.275905029538747],[-34.9197225678017,-7.275859633919061],[-34.91976783826655,-7.275859442027965],[-34.91981291654962,-7.27581404640276],[-34.91985818700749,-7.275813854503833],[-34.919903265275764,-7.2757684588731095],[-34.91994834353498,-7.275723063240182],[-34.91999342178515,-7.27567766760505],[-34.920038692224544,-7.275677475691665],[-34.92008377045991,-7.275632080051016],[-34.920129040892334,-7.275631888129798],[-34.9201741191129,-7.275586492483631],[-34.920219197324414,-7.275541096835264],[-34.920264467744104,-7.275540904902901],[-34.920309545940825,-7.275495509249016],[-34.92035481635353,-7.275495317308822],[-34.92039989453546,-7.27544992164942],[-34.920445164941185,-7.2754497297013945],[-34.92049062758431,-7.275494741461133],[-34.92053589799212,-7.275494549502866],[-34.9205811683987,-7.27549435754008],[-34.92062643880405,-7.275494165572778],[-34.92067170920818,-7.275493973600958],[-34.92071697961107,-7.275493781624619],[-34.92076225001275,-7.275493589643761],[-34.9208075204132,-7.275493397658386],[-34.92085279081242,-7.275493205668494],[-34.92089806121041,-7.275493013674081],[-34.92094333160718,-7.275492821675153],[-34.92098860200271,-7.275492629671704],[-34.92103406469117,-7.2755376413614625],[-34.92107952738867,-7.275582653044193],[-34.921124990095215,-7.275627664719904],[-34.92117045281082,-7.275672676388589],[-34.921215723218324,-7.275672484357727]]}},{"type":"Feature","properties":{"id":613,"camada":"Linhas de fluxo principais A+B"},"geometry":{"type":"LineString","coordinates":[[-34.91741530803927,-7.276231044717247],[-34.917460386647754,-7.276185649255531],[-34.91750546524719,-7.276140253791607],[-34.91755054383757,-7.276094858325477]]}},{"type":"Feature","properties":{"id":614,"camada":"Linhas de fluxo principais A+B"},"geometry":{"type":"LineString","coordinates":[[-34.91732495885122,-7.276276631839203],[-34.91737022942173,-7.276276440176757],[-34.91741530803927,-7.276231044717247]]}},{"type":"Feature","properties":{"id":615,"camada":"Linhas de fluxo principais A+B"},"geometry":{"type":"LineString","coordinates":[[-34.91311479044533,-7.2762944366955535],[-34.91316025265718,-7.276339449358763],[-34.91320571487809,-7.27638446201496],[-34.91325117710805,-7.27642947466414],[-34.91329663934707,-7.276474487306307]]}},{"type":"Feature","properties":{"id":616,"camada":"Linhas de fluxo principais A+B"},"geometry":{"type":"LineString","coordinates":[[-34.91288843700568,-7.276295392838809],[-34.91293389920102,-7.276340405530616],[-34.91297936140541,-7.276385418215408],[-34.91302482361886,-7.276430430893183],[-34.91307028584135,-7.276475443563949],[-34.9131157480729,-7.276520456227695],[-34.9131612103135,-7.276565468884427],[-34.91320667256314,-7.276610481534146],[-34.91325213482184,-7.276655494176849],[-34.91329759708958,-7.276700506812538]]}},{"type":"Feature","properties":{"id":617,"camada":"Linhas de fluxo principais A+B"},"geometry":{"type":"LineString","coordinates":[[-34.91329663934707,-7.276474487306307],[-34.913296830893124,-7.276519691207743]]}},{"type":"Feature","properties":{"id":618,"camada":"Linhas de fluxo principais A+B"},"geometry":{"type":"LineString","coordinates":[[-34.913296830893124,-7.276519691207743],[-34.91329702244041,-7.276564895109082],[-34.91329721398891,-7.276610099010331],[-34.913297405538636,-7.2766553029114815],[-34.91329759708958,-7.276700506812538]]}},{"type":"Feature","properties":{"id":619,"camada":"Linhas de fluxo principais A+B"},"geometry":{"type":"LineString","coordinates":[[-34.91352356753196,-7.27660914262171],[-34.913523759104315,-7.276654346516857],[-34.913523950677884,-7.276699550411911],[-34.91352414225269,-7.276744754306867],[-34.913524333828704,-7.2767899582017295],[-34.91352452540595,-7.2768351620965],[-34.913524716984405,-7.276880365991174],[-34.91352490856409,-7.276925569885749],[-34.913525100145,-7.276970773780233]]}},{"type":"Feature","properties":{"id":620,"camada":"Linhas de fluxo principais A+B"},"geometry":{"type":"LineString","coordinates":[[-34.91329759708958,-7.276700506812538],[-34.913297788641756,-7.276745710713498],[-34.9133432509243,-7.276790723340875],[-34.9133887132159,-7.27683573596124],[-34.91343417551655,-7.2768807485745866],[-34.913479637826256,-7.276925761180917],[-34.913525100145,-7.276970773780233]]}},{"type":"Feature","properties":{"id":621,"camada":"Linhas de fluxo principais A+B"},"geometry":{"type":"LineString","coordinates":[[-34.92085836731565,-7.27680411300369],[-34.92090363784487,-7.276803920974325],[-34.920948908372864,-7.276803728940441]]}},{"type":"Feature","properties":{"id":622,"camada":"Linhas de fluxo principais A+B"},"geometry":{"type":"LineString","coordinates":[[-34.912936197355954,-7.276882852460245],[-34.91298165962931,-7.27692786512949],[-34.91302712191172,-7.2769728777917235],[-34.913072584203185,-7.277017890446944],[-34.9131180465037,-7.277062903095144],[-34.91316350881326,-7.277107915736332],[-34.91320897113187,-7.277152928370503],[-34.91325443345954,-7.277197940997658],[-34.91329989579627,-7.277242953617802],[-34.91334535814204,-7.277287966230927]]}},{"type":"Feature","properties":{"id":623,"camada":"Linhas de fluxo principais A+B"},"geometry":{"type":"LineString","coordinates":[[-34.913525100145,-7.276970773780233],[-34.91352529172713,-7.277015977674623],[-34.91352548331049,-7.277061181568915],[-34.91357094564979,-7.277106194158625],[-34.91361640799814,-7.277151206741317],[-34.91366187035554,-7.277196219316992],[-34.913707332722,-7.277241231885655],[-34.91375279509751,-7.277286244447302]]}},{"type":"Feature","properties":{"id":624,"camada":"Linhas de fluxo principais A+B"},"geometry":{"type":"LineString","coordinates":[[-34.920859328885996,-7.277030131501679],[-34.920904407116794,-7.276984735768085]]}},{"type":"Feature","properties":{"id":625,"camada":"Linhas de fluxo principais A+B"},"geometry":{"type":"LineString","coordinates":[[-34.92072351722309,-7.27703070758074],[-34.92076878777862,-7.277030515558905],[-34.92081405833292,-7.277030323532552],[-34.920859328885996,-7.277030131501679]]}},{"type":"Feature","properties":{"id":626,"camada":"Linhas de fluxo principais A+B"},"geometry":{"type":"LineString","coordinates":[[-34.91307277574128,-7.277063094353239],[-34.91311823804754,-7.277108107000148],[-34.91316370036285,-7.2771531196400385],[-34.91320916268721,-7.277198132272914],[-34.91325462502063,-7.277243144898776],[-34.9133000873631,-7.277288157517623]]}},{"type":"Feature","properties":{"id":627,"camada":"Linhas de fluxo principais A+B"},"geometry":{"type":"LineString","coordinates":[[-34.91013017356471,-7.277075516435748],[-34.910175635656145,-7.2771205294543755],[-34.91022109775663,-7.27716554246599],[-34.910266559866166,-7.277210555470591],[-34.91031202198475,-7.277255568468183],[-34.910357484112396,-7.277300581458762],[-34.91040294624909,-7.277345594442332],[-34.910448408394835,-7.277390607418888],[-34.91049387054964,-7.277435620388432],[-34.91053933271348,-7.277480633350963],[-34.91058479488639,-7.277525646306484],[-34.91063006576121,-7.277525455284955],[-34.910675336634824,-7.277525264258909],[-34.910720607507216,-7.277525073228343],[-34.91076587837839,-7.277524882193258],[-34.91081114924834,-7.27752469115365],[-34.91085642011707,-7.277524500109526],[-34.91090169098458,-7.277524309060881],[-34.91094696185087,-7.277524118007718],[-34.91099223271595,-7.2775239269500345],[-34.91103750357979,-7.277523735887832],[-34.91108277444242,-7.2775235448211095],[-34.91112804530383,-7.277523353749867],[-34.91117331616402,-7.277523162674106],[-34.91121858702299,-7.277522971593824],[-34.91126385788073,-7.277522780509024],[-34.91130912873726,-7.2775225894197035],[-34.91135439959256,-7.277522398325863],[-34.91139967044665,-7.277522207227506],[-34.91144494129951,-7.277522016124626],[-34.91149021215116,-7.277521825017228],[-34.91153548300158,-7.27752163390531],[-34.91158075385078,-7.277521442788874],[-34.91162602469876,-7.277521251667917],[-34.91167129554552,-7.27752106054244],[-34.911716566391064,-7.277520869412445],[-34.91176183723538,-7.277520678277929],[-34.91180710807848,-7.2775204871388945],[-34.91185237892036,-7.277520295995339],[-34.91189764976101,-7.277520104847267],[-34.911942920600445,-7.277519913694674],[-34.91198819143867,-7.27751972253756],[-34.91203346227565,-7.277519531375928],[-34.91207873311142,-7.277519340209777],[-34.912124003945976,-7.2775191490391045],[-34.91216927477931,-7.277518957863914],[-34.91221454561141,-7.277518766684204],[-34.9122598164423,-7.2775185754999745],[-34.91230508727197,-7.277518384311225],[-34.91235035810041,-7.277518193117956],[-34.912395628927634,-7.277518001920168],[-34.91244089975363,-7.2775178107178595],[-34.91248617057841,-7.277517619511032],[-34.912531441401974,-7.277517428299685],[-34.912576712224315,-7.277517237083819],[-34.91262198304543,-7.277517045863433],[-34.91266725386532,-7.2775168546385265],[-34.912712524684,-7.277516663409103],[-34.912757795501456,-7.277516472175158],[-34.91280306631768,-7.277516280936694],[-34.91284833713269,-7.277516089693711],[-34.91289360794648,-7.277515898446207],[-34.91293887875904,-7.277515707194184],[-34.91298414957039,-7.277515515937643],[-34.91302942038051,-7.277515324676583],[-34.913074691189415,-7.277515133411001],[-34.91311996199709,-7.2775149421409004],[-34.91316523280355,-7.277514750866281],[-34.91321050360878,-7.277514559587141],[-34.9132557744128,-7.277514368303482],[-34.91330104521559,-7.277514177015304],[-34.913346316017154,-7.2775139857226065],[-34.913391586817504,-7.277513794425389],[-34.91343685761663,-7.277513603123652],[-34.913482128414536,-7.277513411817396],[-34.91352739921122,-7.27751322050662]]}},{"type":"Feature","properties":{"id":628,"camada":"Linhas de fluxo principais A+B"},"geometry":{"type":"LineString","coordinates":[[-34.913752603485406,-7.2772410405594865],[-34.91375279509751,-7.277286244447302]]}},{"type":"Feature","properties":{"id":629,"camada":"Linhas de fluxo principais A+B"},"geometry":{"type":"LineString","coordinates":[[-34.9208150199113,-7.27725634203419],[-34.920814827593176,-7.277211138334051],[-34.920814635276265,-7.277165934633818],[-34.920859713522724,-7.277120538900208],[-34.920859521203745,-7.277075335200992],[-34.920859328885996,-7.277030131501679]]}},{"type":"Feature","properties":{"id":630,"camada":"Linhas de fluxo principais A+B"},"geometry":{"type":"LineString","coordinates":[[-34.92076974933437,-7.27725653406657],[-34.9208150199113,-7.27725634203419]]}},{"type":"Feature","properties":{"id":631,"camada":"Linhas de fluxo principais A+B"},"geometry":{"type":"LineString","coordinates":[[-34.91375279509751,-7.277286244447302],[-34.91375298671082,-7.277331448335023]]}},{"type":"Feature","properties":{"id":632,"camada":"Linhas de fluxo principais A+B"},"geometry":{"type":"LineString","coordinates":[[-34.91334535814204,-7.277287966230927],[-34.91339062891975,-7.277287774939713],[-34.913435899696246,-7.27728758364398],[-34.91348117047153,-7.277287392343727],[-34.91352644124557,-7.277287201038954],[-34.91357171201841,-7.277287009729662],[-34.91361698279001,-7.277286818415852],[-34.913662253560396,-7.27728662709752],[-34.91370752432957,-7.277286435774671],[-34.91375298671082,-7.277331448335023]]}},{"type":"Feature","properties":{"id":633,"camada":"Linhas de fluxo principais A+B"},"geometry":{"type":"LineString","coordinates":[[-34.9133000873631,-7.277288157517623],[-34.91334535814204,-7.277287966230927]]}},{"type":"Feature","properties":{"id":634,"camada":"Linhas de fluxo principais A+B"},"geometry":{"type":"LineString","coordinates":[[-34.91316427501894,-7.277288731350592],[-34.91320954580155,-7.277288540077454],[-34.91325481658294,-7.2772883487997975],[-34.9133000873631,-7.277288157517623]]}},{"type":"Feature","properties":{"id":635,"camada":"Linhas de fluxo principais A+B"},"geometry":{"type":"LineString","coordinates":[[-34.91579017020645,-7.277322833871831],[-34.91579036202466,-7.27736803770539],[-34.91579055384409,-7.277413241538851],[-34.91579074566474,-7.2774584453722175],[-34.91579093748661,-7.277503649205491]]}},{"type":"Feature","properties":{"id":636,"camada":"Linhas de fluxo principais A+B"},"geometry":{"type":"LineString","coordinates":[[-34.91375298671082,-7.277331448335023],[-34.91379844910112,-7.277376460888357],[-34.91384391150048,-7.277421473434673],[-34.913889373908894,-7.277466485973975],[-34.913934836326355,-7.277511498506261]]}},{"type":"Feature","properties":{"id":637,"camada":"Linhas de fluxo principais A+B"},"geometry":{"type":"LineString","coordinates":[[-34.915745474933715,-7.277458636907765],[-34.91579093748661,-7.277503649205491]]}},{"type":"Feature","properties":{"id":638,"camada":"Linhas de fluxo principais A+B"},"geometry":{"type":"LineString","coordinates":[[-34.91579093748661,-7.277503649205491],[-34.91579112930972,-7.277548853038668],[-34.91579132113403,-7.27759405687175],[-34.91579151295958,-7.277639260704738],[-34.91579170478635,-7.2776844645376295],[-34.91579189661434,-7.277729668370427],[-34.91579208844356,-7.277774872203129],[-34.915792280274,-7.277820076035735],[-34.91579247210566,-7.277865279868246],[-34.91579266393855,-7.277910483700664],[-34.91579285577266,-7.277955687532985],[-34.91579304760799,-7.278000891365213],[-34.915793239444554,-7.278046095197344],[-34.915793431282324,-7.27809129902938],[-34.91579362312133,-7.278136502861326],[-34.91579381496156,-7.278181706693171],[-34.91579400680302,-7.27822691052492],[-34.91579419864569,-7.278272114356576],[-34.91579439048959,-7.278317318188139],[-34.91579458233471,-7.2783625220196075],[-34.91579477418105,-7.278407725850977]]}},{"type":"Feature","properties":{"id":639,"camada":"Linhas de fluxo principais A+B"},"geometry":{"type":"LineString","coordinates":[[-34.913934836326355,-7.277511498506261],[-34.913980298752875,-7.277556511031528],[-34.91402576118844,-7.27760152354978],[-34.914071223633066,-7.277646536061017],[-34.91411668608673,-7.277691548565236],[-34.91416214854946,-7.277736561062438],[-34.91420761102124,-7.277781573552624],[-34.91425307350207,-7.277826586035791],[-34.914298535991946,-7.277871598511941],[-34.914343998490885,-7.277916610981076],[-34.91438946099887,-7.277961623443192],[-34.91443492351591,-7.278006635898292]]}},{"type":"Feature","properties":{"id":640,"camada":"Linhas de fluxo principais A+B"},"geometry":{"type":"LineString","coordinates":[[-34.91357267000667,-7.277513029191324],[-34.91361794080091,-7.277512837871509],[-34.91366321159393,-7.277512646547175],[-34.91370848238572,-7.277512455218322],[-34.913753753176294,-7.277512263884948],[-34.913799023965645,-7.277512072547054],[-34.91384429475377,-7.277511881204643],[-34.91388956554067,-7.277511689857711],[-34.913934836326355,-7.277511498506261]]}},{"type":"Feature","properties":{"id":641,"camada":"Linhas de fluxo principais A+B"},"geometry":{"type":"LineString","coordinates":[[-34.91352739921122,-7.27751322050662],[-34.91357267000667,-7.277513029191324]]}},{"type":"Feature","properties":{"id":642,"camada":"Linhas de fluxo principais A+B"},"geometry":{"type":"LineString","coordinates":[[-34.92049927959147,-7.277528908415391],[-34.92054435790458,-7.277483512696099],[-34.92058962851027,-7.27748332068029],[-34.920634706808585,-7.277437924955479],[-34.92067978509784,-7.277392529228463],[-34.92072486337805,-7.277347133499244],[-34.920769941649205,-7.277301737767818],[-34.9208150199113,-7.27725634203419]]}},{"type":"Feature","properties":{"id":643,"camada":"Linhas de fluxo principais A+B"},"geometry":{"type":"LineString","coordinates":[[-34.92040873836489,-7.277529292426824],[-34.920454008978794,-7.277529100423367],[-34.92049927959147,-7.277528908415391]]}},{"type":"Feature","properties":{"id":644,"camada":"Linhas de fluxo principais A+B"},"geometry":{"type":"LineString","coordinates":[[-34.92009184403325,-7.277530636324471],[-34.92009203628754,-7.277575840043223],[-34.920137306914555,-7.277575648070198],[-34.920182577540345,-7.277575456092654],[-34.9202278481649,-7.27757526411059],[-34.92027311878824,-7.277575072124007],[-34.92031838941034,-7.277574880132906],[-34.92036366003122,-7.277574688137283],[-34.92040893065087,-7.277574496137141],[-34.9204542012693,-7.2775743041324805]]}},{"type":"Feature","properties":{"id":645,"camada":"Linhas de fluxo principais A+B"},"geometry":{"type":"LineString","coordinates":[[-34.9204542012693,-7.2775743041324805],[-34.92049927959147,-7.277528908415391]]}},{"type":"Feature","properties":{"id":646,"camada":"Linhas de fluxo principais A+B"},"geometry":{"type":"LineString","coordinates":[[-34.9198656831341,-7.2775767998405545],[-34.919865875366995,-7.277622003565238],[-34.919911146004665,-7.2776218116136056],[-34.91995641664111,-7.277621619657455],[-34.920001687276326,-7.277621427696784],[-34.920046957910316,-7.277621235731592],[-34.920092228543076,-7.277621043761882],[-34.92013749917461,-7.2776208517876535],[-34.92018276980492,-7.277620659808903],[-34.920228040434004,-7.277620467825636],[-34.92027331106186,-7.277620275837847],[-34.9203185816885,-7.27762008384554],[-34.9203638523139,-7.277619891848713],[-34.92040912293808,-7.277619699847366]]}},{"type":"Feature","properties":{"id":647,"camada":"Linhas de fluxo principais A+B"},"geometry":{"type":"LineString","coordinates":[[-34.91443319826404,-7.277599801080372],[-34.9144333899538,-7.27764500494941],[-34.91443358164479,-7.2776902088183535],[-34.914433773336995,-7.277735412687202],[-34.914433965030426,-7.277780616555955],[-34.91443415672507,-7.277825820424612],[-34.914434348420954,-7.277871024293173],[-34.914434540118044,-7.277916228161641],[-34.91443473181637,-7.277961432030013],[-34.91443492351591,-7.278006635898292]]}},{"type":"Feature","properties":{"id":648,"camada":"Linhas de fluxo principais A+B"},"geometry":{"type":"LineString","coordinates":[[-34.92040912293808,-7.277619699847366],[-34.9204542012693,-7.2775743041324805]]}},{"type":"Feature","properties":{"id":649,"camada":"Linhas de fluxo principais A+B"},"geometry":{"type":"LineString","coordinates":[[-34.91624422038351,-7.277637345052603],[-34.916244412255544,-7.277682548873472],[-34.9162446041288,-7.277727752694247],[-34.91629006675252,-7.277772764921249],[-34.91633552938529,-7.27781777714123],[-34.91638099202712,-7.277862789354192],[-34.916426454677996,-7.277907801560133],[-34.91647191733793,-7.277952813759057]]}},{"type":"Feature","properties":{"id":650,"camada":"Linhas de fluxo principais A+B"},"geometry":{"type":"LineString","coordinates":[[-34.915565159201726,-7.277640218361323],[-34.91556535100587,-7.277685422200224],[-34.91556554281124,-7.277730626039031],[-34.915565734617815,-7.2777758298777435],[-34.91556592642562,-7.277821033716362],[-34.91556611823466,-7.277866237554882],[-34.915566310044916,-7.27791144139331],[-34.91556650185639,-7.277956645231641],[-34.91556669366909,-7.278001849069878],[-34.91556688548302,-7.27804705290802],[-34.915567077298164,-7.278092256746068],[-34.91556726911454,-7.2781374605840226],[-34.91556746093214,-7.278182664421878],[-34.91561292356381,-7.278227676721734],[-34.91565838620454,-7.278272689014573],[-34.91570384885432,-7.278317701300396],[-34.91574931151316,-7.278362713579199],[-34.91579477418105,-7.278407725850977]]}},{"type":"Feature","properties":{"id":651,"camada":"Linhas de fluxo principais A+B"},"geometry":{"type":"LineString","coordinates":[[-34.91339216157082,-7.277649406115654],[-34.913437240793336,-7.277604010914854],[-34.9134823200068,-7.277558615711844],[-34.91352739921122,-7.27751322050662]]}},{"type":"Feature","properties":{"id":652,"camada":"Linhas de fluxo principais A+B"},"geometry":{"type":"LineString","coordinates":[[-34.92036404459781,-7.277665095560045],[-34.92040912293808,-7.277619699847366]]}},{"type":"Feature","properties":{"id":653,"camada":"Linhas de fluxo principais A+B"},"geometry":{"type":"LineString","coordinates":[[-34.919820796957694,-7.277667399238141],[-34.91986606760112,-7.277667207289823],[-34.91991133824331,-7.277667015336987],[-34.91995660888428,-7.277666823379631],[-34.92000187952402,-7.2776666314177545],[-34.92004715016253,-7.27766643945136],[-34.920092420799826,-7.277666247480445],[-34.92013769143589,-7.2776660555050094],[-34.92018296207073,-7.277665863525056],[-34.92022823270434,-7.277665671540583],[-34.92027350333672,-7.27766547955159],[-34.920318773967885,-7.277665287558078],[-34.92036404459781,-7.277665095560045]]}},{"type":"Feature","properties":{"id":654,"camada":"Linhas de fluxo principais A+B"},"geometry":{"type":"LineString","coordinates":[[-34.91217023209657,-7.277744977509244],[-34.91221550295131,-7.277744786323535],[-34.91226077380483,-7.2777445951333055],[-34.91230604465713,-7.277744403938557],[-34.9123513155082,-7.277744212739288],[-34.91239658635806,-7.277744021535499],[-34.91244185720669,-7.277743830327191],[-34.912487128054096,-7.277743639114363],[-34.91253239890029,-7.277743447897016],[-34.912577669745254,-7.27774325667515],[-34.91262294058901,-7.277743065448763],[-34.91266821143153,-7.277742874217857],[-34.912713482272835,-7.277742682982432],[-34.91275875311292,-7.277742491742486],[-34.91280402395178,-7.277742300498021],[-34.912849294789424,-7.277742109249036],[-34.912894565625834,-7.277741917995531],[-34.91293983646103,-7.277741726737508],[-34.91298510729501,-7.277741535474964],[-34.913030378127765,-7.277741344207901],[-34.91307564895929,-7.277741152936318],[-34.9131209197896,-7.277740961660216],[-34.91316619061869,-7.2777407703795935],[-34.91321146144656,-7.277740579094451],[-34.913256732273204,-7.277740387804791],[-34.91330200309862,-7.277740196510609],[-34.913347273922824,-7.277740005211908],[-34.9133923531577,-7.277694610012219],[-34.913437432383525,-7.277649214810315],[-34.91348251160029,-7.277603819606196],[-34.91352759080801,-7.277558424399867],[-34.91357267000667,-7.277513029191324]]}},{"type":"Feature","properties":{"id":655,"camada":"Linhas de fluxo principais A+B"},"geometry":{"type":"LineString","coordinates":[[-34.91402652779188,-7.277782339068605],[-34.914071990259494,-7.277827351574656],[-34.914117452736164,-7.277872364073688],[-34.91416291522188,-7.277917376565706],[-34.914208377716655,-7.277962389050706],[-34.914253840220475,-7.278007401528692],[-34.914299302733355,-7.278052413999657],[-34.91434476525529,-7.278097426463607],[-34.91439022778627,-7.27814243892054],[-34.91443569032631,-7.278187451370454]]}},{"type":"Feature","properties":{"id":656,"camada":"Linhas de fluxo principais A+B"},"geometry":{"type":"LineString","coordinates":[[-34.91647153353514,-7.277862406130387],[-34.916471725435926,-7.277907609944769],[-34.91647191733793,-7.277952813759057]]}},{"type":"Feature","properties":{"id":657,"camada":"Linhas de fluxo principais A+B"},"geometry":{"type":"LineString","coordinates":[[-34.91407218191916,-7.277872555452827],[-34.91411764440157,-7.277917567950565],[-34.914163106893035,-7.277962580441286],[-34.914208569393566,-7.278007592924991],[-34.91425403190314,-7.278052605401679],[-34.91429949442177,-7.278097617871349],[-34.91434495694945,-7.2781426303340035],[-34.914390419486175,-7.278187642789639]]}},{"type":"Feature","properties":{"id":658,"camada":"Linhas de fluxo principais A+B"},"geometry":{"type":"LineString","coordinates":[[-34.91647191733793,-7.277952813759057],[-34.916472109241155,-7.277998017573248],[-34.91647230114561,-7.278043221387345],[-34.91647249305129,-7.278088425201347],[-34.91651795573752,-7.278133437389359],[-34.91656341843281,-7.2781784495703485],[-34.91660888113715,-7.278223461744315],[-34.91665434385054,-7.278268473911265],[-34.916699806572986,-7.278313486071196]]}},{"type":"Feature","properties":{"id":659,"camada":"Linhas de fluxo principais A+B"},"geometry":{"type":"LineString","coordinates":[[-34.91285025247669,-7.277968128801985],[-34.91289552333574,-7.277967937542478],[-34.91294079419356,-7.277967746278453],[-34.91298606505017,-7.277967555009907],[-34.91303133590556,-7.277967363736843],[-34.91307660675972,-7.277967172459257],[-34.91312187761266,-7.277966981177152],[-34.91316714846438,-7.277966789890527],[-34.91321241931488,-7.2779665985993836],[-34.91325769016415,-7.27796640730372],[-34.91330296101221,-7.277966216003535],[-34.91334823185904,-7.2779660246988325],[-34.91339350270465,-7.277965833389609],[-34.91343877354904,-7.277965642075865],[-34.913484044392206,-7.277965450757603],[-34.91352931523415,-7.27796525943482],[-34.91357458607487,-7.277965068107518],[-34.913619856914366,-7.277964876775695],[-34.91366512775265,-7.277964685439353],[-34.91371039858971,-7.277964494098491],[-34.91375566942554,-7.2779643027531105],[-34.91380094026015,-7.277964111403209],[-34.91384621109354,-7.277963920048788],[-34.91389148192571,-7.277963728689847],[-34.913936752756655,-7.277963537326385],[-34.91398202358638,-7.277963345958406],[-34.91402748607368,-7.2780083584649935],[-34.91407294857004,-7.278053370964565],[-34.91411841107545,-7.278098383457119],[-34.91416387358991,-7.278143395942658],[-34.91420933611343,-7.278188408421176]]}},{"type":"Feature","properties":{"id":660,"camada":"Linhas de fluxo principais A+B"},"geometry":{"type":"LineString","coordinates":[[-34.91036035334847,-7.277978641114323],[-34.91040562427467,-7.277978450103406],[-34.910450895199645,-7.27797825908797],[-34.9104961661234,-7.277978068068013],[-34.910541437045936,-7.2779778770435355],[-34.91058670796725,-7.277977686014539],[-34.91063197888734,-7.277977494981023],[-34.91067724980622,-7.277977303942988],[-34.91072252072387,-7.277977112900433],[-34.9107677916403,-7.277976921853357],[-34.91081306255552,-7.277976730801763],[-34.91085833346951,-7.277976539745647],[-34.91090360438229,-7.277976348685012],[-34.91094887529384,-7.277976157619858],[-34.910994146204175,-7.277975966550183],[-34.91103941711329,-7.277975775475989],[-34.91108468802117,-7.277975584397274],[-34.911129958927845,-7.277975393314041],[-34.9111752298333,-7.277975202226288],[-34.91122050073753,-7.277975011134014],[-34.91126577164054,-7.277974820037221],[-34.91131104254233,-7.277974628935907],[-34.911356313442894,-7.277974437830075],[-34.911401584342244,-7.2779742467197215],[-34.91144685524037,-7.27797405560485],[-34.911492126137276,-7.277973864485458],[-34.91153739703296,-7.277973673361545],[-34.911582667927426,-7.277973482233112],[-34.911627938820665,-7.277973291100161],[-34.911673209712696,-7.277973099962691],[-34.9117184806035,-7.277972908820699],[-34.911763751493076,-7.277972717674187],[-34.91180902238143,-7.277972526523156],[-34.911854293268576,-7.277972335367606],[-34.911899564154496,-7.277972144207536],[-34.91194483503919,-7.277971953042946],[-34.91199010592267,-7.277971761873835],[-34.91203537680492,-7.277971570700206],[-34.91208064768596,-7.2779713795220555],[-34.91212591856577,-7.277971188339387],[-34.912171189444365,-7.277970997152197],[-34.91221646032174,-7.277970805960488],[-34.91226173119788,-7.277970614764259],[-34.91230700207281,-7.27797042356351],[-34.91235227294652,-7.277970232358242],[-34.912397543819004,-7.277970041148455],[-34.912442814690266,-7.277969849934147],[-34.91248808556031,-7.277969658715318],[-34.91253335642914,-7.277969467491972],[-34.91257862729674,-7.277969276264103],[-34.91262389816311,-7.2779690850317165],[-34.91266916902828,-7.277968893794809],[-34.91271443989221,-7.277968702553384],[-34.912759710754926,-7.277968511307437],[-34.91280498161641,-7.277968320056971],[-34.91285025247669,-7.277968128801985]]}},{"type":"Feature","properties":{"id":661,"camada":"Linhas de fluxo principais A+B"},"geometry":{"type":"LineString","coordinates":[[-34.91022454056256,-7.277979214119954],[-34.91026981149242,-7.2779790231225965],[-34.91031508242106,-7.277978832120719],[-34.91036035334847,-7.277978641114323]]}},{"type":"Feature","properties":{"id":662,"camada":"Linhas de fluxo principais A+B"},"geometry":{"type":"LineString","coordinates":[[-34.91443492351591,-7.278006635898292],[-34.914480386042,-7.278051648346374],[-34.91452584857715,-7.278096660787439],[-34.91457131112135,-7.27814167322149],[-34.9146167736746,-7.278186685648517],[-34.91466223623691,-7.278231698068527]]}},{"type":"Feature","properties":{"id":663,"camada":"Linhas de fluxo principais A+B"},"geometry":{"type":"LineString","coordinates":[[-34.914525656866104,-7.278051456921754],[-34.914571119404556,-7.278096469357098],[-34.91461658195206,-7.278141481785426],[-34.91466204450862,-7.278186494206733]]}},{"type":"Feature","properties":{"id":664,"camada":"Linhas de fluxo principais A+B"},"geometry":{"type":"LineString","coordinates":[[-34.91461639023075,-7.278096277922237],[-34.914661852781556,-7.278141290344844],[-34.91466204450862,-7.278186494206733]]}},{"type":"Feature","properties":{"id":665,"camada":"Linhas de fluxo principais A+B"},"geometry":{"type":"LineString","coordinates":[[-34.91466204450862,-7.278186494206733],[-34.91466223623691,-7.278231698068527]]}},{"type":"Feature","properties":{"id":666,"camada":"Linhas de fluxo principais A+B"},"geometry":{"type":"LineString","coordinates":[[-34.91443569032631,-7.278187451370454],[-34.914481152875396,-7.2782324638133495],[-34.91452661543354,-7.278277476249228],[-34.91457207800073,-7.278322488678093],[-34.914617540576984,-7.278367501099938],[-34.91466300316229,-7.278412513514763]]}},{"type":"Feature","properties":{"id":667,"camada":"Linhas de fluxo principais A+B"},"geometry":{"type":"LineString","coordinates":[[-34.914390419486175,-7.278187642789639],[-34.91443569032631,-7.278187451370454]]}},{"type":"Feature","properties":{"id":668,"camada":"Linhas de fluxo principais A+B"},"geometry":{"type":"LineString","coordinates":[[-34.91420933611343,-7.278188408421176],[-34.91425460695845,-7.278188217020072],[-34.91429987780224,-7.2781880256144476],[-34.91434514864482,-7.278187834204303],[-34.914390419486175,-7.278187642789639]]}},{"type":"Feature","properties":{"id":669,"camada":"Linhas de fluxo principais A+B"},"geometry":{"type":"LineString","coordinates":[[-34.914073523571034,-7.278188982597372],[-34.91411879441972,-7.278188791209827],[-34.91416406526719,-7.278188599817762],[-34.91420933611343,-7.278188408421176]]}},{"type":"Feature","properties":{"id":670,"camada":"Linhas de fluxo principais A+B"},"geometry":{"type":"LineString","coordinates":[[-34.91257958487875,-7.2781952958506855],[-34.91262485576776,-7.278195104612298],[-34.91266993512765,-7.278149709454666],[-34.91271501447849,-7.278104314294816],[-34.912760093820275,-7.278058919132754],[-34.91280517315301,-7.278013523968475],[-34.91285025247669,-7.277968128801985]]}},{"type":"Feature","properties":{"id":671,"camada":"Linhas de fluxo principais A+B"},"geometry":{"type":"LineString","coordinates":[[-34.91239850131049,-7.278196060759036],[-34.912443772204384,-7.278195869538729],[-34.91248904309706,-7.278195678313901],[-34.912534313988516,-7.278195487084552],[-34.91257958487875,-7.2781952958506855]]}},{"type":"Feature","properties":{"id":672,"camada":"Linhas de fluxo principais A+B"},"geometry":{"type":"LineString","coordinates":[[-34.91190052139702,-7.2781981638841104],[-34.91194579230436,-7.27819797271352],[-34.91199106321046,-7.278197781538412],[-34.91203633411535,-7.278197590358784],[-34.91208160501902,-7.278197399174635],[-34.912126875921466,-7.278197207985967],[-34.912172146822684,-7.278197016792777],[-34.91221741772269,-7.27819682559507],[-34.912262688621475,-7.278196634392842],[-34.91230795951903,-7.278196443186093],[-34.91235323041538,-7.2781962519748244],[-34.91239850131049,-7.278196060759036]]}},{"type":"Feature","properties":{"id":673,"camada":"Linhas de fluxo principais A+B"},"geometry":{"type":"LineString","coordinates":[[-34.91665415192186,-7.278223270102455],[-34.91669961463856,-7.2782682822636815],[-34.916699806572986,-7.278313486071196]]}},{"type":"Feature","properties":{"id":674,"camada":"Linhas de fluxo principais A+B"},"geometry":{"type":"LineString","coordinates":[[-34.91466223623691,-7.278231698068527],[-34.91466242796641,-7.278276901930229],[-34.914662619697154,-7.278322105791836],[-34.9146628114291,-7.278367309653348],[-34.91466300316229,-7.278412513514763]]}},{"type":"Feature","properties":{"id":675,"camada":"Linhas de fluxo principais A+B"},"geometry":{"type":"LineString","coordinates":[[-34.91230834250607,-7.2782868510344585],[-34.912353421912805,-7.278241455897855],[-34.91239850131049,-7.278196060759036]]}},{"type":"Feature","properties":{"id":676,"camada":"Linhas de fluxo principais A+B"},"geometry":{"type":"LineString","coordinates":[[-34.91013533761154,-7.278296023975008],[-34.91013514633469,-7.278250819993308],[-34.91013495505906,-7.278205616011514],[-34.91018003473504,-7.278160221036512],[-34.91022511440198,-7.27811482605929],[-34.91027019405987,-7.278069431079852],[-34.91031527370869,-7.278024036098197],[-34.91036035334847,-7.277978641114323]]}},{"type":"Feature","properties":{"id":677,"camada":"Linhas de fluxo principais A+B"},"geometry":{"type":"LineString","coordinates":[[-34.916699806572986,-7.278313486071196],[-34.91669999850864,-7.278358689878616],[-34.916745461245895,-7.278403702030226],[-34.916790923992195,-7.278448714174816],[-34.91683638674755,-7.278493726312386],[-34.91688184951196,-7.278538738442938],[-34.916927312285424,-7.278583750566464]]}},{"type":"Feature","properties":{"id":678,"camada":"Linhas de fluxo principais A+B"},"geometry":{"type":"LineString","coordinates":[[-34.918329746387705,-7.2783517874686865],[-34.91837520924383,-7.27839679941426]]}},{"type":"Feature","properties":{"id":679,"camada":"Linhas de fluxo principais A+B"},"geometry":{"type":"LineString","coordinates":[[-34.91964278992234,-7.278391426663039],[-34.91968786840746,-7.278346030985644],[-34.91973294688352,-7.27830063530604],[-34.919778025350524,-7.278255239624231],[-34.91982310380848,-7.278209843940219],[-34.91986818225738,-7.278164448254001],[-34.91991326069723,-7.278119052565578],[-34.91995833912802,-7.278073656874946],[-34.920003417549765,-7.278028261182111],[-34.920048495962455,-7.277982865487069],[-34.92009357436609,-7.277937469789823],[-34.92013865276068,-7.2778920740903725],[-34.92018373114621,-7.277846678388716],[-34.92022880952268,-7.277801282684856],[-34.92027388789012,-7.277755886978792],[-34.92031896624849,-7.27771049127052],[-34.92036404459781,-7.277665095560045]]}},{"type":"Feature","properties":{"id":680,"camada":"Linhas de fluxo principais A+B"},"geometry":{"type":"LineString","coordinates":[[-34.91837520924383,-7.27839679941426],[-34.918420479998886,-7.278396607591308],[-34.91846575075272,-7.278396415763835],[-34.91851102150533,-7.278396223931843],[-34.918556292256724,-7.278396032095331],[-34.91860156300689,-7.278395840254299],[-34.91864683375582,-7.278395648408746],[-34.91869210450353,-7.278395456558673],[-34.91873737525001,-7.2783952647040815],[-34.91878264599527,-7.278395072844969],[-34.9188279167393,-7.278394880981337],[-34.91887318748211,-7.278394689113185],[-34.91891845822369,-7.2783944972405115],[-34.91896372896406,-7.27839430536332],[-34.91900899970319,-7.278394113481608],[-34.919054270441094,-7.2783939215953755],[-34.91909954117777,-7.278393729704624],[-34.91914481191323,-7.278393537809351],[-34.91919008264746,-7.278393345909558],[-34.919235353380465,-7.278393154005246],[-34.91928062411224,-7.278392962096415],[-34.9193258948428,-7.278392770183062],[-34.91937116557212,-7.27839257826519],[-34.919416436300224,-7.278392386342798],[-34.9194617070271,-7.278392194415886],[-34.919506977752754,-7.278392002484454],[-34.919552248477174,-7.278391810548502],[-34.91959751920037,-7.27839161860803],[-34.91964278992234,-7.278391426663039]]}},{"type":"Feature","properties":{"id":681,"camada":"Linhas de fluxo principais A+B"},"geometry":{"type":"LineString","coordinates":[[-34.91814885545014,-7.278397758461223],[-34.91819412621133,-7.27839756666087],[-34.91823939697129,-7.278397374855998],[-34.91828466773003,-7.2783971830466045],[-34.91832993848754,-7.278396991232692],[-34.91837520924383,-7.27839679941426]]}},{"type":"Feature","properties":{"id":682,"camada":"Linhas de fluxo principais A+B"},"geometry":{"type":"LineString","coordinates":[[-34.91579477418105,-7.278407725850977],[-34.91579496602862,-7.278452929682255],[-34.91579515787741,-7.278498133513437],[-34.91579534972743,-7.278543337344524],[-34.91579554157867,-7.278588541175514],[-34.91579573343113,-7.278633745006409],[-34.91579592528482,-7.278678948837211],[-34.91579611713973,-7.278724152667917],[-34.91579630899586,-7.27876935649853],[-34.91579650085321,-7.278814560329044],[-34.915796692711794,-7.278859764159465],[-34.915796884571606,-7.278904967989794],[-34.915797076432625,-7.27895017182002]]}},{"type":"Feature","properties":{"id":683,"camada":"Linhas de fluxo principais A+B"},"geometry":{"type":"LineString","coordinates":[[-34.91466300316229,-7.278412513514763],[-34.91470846575665,-7.27845752592257],[-34.91475392836005,-7.278502538323362],[-34.91479939097251,-7.278547550717134],[-34.914844853594026,-7.278592563103889],[-34.91489031622459,-7.278637575483623]]}},{"type":"Feature","properties":{"id":684,"camada":"Linhas de fluxo principais A+B"},"geometry":{"type":"LineString","coordinates":[[-34.91362177315004,-7.2784169156703795],[-34.91366704403358,-7.27841672432203],[-34.913712314915905,-7.278416532969161],[-34.913757585797,-7.278416341611771],[-34.91380285667688,-7.2784161502498606],[-34.91384812755553,-7.27841595888343],[-34.91389339843297,-7.278415767512481],[-34.913938669309175,-7.278415576137011],[-34.91398394018417,-7.27841538475702],[-34.91402921105793,-7.278415193372511],[-34.91407448193048,-7.278415001983481],[-34.91411975280179,-7.278414810589929],[-34.91416502367189,-7.278414619191859],[-34.914210294540766,-7.278414427789269],[-34.914255565408425,-7.278414236382159],[-34.914300836274855,-7.2784140449705275],[-34.91434610714006,-7.278413853554376],[-34.91439137800405,-7.278413662133706],[-34.91443664886681,-7.278413470708515],[-34.91448191972835,-7.278413279278804],[-34.91452719058867,-7.278413087844574],[-34.91457246144776,-7.278412896405824],[-34.91461773230563,-7.2784127049625535],[-34.91466300316229,-7.278412513514763]]}},{"type":"Feature","properties":{"id":685,"camada":"Linhas de fluxo principais A+B"},"geometry":{"type":"LineString","coordinates":[[-34.91692692835783,-7.27849334296451],[-34.91692712032101,-7.278538546765536],[-34.916927312285424,-7.278583750566464]]}},{"type":"Feature","properties":{"id":686,"camada":"Linhas de fluxo principais A+B"},"geometry":{"type":"LineString","coordinates":[[-34.914889740942485,-7.278501963918539],[-34.91488993270197,-7.278547167773664],[-34.91489012446267,-7.27859237162869],[-34.914935587096544,-7.278637384002703]]}},{"type":"Feature","properties":{"id":687,"camada":"Linhas de fluxo principais A+B"},"geometry":{"type":"LineString","coordinates":[[-34.916927312285424,-7.278583750566464],[-34.916927504251056,-7.2786289543672975],[-34.91692769621791,-7.278674158168037],[-34.91692788818599,-7.278719361968682],[-34.916928080155294,-7.278764565769232],[-34.91692827212582,-7.278809769569684],[-34.91692846409757,-7.278854973370045],[-34.91692865607055,-7.278900177170311],[-34.916928848044755,-7.278945380970475],[-34.91692904002018,-7.27899058477055]]}},{"type":"Feature","properties":{"id":688,"camada":"Linhas de fluxo principais A+B"},"geometry":{"type":"LineString","coordinates":[[-34.91715385832324,-7.278627995900464],[-34.917154050312725,-7.278673199695189],[-34.91715424230345,-7.27871840348982],[-34.917154434295384,-7.278763607284354],[-34.91715462628855,-7.278808811078792],[-34.91715481828293,-7.278854014873138],[-34.9171097394394,-7.278899410377015],[-34.9170646605868,-7.278944805878675],[-34.91701958172516,-7.278990201378131],[-34.91697450285446,-7.279035596875378],[-34.91692942397471,-7.279080992370413]]}},{"type":"Feature","properties":{"id":689,"camada":"Linhas de fluxo principais A+B"},"geometry":{"type":"LineString","coordinates":[[-34.91502612883677,-7.278637001027305],[-34.9150715914863,-7.2786820133828565],[-34.915117054144886,-7.278727025731392],[-34.91516251681253,-7.278772038072906],[-34.915207979489224,-7.278817050407401],[-34.91525344217498,-7.278862062734879]]}},{"type":"Feature","properties":{"id":690,"camada":"Linhas de fluxo principais A+B"},"geometry":{"type":"LineString","coordinates":[[-34.914935587096544,-7.278637384002703],[-34.914980857967265,-7.278637192517264],[-34.9150263206135,-7.278682204878538],[-34.91507178326878,-7.278727217232794],[-34.915117245933125,-7.278772229580032],[-34.91516270860651,-7.278817241920248],[-34.91520817128895,-7.278862254253449]]}},{"type":"Feature","properties":{"id":691,"camada":"Linhas de fluxo principais A+B"},"geometry":{"type":"LineString","coordinates":[[-34.91489031622459,-7.278637575483623],[-34.914935587096544,-7.278637384002703]]}},{"type":"Feature","properties":{"id":692,"camada":"Linhas de fluxo principais A+B"},"geometry":{"type":"LineString","coordinates":[[-34.91457342008673,-7.27863891572349],[-34.914618690967245,-7.278638724274213],[-34.91466396184652,-7.278638532820414],[-34.91470923272458,-7.278638341362097],[-34.914754503601415,-7.278638149899259],[-34.91479977447703,-7.278637958431899],[-34.91484504535143,-7.2786377669600215],[-34.91489031622459,-7.278637575483623]]}},{"type":"Feature","properties":{"id":693,"camada":"Linhas de fluxo principais A+B"},"geometry":{"type":"LineString","coordinates":[[-34.912672042001724,-7.278646952511418],[-34.91271712138892,-7.278601557339416],[-34.91276220076706,-7.278556162165197],[-34.91280728013615,-7.278510766988762],[-34.91285235949618,-7.278465371810113],[-34.91289743884716,-7.278419976629249],[-34.91294251818909,-7.278374581446172],[-34.91298759752196,-7.27832918626088],[-34.91303267684578,-7.2782837910733695],[-34.91307775616055,-7.278238395883649],[-34.91312283546627,-7.278193000691717],[-34.91316791476293,-7.278147605497569],[-34.91321299405054,-7.278102210301204],[-34.91325826491339,-7.278102019001938],[-34.91330353577502,-7.278101827698153],[-34.91334880663543,-7.278101636389848],[-34.91339407749462,-7.278101445077023],[-34.91343934835259,-7.278101253759677],[-34.913484619209335,-7.278101062437812],[-34.91352989006486,-7.278100871111428],[-34.913575160919166,-7.278100679780524],[-34.913620431772245,-7.278100488445098],[-34.9136657026241,-7.278100297105155],[-34.91371097347473,-7.27810010576069],[-34.91375624432414,-7.2780999144117065],[-34.91380151517234,-7.278099723058203],[-34.913846786019306,-7.278099531700178],[-34.91389205686505,-7.2780993403376355],[-34.913937327709576,-7.278099148970572],[-34.91398259855288,-7.2780989575989885],[-34.91402806105743,-7.27814397010169],[-34.914073523571034,-7.278188982597372]]}},{"type":"Feature","properties":{"id":694,"camada":"Linhas de fluxo principais A+B"},"geometry":{"type":"LineString","coordinates":[[-34.915615225539376,-7.278770122753042],[-34.915660688249105,-7.278815135030316],[-34.91570615096789,-7.278860147300571],[-34.91575161369573,-7.27890515956381],[-34.915797076432625,-7.27895017182002]]}},{"type":"Feature","properties":{"id":695,"camada":"Linhas de fluxo principais A+B"},"geometry":{"type":"LineString","coordinates":[[-34.91525344217498,-7.278862062734879],[-34.91529871305978,-7.27886187121179],[-34.915343983943345,-7.27886167968418],[-34.91538925482569,-7.2788614881520495],[-34.91543471753041,-7.278906500455345],[-34.915480180244174,-7.278951512751612],[-34.915525642967005,-7.278996525040867],[-34.91557110569888,-7.279041537323102],[-34.91561656843981,-7.279086549598314],[-34.91566183933745,-7.2790863580330525],[-34.915707110233875,-7.279086166463269],[-34.915752381129074,-7.279085974888967],[-34.915797652023045,-7.279085783310143],[-34.91584311478625,-7.27913079555545],[-34.915888577558505,-7.279175807793732],[-34.915934040339806,-7.279220820024997],[-34.915979503130174,-7.2792658322492425],[-34.916024965929594,-7.27931084446647]]}},{"type":"Feature","properties":{"id":696,"camada":"Linhas de fluxo principais A+B"},"geometry":{"type":"LineString","coordinates":[[-34.91520817128895,-7.278862254253449],[-34.91525344217498,-7.278862062734879]]}},{"type":"Feature","properties":{"id":697,"camada":"Linhas de fluxo principais A+B"},"geometry":{"type":"LineString","coordinates":[[-34.914800733259746,-7.2788639777171555],[-34.91484600415677,-7.27886378623927],[-34.914891275052575,-7.278863594756864],[-34.91493654594716,-7.278863403269936],[-34.914981816840516,-7.278863211778488],[-34.91502708773265,-7.278863020282522],[-34.91507235862356,-7.278862828782033],[-34.915117629513254,-7.278862637277026],[-34.91516290040172,-7.278862445767497],[-34.91520817128895,-7.278862254253449]]}},{"type":"Feature","properties":{"id":698,"camada":"Linhas de fluxo principais A+B"},"geometry":{"type":"LineString","coordinates":[[-34.91697411889333,-7.278945189277729],[-34.91692904002018,-7.27899058477055]]}},{"type":"Feature","properties":{"id":699,"camada":"Linhas de fluxo principais A+B"},"geometry":{"type":"LineString","coordinates":[[-34.915797076432625,-7.27895017182002],[-34.91584253917858,-7.278995184069219],[-34.915888001933574,-7.279040196311396],[-34.91593346469763,-7.27908520854655],[-34.91597892747074,-7.279130220774689],[-34.91602439025291,-7.2791752329958035],[-34.91606985304412,-7.279220245209899],[-34.916115315844394,-7.279265257416976],[-34.916160778653726,-7.279310269617035]]}},{"type":"Feature","properties":{"id":700,"camada":"Linhas de fluxo principais A+B"},"geometry":{"type":"LineString","coordinates":[[-34.91692904002018,-7.27899058477055],[-34.91692923199683,-7.279035788570529],[-34.91692942397471,-7.279080992370413]]}},{"type":"Feature","properties":{"id":701,"camada":"Linhas de fluxo principais A+B"},"geometry":{"type":"LineString","coordinates":[[-34.91692942397471,-7.279080992370413],[-34.916929615953805,-7.2791261961702025],[-34.91692980793413,-7.2791713999698935],[-34.91692999991567,-7.279216603769491],[-34.916930191898444,-7.2792618075689965],[-34.91693038388244,-7.279307011368408],[-34.91693057586766,-7.2793522151677195],[-34.91697603874795,-7.27939722726216],[-34.91702150163729,-7.279442239349584],[-34.917066964535685,-7.279487251429984],[-34.917112427443136,-7.279532263503364],[-34.91715789035965,-7.27957727556972],[-34.9172033532852,-7.279622287629055],[-34.91724881621982,-7.279667299681368],[-34.91729427916349,-7.27971231172666],[-34.91733974211622,-7.279757323764928],[-34.917385205078,-7.279802335796176],[-34.91743066804883,-7.279847347820401],[-34.91747613102872,-7.2798923598376035],[-34.91752159401767,-7.279937371847783],[-34.917567057015674,-7.279982383850942],[-34.91761252002273,-7.2800273958470765],[-34.917657983038836,-7.28007240783619],[-34.91770344606401,-7.280117419818279],[-34.91774890909823,-7.280162431793346],[-34.91779437214151,-7.280207443761389],[-34.91783983519384,-7.280252455722413],[-34.91788529825523,-7.2802974676764105],[-34.91793076132568,-7.280342479623386],[-34.91797622440518,-7.280387491563338],[-34.918021687493734,-7.280432503496267]]}},{"type":"Feature","properties":{"id":702,"camada":"Linhas de fluxo principais A+B"},"geometry":{"type":"LineString","coordinates":[[-34.91163291610898,-7.279148593579533],[-34.911677995664746,-7.279103198471746],[-34.911723075211455,-7.279057803361744],[-34.91176815474912,-7.279012408249525],[-34.911813234277716,-7.278967013135087],[-34.91185831379727,-7.27892161801844],[-34.91190339330776,-7.278876222899572],[-34.9119484728092,-7.278830827778487],[-34.911993552301595,-7.278785432655189],[-34.912038631784924,-7.278740037529673],[-34.9120837112592,-7.278694642401941],[-34.91212879072443,-7.278649247271995],[-34.9121738701806,-7.278603852139833],[-34.91221894962772,-7.278558457005456],[-34.91226402906578,-7.278513061868862],[-34.9123091084948,-7.278467666730053],[-34.91235418791476,-7.2784222715890285],[-34.91239926732566,-7.278376876445792],[-34.91244434672751,-7.278331481300337],[-34.91248942612032,-7.278286086152665],[-34.912534505504055,-7.2782406910027815],[-34.91257958487875,-7.2781952958506855]]}},{"type":"Feature","properties":{"id":703,"camada":"Linhas de fluxo principais A+B"},"geometry":{"type":"LineString","coordinates":[[-34.91919354220219,-7.279207013233685],[-34.91919334999428,-7.279161809494265],[-34.9191931577876,-7.27911660575475],[-34.91919296558215,-7.279071402015138],[-34.91919277337793,-7.279026198275432],[-34.91919258117492,-7.27898099453563],[-34.91919238897315,-7.278935790795732],[-34.9191921967726,-7.278890587055744],[-34.919192004573276,-7.278845383315656],[-34.91919181237518,-7.278800179575473],[-34.91923708314892,-7.278799987660322],[-34.91928216171552,-7.278754592002785],[-34.919327240273056,-7.278709196343039],[-34.91937231882155,-7.278663800681086],[-34.91941739736098,-7.278618405016927],[-34.91946247589136,-7.278573009350563],[-34.91950755441268,-7.278527613681992],[-34.91955263292496,-7.278482218011213],[-34.919597711428175,-7.27843682233823],[-34.91964278992234,-7.278391426663039]]}},{"type":"Feature","properties":{"id":704,"camada":"Linhas de fluxo principais A+B"},"geometry":{"type":"LineString","coordinates":[[-34.91625112854761,-7.279264682544026],[-34.916251320463694,-7.279309886361476]]}},{"type":"Feature","properties":{"id":705,"camada":"Linhas de fluxo principais A+B"},"geometry":{"type":"LineString","coordinates":[[-34.916251320463694,-7.279309886361476],[-34.91629659136685,-7.2793096947269165],[-34.91634186226877,-7.279309503087836],[-34.91638713316948,-7.2793093114442335],[-34.91643259600438,-7.279354323608653],[-34.91647805884833,-7.279399335766049],[-34.916523521701336,-7.27944434791643],[-34.9165689845634,-7.279489360059789],[-34.91661444743452,-7.279534372196127],[-34.91665991031469,-7.279579384325441],[-34.91670537320392,-7.279624396447735],[-34.916750644126516,-7.27962420475955],[-34.9167961070281,-7.2796692168691015],[-34.91684156993874,-7.27971422897163],[-34.91688703285843,-7.279759241067135]]}},{"type":"Feature","properties":{"id":706,"camada":"Linhas de fluxo principais A+B"},"geometry":{"type":"LineString","coordinates":[[-34.916160778653726,-7.279310269617035],[-34.91620604955932,-7.279310077991516],[-34.916251320463694,-7.279309886361476]]}},{"type":"Feature","properties":{"id":707,"camada":"Linhas de fluxo principais A+B"},"geometry":{"type":"LineString","coordinates":[[-34.916024965929594,-7.27931084446647],[-34.916070236838856,-7.279310652854512],[-34.9161155077469,-7.279310461238034],[-34.916160778653726,-7.279310269617035]]}},{"type":"Feature","properties":{"id":708,"camada":"Linhas de fluxo principais A+B"},"geometry":{"type":"LineString","coordinates":[[-34.9159796950191,-7.279311036073907],[-34.916024965929594,-7.27931084446647]]}},{"type":"Feature","properties":{"id":709,"camada":"Linhas de fluxo principais A+B"},"geometry":{"type":"LineString","coordinates":[[-34.91638751703249,-7.279399719071624],[-34.91643278794102,-7.2793995274210985],[-34.91647825079072,-7.279444539577202],[-34.91652371364948,-7.279489551726283],[-34.9165691765173,-7.279534563868345]]}},{"type":"Feature","properties":{"id":710,"camada":"Linhas de fluxo principais A+B"},"geometry":{"type":"LineString","coordinates":[[-34.91190588251929,-7.279463874029009],[-34.91195096206371,-7.279418478893563],[-34.91199604159908,-7.279373083755905],[-34.91204112112539,-7.279327688616029],[-34.91208620064265,-7.279282293473934],[-34.91213128015085,-7.279236898329624],[-34.91217635965,-7.2791915031831],[-34.9122214391401,-7.279146108034362],[-34.91226651862113,-7.279100712883403],[-34.91231159809312,-7.279055317730232],[-34.912356677556055,-7.279009922574844],[-34.912401757009924,-7.27896452741724],[-34.91244683645475,-7.278919132257425],[-34.91249191589052,-7.278873737095389],[-34.91253699531723,-7.278828341931138],[-34.9125820747349,-7.278782946764674],[-34.91262715414351,-7.278737551595995],[-34.912672233543056,-7.278692156425099],[-34.91271731293356,-7.278646761251989],[-34.912762392315,-7.278601366076666],[-34.912807471687394,-7.278555970899127],[-34.91285255105074,-7.278510575719372],[-34.91289763040503,-7.278465180537403],[-34.912942709750254,-7.27841978535322],[-34.912987789086436,-7.278374390166824],[-34.91303286841356,-7.27832899497821],[-34.91307794773163,-7.278283599787383],[-34.91312302704065,-7.278238204594342],[-34.91316810634062,-7.278192809399091],[-34.913213377213744,-7.278192618101944],[-34.91325864808565,-7.278192426800277],[-34.91330391895634,-7.278192235494091],[-34.9133491898258,-7.278192044183385],[-34.91339446069405,-7.278191852868157],[-34.91343973156107,-7.27819166154841],[-34.91348500242687,-7.278191470224145],[-34.91353027329144,-7.278191278895358],[-34.913575544154796,-7.278191087562053],[-34.913620815016934,-7.278190896224227],[-34.91366608587784,-7.27819070488188],[-34.91371135673753,-7.278190513535015],[-34.913756627595994,-7.2781903221836295],[-34.913801898453244,-7.278190130827722],[-34.91384716930926,-7.278189939467298],[-34.91389244016406,-7.278189748102353],[-34.91393771101764,-7.278189556732888],[-34.913982981869985,-7.278189365358902],[-34.914028252721124,-7.278189173980397],[-34.914073523571034,-7.278188982597372]]}},{"type":"Feature","properties":{"id":711,"camada":"Linhas de fluxo principais A+B"},"geometry":{"type":"LineString","coordinates":[[-34.91643317181798,-7.279489935045711],[-34.91647844273434,-7.2794897433882575],[-34.91652390559885,-7.279534755536043]]}},{"type":"Feature","properties":{"id":712,"camada":"Linhas de fluxo principais A+B"},"geometry":{"type":"LineString","coordinates":[[-34.9165691765173,-7.279534563868345],[-34.91661463939416,-7.279579576003382],[-34.91666010228009,-7.2796245881314],[-34.916705565175064,-7.279669600252398],[-34.916750836102196,-7.27966940856301],[-34.91679629900953,-7.2797144206712625]]}},{"type":"Feature","properties":{"id":713,"camada":"Linhas de fluxo principais A+B"},"geometry":{"type":"LineString","coordinates":[[-34.91652390559885,-7.279534755536043],[-34.9165691765173,-7.279534563868345]]}},{"type":"Feature","properties":{"id":714,"camada":"Linhas de fluxo principais A+B"},"geometry":{"type":"LineString","coordinates":[[-34.91647863467919,-7.279534947199218],[-34.91652390559885,-7.279534755536043]]}},{"type":"Feature","properties":{"id":715,"camada":"Linhas de fluxo principais A+B"},"geometry":{"type":"LineString","coordinates":[[-34.91480380156986,-7.279587239414003],[-34.91484907253932,-7.279587047916892],[-34.91489434350756,-7.279586856415261],[-34.91493961447458,-7.279586664909107],[-34.91498488544037,-7.279586473398435],[-34.91503015640494,-7.279586281883242],[-34.915075427368286,-7.279586090363527],[-34.915120698330405,-7.279585898839292],[-34.91516596929131,-7.279585707310536],[-34.91521124025098,-7.27958551577726],[-34.91525651120944,-7.279585324239463],[-34.915301782166665,-7.279585132697144],[-34.91534705312267,-7.279584941150306],[-34.91539232407746,-7.279584749598946],[-34.91543759503103,-7.279584558043066],[-34.915482865983364,-7.279584366482664],[-34.915528136934476,-7.279584174917742],[-34.91557340788437,-7.2795839833482985],[-34.915618678833034,-7.279583791774336],[-34.91566394978048,-7.279583600195851],[-34.9157092207267,-7.2795834086128455],[-34.9157544916717,-7.279583217025319],[-34.91579976261547,-7.279583025433273],[-34.91584503355803,-7.279582833836705],[-34.91589030449935,-7.279582642235617],[-34.915935575439455,-7.279582450630008],[-34.91598084637833,-7.279582259019879],[-34.916026117315994,-7.2795820674052285],[-34.916071388252426,-7.279581875786057],[-34.91611665918764,-7.279581684162364],[-34.916161930121625,-7.2795814925341515],[-34.916207201054384,-7.279581300901419],[-34.91625247198592,-7.279581109264164],[-34.916297742916235,-7.279580917622389],[-34.91634301384533,-7.279580725976094],[-34.91638828477319,-7.279580534325277],[-34.91643355569983,-7.27958034266994],[-34.91647882662525,-7.279580151010082],[-34.91652409754945,-7.279579959345703],[-34.916569368472416,-7.279579767676803],[-34.916614831355034,-7.279624779810544]]}},{"type":"Feature","properties":{"id":716,"camada":"Linhas de fluxo principais A+B"},"geometry":{"type":"LineString","coordinates":[[-34.916614831355034,-7.279624779810544],[-34.91666029424671,-7.279669791937266],[-34.91670575714744,-7.279714804056965],[-34.9167510280791,-7.279714612366374],[-34.91679629900953,-7.2797144206712625]]}},{"type":"Feature","properties":{"id":717,"camada":"Linhas de fluxo principais A+B"},"geometry":{"type":"LineString","coordinates":[[-34.91484926432363,-7.279632251770934],[-34.91489453529639,-7.279632060268102],[-34.91493980626793,-7.279631868760749],[-34.91498507723825,-7.279631677248874],[-34.91503034820735,-7.279631485732478],[-34.91507561917523,-7.279631294211564],[-34.91512089014188,-7.279631102686126],[-34.91516616110731,-7.2796309111561674],[-34.91521143207151,-7.279630719621689],[-34.915256703034494,-7.2796305280826905],[-34.91530197399625,-7.27963033653917],[-34.915347244956784,-7.279630144991129],[-34.915392515916096,-7.279629953438568],[-34.915437786874186,-7.279629761881487],[-34.915483057831054,-7.279629570319882],[-34.91552832878669,-7.279629378753759],[-34.915573599741116,-7.279629187183114],[-34.9156188706943,-7.279628995607948],[-34.91566414164628,-7.279628804028262],[-34.915709412597025,-7.279628612444054],[-34.91575468354655,-7.279628420855326],[-34.91579995449486,-7.2796282292620775],[-34.915845225441934,-7.279628037664309],[-34.91589049638779,-7.279627846062017],[-34.915935767332414,-7.279627654455207],[-34.91598103827583,-7.279627462843875],[-34.916026309218005,-7.279627271228021],[-34.91607158015897,-7.279627079607649],[-34.91611685109871,-7.2796268879827535],[-34.91616212203722,-7.279626696353338],[-34.916207392974506,-7.2796265047194035],[-34.916252663910576,-7.279626313080946],[-34.91629793484542,-7.279626121437969],[-34.916343205779036,-7.279625929790471],[-34.91638847671143,-7.279625738138452],[-34.9164337476426,-7.2796255464819115],[-34.916479018572545,-7.279625354820851],[-34.91652428950127,-7.27962516315527],[-34.91656956042876,-7.279624971485168],[-34.916614831355034,-7.279624779810544]]}},{"type":"Feature","properties":{"id":718,"camada":"Linhas de fluxo principais A+B"},"geometry":{"type":"LineString","coordinates":[[-34.91489472708645,-7.27967726412085],[-34.914939998062515,-7.279677072612294],[-34.914985269037366,-7.279676881099219],[-34.91503054001099,-7.279676689581621],[-34.91507581098339,-7.279676498059504],[-34.91512108195457,-7.279676306532865],[-34.91516635292452,-7.279676115001705],[-34.915211623893256,-7.2796759234660255],[-34.91525689486076,-7.279675731925826],[-34.91530216582705,-7.2796755403811035],[-34.91534743679212,-7.279675348831861],[-34.915392707755956,-7.279675157278097],[-34.91543797871857,-7.279674965719812],[-34.91548324967996,-7.279674774157007],[-34.91552852064013,-7.279674582589681],[-34.91557379159907,-7.279674391017834],[-34.9156190625568,-7.279674199441468],[-34.9156643335133,-7.279674007860578],[-34.915709604468574,-7.279673816275169],[-34.91575487542263,-7.279673624685239],[-34.91580014637545,-7.279673433090788],[-34.91584541732706,-7.2796732414918175],[-34.91589068827744,-7.2796730498883235],[-34.9159359592266,-7.2796728582803105],[-34.91598123017454,-7.279672666667776],[-34.91602650112125,-7.279672475050721],[-34.916071772066736,-7.279672283429146],[-34.916117043011006,-7.279672091803049],[-34.91616231395404,-7.27967190017243],[-34.91620758489586,-7.279671708537294],[-34.916252855836454,-7.2796715168976345],[-34.91629812677582,-7.279671325253453],[-34.916343397713966,-7.279671133604753],[-34.91638866865089,-7.279670941951531],[-34.91643393958658,-7.279670750293789],[-34.91647921052106,-7.279670558631526],[-34.91652448145431,-7.279670366964742],[-34.91656975238634,-7.279670175293437],[-34.916615023317135,-7.2796699836176115],[-34.91666048621456,-7.279714995743035]]}},{"type":"Feature","properties":{"id":719,"camada":"Linhas de fluxo principais A+B"},"geometry":{"type":"LineString","coordinates":[[-34.91679629900953,-7.2797144206712625],[-34.91684176192592,-7.279759432772492]]}},{"type":"Feature","properties":{"id":720,"camada":"Linhas de fluxo principais A+B"},"geometry":{"type":"LineString","coordinates":[[-34.91666048621456,-7.279714995743035],[-34.916705949121045,-7.2797600078614355],[-34.91675122005723,-7.2797598161696415],[-34.91679649099219,-7.279759624473327],[-34.91684176192592,-7.279759432772492]]}},{"type":"Feature","properties":{"id":721,"camada":"Linhas de fluxo principais A+B"},"geometry":{"type":"LineString","coordinates":[[-34.91688703285843,-7.279759241067135],[-34.91693230378972,-7.279759049357258],[-34.91697757471978,-7.27975885764286],[-34.917022845648624,-7.279758665923943],[-34.91706811657624,-7.279758474200502],[-34.91711338750263,-7.279758282472542],[-34.91715885044789,-7.279803294532409],[-34.917204313402216,-7.279848306585254],[-34.91724977636559,-7.279893318631079],[-34.91729523933802,-7.279938330669879],[-34.91734070231951,-7.279983342701658],[-34.917386165310056,-7.280028354726412],[-34.91743162830964,-7.280073366744148],[-34.9174770913183,-7.2801183787548585],[-34.91752255433601,-7.280163390758547],[-34.91756801736277,-7.280208402755213],[-34.917613480398586,-7.280253414744857],[-34.91765894344346,-7.280298426727479],[-34.91770440649739,-7.280343438703077],[-34.917749869560375,-7.280388450671651],[-34.917795332632416,-7.280433462633206]]}},{"type":"Feature","properties":{"id":722,"camada":"Linhas de fluxo principais A+B"},"geometry":{"type":"LineString","coordinates":[[-34.91684176192592,-7.279759432772492],[-34.91688703285843,-7.279759241067135]]}},{"type":"Feature","properties":{"id":723,"camada":"Linhas de fluxo principais A+B"},"geometry":{"type":"LineString","coordinates":[[-34.915031499047515,-7.279902708825906],[-34.91507677004255,-7.2799025172977805],[-34.91512204103637,-7.279902325765132],[-34.91516712020563,-7.279856930382904],[-34.91521239119247,-7.279856738842415],[-34.91525747034692,-7.2798113434546545],[-34.91530274132679,-7.279811151906326],[-34.91534801230544,-7.279810960353478],[-34.915393091439334,-7.279765564956866],[-34.915438362411,-7.279765373396178],[-34.91548344153009,-7.279719977994036],[-34.91552871249479,-7.279719786425509],[-34.915573983458266,-7.279719594852461],[-34.91561925442052,-7.27971940327489],[-34.915664525381544,-7.2797192116928],[-34.915709796341346,-7.279719020106189],[-34.915755067299926,-7.2797188285150565],[-34.915800338257284,-7.279718636919403],[-34.91584560921342,-7.27971844531923],[-34.91589088016833,-7.279718253714535],[-34.91593615112201,-7.279718062105319],[-34.91598142207447,-7.279717870491583],[-34.916026693025714,-7.279717678873324],[-34.916071963975725,-7.279717487250547],[-34.91611723492452,-7.279717295623249],[-34.91616250587209,-7.279717103991428],[-34.91620777681843,-7.279716912355087],[-34.91625304776355,-7.279716720714227],[-34.91629831870745,-7.2797165290688435],[-34.91634358965012,-7.279716337418941],[-34.91638886059157,-7.279716145764517],[-34.916434131531794,-7.279715954105573],[-34.9164794024708,-7.279715762442106],[-34.916524673408574,-7.279715570774119],[-34.91656994434513,-7.279715379101613],[-34.91661521528045,-7.279715187424585],[-34.91666048621456,-7.279714995743035]]}},{"type":"Feature","properties":{"id":724,"camada":"Linhas de fluxo principais A+B"},"geometry":{"type":"LineString","coordinates":[[-34.91892556895642,-7.280067035862904],[-34.918925761161674,-7.2801122396076465],[-34.91888068245,-7.280157635271926],[-34.918880874653176,-7.280202839017685],[-34.91888106685757,-7.28024804276335],[-34.9188812590632,-7.2802932465089185],[-34.91883618033257,-7.280338642174318],[-34.91883637253612,-7.280383845920901],[-34.91883656474089,-7.280429049667387],[-34.9187914859946,-7.2804744453327945],[-34.918746407239254,-7.280519840995995],[-34.91870132847485,-7.280565236656986],[-34.91865624970139,-7.2806106323157715],[-34.91861117091888,-7.280656027972348],[-34.91856609212731,-7.280701423626712],[-34.91852101332668,-7.28074681927887],[-34.918475934517,-7.280792214928819],[-34.91843085569826,-7.28083761057656],[-34.918385776870466,-7.28088300622209],[-34.91834069803361,-7.280928401865408],[-34.9182956191877,-7.280973797506521],[-34.91825054033274,-7.281019193145425],[-34.918205461468716,-7.281064588782116],[-34.918160382595644,-7.2811099844166005],[-34.918115303713506,-7.281155380048876]]}},{"type":"Feature","properties":{"id":725,"camada":"Linhas de fluxo principais A+B"},"geometry":{"type":"LineString","coordinates":[[-34.917659135528055,-7.2803436305054525],[-34.91770459858774,-7.280388642479752],[-34.91775006165648,-7.280433654447029],[-34.917795332632416,-7.280433462633206]]}},{"type":"Feature","properties":{"id":726,"camada":"Linhas de fluxo principais A+B"},"geometry":{"type":"LineString","coordinates":[[-34.91811203729736,-7.280386916044095],[-34.91811222942969,-7.280432119809843]]}},{"type":"Feature","properties":{"id":727,"camada":"Linhas de fluxo principais A+B"},"geometry":{"type":"LineString","coordinates":[[-34.91811222942969,-7.280432119809843],[-34.91811242156324,-7.280477323575493],[-34.918112613698014,-7.280522527341052],[-34.918112805834014,-7.2805677311065145],[-34.91811299797124,-7.280612934871883],[-34.91811319010969,-7.280658138637157],[-34.91811338224937,-7.280703342402331],[-34.918113574390276,-7.280748546167415],[-34.91811376653239,-7.280793749932402],[-34.91811395867575,-7.280838953697296],[-34.91811415082033,-7.280884157462092],[-34.91811434296613,-7.280929361226792],[-34.918114535113155,-7.280974564991399],[-34.918114727261404,-7.281019768755912],[-34.91811491941088,-7.281064972520327],[-34.91811511156158,-7.281110176284649],[-34.918115303713506,-7.281155380048876]]}},{"type":"Feature","properties":{"id":728,"camada":"Linhas de fluxo principais A+B"},"geometry":{"type":"LineString","coordinates":[[-34.918021687493734,-7.280432503496267],[-34.918066958462326,-7.280432311655316],[-34.91811222942969,-7.280432119809843]]}},{"type":"Feature","properties":{"id":729,"camada":"Linhas de fluxo principais A+B"},"geometry":{"type":"LineString","coordinates":[[-34.917795332632416,-7.280433462633206],[-34.91784060360713,-7.280433270814861],[-34.91788587458062,-7.280433078991994],[-34.917931145552885,-7.280432887164606],[-34.91797641652392,-7.280432695332698],[-34.918021687493734,-7.280432503496267]]}},{"type":"Feature","properties":{"id":730,"camada":"Linhas de fluxo principais A+B"},"geometry":{"type":"LineString","coordinates":[[-34.91734358311305,-7.280661399497583],[-34.91738904618988,-7.280706411502864],[-34.91743431720278,-7.280706219717992],[-34.91747958821446,-7.280706027928598],[-34.91752485922492,-7.280705836134683],[-34.91757013023415,-7.280705644336245],[-34.91761540124215,-7.280705452533288],[-34.917660672248935,-7.280705260725808],[-34.91770594325449,-7.280705068913806],[-34.91775121425882,-7.280704877097285],[-34.917796485261924,-7.280704685276241],[-34.917841756263805,-7.280704493450675],[-34.91788702726446,-7.280704301620587],[-34.91793229826389,-7.28070410978598],[-34.9179775692621,-7.280703917946851],[-34.918022840259084,-7.280703726103198],[-34.91802303239093,-7.28074892987069],[-34.918023224524,-7.280794133638082],[-34.91802341665829,-7.280839337405383],[-34.91802360879381,-7.280884541172588],[-34.91802380093056,-7.280929744939694],[-34.91802399306852,-7.280974948706708],[-34.91802418520772,-7.281020152473629],[-34.91802437734814,-7.281065356240451],[-34.91802456948979,-7.281110560007181],[-34.91802476163265,-7.281155763773813],[-34.91802495377675,-7.2812009675403555],[-34.918025145922066,-7.281246171306797]]}},{"type":"Feature","properties":{"id":731,"camada":"Linhas de fluxo principais A+B"},"geometry":{"type":"LineString","coordinates":[[-34.91797910631493,-7.281065548093729],[-34.91797929845205,-7.281110751861663],[-34.91797949059039,-7.281155955629499],[-34.91797968272996,-7.281201159397245],[-34.91797987487075,-7.2812463631648905],[-34.91798006701276,-7.281291566932443]]}},{"type":"Feature","properties":{"id":732,"camada":"Linhas de fluxo principais A+B"},"geometry":{"type":"LineString","coordinates":[[-34.918115303713506,-7.281155380048876],[-34.918070224822316,-7.281200775678944],[-34.918025145922066,-7.281246171306797]]}},{"type":"Feature","properties":{"id":733,"camada":"Linhas de fluxo principais A+B"},"geometry":{"type":"LineString","coordinates":[[-34.918025145922066,-7.281246171306797],[-34.91798006701276,-7.281291566932443]]}},{"type":"Feature","properties":{"id":734,"camada":"Linhas de fluxo principais A+B"},"geometry":{"type":"LineString","coordinates":[[-34.91798006701276,-7.281291566932443],[-34.9179349880944,-7.281336962555879],[-34.91788990916698,-7.281382358177104],[-34.91784483023051,-7.28142775379612],[-34.917845022363835,-7.2814729575668995],[-34.91784521449839,-7.281518161337586],[-34.91784540663417,-7.2815633651081795]]}}]}